reaction_id,reaction_name,subsystem,knockout_flux,baseline_flux,flux_ratio,flux_reduction,impact,status,num_genes,gene_ids,gene_names,equation
DM_Asn_X_Ser_FSLASH_Thr_LPAREN_ly_RPAREN_,DM Asn-X-Ser/Thr(ly),Unknown,-1.0727043050177889e-13,1.2662803343949043,-8.471301937500148e-14,1.0000000000000848,LETHAL,optimal,0,,,Asn_DASH_DASH_DASH_X_DASH_DASH_DASH_Ser_DASH_FSLASH_DASH_Thr_l --> 
A_MANASEly,"alpha-mannosidase, lysosomal",Unknown,-7.682497675193714e-15,1.2662803343949043,-6.066980167440425e-15,1.000000000000006,LETHAL,optimal,1,4125_AT1,MAN2B1,2.0 h2o_l + m2mn_l --> 2.0 man_l + mn_l
2HBO,2-Hydroxybutyrate:NAD+ oxidoreductase,Unknown,-3.8444186796599823e-16,1.2662803343949043,-3.035993354107524e-16,1.0000000000000002,LETHAL,optimal,7,55293_AT1;92483_AT1;3945_AT1;3948_AT1;3948_AT2;160287_AT1;3939_AT1,UEVLD;LDHAL6B;LDHB;LDHC;LDHC;LDHAL6A;LDHA,2hb_c + nad_c <=> 2obut_c + h_c + nadh_c
DHCRD1,dihydroceramide desaturase,Unknown,-1.9222093398299912e-16,1.2662803343949043,-1.517996677053762e-16,1.0000000000000002,LETHAL,optimal,2,8560_AT1;8560_AT2,DEGS1;DEGS1,dhcrm_DASH_hs_c + nadp_c --> NADPH_c + crm_DASH_hs_c + h_c
ILEt4,L-isoleucine transport in via sodium symport,Unknown,-1.4226847546655026e-16,1.2662803343949043,-1.123514845822301e-16,1.0000000000000002,LETHAL,optimal,1,11254_AT1,SLC6A14,NA_43__e + ile_DASH_DASH_DASH_L_e --> ILE_c + NA_43__c
RXN66_45_457,RXN66-457,Unknown,0.0,1.2662803343949043,0.0,1.0,LETHAL,optimal,2,HS09071;HS05853,SLC6A18;SLC38A2,LEU_e + NA_43__e <=> LEU_c + NA_43__c
2HBt2,2-hydroxybutyrate cotransport with proton,Unknown,0.0,1.2662803343949043,0.0,1.0,LETHAL,optimal,3,6566_AT1;9123_AT1;9194_AT1,SLC16A1;SLC16A3;SLC16A7,2hb_e + h_e <=> 2hb_c + h_c
3DSPHR,3-Dehydrosphinganine reductase,Unknown,0.0,1.2662803343949043,0.0,1.0,LETHAL,optimal,1,2531_AT1,KDSR,3dsphgn_c + NADPH_c + h_c --> nadp_c + sphgn_c
B_MANNASEly,"beta-mannosidase, lysosomal",Unknown,0.0,1.2662803343949043,0.0,1.0,LETHAL,optimal,1,4126_AT1,MANBA,h2o_l + mn_l --> acgam_l + man_l
DSAT,dihydrosphingosine N-acyltransferase,Unknown,0.0,1.2662803343949043,0.0,1.0,LETHAL,optimal,0,,,Rtotalcoa_c + sphgn_c --> coa_c + dhcrm_DASH_hs_c + h_c
PHEt4,L-phenylalanine transport in via sodium symport,Unknown,0.0,1.2662803343949043,0.0,1.0,LETHAL,optimal,7,54407_AT1;11254_AT1;55089_AT1;6541_AT1;84889_AT1;81539_AT1;6542_AT1,SLC38A2;SLC6A14;SLC38A4;SLC7A1;SLC7A3;SLC38A1;SLC7A2,NA_43__e + PHE_e --> NA_43__c + PHE_c
METt4,L-methionine transport in via sodium symport,Unknown,0.0,1.2662803343949043,0.0,1.0,LETHAL,optimal,4,6584_AT1;54407_AT1;11254_AT1;81539_AT1,SLC22A5;SLC38A2;SLC6A14;SLC38A1,NA_43__e + met_DASH_DASH_DASH_L_e --> MET_c + NA_43__c
H2Otly,"H2O transport, lysosomal",Unknown,0.0,1.2662803343949043,0.0,1.0,LETHAL,optimal,0,,,WATER_c <=> h2o_l
ADENOSYLHOMOCYSTEINASE_45_RXN,ADENOSYLHOMOCYSTEINASE-RXN,Unknown,1.9222093398299912e-16,1.2662803343949043,1.517996677053762e-16,0.9999999999999999,LETHAL,optimal,3,HS02273;HS08293;HS09809,AHCY;AHCYL2;AHCYL1,ADENOSYL_45_HOMO_45_CYS_c + WATER_c <=> ADENOSINE_c + HOMO_45_CYS_c
PHOSMANMUT_45_RXN,PHOSMANMUT-RXN,Unknown,1.9222093398299912e-16,1.2662803343949043,1.517996677053762e-16,0.9999999999999999,LETHAL,optimal,2,HS02079;HS06747,PMM1;PMM2,MANNOSE_45_1P_c <=> CPD_45_15979_c
PSSA1_hs,Phosphatidylserine synthase homo sapiens,Unknown,1.9222093398299912e-16,1.2662803343949043,1.517996677053762e-16,0.9999999999999999,LETHAL,optimal,1,9791_AT1,PTDSS1,SER_c + pchol_DASH_hs_c <=> chol_c + ps_DASH_hs_c
PETOHMm_hs,phosphatidylethanolamine N-methyltransferase,Unknown,1.4226847546655026e-16,1.2662803343949043,1.123514845822301e-16,0.9999999999999999,LETHAL,optimal,3,10400_AT2;10400_AT3;10400_AT1,PEMT;PEMT;PEMT,3.0 amet_m + pe_DASH_hs_m --> 3.0 ahcys_m + 3.0 h_m + pchol_DASH_hs_m
VALt4,L-valine transport in via sodium symport,Unknown,1.9222093398299912e-16,1.2662803343949043,1.517996677053762e-16,0.9999999999999999,LETHAL,optimal,1,11254_AT1,SLC6A14,NA_43__e + val_DASH_DASH_DASH_L_e --> NA_43__c + VAL_c
PCFLOPm,phosphatidylcholine flippase,Unknown,2.845369509331005e-16,1.2662803343949043,2.247029691644602e-16,0.9999999999999998,LETHAL,optimal,1,57194_AT1,ATP10A,WATER_c + atp_c + pchol_DASH_hs_m --> adp_c + h_c + pchol_DASH_hs_c + pi_c
ACGAMtly,N-acetyl-glucosamine lysosomal efflux,Unknown,3.8444186796599823e-16,1.2662803343949043,3.035993354107524e-16,0.9999999999999997,LETHAL,optimal,0,,,acgam_l --> N_45_acetyl_45_D_45_glucosamine_c
MANtly,mannose efflux from lysosome,Unknown,7.688837359319965e-16,1.2662803343949043,6.071986708215048e-16,0.9999999999999994,LETHAL,optimal,0,,,man_l --> D_45_mannopyranose_c
AMETt2m,"S-Adenosyl-L-methionine reversible transport, mitochondrial",Unknown,9.95879328265852e-16,1.2662803343949043,7.864603920756109e-16,0.9999999999999992,LETHAL,optimal,3,115286_AT1;115286_AT3;115286_AT2,SLC25A26;SLC25A26;SLC25A26,ahcys_m + amet_c <=> ADENOSYL_45_HOMO_45_CYS_c + amet_m
PRPPS,phosphoribosylpyrophosphate synthetase,Unknown,2.498872141778988e-15,1.2662803343949043,1.9733956801698903e-15,0.999999999999998,LETHAL,optimal,4,5634_AT1;5631_AT1;221823_AT1;221823_AT2,PRPS2;PRPS1;PRPS1L1;PRPS1L1,atp_c + r5p_c <=> amp_c + h_c + prpp_c
SMS,Sphingomyelin synthase (homo sapiens),Unknown,7.496616425336966e-15,1.2662803343949043,5.9201870405096714e-15,0.9999999999999941,LETHAL,optimal,1,259230_AT1,SGMS1,crm_DASH_hs_c + pchol_DASH_hs_c --> DIACYLGLYCEROL_c + sphmyln_DASH_hs_c
METAT,methionine adenosyltransferase,Unknown,1.0243330233591618e-14,1.2662803343949043,8.089306889920567e-15,0.9999999999999919,LETHAL,optimal,4,4143_AT1;27430_AT2;27430_AT1;4144_AT1,MAT1A;MAT2B;MAT2B;MAT2A,MET_c + WATER_c + atp_c --> amet_c + pi_c + ppi_c
GK1,guanylate kinase (GMP:ATP),Unknown,1.0911992068284405e-13,1.2662803343949043,8.617358867457048e-14,0.9999999999999138,LETHAL,optimal,1,2987_AT1,GUK1,atp_c + gmp_c <=> adp_c + gdp_c
RXN0_45_6948,RXN0-6948,Unknown,1.2662803343949032,1.2662803343949043,0.9999999999999991,8.881784197001252e-16,MINIMAL,optimal,1,HS08605,NAGS,MET_m + accoa_m <=> CPD0_45_2015_m + coa_m + h_m
ACITL,ATP-Citrate lyase,Unknown,1.266280334394904,1.2662803343949043,0.9999999999999998,2.220446049250313e-16,MINIMAL,optimal,2,47_AT2;47_AT1,ACLY;ACLY,atp_c + cit_c + coa_c --> accoa_c + adp_c + oaa_c + pi_c
PSSA2_hs,Phosphatidylserine synthase homo sapiens,Unknown,1.266280334394904,1.2662803343949043,0.9999999999999998,2.220446049250313e-16,MINIMAL,optimal,1,81490_AT1,PTDSS2,SER_c + pe_DASH_hs_c <=> etha_c + ps_DASH_hs_c
RXN_45_8631,RXN-8631,Unknown,1.2662803343949043,1.2662803343949043,1.0,0.0,MINIMAL,optimal,3,HS03200;HS06234;HS07647,ALDOC;ALDOB;ALDOA,FRU1P_c <=> GLYCERALD_c + dhap_c
ALDOSE1EPIM_45_RXN,ALDOSE1EPIM-RXN,Unknown,1.2662803343949043,1.2662803343949043,1.0,0.0,MINIMAL,optimal,1,HS07125,GALM,GALACTOSE_c <=> ALPHA_45_D_45_GALACTOSE_c
TRANS_45_RXN66_45_920,TRANS-RXN66-920,Unknown,1.2662803343949043,1.2662803343949043,1.0,0.0,MINIMAL,optimal,10,HS04123;HS07348;HS08490;HS06226;HS10639;G66_31784;HS00736;HS08885;HS03246;HS11675,SLC2A1;SLC2A12;SLC2A6;SLC2A8;SLC2A14;SLC2A7;SLC2A3;SLC2A2;SLC2A9;SLC2A4,GLC_e <=> GLC_c
RXN_45_11627,RXN-11627,Unknown,1.2662803343949043,1.2662803343949043,1.0,0.0,MINIMAL,optimal,3,HS10220;HS02447;HS02753,HAS2;HAS3;HAS1,Hyaluronan_45_glucuronate_45_terminal_c + uacgam_c <=> Hyaluronan_45_NAc_45_glucosaminide_c + udp_c
RXN_45_9797,RXN-9797,Unknown,1.2662803343949043,1.2662803343949043,1.0,0.0,MINIMAL,optimal,1,HS01416,AMACR,CPD_45_10505_c <=> CPD_45_71_c
RXN_45_5462,RXN-5462,Unknown,1.2662803343949043,1.2662803343949043,1.0,0.0,MINIMAL,optimal,1,HS04304,ALG2,ALPHA_45_D_45_MANNOSYLCHITOBIO_c + GDP_45_MANNOSE_c <=> CPD_45_5161_c + gdp_c + h_c
2_46_7_46_7_46_30_45_RXN,2.7.7.30-RXN,Unknown,1.2662803343949043,1.2662803343949043,1.0,0.0,MINIMAL,optimal,1,HS04052,FPGT,CPD_45_488_c + gtp_c + h_c <=> CPD_45_13118_c + ppi_c
1_46_14_46_11_46_1_45_RXN,1.14.11.1-RXN,Unknown,1.2662803343949043,1.2662803343949043,1.0,0.0,MINIMAL,optimal,1,HS05246,BBOX1,GAMMA_45_BUTYROBETAINE_c + OXYGEN_45_MOLECULE_c + akg_c <=> CARBON_45_DIOXIDE_c + CARNITINE_c + 2.0 succ_c
RXN_45_16602,RXN-16602,Unknown,1.2662803343949043,1.2662803343949043,1.0,0.0,MINIMAL,optimal,3,HS13646;HS11347;HS00065,DPM2;DPM3;DPM1,CPD_45_17858_c + GDP_45_MANNOSE_c <=> CPD_45_17894_c + gdp_c
RXN_45_10701,RXN-10701,Unknown,1.2662803343949043,1.2662803343949043,1.0,0.0,MINIMAL,optimal,3,HS09539;HS06436;HS00752,ACAA2;HADHB;ACAA1,CPD_45_11528_c + coa_c <=> CPD_45_11529_c + accoa_c
RXN_45_10767,RXN-10767,Unknown,1.2662803343949043,1.2662803343949043,1.0,0.0,MINIMAL,optimal,5,HS10575;HS08398;HS10576;HS10578;HS11616,CES8;CES7;CES3;CES2;CES1,CPD1F_45_2_c + WATER_c <=> CPD_45_734_c + METOH_c + h_c
RXN_45_16158,RXN-16158,Unknown,1.2662803343949043,1.2662803343949043,1.0,0.0,MINIMAL,optimal,4,HS16664;HS07906;HS01567;HS12746,LPCAT4;LPCAT1;LPCAT2;LPCAT3,CPD_45_15363_c + Glycerolipids_c <=> CPD_45_17404_c + coa_c
RXN_45_16097,RXN-16097,Unknown,1.2662803343949043,1.2662803343949043,1.0,0.0,MINIMAL,optimal,1,HS01909,TECR,CPD_45_17348_c + NADPH_c + h_c <=> CPD_45_12646_c + nadp_c
RXN_45_12997,RXN-12997,Unknown,1.2662803343949043,1.2662803343949043,1.0,0.0,MINIMAL,optimal,1,HS01909,TECR,CPD_45_14420_c + h_c + nadh_c <=> CPD_45_12647_c + nad_c
RXN_45_12141,RXN-12141,Unknown,1.2662803343949043,1.2662803343949043,1.0,0.0,MINIMAL,optimal,4,HS07112;HS04452;HS11908;HS11902,EPHX1;EPHX2;EPHX4;EPHX3,CPD_45_13089_c + WATER_c <=> CPD_45_13094_c
RXN_45_20382,RXN-20382,Unknown,1.2662803343949043,1.2662803343949043,1.0,0.0,MINIMAL,optimal,1,HS01909,TECR,CPD_45_22045_c + NADPH_c + h_c <=> CPD_45_14293_c + nadp_c
RXN_45_20225,RXN-20225,Unknown,1.2662803343949043,1.2662803343949043,1.0,0.0,MINIMAL,optimal,2,HS00706;HS09636,SOAT1;SOAT2,CHOLESTEROL_c + CPD_45_14293_c <=> CPD_45_21819_c + coa_c
1_46_1_46_1_46_197_45_RXN,1.1.1.197-RXN,Unknown,1.2662803343949043,1.2662803343949043,1.0,0.0,MINIMAL,optimal,1,HS08378,CBR1,ALPROSTADIL_c + nadp_c <=> 13E_45_11_45_ALPHA_45_HYDROXY_45_915_45_DIOXOPROST_45_1_c + NADPH_c + h_c
RXN_45_20230,RXN-20230,Unknown,1.2662803343949043,1.2662803343949043,1.0,0.0,MINIMAL,optimal,2,HS00706;HS09636,SOAT1;SOAT2,CHOLESTEROL_c + CPD_45_21828_c <=> CPD_45_21817_c + coa_c
RXN_45_20580,RXN-20580,Unknown,1.2662803343949043,1.2662803343949043,1.0,0.0,MINIMAL,optimal,1,HS00336,ALOX5,CPD66_45_52_c + OXYGEN_45_MOLECULE_c <=> CPD_45_22261_c
1_46_2_46_1_46_32_45_RXN,1.2.1.32-RXN,Unknown,1.2662803343949043,1.2662803343949043,1.0,0.0,MINIMAL,optimal,1,HS04229,ALDH8A1,2_45_AMINOMUCONATE_SEMIALDEHYDE_c + WATER_c + nad_c <=> 2_45_AMINO_45_MUCONATE_c + 2.0 h_c + nadh_c
RXN_45_20578,RXN-20578,Unknown,1.2662803343949043,1.2662803343949043,1.0,0.0,MINIMAL,optimal,1,HS00336,ALOX5,CPD66_45_55_c + OXYGEN_45_MOLECULE_c <=> CPD_45_22259_c
RXN_45_13290,RXN-13290,Unknown,1.2662803343949043,1.2662803343949043,1.0,0.0,MINIMAL,optimal,12,HS01349;HS00888;HS07766;HS11973;HS16174;HS04703;HS11921;G66_31311;HS00131;HS09445,ACSL5;ACSM2B;ACSL1;ACSM5;ACSM6;ACSL3;ACSM2A;ACSM4;ACSM3;ACSM1,CPD_45_14268_c + atp_c + coa_c <=> CPD_45_14269_c + amp_c + ppi_c
RXN_45_20378,RXN-20378,Unknown,1.2662803343949043,1.2662803343949043,1.0,0.0,MINIMAL,optimal,1,HS01909,TECR,CPD_45_22041_c + NADPH_c + h_c <=> CPD_45_14269_c + nadp_c
RXN_45_20222,RXN-20222,Unknown,1.2662803343949043,1.2662803343949043,1.0,0.0,MINIMAL,optimal,2,HS00706;HS09636,SOAT1;SOAT2,CHOLESTEROL_c + CPD_45_14269_c <=> CPD_45_21818_c + coa_c
RXN66_45_503,RXN66-503,Unknown,1.2662803343949043,1.2662803343949043,1.0,0.0,MINIMAL,optimal,1,HS00336,ALOX5,CPD_45_17452_c + OXYGEN_45_MOLECULE_c <=> CPD66_45_72_c
RXN66_45_499,RXN66-499,Unknown,1.2662803343949043,1.2662803343949043,1.0,0.0,MINIMAL,optimal,1,HS00336,ALOX5,CPD_45_17452_c + OXYGEN_45_MOLECULE_c <=> CPD66_45_74_c
RXN66_45_512,RXN66-512,Unknown,1.2662803343949043,1.2662803343949043,1.0,0.0,MINIMAL,optimal,1,HS00336,ALOX5,CPD_45_17450_c + OXYGEN_45_MOLECULE_c <=> CPD66_45_77_c
RXN66_45_511,RXN66-511,Unknown,1.2662803343949043,1.2662803343949043,1.0,0.0,MINIMAL,optimal,1,HS00336,ALOX5,CPD_45_17450_c + OXYGEN_45_MOLECULE_c <=> CPD66_45_76_c
RXN66_45_495,RXN66-495,Unknown,1.2662803343949043,1.2662803343949043,1.0,0.0,MINIMAL,optimal,1,HS00336,ALOX5,CPD66_45_68_c + OXYGEN_45_MOLECULE_c <=> CPD66_45_69_c
1_46_3_46_1_46_20_45_RXN,1.3.1.20-RXN,Unknown,1.2662803343949043,1.2662803343949043,1.0,0.0,MINIMAL,optimal,5,HS10739;HS10741;HS07754;HS02621;HS03054,AKR1C4;AKR1C1;AKR1C2;DHDH;AKR1C3,CPD_45_289_c + nadp_c <=> CATECHOL_c + NADPH_c + h_c
1_46_1_46_1_46_149_45_RXN,1.1.1.149-RXN,Unknown,1.2662803343949043,1.2662803343949043,1.0,0.0,MINIMAL,optimal,2,HS10741;HS03155,AKR1C1;HSD17B1,17_45_ALPHA20_45_ALPHA_45_DIHYDROXYPREGN_45_4_45_EN_45_3_45__c + NAD_45_P_45_OR_45_NOP_c <=> 17_45_ALPHA_45_HYDROXYPROGESTERONE_c + NADH_45_P_45_OR_45_NOP_c + h_c
1_46_14_46_13_46_99_45_RXN,1.14.13.99-RXN,Unknown,1.2662803343949043,1.2662803343949043,1.0,0.0,MINIMAL,optimal,1,HS07335,CYP39A1,CPD_45_7239_c + OXYGEN_45_MOLECULE_c + Red_45_NADPH_45_Hemoprotein_45_Reductases_c <=> CPD_45_18813_c + Ox_45_NADPH_45_Hemoprotein_45_Reductases_c + WATER_c
RXN_45_7981,RXN-7981,Unknown,1.2662803343949043,1.2662803343949043,1.0,0.0,MINIMAL,optimal,1,HS10572,CYP7B1,CPD_45_7287_c + OXYGEN_45_MOLECULE_c + Red_45_NADPH_45_Hemoprotein_45_Reductases_c <=> 7_45_ALPHA27_45_DIHYDROXYCHOLESTEROL_c + Ox_45_NADPH_45_Hemoprotein_45_Reductases_c + WATER_c
6_46_2_46_1_46_29_45_RXN,6.2.1.29-RXN,Unknown,1.2662803343949043,1.2662803343949043,1.0,0.0,MINIMAL,optimal,5,HS06695;HS13326;HS07077;HS03679;HS01451,SLC27A2;SLC27A1;SLC27A3;SLC27A6;SLC27A5,CPD_45_1836_c + atp_c + coa_c <=> CPD_45_71_c + amp_c + ppi_c
1_46_17_46_99_46_3_45_RXN,1.17.99.3-RXN,Unknown,1.2662803343949043,1.2662803343949043,1.0,0.0,MINIMAL,optimal,3,HS01547;HS08589;HS09732,ACOX3;ACOX1;ACOX2,Acceptor_c + CPD_45_71_c + WATER_c <=> CPD_45_7275_c + Donor_45_H2_c
RXN_45_13300,RXN-13300,Unknown,1.2662803343949043,1.2662803343949043,1.0,0.0,MINIMAL,optimal,2,HS06563;HS07581,HADH;HSD17B12,CPD_45_14273_c + NADPH_c + h_c <=> CPD_45_14277_c + nadp_c
RXN_45_9798,RXN-9798,Unknown,1.2662803343949043,1.2662803343949043,1.0,0.0,MINIMAL,optimal,3,HS01547;HS08589;HS09732,ACOX3;ACOX1;ACOX2,Acceptor_c + CPD_45_10505_c <=> CPD_45_7243_c + Donor_45_H2_c
RXN_45_9845,RXN-9845,Unknown,1.2662803343949043,1.2662803343949043,1.0,0.0,MINIMAL,optimal,1,HS01416,AMACR,CPD_45_10588_c <=> CPD_45_72_c
RXN_45_12702,RXN-12702,Unknown,1.2662803343949043,1.2662803343949043,1.0,0.0,MINIMAL,optimal,9,HS01349;HS11973;HS16174;HS04703;G66_31311;HS00131;HS09445;HS15193;HS00935,ACSL5;ACSM5;ACSM6;ACSL3;ACSM4;ACSM3;ACSM1;ACSL6;ACSL4,CPD_45_13689_c + atp_c + coa_c <=> CPD_45_13691_c + amp_c + ppi_c
RXN_45_17645,RXN-17645,Unknown,1.2662803343949043,1.2662803343949043,1.0,0.0,MINIMAL,optimal,1,HS01416,AMACR,CPD_45_13691_c <=> CPD_45_19066_c
RXN_45_15670,RXN-15670,Unknown,1.2662803343949043,1.2662803343949043,1.0,0.0,MINIMAL,optimal,1,HS07708,UEVLD,CPD_45_367_c + NAD_45_P_45_OR_45_NOP_c <=> 3spyr_c + NADH_45_P_45_OR_45_NOP_c + h_c
RXN_45_13029,RXN-13029,Unknown,1.2662803343949043,1.2662803343949043,1.0,0.0,MINIMAL,optimal,1,HS01794,ECHDC1,CPD_45_9406_c + h_c <=> BUTYRYL_45_COA_c + CARBON_45_DIOXIDE_c
RXN_45_16391,RXN-16391,Unknown,1.2662803343949043,1.2662803343949043,1.0,0.0,MINIMAL,optimal,1,HS13124,MCEE,CPD_45_9406_c <=> CPD_45_17635_c
DIENOYLCOAREDUCT_45_RXN,DIENOYLCOAREDUCT-RXN,Unknown,1.2662803343949043,1.2662803343949043,1.0,0.0,MINIMAL,optimal,2,HS02474;HS02565,DECR2;DECR1,NADPH_c + T2_45_C4_45_DECADIENYL_45_COA_c + h_c <=> T2_45_DECENOYL_45_COA_c + nadp_c
RXN_45_14486,RXN-14486,Unknown,1.2662803343949043,1.2662803343949043,1.0,0.0,MINIMAL,optimal,1,HS01909,TECR,CPD_45_15362_c + NADPH_c + h_c <=> CPD_45_15363_c + nadp_c
RXN0_45_5391,RXN0-5391,Unknown,1.2662803343949043,1.2662803343949043,1.0,0.0,MINIMAL,optimal,2,HS09667;HS03615,ECI1;ECI2,CPD0_45_1162_c <=> CPD0_45_1158_c
RXN_45_13445,RXN-13445,Unknown,1.2662803343949043,1.2662803343949043,1.0,0.0,MINIMAL,optimal,1,HS01909,TECR,CPD_45_14425_c + Donor_45_H2_c <=> Acceptor_c + CPD_45_14426_c
RXN_45_12971,RXN-12971,Unknown,1.2662803343949043,1.2662803343949043,1.0,0.0,MINIMAL,optimal,1,HS01909,TECR,CPD_45_14406_c + h_c + nadh_c <=> CPD_45_14407_c + nad_c
RXN_45_16022,RXN-16022,Unknown,1.2662803343949043,1.2662803343949043,1.0,0.0,MINIMAL,optimal,1,HS01909,TECR,CPD_45_17264_c + Donor_45_H2_c <=> Acceptor_c + CPD_45_14394_c
RXN_45_7648,RXN-7648,Unknown,1.2662803343949043,1.2662803343949043,1.0,0.0,MINIMAL,optimal,1,HS01912,GZMM,CPD_45_6991_c + OXYGEN_45_MOLECULE_c + akg_c <=> CARBON_45_DIOXIDE_c + CPD_45_6992_c + succ_c
RXN_45_8831,RXN-8831,Unknown,1.2662803343949043,1.2662803343949043,1.0,0.0,MINIMAL,optimal,1,HS04229,ALDH8A1,CPD_45_9148_c + WATER_c + nad_c <=> CPD_45_9150_c + 2.0 h_c + nadh_c
RXN_45_12994,RXN-12994,Unknown,1.2662803343949043,1.2662803343949043,1.0,0.0,MINIMAL,optimal,1,HS07581,HSD17B12,CPD_45_14422_c + NADH_45_P_45_OR_45_NOP_c + h_c <=> CPD_45_14419_c + NAD_45_P_45_OR_45_NOP_c
RXN_45_8837,RXN-8837,Unknown,1.2662803343949043,1.2662803343949043,1.0,0.0,MINIMAL,optimal,1,HS04229,ALDH8A1,CPD_45_19778_c + WATER_c + nad_c <=> CPD_45_19779_c + 2.0 h_c + nadh_c
RXN_45_14714,RXN-14714,Unknown,1.2662803343949043,1.2662803343949043,1.0,0.0,MINIMAL,optimal,1,HS02625,ECH1,CPD0_45_1158_c <=> CPD_45_15566_c
RXN0_45_5390,RXN0-5390,Unknown,1.2662803343949043,1.2662803343949043,1.0,0.0,MINIMAL,optimal,1,HS01875,ACOT7,CPD0_45_1158_c + WATER_c <=> CPD0_45_1159_c + coa_c + h_c
RXN_45_13298,RXN-13298,Unknown,1.2662803343949043,1.2662803343949043,1.0,0.0,MINIMAL,optimal,2,HS06563;HS07581,HADH;HSD17B12,CPD_45_14271_c + NADPH_c + h_c <=> CPD_45_14275_c + nadp_c
RXN_45_13302,RXN-13302,Unknown,1.2662803343949043,1.2662803343949043,1.0,0.0,MINIMAL,optimal,1,HS05792,HSD17B4,CPD_45_14275_c <=> CPD_45_14280_c + WATER_c
RXN_45_13299,RXN-13299,Unknown,1.2662803343949043,1.2662803343949043,1.0,0.0,MINIMAL,optimal,2,HS06563;HS07581,HADH;HSD17B12,CPD_45_10283_c + NADPH_c + h_c <=> CPD_45_14276_c + nadp_c
RXN_45_13303,RXN-13303,Unknown,1.2662803343949043,1.2662803343949043,1.0,0.0,MINIMAL,optimal,1,HS05792,HSD17B4,CPD_45_14276_c <=> CPD_45_14281_c + WATER_c
3_45_HYDROXBUTYRYL_45_COA_45_DEHYDRATASE_45_RXN,3-HYDROXBUTYRYL-COA-DEHYDRATASE-RXN,Unknown,1.2662803343949043,1.2662803343949043,1.0,0.0,MINIMAL,optimal,1,HS05792,HSD17B4,CPD_45_650_c <=> CROTONYL_45_COA_c + WATER_c
RXN_45_5901,RXN-5901,Unknown,1.2662803343949043,1.2662803343949043,1.0,0.0,MINIMAL,optimal,1,HS06563,HADH,NADPH_c + aacoa_c + h_c <=> CPD_45_650_c + nadp_c
RXN_45_13301,RXN-13301,Unknown,1.2662803343949043,1.2662803343949043,1.0,0.0,MINIMAL,optimal,2,HS06563;HS07581,HADH;HSD17B12,CPD_45_14274_c + NADPH_c + h_c <=> CPD_45_14278_c + nadp_c
RXN_45_13305,RXN-13305,Unknown,1.2662803343949043,1.2662803343949043,1.0,0.0,MINIMAL,optimal,1,HS05792,HSD17B4,CPD_45_14278_c <=> CPD_45_14283_c + WATER_c
RXN_45_20341,RXN-20341,Unknown,1.2662803343949043,1.2662803343949043,1.0,0.0,MINIMAL,optimal,2,HS06563;HS07581,HADH;HSD17B12,CPD_45_22012_c + NADPH_c + h_c <=> CPD_45_22013_c + nadp_c
RXN_45_20342,RXN-20342,Unknown,1.2662803343949043,1.2662803343949043,1.0,0.0,MINIMAL,optimal,1,HS05792,HSD17B4,CPD_45_22013_c <=> CPD_45_22014_c + WATER_c
RXN_45_20349,RXN-20349,Unknown,1.2662803343949043,1.2662803343949043,1.0,0.0,MINIMAL,optimal,2,HS06563;HS07581,HADH;HSD17B12,CPD_45_22021_c + NADPH_c + h_c <=> CPD_45_22022_c + nadp_c
RXN_45_20350,RXN-20350,Unknown,1.2662803343949043,1.2662803343949043,1.0,0.0,MINIMAL,optimal,1,HS05792,HSD17B4,CPD_45_22022_c <=> CPD_45_22023_c + WATER_c
RXN66_45_513,RXN66-513,Unknown,1.2662803343949043,1.2662803343949043,1.0,0.0,MINIMAL,optimal,1,HS00336,ALOX5,CPD66_45_77_c <=> CPD66_45_78_c + WATER_c
RXN_45_13304,RXN-13304,Unknown,1.2662803343949043,1.2662803343949043,1.0,0.0,MINIMAL,optimal,1,HS05792,HSD17B4,CPD_45_14277_c <=> CPD_45_14282_c + WATER_c
RXN_45_20333,RXN-20333,Unknown,1.2662803343949043,1.2662803343949043,1.0,0.0,MINIMAL,optimal,2,HS06563;HS07581,HADH;HSD17B12,CPD_45_22005_c + NADPH_c + h_c <=> CPD_45_22004_c + nadp_c
RXN_45_20334,RXN-20334,Unknown,1.2662803343949043,1.2662803343949043,1.0,0.0,MINIMAL,optimal,1,HS05792,HSD17B4,CPD_45_22004_c <=> CPD_45_22006_c + WATER_c
RXN_45_9544,RXN-9544,Unknown,1.2662803343949043,1.2662803343949043,1.0,0.0,MINIMAL,optimal,2,HS06563;HS07581,HADH;HSD17B12,CPD_45_10260_c + NADPH_c + h_c <=> CPD_45_10261_c + nadp_c
RXN_45_12560,RXN-12560,Unknown,1.2662803343949043,1.2662803343949043,1.0,0.0,MINIMAL,optimal,1,HS06563,HADH,CPD_45_13533_c + nadp_c <=> CPD_45_13534_c + NADPH_c + h_c
RXN_45_20345,RXN-20345,Unknown,1.2662803343949043,1.2662803343949043,1.0,0.0,MINIMAL,optimal,2,HS06563;HS07581,HADH;HSD17B12,CPD_45_22016_c + NADPH_c + h_c <=> CPD_45_22017_c + nadp_c
RXN_45_20346,RXN-20346,Unknown,1.2662803343949043,1.2662803343949043,1.0,0.0,MINIMAL,optimal,1,HS05792,HSD17B4,CPD_45_22017_c <=> CPD_45_22018_c + WATER_c
RXN_45_20337,RXN-20337,Unknown,1.2662803343949043,1.2662803343949043,1.0,0.0,MINIMAL,optimal,2,HS06563;HS07581,HADH;HSD17B12,CPD_45_22008_c + NADPH_c + h_c <=> CPD_45_22009_c + nadp_c
RXN_45_20338,RXN-20338,Unknown,1.2662803343949043,1.2662803343949043,1.0,0.0,MINIMAL,optimal,1,HS05792,HSD17B4,CPD_45_22009_c <=> CPD_45_22010_c + WATER_c
RXN_45_20376,RXN-20376,Unknown,1.2662803343949043,1.2662803343949043,1.0,0.0,MINIMAL,optimal,1,HS07581,HSD17B12,CPD_45_22039_c + NADPH_c + h_c <=> CPD_45_22040_c + nadp_c
LANOSTEROL_45_SYNTHASE_45_RXN,LANOSTEROL-SYNTHASE-RXN,Unknown,1.2662803343949043,1.2662803343949043,1.0,0.0,MINIMAL,optimal,1,HS08480,LSS,EPOXYSQUALENE_c <=> LANOSTEROL_c
PSERTRANSAMPYR_45_RXN,PSERTRANSAMPYR-RXN,Unknown,1.2662803343949043,1.2662803343949043,1.0,0.0,MINIMAL,optimal,1,HS05946,PSAT1,4_45_PHOSPHONOOXY_45_THREONINE_c + akg_c <=> 3OH_45_4P_45_OH_45_ALPHA_45_KETOBUTYRATE_c + Glutamates_c
RXN_45_16154,RXN-16154,Unknown,1.2662803343949043,1.2662803343949043,1.0,0.0,MINIMAL,optimal,2,HS06563;HS07581,HADH;HSD17B12,CPD_45_17401_c + NADPH_c + h_c <=> CPD_45_17402_c + nadp_c
RXN_45_16095,RXN-16095,Unknown,1.2662803343949043,1.2662803343949043,1.0,0.0,MINIMAL,optimal,2,HS06563;HS07581,HADH;HSD17B12,CPD_45_17346_c + NADPH_c + h_c <=> CPD_45_17347_c + nadp_c
RXN_45_16096,RXN-16096,Unknown,1.2662803343949043,1.2662803343949043,1.0,0.0,MINIMAL,optimal,1,HS05792,HSD17B4,CPD_45_17347_c <=> CPD_45_17348_c + WATER_c
RXN_45_9369,RXN-9369,Unknown,1.2662803343949043,1.2662803343949043,1.0,0.0,MINIMAL,optimal,4,HS06681;HS11440;HS04133;HS08983,PTGR2;ZADH2;AKR1A1;ADH1B,CPD_45_9977_c + nadp_c <=> CPD_45_9978_c + NADPH_c + h_c
RXN_45_20380,RXN-20380,Unknown,1.2662803343949043,1.2662803343949043,1.0,0.0,MINIMAL,optimal,2,HS06563;HS07581,HADH;HSD17B12,CPD_45_22043_c + NADPH_c + h_c <=> CPD_45_22044_c + nadp_c
RXN_45_13443,RXN-13443,Unknown,1.2662803343949043,1.2662803343949043,1.0,0.0,MINIMAL,optimal,1,HS07581,HSD17B12,CPD_45_14423_c + NADH_45_P_45_OR_45_NOP_c + h_c <=> CPD_45_14424_c + NAD_45_P_45_OR_45_NOP_c
RXN_45_16112,RXN-16112,Unknown,1.2662803343949043,1.2662803343949043,1.0,0.0,MINIMAL,optimal,2,HS06563;HS07581,HADH;HSD17B12,CPD_45_17324_c + NADPH_c + h_c <=> CPD_45_17367_c + nadp_c
RXN_45_17109,RXN-17109,Unknown,1.2662803343949043,1.2662803343949043,1.0,0.0,MINIMAL,optimal,2,HS06563;HS07581,HADH;HSD17B12,CPD_45_17329_c + NADPH_c + h_c <=> CPD_45_18489_c + nadp_c
RXN_45_16129,RXN-16129,Unknown,1.2662803343949043,1.2662803343949043,1.0,0.0,MINIMAL,optimal,2,HS06563;HS07581,HADH;HSD17B12,CPD_45_17332_c + NADPH_c + h_c <=> CPD_45_17382_c + nadp_c
RXN_45_16130,RXN-16130,Unknown,1.2662803343949043,1.2662803343949043,1.0,0.0,MINIMAL,optimal,1,HS05792,HSD17B4,CPD_45_17382_c <=> CPD_45_17383_c + WATER_c
RXN_45_2425,RXN-2425,Unknown,1.2662803343949043,1.2662803343949043,1.0,0.0,MINIMAL,optimal,2,HS05132;HS04481,ECHS1;ECHDC2,3_45_HYDROXYADIPYL_45_COA_c <=> TRANS_45_23_45_DEHYDROADIPYL_45_COA_c + WATER_c
RXN_45_16135,RXN-16135,Unknown,1.2662803343949043,1.2662803343949043,1.0,0.0,MINIMAL,optimal,2,HS03720;HS04481,EHHADH;ECHDC2,CPD_45_17386_c + WATER_c <=> CPD_45_17387_c
RXN_45_16136,RXN-16136,Unknown,1.2662803343949043,1.2662803343949043,1.0,0.0,MINIMAL,optimal,1,HS03720,EHHADH,CPD_45_17387_c + nad_c <=> CPD_45_17388_c + h_c + nadh_c
RXN_45_7931,RXN-7931,Unknown,1.2662803343949043,1.2662803343949043,1.0,0.0,MINIMAL,optimal,2,HS09667;HS03615,ECI1;ECI2,CPD_45_7221_c <=> CPD_45_7222_c
RXN_45_19626,RXN-19626,Unknown,1.2662803343949043,1.2662803343949043,1.0,0.0,MINIMAL,optimal,7,HS01512;HS01468;HS01846;G_10221;HS00245;HS07009;HS02868,MGST2;GSTP1;GSTA2;GSTA1;MGST1;MGST3;GSTK1,CIS_45_3_45_HEXENOL_c + gthrd_c <=> CPD_45_21241_c
RXN_45_19491,RXN-19491,Unknown,1.2662803343949043,1.2662803343949043,1.0,0.0,MINIMAL,optimal,1,HS01940,MIF,CPD_45_21004_c <=> P_45_HYDROXY_45_PHENYLPYRUVATE_c
R-45_LIMONENE_45_7_45_MONOOXYGENASE_45_RXN,--LIMONENE-7-MONOOXYGENASE-RXN,Unknown,1.2662803343949043,1.2662803343949043,1.0,0.0,MINIMAL,optimal,2,HS06458;HS09293,CYP2C9;CYP2C19,CPD_45_4886_c + OXYGEN_45_MOLECULE_c + Red_45_NADPH_45_Hemoprotein_45_Reductases_c <=> CPD_45_261_c + Ox_45_NADPH_45_Hemoprotein_45_Reductases_c + WATER_c
RXN_45_18735,RXN-18735,Unknown,1.2662803343949043,1.2662803343949043,1.0,0.0,MINIMAL,optimal,2,HS06458;HS09293,CYP2C9;CYP2C19,CPD_45_261_c + OXYGEN_45_MOLECULE_c + Red_45_NADPH_45_Hemoprotein_45_Reductases_c <=> CPD_45_20030_c + Ox_45_NADPH_45_Hemoprotein_45_Reductases_c + 2.0 WATER_c
RXN66_45_504,RXN66-504,Unknown,1.2662803343949043,1.2662803343949043,1.0,0.0,MINIMAL,optimal,1,HS00336,ALOX5,CPD66_45_72_c <=> CPD66_45_73_c + WATER_c
RXN_45_16020,RXN-16020,Unknown,1.2662803343949043,1.2662803343949043,1.0,0.0,MINIMAL,optimal,1,HS07581,HSD17B12,CPD_45_17262_c + NADH_45_P_45_OR_45_NOP_c + h_c <=> CPD_45_17263_c + NAD_45_P_45_OR_45_NOP_c
RXN66_45_498,RXN66-498,Unknown,1.2662803343949043,1.2662803343949043,1.0,0.0,MINIMAL,optimal,1,HS01115,PTGS2,CPD_45_10244_c + Donor_45_H2_c + OXYGEN_45_MOLECULE_c <=> Acceptor_c + CPD_45_17452_c + WATER_c
RXN_45_15675,RXN-15675,Unknown,1.2662803343949043,1.2662803343949043,1.0,0.0,MINIMAL,optimal,1,G66_47646,CYP4F3,CPD_45_10244_c + OXYGEN_45_MOLECULE_c + Red_45_NADPH_45_Hemoprotein_45_Reductases_c <=> CPD_45_16909_c + Ox_45_NADPH_45_Hemoprotein_45_Reductases_c + WATER_c
RXN66_45_510,RXN66-510,Unknown,1.2662803343949043,1.2662803343949043,1.0,0.0,MINIMAL,optimal,1,HS08621,ALOX15,CPD_45_10244_c + OXYGEN_45_MOLECULE_c <=> CPD66_45_80_c
RXN_45_20226,RXN-20226,Unknown,1.2662803343949043,1.2662803343949043,1.0,0.0,MINIMAL,optimal,2,HS00706;HS09636,SOAT1;SOAT2,CHOLESTEROL_c + CPD_45_17312_c <=> CPD_45_21823_c + coa_c
RXN_45_8647,RXN-8647,Unknown,1.2662803343949043,1.2662803343949043,1.0,0.0,MINIMAL,optimal,1,HS00336,ALOX5,6E8Z11Z14Z_45_5S_45_5_45_HYDROPEROXYCOSA_45_6_c <=> CPD_45_8892_c + WATER_c
RXN_45_11051,RXN-11051,Unknown,1.2662803343949043,1.2662803343949043,1.0,0.0,MINIMAL,optimal,1,HS09357,SGPL1,CPD_45_11654_c <=> CPD_45_11643_c
RXN_45_20582,RXN-20582,Unknown,1.2662803343949043,1.2662803343949043,1.0,0.0,MINIMAL,optimal,1,HS00336,ALOX5,CPD66_45_69_c <=> CPD_45_22264_c + WATER_c
RXN_45_20581,RXN-20581,Unknown,1.2662803343949043,1.2662803343949043,1.0,0.0,MINIMAL,optimal,1,HS00336,ALOX5,CPD_45_22261_c <=> CPD_45_22262_c + WATER_c
RXN_45_20579,RXN-20579,Unknown,1.2662803343949043,1.2662803343949043,1.0,0.0,MINIMAL,optimal,1,HS00336,ALOX5,CPD_45_22259_c <=> CPD_45_22260_c + WATER_c
15_45_OXOPROSTAGLANDIN_45_13_45_REDUCTASE_45_RXN,15-OXOPROSTAGLANDIN-13-REDUCTASE-RXN,Unknown,1.2662803343949043,1.2662803343949043,1.0,0.0,MINIMAL,optimal,2,HS02959;HS06681,PTGR1;PTGR2,HYDROXY_45_915_45_DIOXOPROSTA_45_13_45_ENOATE_c + NADH_45_P_45_OR_45_NOP_c + h_c <=> ALPHA_45_HYDROXY_45_915_45_DIOXOPROSTANOATE_c + NAD_45_P_45_OR_45_NOP_c
RXN_45_17795,RXN-17795,Unknown,1.2662803343949043,1.2662803343949043,1.0,0.0,MINIMAL,optimal,2,HS09539;HS06436,ACAA2;HADHB,CPD_45_19157_c + coa_c <=> CPD_45_19148_c + accoa_c
RXN_45_17782,RXN-17782,Unknown,1.2662803343949043,1.2662803343949043,1.0,0.0,MINIMAL,optimal,2,HS09539;HS06436,ACAA2;HADHB,CPD_45_19167_c + coa_c <=> CPD_45_15436_c + accoa_c
RXN_45_12978,RXN-12978,Unknown,1.2662803343949043,1.2662803343949043,1.0,0.0,MINIMAL,optimal,12,HS00888;HS01349;HS07766;HS11973;HS16174;HS04703;HS11921;G66_31311;HS00131;HS09445,ACSM2B;ACSL5;ACSL1;ACSM5;ACSM6;ACSL3;ACSM2A;ACSM4;ACSM3;ACSM1,5Z8Z11Z14Z17Z_45_EICOSAPENTAENOATE_c + atp_c + coa_c <=> CPD_45_14018_c + amp_c + ppi_c
RXN66_45_494,RXN66-494,Unknown,1.2662803343949043,1.2662803343949043,1.0,0.0,MINIMAL,optimal,1,HS01115,PTGS2,5Z8Z11Z14Z17Z_45_EICOSAPENTAENOATE_c + Donor_45_H2_c + OXYGEN_45_MOLECULE_c <=> Acceptor_c + CPD66_45_68_c + WATER_c
RXN_45_13442,RXN-13442,Unknown,1.2662803343949043,1.2662803343949043,1.0,0.0,MINIMAL,optimal,2,HS00335;ENSG00000096256,ELOVL5;ELOVL2,CPD_45_14018_c + h_c + malcoa_c <=> CARBON_45_DIOXIDE_c + CPD_45_14423_c + coa_c
RXN0_45_300,RXN0-300,Unknown,1.2662803343949043,1.2662803343949043,1.0,0.0,MINIMAL,optimal,1,HS06275,GRHPR,NADPH_c + OH_45_PYR_c + h_c <=> GLYCERATE_c + nadp_c
RXN_45_9370,RXN-9370,Unknown,1.2662803343949043,1.2662803343949043,1.0,0.0,MINIMAL,optimal,4,HS06681;HS11440;HS04133;HS08983,PTGR2;ZADH2;AKR1A1;ADH1B,CPD_45_9976_c + nadp_c <=> CPD_45_9978_c + NADPH_c + h_c
RXN_45_8854,RXN-8854,Unknown,1.2662803343949043,1.2662803343949043,1.0,0.0,MINIMAL,optimal,1,HS03979,SPR,6_45_LACTOYL_45_5678_45_TETRAHYDROPTERIN_c + NADPH_c + h_c <=> CPD_45_14053_c + nadp_c
RXN_45_8853,RXN-8853,Unknown,1.2662803343949043,1.2662803343949043,1.0,0.0,MINIMAL,optimal,1,HS03979,SPR,6_45_PYRUVOYL_45_5678_45_TETRAHYDROPTERIN_c + 2.0 NADPH_c + 2.0 h_c <=> CPD_45_14053_c + 2.0 nadp_c
RXN_45_7909,RXN-7909,Unknown,1.2662803343949043,1.2662803343949043,1.0,0.0,MINIMAL,optimal,1,HS07746,QDPR,CPD_45_14053_c <=> CPD_45_14202_c
RXN_45_14245,RXN-14245,Unknown,1.2662803343949043,1.2662803343949043,1.0,0.0,MINIMAL,optimal,1,HS07746,QDPR,CPD_45_15159_c + NADH_45_P_45_OR_45_NOP_c + h_c <=> CPD_45_14053_c + NAD_45_P_45_OR_45_NOP_c
RXN_45_7908,RXN-7908,Unknown,1.2662803343949043,1.2662803343949043,1.0,0.0,MINIMAL,optimal,2,HS13433;HS09360,PCBD2;PCBD1,CPD_45_5881_c <=> CPD_45_15159_c + WATER_c
RXN66_45_488,RXN66-488,Unknown,1.2662803343949043,1.2662803343949043,1.0,0.0,MINIMAL,optimal,1,HS00336,ALOX5,CPD_45_22262_c + WATER_c <=> CPD_45_22263_c
RXN66_45_491,RXN66-491,Unknown,1.2662803343949043,1.2662803343949043,1.0,0.0,MINIMAL,optimal,1,HS00336,ALOX5,CPD_45_22260_c + WATER_c <=> CPD66_45_51_c
RXN66_45_493,RXN66-493,Unknown,1.2662803343949043,1.2662803343949043,1.0,0.0,MINIMAL,optimal,1,HS00336,ALOX5,CPD_45_22260_c + WATER_c <=> CPD66_45_56_c
RXN66_45_496,RXN66-496,Unknown,1.2662803343949043,1.2662803343949043,1.0,0.0,MINIMAL,optimal,1,HS03372,LTA4H,CPD_45_22264_c + WATER_c <=> CPD66_45_57_c
RXN66_45_500,RXN66-500,Unknown,1.2662803343949043,1.2662803343949043,1.0,0.0,MINIMAL,optimal,1,HS00336,ALOX5,CPD66_45_74_c <=> CPD66_45_75_c + WATER_c
RXN66_45_514,RXN66-514,Unknown,1.2662803343949043,1.2662803343949043,1.0,0.0,MINIMAL,optimal,1,HS00336,ALOX5,CPD66_45_76_c <=> CPD66_45_79_c + WATER_c
RXN_45_17778,RXN-17778,Unknown,1.2662803343949043,1.2662803343949043,1.0,0.0,MINIMAL,optimal,2,HS09539;HS06436,ACAA2;HADHB,CPD_45_19169_c + coa_c <=> CPD_45_19144_c + accoa_c
RXN_45_17791,RXN-17791,Unknown,1.2662803343949043,1.2662803343949043,1.0,0.0,MINIMAL,optimal,2,HS09539;HS06436,ACAA2;HADHB,CPD_45_19158_c + coa_c <=> CPD_45_19147_c + accoa_c
RXN_45_17809,RXN-17809,Unknown,1.2662803343949043,1.2662803343949043,1.0,0.0,MINIMAL,optimal,1,HS04808,MOCS1,CPD_45_19179_c <=> PRECURSOR_45_Z_c + ppi_c
RXN_45_13139,RXN-13139,Unknown,1.2662803343949043,1.2662803343949043,1.0,0.0,MINIMAL,optimal,1,HS07908,CARKD,CPD0_45_2474_c + atp_c <=> NADPH_c + adp_c + h_c + pi_c
RXN_45_13429,RXN-13429,Unknown,1.2662803343949043,1.2662803343949043,1.0,0.0,MINIMAL,optimal,1,HS07617,FADS1,CPD_45_14394_c + 2.0 FERROCYTOCHROME_45_B5_c + OXYGEN_45_MOLECULE_c + 2.0 h_c <=> CPD_45_14018_c + 2.0 FERRICYTOCHROME_45_B5_c + 2.0 WATER_c
RXN_45_16042,RXN-16042,Unknown,1.2662803343949043,1.2662803343949043,1.0,0.0,MINIMAL,optimal,4,HS16664;HS07906;HS01567;HS12746,LPCAT4;LPCAT1;LPCAT2;LPCAT3,CPD_45_14394_c + Glycerolipids_c <=> CPD_45_17281_c + coa_c
RXN_45_16561,RXN-16561,Unknown,1.2662803343949043,1.2662803343949043,1.0,0.0,MINIMAL,optimal,0,,,CPD_45_17815_c + coa_c <=> CPD_45_17464_c + accoa_c
3_46_1_46_3_46_76_45_RXN,3.1.3.76-RXN,Unknown,1.2662803343949043,1.2662803343949043,1.0,0.0,MINIMAL,optimal,5,HS12901;HS13315;HS12900;HS14231;HS12592,LPPR4;LPPR3;LPPR5;LPPR1;LPPR2,CPD_45_9001_c + WATER_c <=> CPD_45_9002_c + pi_c
RXN_45_12140,RXN-12140,Unknown,1.2662803343949043,1.2662803343949043,1.0,0.0,MINIMAL,optimal,4,HS07112;HS04452;HS11908;HS11902,EPHX1;EPHX2;EPHX4;EPHX3,CPD_45_13091_c + WATER_c <=> CPD_45_13093_c
RXN_45_17111,RXN-17111,Unknown,1.2662803343949043,1.2662803343949043,1.0,0.0,MINIMAL,optimal,1,HS01909,TECR,CPD_45_18490_c + NADPH_c + h_c <=> CPD_45_17328_c + nadp_c
RXN_45_17112,RXN-17112,Unknown,1.2662803343949043,1.2662803343949043,1.0,0.0,MINIMAL,optimal,1,HS05918,FADS2,CPD_45_17328_c + 2.0 FERROCYTOCHROME_45_B5_c + OXYGEN_45_MOLECULE_c + 2.0 h_c <=> CPD_45_18491_c + 2.0 FERRICYTOCHROME_45_B5_c + 2.0 WATER_c
RXN_45_16131,RXN-16131,Unknown,1.2662803343949043,1.2662803343949043,1.0,0.0,MINIMAL,optimal,1,HS01909,TECR,CPD_45_17383_c + NADPH_c + h_c <=> CPD_45_17331_c + nadp_c
RXN_45_16132,RXN-16132,Unknown,1.2662803343949043,1.2662803343949043,1.0,0.0,MINIMAL,optimal,1,HS05918,FADS2,CPD_45_17331_c + 2.0 FERROCYTOCHROME_45_B5_c + OXYGEN_45_MOLECULE_c + 2.0 h_c <=> CPD_45_17385_c + 2.0 FERRICYTOCHROME_45_B5_c + 2.0 WATER_c
RXN_45_12142,RXN-12142,Unknown,1.2662803343949043,1.2662803343949043,1.0,0.0,MINIMAL,optimal,4,HS07112;HS04452;HS11908;HS11902,EPHX1;EPHX2;EPHX4;EPHX3,CPD_45_13090_c + WATER_c <=> CPD_45_13092_c
FARNESOL_45_DEHYDROGENASE_45_RXN,FARNESOL-DEHYDROGENASE-RXN,Unknown,1.2662803343949043,1.2662803343949043,1.0,0.0,MINIMAL,optimal,4,HS06681;HS11440;HS04133;HS08983,PTGR2;ZADH2;AKR1A1;ADH1B,2_45_TRANS6_45_TRANS_45_FARNESOL_c + nadp_c <=> 2_45_TRANS6_45_TRANS_45_FARNESAL_c + NADPH_c + h_c
RXN_45_12297,RXN-12297,Unknown,1.2662803343949043,1.2662803343949043,1.0,0.0,MINIMAL,optimal,4,HS06681;HS11440;HS04133;HS08983,PTGR2;ZADH2;AKR1A1;ADH1B,CPD_45_13228_c + NADPH_c + h_c <=> CPD_45_13229_c + nadp_c
GLUTACONYL_45_COA_45_DECARBOXYLASE_45_RXN,GLUTACONYL-COA-DECARBOXYLASE-RXN,Unknown,1.2662803343949043,1.2662803343949043,1.0,0.0,MINIMAL,optimal,1,HS02769,GCDH,GLUTACONYL_45_COA_c + h_c <=> CARBON_45_DIOXIDE_c + CROTONYL_45_COA_c
RXN_45_14932,RXN-14932,Unknown,1.2662803343949043,1.2662803343949043,1.0,0.0,MINIMAL,optimal,1,HS11546,D2HGDH,Acceptor_c + R_45_2_45_HYDROXYGLUTARATE_c <=> Donor_45_H2_c + akg_c
GLYCERATE_45_DEHYDROGENASE_45_RXN,GLYCERATE-DEHYDROGENASE-RXN,Unknown,1.2662803343949043,1.2662803343949043,1.0,0.0,MINIMAL,optimal,1,HS06275,GRHPR,GLYCERATE_c + nad_c <=> OH_45_PYR_c + h_c + nadh_c
2_46_6_46_1_46_22_45_RXN,2.6.1.22-RXN,Unknown,1.2662803343949043,1.2662803343949043,1.0,0.0,MINIMAL,optimal,1,HS02477,ABAT,CPD_45_466_c + akg_c <=> CH3_45_MALONATE_45_S_45_ALD_c + Glutamates_c
HYDROXYPYRUVATE_45_REDUCTASE_45_RXN,HYDROXYPYRUVATE-REDUCTASE-RXN,Unknown,1.2662803343949043,1.2662803343949043,1.0,0.0,MINIMAL,optimal,1,HS06275,GRHPR,GLYCERATE_c + NAD_45_P_45_OR_45_NOP_c <=> NADH_45_P_45_OR_45_NOP_c + OH_45_PYR_c + h_c
RXN_45_8654,RXN-8654,Unknown,1.2662803343949043,1.2662803343949043,1.0,0.0,MINIMAL,optimal,1,HS07153,LIPT1,LIPOIC_45_ACID_CCI_45_MIT_45_LUM_45_AN + atp_CCI_45_MIT_45_LUM_45_AN + h_CCI_45_MIT_45_LUM_45_AN <=> LIPOYL_45_AMP_CCI_45_MIT_45_LUM_45_AN + ppi_CCI_45_MIT_45_LUM_45_AN
RXN_45_12752,RXN-12752,Unknown,1.2662803343949043,1.2662803343949043,1.0,0.0,MINIMAL,optimal,1,HS08839,APOA1BP,CPD0_45_2472_c <=> CPD_45_653_c
RXN66_45_82,RXN66-82,Unknown,1.2662803343949043,1.2662803343949043,1.0,0.0,MINIMAL,optimal,1,HS00305,INMT,R_45_NICOTINE_c + amet_c <=> ADENOSYL_45_HOMO_45_CYS_c + CPD_45_3183_c
RXN0_45_7005,RXN0-7005,Unknown,1.2662803343949043,1.2662803343949043,1.0,0.0,MINIMAL,optimal,1,HS01958,PRODH,2.0 E_45__c + L_45_DELTA1_45_PYRROLINE_5_45_CARBOXYLATE_CCO_45_IN <=> PRO_CCO_45_IN
ALLYSINE_45_DEHYDROG_45_RXN,ALLYSINE-DEHYDROG-RXN,Unknown,1.2662803343949043,1.2662803343949043,1.0,0.0,MINIMAL,optimal,1,HS14278,AASDHPPT,ALLYSINE_c + WATER_c + nad_c <=> CPD_45_468_c + 2.0 h_c + nadh_c
1_46_2_46_1_46_31_45_RXN,1.2.1.31-RXN,Unknown,1.2662803343949043,1.2662803343949043,1.0,0.0,MINIMAL,optimal,2,HS14278;HS09157,AASDHPPT;ALDH7A1,ALLYSINE_c + NAD_45_P_45_OR_45_NOP_c + WATER_c <=> CPD_45_468_c + NADH_45_P_45_OR_45_NOP_c + 2.0 h_c
2_45_HYDROXYGLUTARATE_45_DEHYDROGENASE_45_RXN,2-HYDROXYGLUTARATE-DEHYDROGENASE-RXN,Unknown,1.2662803343949043,1.2662803343949043,1.0,0.0,MINIMAL,optimal,1,HS12294,L2HGDH,Acceptor_c + CPD_45_381_c <=> Donor_45_H2_c + akg_c
3_45_HYDROXYISOBUTYRATE_45_DEHYDROGENASE_45_RXN,3-HYDROXYISOBUTYRATE-DEHYDROGENASE-RXN,Unknown,1.2662803343949043,1.2662803343949043,1.0,0.0,MINIMAL,optimal,1,HS02854,HIBADH,3hmp_m + nad_m <=> 2mop_m + h_m + nadh_m
HYDROXYACID_45_OXOACID_45_TRANSHYDROGENASE_45_RXN,HYDROXYACID-OXOACID-TRANSHYDROGENASE-RXN,Unknown,1.2662803343949043,1.2662803343949043,1.0,0.0,MINIMAL,optimal,1,HS07450,ADHFE1,CPD_45_1843_c + akg_c <=> R_45_2_45_HYDROXYGLUTARATE_c + acac_c
RXN_45_12567,RXN-12567,Unknown,1.2662803343949043,1.2662803343949043,1.0,0.0,MINIMAL,optimal,0,,,CPD0_45_2121_c + WATER_c <=> OH_45_HEXANOYL_45_COA_c
RXN_45_12570,RXN-12570,Unknown,1.2662803343949043,1.2662803343949043,1.0,0.0,MINIMAL,optimal,0,,,OH_45_HEXANOYL_45_COA_c + nad_c <=> K_45_HEXANOYL_45_COA_c + h_c + nadh_c
RXN_45_20678,RXN-20678,Unknown,1.2662803343949043,1.2662803343949043,1.0,0.0,MINIMAL,optimal,0,,,CPD0_45_2108_c + WATER_c <=> CPD_45_22313_c
RXN_45_20679,RXN-20679,Unknown,1.2662803343949043,1.2662803343949043,1.0,0.0,MINIMAL,optimal,0,,,CPD_45_22313_c + nad_c <=> CPD0_45_2106_c + h_c + nadh_c
RXN_45_15589,RXN-15589,Unknown,1.2662803343949043,1.2662803343949043,1.0,0.0,MINIMAL,optimal,2,HS09898;HS11091,SULT1A1;SULT1A2,CPD_45_14115_c + paps_c <=> CPD_45_16825_c + h_c + pap_c
1_46_10_46_99_46_2_45_RXN,1.10.99.2-RXN,Unknown,1.2662803343949043,1.2662803343949043,1.0,0.0,MINIMAL,optimal,1,HS04802,NQO2,CPD_45_7229_c + Quinones_c + h_c <=> Reduced_45_Quinones_c + rnam_c
RXN66_45_83,RXN66-83,Unknown,1.2662803343949043,1.2662803343949043,1.0,0.0,MINIMAL,optimal,10,G66_47652;G66_47591;HS03557;HS09519;HS17724;HS10271;HS03272;G66_47559;HS16233;HS11970,UGT1A1;UGT1A6;B3GAT2;UGT1A5;G_HS17724;UGT2B11;B3GAT1;UGT1A3;G_HS16233;UGT1A4,NICOTINE_c + udpglcur_c <=> CPD_45_2744_c + udp_c
RXN66_45_146,RXN66-146,Unknown,1.2662803343949043,1.2662803343949043,1.0,0.0,MINIMAL,optimal,6,HS10336;HS10343;HS05414;HS09588;HS11946;HS08023,CYP2G1P;CYP2A6;CYP2E1;CYP2S1;CYP4X1;CYP2U1,NICOTINE_c + OXYGEN_45_MOLECULE_c + Red_45_NADPH_45_Hemoprotein_45_Reductases_c <=> CPD_45_3187_c + Ox_45_NADPH_45_Hemoprotein_45_Reductases_c + WATER_c
RXN66_45_61,RXN66-61,Unknown,1.2662803343949043,1.2662803343949043,1.0,0.0,MINIMAL,optimal,5,HS10336;HS10343;HS09588;HS11946;HS08023,CYP2G1P;CYP2A6;CYP2S1;CYP4X1;CYP2U1,NICOTINE_c + OXYGEN_45_MOLECULE_c + Red_45_NADPH_45_Hemoprotein_45_Reductases_c <=> CPD_45_3186_c + Ox_45_NADPH_45_Hemoprotein_45_Reductases_c + 2.0 WATER_c
RXN66_45_81,RXN66-81,Unknown,1.2662803343949043,1.2662803343949043,1.0,0.0,MINIMAL,optimal,6,HS00295;HS05567;HS01807;HS01205;HS00223;HS04143,FMO1;FMO5;FMO2;FMO4;FMO3;FMO6,NADPH_c + NICOTINE_c + OXYGEN_45_MOLECULE_c <=> CPD_45_2743_c + WATER_c + nadp_c
RXN_45_8632,RXN-8632,Unknown,1.2662803343949043,1.2662803343949043,1.0,0.0,MINIMAL,optimal,2,HS02925;HS01502,AKR1B10;AKR1B1,PROPANE_45_1_45_2_45_DIOL_c + nad_c <=> ACETOL_c + h_c + nadh_c
RXN_45_12299,RXN-12299,Unknown,1.2662803343949043,1.2662803343949043,1.0,0.0,MINIMAL,optimal,4,HS06681;HS11440;HS04133;HS08983,PTGR2;ZADH2;AKR1A1;ADH1B,NADPH_c + TRANS_45_2_45_HEXENAL_c + h_c <=> TRANS_45_2_45_HEXENOL_c + nadp_c
RXN_45_13675,RXN-13675,Unknown,1.2662803343949043,1.2662803343949043,1.0,0.0,MINIMAL,optimal,2,HS01949;HS01957,GGT5;GGT1,CPD_45_14704_c + WATER_c <=> CPD_45_14705_c + Glutamates_c
RXN_45_10715,RXN-10715,Unknown,1.2662803343949043,1.2662803343949043,1.0,0.0,MINIMAL,optimal,1,HS01061,ALDH3A2,INDOLE_ACETALDEHYDE_m + WATER_m + nad_m <=> INDOLE_ACETATE_AUXIN_m + 2.0 h_m + nadh_m
RXN_45_5581,RXN-5581,Unknown,1.2662803343949043,1.2662803343949043,1.0,0.0,MINIMAL,optimal,1,HS00182,ALDH3B1,INDOLE_ACETALDEHYDE_c + NAD_45_P_45_OR_45_NOP_c + WATER_c <=> INDOLE_ACETATE_AUXIN_c + NADH_45_P_45_OR_45_NOP_c + 2.0 h_c
RXN_45_10717,RXN-10717,Unknown,1.2662803343949043,1.2662803343949043,1.0,0.0,MINIMAL,optimal,1,HS04133,AKR1A1,INDOLE_ACETALDEHYDE_c + NADPH_c + h_c <=> CPD_45_341_c + nadp_c
RXNN_45_404,RXNN-404,Unknown,1.2662803343949043,1.2662803343949043,1.0,0.0,MINIMAL,optimal,1,HS11629,SGSH,CPD_45_237_c + WATER_c <=> INDOLE_ACETATE_AUXIN_c + nh4_c
RXN_45_1404,RXN-1404,Unknown,1.2662803343949043,1.2662803343949043,1.0,0.0,MINIMAL,optimal,2,HS03733;HS08330,NIT2;NIT1,INDOLEYL_45_CPD_c + 2.0 WATER_c <=> INDOLE_ACETATE_AUXIN_c + nh4_c
RXN_45_8655,RXN-8655,Unknown,1.2662803343949043,1.2662803343949043,1.0,0.0,MINIMAL,optimal,1,HS07153,LIPT1,LIPOYL_45_AMP_CCI_45_MIT_45_LUM_45_AN + Lipoyl_45_Protein_45_L_45_Lysine_CCI_45_MIT_45_LUM_45_AN <=> Lipoyl_45_Protein_45_N6_45_lipoyllysine_CCI_45_MIT_45_LUM_45_AN + amp_CCI_45_MIT_45_LUM_45_AN
RXN_45_17150,RXN-17150,Unknown,1.2662803343949043,1.2662803343949043,1.0,0.0,MINIMAL,optimal,1,G66_33844,AFMID,CPD_45_18539_c + WATER_c <=> CPD_45_18532_c + for_c + h_c
RXN_45_20400,RXN-20400,Unknown,1.2662803343949043,1.2662803343949043,1.0,0.0,MINIMAL,optimal,2,HS00071;HS00434,GCLC;GCLM,CPD0_45_1942_c + Glutamates_c + atp_c <=> CPD_45_22077_c + adp_c + h_c + pi_c
RXN_45_10958,RXN-10958,Unknown,1.2662803343949043,1.2662803343949043,1.0,0.0,MINIMAL,optimal,2,HS08920;HS02045,MTMR14;MTMR3,1_45_PHOSPHATIDYL_45_1D_45_MYO_45_INOSITOL_45_35_45_BISPH_c + WATER_c <=> 1_45_PHOSPHATIDYL_45_1D_45_MYO_45_INOSITOL_45_5_45_PHOSPHA_c + pi_c
RXN_45_14393,RXN-14393,Unknown,1.2662803343949043,1.2662803343949043,1.0,0.0,MINIMAL,optimal,1,HS01481,HADHA,CPD0_45_1163_c + nad_c <=> CPD_45_15244_c + h_c + nadh_c
RXN_45_17780,RXN-17780,Unknown,1.2662803343949043,1.2662803343949043,1.0,0.0,MINIMAL,optimal,0,,,CPD_45_19170_c + WATER_c <=> CPD_45_19168_c
RXN_45_17776,RXN-17776,Unknown,1.2662803343949043,1.2662803343949043,1.0,0.0,MINIMAL,optimal,0,,,CPD_45_19172_c + WATER_c <=> CPD_45_19171_c
RXN_45_17777,RXN-17777,Unknown,1.2662803343949043,1.2662803343949043,1.0,0.0,MINIMAL,optimal,1,HS01481,HADHA,CPD_45_19171_c + nad_c <=> CPD_45_19169_c + h_c + nadh_c
RXN_45_20675,RXN-20675,Unknown,1.2662803343949043,1.2662803343949043,1.0,0.0,MINIMAL,optimal,0,,,CPD_45_7222_c + WATER_c <=> CPD0_45_2107_c
RXN_45_20676,RXN-20676,Unknown,1.2662803343949043,1.2662803343949043,1.0,0.0,MINIMAL,optimal,0,,,CPD0_45_2107_c + nad_c <=> CPD0_45_2105_c + h_c + nadh_c
RXN_45_16775,RXN-16775,Unknown,1.2662803343949043,1.2662803343949043,1.0,0.0,MINIMAL,optimal,1,G66_32717,RNLS,CPD_45_18088_c + OXYGEN_45_MOLECULE_c + h_c <=> HYDROGEN_45_PEROXIDE_c + nad_c
RXN_45_15116,RXN-15116,Unknown,1.2662803343949043,1.2662803343949043,1.0,0.0,MINIMAL,optimal,1,G66_32717,RNLS,CPD_45_18085_c + OXYGEN_45_MOLECULE_c + h_c <=> HYDROGEN_45_PEROXIDE_c + nadp_c
R146_45_RXN,R146-RXN,Unknown,1.2662803343949043,1.2662803343949043,1.0,0.0,MINIMAL,optimal,1,HS16031,ADI1,CPD_45_85_c + OXYGEN_45_MOLECULE_c <=> CARBON_45_MONOXIDE_c + CPD_45_7672_c + for_c + h_c
RXN_45_15065,RXN-15065,Unknown,1.2662803343949043,1.2662803343949043,1.0,0.0,MINIMAL,optimal,5,HS13847;HS05099;HS05614;HS17140;HS17690,G_HS13847;PLA2G2A;OC90;G_HS17140;G_HS17690,1_45_2_45_DIPALMITOYLPHOSPHATIDYLCHOLINE_c + WATER_c <=> CPD_45_8343_c + h_c + hdca_c
RXN66_45_578,RXN66-578,Unknown,1.2662803343949043,1.2662803343949043,1.0,0.0,MINIMAL,optimal,1,HS03439,CHPT1,CPD66_45_34_c + cdpchol_c <=> 1_45_2_45_DIPALMITOYLPHOSPHATIDYLCHOLINE_c + cmp_c + h_c
1_46_1_46_1_46_263_45_RXN,1.1.1.263-RXN,Unknown,1.2662803343949043,1.2662803343949043,1.0,0.0,MINIMAL,optimal,1,HS15341,AKR1E2,15_45_ANHYDRO_45_D_45_FRUCTOSE_c + NADPH_c + h_c <=> 15_45_ANHYDRO_45_D_45_GLUCITOL_c + nadp_c
RXN_45_13064,RXN-13064,Unknown,1.2662803343949043,1.2662803343949043,1.0,0.0,MINIMAL,optimal,2,HS05414;HS10343,CYP2E1;CYP2A6,CPD_45_9446_c + OXYGEN_45_MOLECULE_c + Red_45_NADPH_45_Hemoprotein_45_Reductases_c <=> D_45_mannopyranose_c + Ox_45_NADPH_45_Hemoprotein_45_Reductases_c + WATER_c
RXN_45_16774,RXN-16774,Unknown,1.2662803343949043,1.2662803343949043,1.0,0.0,MINIMAL,optimal,1,G66_32717,RNLS,CPD_45_18087_c + OXYGEN_45_MOLECULE_c + h_c <=> HYDROGEN_45_PEROXIDE_c + nad_c
RXN_45_16773,RXN-16773,Unknown,1.2662803343949043,1.2662803343949043,1.0,0.0,MINIMAL,optimal,1,G66_32717,RNLS,CPD_45_18084_c + OXYGEN_45_MOLECULE_c + h_c <=> HYDROGEN_45_PEROXIDE_c + nadp_c
RXN66_45_356,RXN66-356,Unknown,1.2662803343949043,1.2662803343949043,1.0,0.0,MINIMAL,optimal,1,HS09769,CYP21A2,17_45_ALPHA_45_HYDROXYPROGESTERONE_c + OXYGEN_45_MOLECULE_c + Red_45_NADPH_45_Hemoprotein_45_Reductases_c <=> 11_45_DEOXY_45_CORTISOL_c + Ox_45_NADPH_45_Hemoprotein_45_Reductases_c + WATER_c
PGPPHOSPHA_45_RXN,PGPPHOSPHA-RXN,Unknown,1.2662803343949043,1.2662803343949043,1.0,0.0,MINIMAL,optimal,1,HS03319,PTPMT1,L_45_1_45_PHOSPHATIDYL_45_GLYCEROL_45_P_c + WATER_c <=> L_45_1_45_PHOSPHATIDYL_45_GLYCEROL_c + pi_c
RXN_45_15035,RXN-15035,Unknown,1.2662803343949043,1.2662803343949043,1.0,0.0,MINIMAL,optimal,8,HS08939;HS14357;HS00297;HS04039;HS00485;HS04458;HS13017;HS02451,PLB1;PLBD2;LYPLA2;PLA2G4A;PNPLA6;LYPLA1;PLBD1;PLA2G15,CPD_45_8355_c + WATER_c <=> L_45_1_45_GLYCEROPHOSPHORYLETHANOL_45_AMINE_c + h_c + ocdcea_c
RXN_45_15067,RXN-15067,Unknown,1.2662803343949043,1.2662803343949043,1.0,0.0,MINIMAL,optimal,5,HS13847;HS05099;HS05614;HS17140;HS17690,G_HS13847;PLA2G2A;OC90;G_HS17140;G_HS17690,CPD_45_8291_c + WATER_c <=> CPD_45_8355_c + h_c + ocdcea_c
GST_45_RXN,GST-RXN,Unknown,1.2662803343949043,1.2662803343949043,1.0,0.0,MINIMAL,optimal,18,HS09818;G66_31783;HS01512;HS05832;HS01468;HS00245;HS07329;HS07564;HS10203;HS09817,GSTM2;GSTA5;MGST2;GSTM5;GSTP1;MGST1;GSTA3;GSTO1;GSTA4;GSTM4,1_45_CHLORO_45_24_45_DINITROBENZENE_c + gthrd_c <=> S_45_24_45_DINITROPHENYLGLUTATHIONE_c + cl_c + h_c
RXN_45_8094,RXN-8094,Unknown,1.2662803343949043,1.2662803343949043,1.0,0.0,MINIMAL,optimal,2,HS06489;HS11927,AOX1;AOX2,CPD_45_7620_c + OXYGEN_45_MOLECULE_c + WATER_c <=> CPD_45_7619_c + HYDROGEN_45_PEROXIDE_c + h_c
INDANOL_45_DEHYDROGENASE_45_RXN,INDANOL-DEHYDROGENASE-RXN,Unknown,1.2662803343949043,1.2662803343949043,1.0,0.0,MINIMAL,optimal,2,HS10741;HS03054,AKR1C1;AKR1C3,1_45_INDANONE_c + NADH_45_P_45_OR_45_NOP_c + h_c <=> 1_45_INDANOL_c + NAD_45_P_45_OR_45_NOP_c
RXN_45_18739,RXN-18739,Unknown,1.2662803343949043,1.2662803343949043,1.0,0.0,MINIMAL,optimal,4,HS13172;HS02120;HS14842;HS12338,ALKBH7;ALKBH1;ALKBH4;ALKBH5,CPD_45_20035_c + OXYGEN_45_MOLECULE_c + akg_c <=> CARBON_45_DIOXIDE_c + FORMALDEHYDE_c + damp_c + succ_c
RXN0_45_7280,RXN0-7280,Unknown,1.2662803343949043,1.2662803343949043,1.0,0.0,MINIMAL,optimal,4,HS13172;HS02120;HS14842;HS12338,ALKBH7;ALKBH1;ALKBH4;ALKBH5,CPD_45_20036_c + OXYGEN_45_MOLECULE_c + akg_c <=> CARBON_45_DIOXIDE_c + FORMALDEHYDE_c + datp_c + succ_c
RXN_45_15089,RXN-15089,Unknown,1.2662803343949043,1.2662803343949043,1.0,0.0,MINIMAL,optimal,3,HS08913;HS01140;HS02179,ABHD6;MGLL;ABHD12,CPD_45_11690_c + WATER_c <=> GLYCEROL_c + h_c + ocdcea_c
RXN_45_15066,RXN-15066,Unknown,1.2662803343949043,1.2662803343949043,1.0,0.0,MINIMAL,optimal,4,HS16664;HS07906;HS01567;HS12746,LPCAT4;LPCAT1;LPCAT2;LPCAT3,CPD_45_8343_c + pmtcoa_c <=> 1_45_2_45_DIPALMITOYLPHOSPHATIDYLCHOLINE_c + coa_c
RXN_45_17024,RXN-17024,Unknown,1.2662803343949043,1.2662803343949043,1.0,0.0,MINIMAL,optimal,5,HS10599;HS00306;HS00112;HS16664;HS13986,LCLAT1;ABHD5;NDUFAB1;LPCAT4;MBOAT2,1_45_PALMITOYLGLYCEROL_45_3_45_PHOSPHATE_c + Myristoyl_45_ACPs_c <=> ACP_c + CPD_45_18390_c
RXN0_45_6705,RXN0-6705,Unknown,1.2662803343949043,1.2662803343949043,1.0,0.0,MINIMAL,optimal,5,HS10599;HS00306;HS00112;HS16664;HS13986,LCLAT1;ABHD5;NDUFAB1;LPCAT4;MBOAT2,1_45_PALMITOYLGLYCEROL_45_3_45_PHOSPHATE_c + Palmitoyl_45_ACPs_c <=> ACP_c + CPD0_45_1422_c
3_46_1_46_3_46_67_45_RXN,3.1.3.67-RXN,Unknown,1.2662803343949043,1.2662803343949043,1.0,0.0,MINIMAL,optimal,3,G66_47074;HS10404;HS05712,TPTE2P1;PTEN;TPTE2,PHOSPHATIDYLINOSITOL_45_345_45_TRIPHOSPHATE_c + WATER_c <=> PHOSPHATIDYL_45_MYO_45_INOSITOL_45_45_45_BISPHOSPHA_c + pi_c
RXN_45_10036,RXN-10036,Unknown,1.2662803343949043,1.2662803343949043,1.0,0.0,MINIMAL,optimal,9,HS09849;HS01279;HS08354;HS12255;HS09233;HS05626;HS09270;HS04546;HS05898,INPP5D;SYNJ2;SYNJ1;INPP5F;INPPL1;INPP5K;INPP5E;OCRL;INPP5B,PHOSPHATIDYLINOSITOL_45_345_45_TRIPHOSPHATE_c + WATER_c <=> 1_45_PHOSPHATIDYL_45_1D_45_MYO_45_INOSITOL_45_34_45_BISPH_c + pi_c
RXN_45_10938,RXN-10938,Unknown,1.2662803343949043,1.2662803343949043,1.0,0.0,MINIMAL,optimal,2,HS12771;HS11932,FIG4;SACM1L,1_45_PHOSPHATIDYL_45_1D_45_MYO_45_INOSITOL_45_35_45_BISPH_c + WATER_c <=> CPD_45_177_c + pi_c
RXN_45_10978,RXN-10978,Unknown,1.2662803343949043,1.2662803343949043,1.0,0.0,MINIMAL,optimal,3,HS03602;HS04604;HS10696,NUDT3;NUDT10;NUDT4,CPD_45_11937_c + WATER_c <=> MI_45_HEXAKISPHOSPHATE_c + 2.0 h_c + pi_c
RXN_45_8162,RXN-8162,Unknown,1.2662803343949043,1.2662803343949043,1.0,0.0,MINIMAL,optimal,1,HS14278,AASDHPPT,CPD_45_7682_c + 2.0 WATER_c + nad_c <=> CPD_45_468_c + h_c + nadh_c
RXN_45_10855,RXN-10855,Unknown,1.2662803343949043,1.2662803343949043,1.0,0.0,MINIMAL,optimal,2,HS14278;HS09157,AASDHPPT;ALDH7A1,CPD_45_7682_c + NAD_45_P_45_OR_45_NOP_c + 2.0 WATER_c <=> CPD_45_468_c + NADH_45_P_45_OR_45_NOP_c + h_c
RXN_45_16267,RXN-16267,Unknown,1.2662803343949043,1.2662803343949043,1.0,0.0,MINIMAL,optimal,1,HS06848,PYCR1,CPD_45_7682_c + NADPH_c + 2.0 h_c <=> L_45_PIPECOLATE_c + nadp_c
RXN_45_20537,RXN-20537,Unknown,1.2662803343949043,1.2662803343949043,1.0,0.0,MINIMAL,optimal,1,HS09093,DAGLB,CPD_45_22228_c + WATER_c <=> CPD_45_12600_c + h_c + ocdca_c
RXN_45_20540,RXN-20540,Unknown,1.2662803343949043,1.2662803343949043,1.0,0.0,MINIMAL,optimal,1,HS02103,DDHD1,CPD_45_22230_c + WATER_c <=> CPD_45_22226_c + h_c + ocdca_c
RXN_45_20538,RXN-20538,Unknown,1.2662803343949043,1.2662803343949043,1.0,0.0,MINIMAL,optimal,17,HS14288;HS07195;HS08609;HS06584;HS03803;HS06473;HS03908;HS06773;HS11935;HS17073,PLCH2;PLCD1;PLCD3;PLCZ1;PLCH1;PLCE1;PLCD4;PLCG2;PLCB1;G_HS17073,CPD_45_22229_c + WATER_c <=> CPD_45_22228_c + h_c
RXN_45_20539,RXN-20539,Unknown,1.2662803343949043,1.2662803343949043,1.0,0.0,MINIMAL,optimal,1,HS02103,DDHD1,CPD_45_22229_c + WATER_c <=> CPD_45_22224_c + h_c + ocdca_c
RXN_45_16030,RXN-16030,Unknown,1.2662803343949043,1.2662803343949043,1.0,0.0,MINIMAL,optimal,9,G66_46240;HS12901;HS08670;HS00898;HS14817;HS12592;HS13315;G66_31698;HS06877,PLPP6;LPPR4;PPAP2B;PPAP2A;PPAPDC3;LPPR2;LPPR3;PLPP4;PPAP2C,CPD_45_17273_c + WATER_c <=> CPD_45_17271_c + pi_c
RXN_45_16121,RXN-16121,Unknown,1.2662803343949043,1.2662803343949043,1.0,0.0,MINIMAL,optimal,9,G66_46240;HS12901;HS08670;HS00898;HS14817;HS12592;HS13315;G66_31698;HS06877,PLPP6;LPPR4;PPAP2B;PPAP2A;PPAPDC3;LPPR2;LPPR3;PLPP4;PPAP2C,CPD_45_17373_c + WATER_c <=> CPD_45_17375_c + pi_c
RXN66_45_306,RXN66-306,Unknown,1.2662803343949043,1.2662803343949043,1.0,0.0,MINIMAL,optimal,2,HS07110;HS07643,LBR;TM7SF2,44_45_DIMETHYL_45_CHOLESTA_45_814_45_24_45_TRIENOL_c + NADPH_c + h_c <=> 44_45_DIMETHYL_45_824_45_CHOLESTADIENOL_c + nadp_c
RXN_45_12413,RXN-12413,Unknown,1.2662803343949043,1.2662803343949043,1.0,0.0,MINIMAL,optimal,1,G66_33432,EFNA5,5.0 Acceptor_c + CPD_45_12321_c <=> CPD_45_12932_c + 5.0 Donor_45_H2_c
RXN_45_8023,RXN-8023,Unknown,1.2662803343949043,1.2662803343949043,1.0,0.0,MINIMAL,optimal,1,G66_33432,EFNA5,Acceptor_c + CPD_45_12321_c <=> CPD_45_7408_c + Donor_45_H2_c
RXN_45_16389,RXN-16389,Unknown,1.2662803343949043,1.2662803343949043,1.0,0.0,MINIMAL,optimal,18,HS02532;HS07077;HS11921;G66_31311;HS13326;HS00935;HS01349;HS07766;HS06695;HS11973,ACSBG1;SLC27A3;ACSM2A;ACSM4;SLC27A1;ACSL4;ACSL5;ACSL1;SLC27A2;ACSM5,16_45_HYDROXYPALMITATE_c + atp_c + coa_c <=> CPD_45_17621_c + amp_c + ppi_c
ESTRADIOL_45_17_45_BETA_45_DEHYDROGENASE_45_RXN,ESTRADIOL-17-BETA-DEHYDROGENASE-RXN,Unknown,1.2662803343949043,1.2662803343949043,1.0,0.0,MINIMAL,optimal,4,HS05792;HS05604;HS11363;HS03155,HSD17B4;HSD17B7;HSD17B11;HSD17B1,CPD_45_352_c + nadp_c <=> ESTRONE_c + NADPH_c + h_c
RXN66_45_341,RXN66-341,Unknown,1.2662803343949043,1.2662803343949043,1.0,0.0,MINIMAL,optimal,0,,,CPD66_45_23_c + OXYGEN_45_MOLECULE_c + Red_45_NADPH_45_Hemoprotein_45_Reductases_c <=> 3_45_BETA_45_HYDROXYANDROST_45_5_45_EN_45_17_45_ONE_c + Ox_45_NADPH_45_Hemoprotein_45_Reductases_c + WATER_c + ac_c + h_c
QOR_45_RXN,QOR-RXN,Unknown,1.2662803343949043,1.2662803343949043,1.0,0.0,MINIMAL,optimal,2,HS04055;HS03836,CRYZ;TP53I3,NADPH_c + 2.0 Quinones_c + h_c <=> 2.0 Semiquinones_c + nadp_c
RXN66_45_343,RXN66-343,Unknown,1.2662803343949043,1.2662803343949043,1.0,0.0,MINIMAL,optimal,2,HS07261;HS00619,SRD5A1;SRD5A2,NADPH_c + TESTOSTERONE_c + h_c <=> 17_45_BETA_45_HYDROXY_45_5ALPHA_45_ANDROSTAN_45_3_45_O_c + nadp_c
RXN_45_16118,RXN-16118,Unknown,1.2662803343949043,1.2662803343949043,1.0,0.0,MINIMAL,optimal,2,HS09762;HS13986,AGPAT1;MBOAT2,CPD_45_17371_c + CPD_45_17372_c <=> CPD_45_17373_c + coa_c
RXN_45_16402,RXN-16402,Unknown,1.2662803343949043,1.2662803343949043,1.0,0.0,MINIMAL,optimal,18,HS02532;HS07077;HS11921;G66_31311;HS13326;HS00935;HS01349;HS07766;HS06695;HS11973,ACSBG1;SLC27A3;ACSM2A;ACSM4;SLC27A1;ACSL4;ACSL5;ACSL1;SLC27A2;ACSM5,18_45_HYDROXYOLEATE_c + atp_c + coa_c <=> CPD_45_17370_c + amp_c + ppi_c
RXN_45_16117,RXN-16117,Unknown,1.2662803343949043,1.2662803343949043,1.0,0.0,MINIMAL,optimal,4,HS08315;HS06534;G66_32105;HS04350,AGPAT6;AGPAT9;GPAT2;GPAM,CPD_45_17370_c + glyc3p_c <=> CPD_45_17372_c + coa_c
RXN_45_16401,RXN-16401,Unknown,1.2662803343949043,1.2662803343949043,1.0,0.0,MINIMAL,optimal,18,HS02532;HS07077;HS11921;G66_31311;HS13326;HS00935;HS01349;HS07766;HS06695;HS11973,ACSBG1;SLC27A3;ACSM2A;ACSM4;SLC27A1;ACSL4;ACSL5;ACSL1;SLC27A2;ACSM5,CPD_45_17640_c + atp_c + coa_c <=> CPD_45_17641_c + amp_c + ppi_c
RXN66_45_345,RXN66-345,Unknown,1.2662803343949043,1.2662803343949043,1.0,0.0,MINIMAL,optimal,0,,,CPD66_45_26_c + OXYGEN_45_MOLECULE_c + Red_45_NADPH_45_Hemoprotein_45_Reductases_c <=> CPD66_45_25_c + Ox_45_NADPH_45_Hemoprotein_45_Reductases_c + 2.0 WATER_c
RXN66_45_348,RXN66-348,Unknown,1.2662803343949043,1.2662803343949043,1.0,0.0,MINIMAL,optimal,0,,,19_45_HYDROXYTESTOSTERONE_c + OXYGEN_45_MOLECULE_c + Red_45_NADPH_45_Hemoprotein_45_Reductases_c <=> 19_45_OXO_45_TESTOSTERONE_c + Ox_45_NADPH_45_Hemoprotein_45_Reductases_c + 2.0 WATER_c
RXN66_45_349,RXN66-349,Unknown,1.2662803343949043,1.2662803343949043,1.0,0.0,MINIMAL,optimal,2,HS06413;HS10343,CYP19A1;CYP2A6,19_45_OXO_45_TESTOSTERONE_c + OXYGEN_45_MOLECULE_c + Red_45_NADPH_45_Hemoprotein_45_Reductases_c <=> CPD_45_352_c + Ox_45_NADPH_45_Hemoprotein_45_Reductases_c + WATER_c + for_c + h_c
RXN66_45_346,RXN66-346,Unknown,1.2662803343949043,1.2662803343949043,1.0,0.0,MINIMAL,optimal,2,HS06413;HS10343,CYP19A1;CYP2A6,CPD66_45_25_c + OXYGEN_45_MOLECULE_c + Red_45_NADPH_45_Hemoprotein_45_Reductases_c <=> ESTRONE_c + Ox_45_NADPH_45_Hemoprotein_45_Reductases_c + WATER_c + for_c + h_c
RXN_45_10975,RXN-10975,Unknown,1.2662803343949043,1.2662803343949043,1.0,0.0,MINIMAL,optimal,3,HS03602;HS04604;HS10696,NUDT3;NUDT10;NUDT4,CPD_45_11938_c + WATER_c <=> CPD_45_11700_c + h_c + pi_c
RXN_45_10965,RXN-10965,Unknown,1.2662803343949043,1.2662803343949043,1.0,0.0,MINIMAL,optimal,4,HS03602;HS04604;HS10696;HS05381,NUDT3;NUDT10;NUDT4;NUDT11,CPD_45_11938_c + WATER_c <=> 5_45_DIPHOSPHO_45_1D_45_MYO_45_INOSITOL_45_12346P_c + h_c + pi_c
RXN_45_10974,RXN-10974,Unknown,1.2662803343949043,1.2662803343949043,1.0,0.0,MINIMAL,optimal,5,HS09822;HS08619;HS00942;HS10997;HS07278,HISPPD2A;IP6K3;IP6K2;IP6K1;HISPPD1,CPD_45_11700_c + atp_c <=> CPD_45_11938_c + adp_c
RXN_45_10977,RXN-10977,Unknown,1.2662803343949043,1.2662803343949043,1.0,0.0,MINIMAL,optimal,3,HS03602;HS04604;HS10696,NUDT3;NUDT10;NUDT4,CPD_45_11700_c + WATER_c <=> MI_45_HEXAKISPHOSPHATE_c + h_c + pi_c
RXN_45_7253,RXN-7253,Unknown,1.2662803343949043,1.2662803343949043,1.0,0.0,MINIMAL,optimal,1,HS02567,IMPAD1,CPD_45_6746_c + WATER_c <=> MYO_45_INOSITOL_c + pi_c
RXN_45_10973,RXN-10973,Unknown,1.2662803343949043,1.2662803343949043,1.0,0.0,MINIMAL,optimal,5,HS09822;HS08619;HS00942;HS10997;HS07278,HISPPD2A;IP6K3;IP6K2;IP6K1;HISPPD1,CPD_45_11937_c + atp_c <=> CPD_45_11939_c + adp_c + h_c
RXN_45_19335,RXN-19335,Unknown,1.2662803343949043,1.2662803343949043,1.0,0.0,MINIMAL,optimal,1,HS13779,MMAB,2.0 CPD_45_1829_c + Reduced_45_Flavoproteins_c + 2.0 atp_c <=> 2.0 ADENOSYLCOBALAMIN_c + Oxidized_45_Flavoproteins_c + 2.0 P3I_c + 2.0 h_c
RXN_45_10952,RXN-10952,Unknown,1.2662803343949043,1.2662803343949043,1.0,0.0,MINIMAL,optimal,3,HS06822;HS05783;HS02567,IMPA2;IMPA1;IMPAD1,D_45_MYO_45_INOSITOL_45_4_45_PHOSPHATE_c + WATER_c <=> MYO_45_INOSITOL_c + pi_c
RXN_45_10953,RXN-10953,Unknown,1.2662803343949043,1.2662803343949043,1.0,0.0,MINIMAL,optimal,3,HS06822;HS05783;HS02567,IMPA2;IMPA1;IMPAD1,CPD_45_6701_c + WATER_c <=> MYO_45_INOSITOL_c + pi_c
RXN_45_10954,RXN-10954,Unknown,1.2662803343949043,1.2662803343949043,1.0,0.0,MINIMAL,optimal,3,HS06822;HS05783;HS02567,IMPA2;IMPA1;IMPAD1,CPD_45_6702_c + WATER_c <=> MYO_45_INOSITOL_c + pi_c
2_46_7_46_4_46_24_45_RXN,2.7.4.24-RXN,Unknown,1.2662803343949043,1.2662803343949043,1.0,0.0,MINIMAL,optimal,2,HS07278;HS09822,HISPPD1;HISPPD2A,5_45_DIPHOSPHO_45_1D_45_MYO_45_INOSITOL_45_12346P_c + atp_c <=> CPD_45_11938_c + adp_c
RXN_45_10979,RXN-10979,Unknown,1.2662803343949043,1.2662803343949043,1.0,0.0,MINIMAL,optimal,2,HS07278;HS09822,HISPPD1;HISPPD2A,5_45_DIPHOSPHO_45_1D_45_MYO_45_INOSITOL_45_12346P_c + atp_c <=> CPD_45_11939_c + adp_c
RXN_45_10964,RXN-10964,Unknown,1.2662803343949043,1.2662803343949043,1.0,0.0,MINIMAL,optimal,4,HS03602;HS04604;HS10696;HS05381,NUDT3;NUDT10;NUDT4;NUDT11,5_45_DIPHOSPHO_45_1D_45_MYO_45_INOSITOL_45_12346P_c + WATER_c <=> MI_45_HEXAKISPHOSPHATE_c + h_c + pi_c
PORPHOBILSYNTH_45_RXN,PORPHOBILSYNTH-RXN,Unknown,1.2662803343949043,1.2662803343949043,1.0,0.0,MINIMAL,optimal,1,HS07501,ALAD,2.0 5_45_AMINO_45_LEVULINATE_c <=> PORPHOBILINOGEN_c + 2.0 WATER_c + h_c
CYTOCHROME_45_B5_45_REDUCTASE_45_RXN,CYTOCHROME-B5-REDUCTASE-RXN,Unknown,1.2662803343949043,1.2662803343949043,1.0,0.0,MINIMAL,optimal,5,HS02015;HS00849;HS08391;G66_32347;HS09388,CYB5R3;CYB5R4;CYB5R1;CYB5RL;CYB5R2,2.0 FERRICYTOCHROME_45_B5_c + nadh_c <=> 2.0 FERROCYTOCHROME_45_B5_c + h_c + nad_c
RXN_45_11195,RXN-11195,Unknown,1.2662803343949043,1.2662803343949043,1.0,0.0,MINIMAL,optimal,4,HS09388;HS02015;HS08391;HS00849,CYB5R2;CYB5R3;CYB5R1;CYB5R4,2.0 Ferrihemoglobins_c + nadh_c <=> 2.0 Ferrohemoglobins_c + h_c + nad_c
RXN_45_10664,RXN-10664,Unknown,1.2662803343949043,1.2662803343949043,1.0,0.0,MINIMAL,optimal,2,HS01878;HS07241,SCD;SCD5,2.0 FERROCYTOCHROME_45_B5_c + OXYGEN_45_MOLECULE_c + 2.0 h_c + pmtcoa_c <=> CPD_45_10269_c + 2.0 FERRICYTOCHROME_45_B5_c + 2.0 WATER_c
RXN3O_45_1380,RXN3O-1380,Unknown,1.2662803343949043,1.2662803343949043,1.0,0.0,MINIMAL,optimal,1,HS15665,DEGS2,2.0 FERROCYTOCHROME_45_B5_c + OXYGEN_45_MOLECULE_c + 2.0 h_c + sphgn_c <=> 2.0 FERRICYTOCHROME_45_B5_c + PHYTOSPINGOSINE_c + WATER_c
RXN_45_16065,RXN-16065,Unknown,1.2662803343949043,1.2662803343949043,1.0,0.0,MINIMAL,optimal,1,HS05918,FADS2,2.0 FERROCYTOCHROME_45_B5_c + OXYGEN_45_MOLECULE_c + 2.0 h_c + pmtcoa_c <=> CPD_45_17313_c + 2.0 FERRICYTOCHROME_45_B5_c + 2.0 WATER_c
RXN_45_13426,RXN-13426,Unknown,1.2662803343949043,1.2662803343949043,1.0,0.0,MINIMAL,optimal,1,HS05918,FADS2,2.0 FERROCYTOCHROME_45_B5_c + OXYGEN_45_MOLECULE_c + 2.0 h_c + lnlncacoa_c <=> CPD_45_14392_c + 2.0 FERRICYTOCHROME_45_B5_c + 2.0 WATER_c
1_46_14_46_19_46_1_45_RXN,1.14.19.1-RXN,Unknown,1.2662803343949043,1.2662803343949043,1.0,0.0,MINIMAL,optimal,3,HS01878;HS07241;HS16132,SCD;SCD5;FADS6,2.0 FERROCYTOCHROME_45_B5_c + OXYGEN_45_MOLECULE_c + STEAROYL_45_COA_c + 2.0 h_c <=> 2.0 FERRICYTOCHROME_45_B5_c + OLEOYL_45_COA_c + 2.0 WATER_c
PEROXID_45_RXN,PEROXID-RXN,Unknown,1.2662803343949043,1.2662803343949043,1.0,0.0,MINIMAL,optimal,6,HS07441;HS09558;HS04462;HS09645;HS04134;HS05391,PXDNL;LPO;EPX;PRDX2;PRDX1;PXDN,HYDROGEN_45_PEROXIDE_c + 2.0 Phenolic_45_Donors_c <=> 2.0 Phenoxyl_45_rad_45_of_45_phenolic_45_donors_c + 2.0 WATER_c
RXN_45_13564,RXN-13564,Unknown,1.2662803343949043,1.2662803343949043,1.0,0.0,MINIMAL,optimal,1,HS00205,NOS2,2.0 NADPH_c + 2.0 OXYGEN_45_MOLECULE_c + 2.0 arg_DASH_DASH_DASH_L_c + 2.0 h_c <=> 2.0 CPD_45_13518_c + 2.0 WATER_c + 2.0 nadp_c
RXN_45_13685,RXN-13685,Unknown,1.2662803343949043,1.2662803343949043,1.0,0.0,MINIMAL,optimal,1,HS08587,FDXR,NADPH_c + 2.0 Oxidized_45_adrenal_45_ferredoxins_c <=> 2.0 Reduced_45_adrenal_45_ferredoxins_c + h_c + nadp_c
1_46_18_46_1_46_2_45_RXN,1.18.1.2-RXN,Unknown,1.2662803343949043,1.2662803343949043,1.0,0.0,MINIMAL,optimal,0,,,2.0 Reduced_45_ferredoxins_CCO_45_OUT + h_CCO_45_OUT + nadp_CCO_45_OUT <=> NADPH_CCO_45_OUT + 2.0 Oxidized_45_ferredoxins_CCO_45_OUT
RXN_45_20768,RXN-20768,Unknown,1.2662803343949043,1.2662803343949043,1.0,0.0,MINIMAL,optimal,1,HS14639,FRRS1,2.0 Fe3_45_siderophores_c + h_c + nadh_c <=> 2.0 FE_43_2_c + 2.0 Siderophore_c + nad_c
FERRIC_45_CHELATE_45_REDUCTASE_45_RXN,FERRIC-CHELATE-REDUCTASE-RXN,Unknown,1.2662803343949043,1.2662803343949043,1.0,0.0,MINIMAL,optimal,2,HS01046;HS14639,CYBRD1;FRRS1,2.0 Fe3_45_siderophores_c + nadh_c <=> 2.0 Fe2_45_siderophores_c + h_c + nad_c
RXN_45_10471,RXN-10471,Unknown,1.2662803343949043,1.2662803343949043,1.0,0.0,MINIMAL,optimal,1,HS03930,TPO,HYDROGEN_45_PEROXIDE_c + 2.0 Thyroglobulin_45_3_45_5_45_diiodotyrosines_c <=> Thyroglobulin_45_L_45_thyroxines_c + Thyroglobulin_45_aminoacrylates_c + 2.0 WATER_c
CARDIOLIPSYN_45_RXN,CARDIOLIPSYN-RXN,Unknown,1.2662803343949043,1.2662803343949043,1.0,0.0,MINIMAL,optimal,1,HS01606,CRLS1,2.0 L_45_1_45_PHOSPHATIDYL_45_GLYCEROL_c <=> CARDIOLIPIN_c + GLYCEROL_c
D_45_LACTATE_45_DEHYDROGENASE_45_CYTOCHROME_45_RXN,D-LACTATE-DEHYDROGENASE-CYTOCHROME-RXN,Unknown,1.2662803343949043,1.2662803343949043,1.0,0.0,MINIMAL,optimal,1,HS15490,LDHD,2.0 Cytochromes_45_C_45_Oxidized_c + lac_DASH_DASH_DASH_D_c <=> 2.0 Cytochromes_45_C_45_Reduced_c + 2.0 h_c + pyr_c
RXN_45_14107,RXN-14107,Unknown,1.2662803343949043,1.2662803343949043,1.0,0.0,MINIMAL,optimal,1,HS11349,CYC1,2.0 Cytochromes_45_C_45_Oxidized_CCO_45_OUT + Menaquinols_c <=> 2.0 Cytochromes_45_C_45_Reduced_CCO_45_OUT + Menaquinones_c
RXN_45_15816,RXN-15816,Unknown,1.2662803343949043,1.2662803343949043,1.0,0.0,MINIMAL,optimal,1,HS11349,CYC1,2.0 Cytochromes_45_C_45_Oxidized_CCO_45_OUT + ETR_45_Quinols_c <=> 2.0 Cytochromes_45_C_45_Reduced_CCO_45_OUT + ETR_45_Quinones_c
1_46_10_46_2_46_2_45_RXN,1.10.2.2-RXN,Unknown,1.2662803343949043,1.2662803343949043,1.0,0.0,MINIMAL,optimal,10,HS00277;HS15855;HS10708;HS11349;HS09867;HS06753;HS05111;HS08128;HS00029;HS09077,UQCRC1;UQCR10;UQCRH;CYC1;UQCRFS1;UQCRC2;UQCR11;UQCRB;MT-CYB;UQCRQ,2.0 Cytochromes_45_C_45_Oxidized_CCO_45_OUT + Ubiquinols_c <=> 2.0 Cytochromes_45_C_45_Reduced_CCO_45_OUT + Ubiquinones_c
RXN_45_15829,RXN-15829,Unknown,1.2662803343949043,1.2662803343949043,1.0,0.0,MINIMAL,optimal,10,HS00277;HS15855;HS10708;HS11349;HS09867;HS06753;HS05111;HS08128;HS00029;HS09077,UQCRC1;UQCR10;UQCRH;CYC1;UQCRFS1;UQCRC2;UQCR11;UQCRB;MT-CYB;UQCRQ,2.0 Oxidized_45_CycA1_45_cytochromes_CCO_45_OUT + Ubiquinols_c <=> 2.0 Reduced_45_CycA1_45_cytochromes_CCO_45_OUT + Ubiquinones_c
1_46_1_46_2_46_5_45_RXN,1.1.2.5-RXN,Unknown,1.2662803343949043,1.2662803343949043,1.0,0.0,MINIMAL,optimal,1,HS15490,LDHD,2.0 Oxidized_45_cytochromes_45_c553_c + lac_DASH_DASH_DASH_D_c <=> 2.0 Cytochromes_45_C_45_Reduced_c + 2.0 h_c + pyr_c
RXN_45_18584,RXN-18584,Unknown,1.2662803343949043,1.2662803343949043,1.0,0.0,MINIMAL,optimal,10,HS00277;HS15855;HS10708;HS11349;HS09867;HS06753;HS05111;HS08128;HS00029;HS09077,UQCRC1;UQCR10;UQCRH;CYC1;UQCRFS1;UQCRC2;UQCR11;UQCRB;MT-CYB;UQCRQ,2.0 Oxidized_45_NapC_45_proteins_CCO_45_OUT + Ubiquinols_c <=> 2.0 Reduced_45_NapC_45_proteins_CCO_45_OUT + Ubiquinones_c
RXN_45_18604,RXN-18604,Unknown,1.2662803343949043,1.2662803343949043,1.0,0.0,MINIMAL,optimal,1,HS11349,CYC1,Menaquinols_c + 2.0 an_45_oxidized_45_NrfB_45_protein_CCO_45_OUT <=> Menaquinones_c + 2.0 a_45_reduced_45_NrfB_45_protein_CCO_45_OUT + 2.0 h_c
R344_45_RXN,R344-RXN,Unknown,1.2662803343949043,1.2662803343949043,1.0,0.0,MINIMAL,optimal,1,HS13779,MMAB,2.0 CPD_45_20909_c + 2.0 atp_c <=> 2.0 CPD_45_690_c + 2.0 Corrinoid_45_Adenosyltransferases_c + 2.0 P3I_c
RXN0_45_5216,RXN0-5216,Unknown,1.2662803343949043,1.2662803343949043,1.0,0.0,MINIMAL,optimal,2,HS02616;HS16819,MAN2B1;G_HS16819,CPD0_45_1063_c + WATER_c <=> CPD_45_15979_c + GLYCERATE_c
RXN_45_19368,RXN-19368,Unknown,1.2662803343949043,1.2662803343949043,1.0,0.0,MINIMAL,optimal,3,HS13442;HS13779;HS15658,MMACHC;MMAB;MMADHC,2.0 Apo_45_Base_45_off_45_His_45_on_45_Enzymes_c + 2.0 CPD_45_20918_c + Reduced_45_Flavoproteins_c + 2.0 atp_c <=> 2.0 CblC_c + 2.0 CblD_c + 2.0 Holo_45_Base_45_off_45_His_45_on_45_Enzymes_c + Oxidized_45_Flavoproteins_c + 2.0 P3I_c
RXN_45_19369,RXN-19369,Unknown,1.2662803343949043,1.2662803343949043,1.0,0.0,MINIMAL,optimal,3,HS13442;HS13779;HS15658,MMACHC;MMAB;MMADHC,2.0 Apo_45_Methylmalonyl_45_CoA_45_Mutase_c + 2.0 CPD_45_20918_c + Reduced_45_Flavoproteins_c + 2.0 atp_c <=> 2.0 B12_45_Methylmalonyl_45_CoA_45_Mutase_c + 2.0 CblC_c + 2.0 CblD_c + Oxidized_45_Flavoproteins_c + 2.0 P3I_c
1_46_6_46_99_46_12_45_RXN,1.6.99.12-RXN,Unknown,1.2662803343949043,1.2662803343949043,1.0,0.0,MINIMAL,optimal,1,HS13442,MMACHC,2.0 CPD_45_315_c + 2.0 CblC_c + NADPH_c + h_c <=> 2.0 CPD_45_20917_c + 2.0 HCN_c + nadp_c
BTUR2_45_RXN,BTUR2-RXN,Unknown,1.2662803343949043,1.2662803343949043,1.0,0.0,MINIMAL,optimal,1,HS13779,MMAB,2.0 CPD_45_20903_c + Reduced_45_Flavoproteins_c + 2.0 atp_c <=> 2.0 ADENOSYLCOBINAMIDE_c + Oxidized_45_Flavoproteins_c + 2.0 P3I_c + 2.0 h_c
RXN_45_19339,RXN-19339,Unknown,1.2662803343949043,1.2662803343949043,1.0,0.0,MINIMAL,optimal,1,HS13779,MMAB,2.0 CPD_45_689_c + Reduced_45_Flavoproteins_c + 2.0 atp_c <=> 2.0 CPD_45_690_c + Oxidized_45_Flavoproteins_c + 2.0 P3I_c + 2.0 h_c
RXN_45_17352,RXN-17352,Unknown,1.2662803343949043,1.2662803343949043,1.0,0.0,MINIMAL,optimal,1,HS09558,LPO,2.0 CONIFERYL_45_ALCOHOL_c + HYDROGEN_45_PEROXIDE_c <=> 2.0 CPD_45_18761_c + 2.0 WATER_c
RXN_45_19129,RXN-19129,Unknown,1.2662803343949043,1.2662803343949043,1.0,0.0,MINIMAL,optimal,1,HS09558,LPO,2.0 CPD_45_6989_c + HYDROGEN_45_PEROXIDE_c <=> CPD_45_20620_c + 2.0 WATER_c
CATAL_45_RXN,CATAL-RXN,Unknown,1.2662803343949043,1.2662803343949043,1.0,0.0,MINIMAL,optimal,1,HS04513,CAT,2.0 h2o2_m <=> 2.0 WATER_m + o2_m
3_46_6_46_3_46_9_45_RXN,3.6.3.9-RXN,Unknown,1.2662803343949043,1.2662803343949043,1.0,0.0,MINIMAL,optimal,12,HS00972;HS02735;HS00391;HS06384;HS12443;HS16656;HS05675;HS11955;HS08843;HS12284,ATP1B3;ATP1A3;ATP1A2;FXYD2;NKAIN4;NKAIN2;ATP1A4;NKAIN3;ATP1A1;NKAIN1,2.0 K_43__e + 3.0 NA_43__e + WATER_c + atp_e <=> 2.0 K_43__c + 3.0 NA_43__c + adp_c + h_c + pi_c
RXN66_45_534,RXN66-534,Unknown,1.2662803343949043,1.2662803343949043,1.0,0.0,MINIMAL,optimal,3,HS08461;HS04050;G66_47166,CBS;CTH;CBSL,2.0 CYS_c <=> CPD_45_3736_c + HS_c
RXN_45_14632,RXN-14632,Unknown,1.2662803343949043,1.2662803343949043,1.0,0.0,MINIMAL,optimal,1,HS04050,CTH,2.0 HOMO_45_CYS_c <=> CPD66_45_96_c + HS_c
RXN_45_15288,RXN-15288,Unknown,1.2662803343949043,1.2662803343949043,1.0,0.0,MINIMAL,optimal,1,HS09558,LPO,HYDROGEN_45_PEROXIDE_c + 2.0 LUTEOLIN_45_7_45_O_45_BETA_45_D_45_DIGLUCURONIDE_c <=> 2.0 WATER_c + 2.0 a_45_radical_45_of_45_luteolin_45_7_45_iOi_45_diglucuronid_c
2_46_1_46_1_46_135_45_RXN,2.1.1.135-RXN,Unknown,1.2662803343949043,1.2662803343949043,1.0,0.0,MINIMAL,optimal,1,HS04756,MTRR,2.0 Methionine_45_synthase_45_cob_45_II_45_alamins_c + NADPH_c + 2.0 amet_c <=> 2.0 ADENOSYL_45_HOMO_45_CYS_c + 2.0 METHIONINE_45_SYNTHASE_45_METHYLCOBALAMIN_c + h_c + nadp_c
RXN_45_13565,RXN-13565,Unknown,1.2662803343949043,1.2662803343949043,1.0,0.0,MINIMAL,optimal,1,HS00205,NOS2,2.0 CPD_45_13518_c + NADPH_c + 2.0 OXYGEN_45_MOLECULE_c <=> 2.0 L_45_CITRULLINE_c + 2.0 NITRIC_45_OXIDE_c + 2.0 WATER_c + h_c + nadp_c
RXN66_45_560,RXN66-560,Unknown,1.2662803343949043,1.2662803343949043,1.0,0.0,MINIMAL,optimal,2,HS01629;HS10137,SLC23A2;SLC23A1,2.0 NA_43__e <=> 2.0 NA_43__c
RXN_45_7700,RXN-7700,Unknown,1.2662803343949043,1.2662803343949043,1.0,0.0,MINIMAL,optimal,2,HS08983;HS10600,ADH1B;ADH6,CPD_45_7035_c + nad_c <=> PHENYLACETALDEHYDE_c + h_c + nadh_c
THIOL_45_OXIDASE_45_RXN,THIOL-OXIDASE-RXN,Unknown,1.2662803343949043,1.2662803343949043,1.0,0.0,MINIMAL,optimal,5,HS05112;HS01538;G66_46863;HS04002;HS15351,GFER;ERO1B;ERO1A;QSOX1;QSOX2,OXYGEN_45_MOLECULE_c + 2.0 Sulfhydryls_c <=> CPD_45_8529_c + HYDROGEN_45_PEROXIDE_c
RXN_45_19343,RXN-19343,Unknown,1.2662803343949043,1.2662803343949043,1.0,0.0,MINIMAL,optimal,1,HS13779,MMAB,2.0 CPD_45_20907_c + 2.0 atp_c <=> 2.0 ADENOSYLCOBINAMIDE_c + 2.0 Corrinoid_45_Adenosyltransferases_c + 2.0 P3I_c
DEOXYADENPHOSPHOR_45_RXN,DEOXYADENPHOSPHOR-RXN,Unknown,1.2662803343949043,1.2662803343949043,1.0,0.0,MINIMAL,optimal,1,HS02151,PNP,DEOXYADENOSINE_c + pi_c <=> 2dr1p_c + ADENINE_c
ADDALT_45_RXN,ADDALT-RXN,Unknown,1.2662803343949043,1.2662803343949043,1.0,0.0,MINIMAL,optimal,3,HS09018;HS06780;HS02191,ADAD1;ADAD2;ADA,DEOXYADENOSINE_c + WATER_c + h_c <=> DEOXYINOSINE_c + nh4_c
DEOXYCYTIDINE_45_KINASE_45_RXN,DEOXYCYTIDINE-KINASE-RXN,Unknown,1.2662803343949043,1.2662803343949043,1.0,0.0,MINIMAL,optimal,1,HS08100,DCK,DEOXYCYTIDINE_c + Nucleoside_45_Triphosphates_c <=> Nucleoside_45_Diphosphates_c + dcmp_c + h_c
CYTIDEAM_45_RXN,CYTIDEAM-RXN,Unknown,1.2662803343949043,1.2662803343949043,1.0,0.0,MINIMAL,optimal,2,HS08334;G66_46830,CDA;APOBEC3G,DEOXYCYTIDINE_c + WATER_c + h_c <=> DEOXYURIDINE_c + nh4_c
DEOXYGUANPHOSPHOR_45_RXN,DEOXYGUANPHOSPHOR-RXN,Unknown,1.2662803343949043,1.2662803343949043,1.0,0.0,MINIMAL,optimal,1,HS02151,PNP,DEOXYGUANOSINE_c + pi_c <=> 2dr1p_c + GUANINE_c
DEOXYINOPHOSPHOR_45_RXN,DEOXYINOPHOSPHOR-RXN,Unknown,1.2662803343949043,1.2662803343949043,1.0,0.0,MINIMAL,optimal,1,HS02151,PNP,DEOXYINOSINE_c + pi_c <=> 2dr1p_c + HYPOXANTHINE_c
URA_45_PHOSPH_45_RXN,URA-PHOSPH-RXN,Unknown,1.2662803343949043,1.2662803343949043,1.0,0.0,MINIMAL,optimal,3,HS00053;HS00200;HS00442,UPP1;UPP2;TYMP,DEOXYURIDINE_c + pi_c <=> 2dr1p_c + URACIL_c
DURIt,DURIt,Unknown,1.2662803343949043,1.2662803343949043,1.0,0.0,MINIMAL,optimal,0,,,DEOXYURIDINE_e <=> DEOXYURIDINE_c
RXN_45_19611,RXN-19611,Unknown,1.2662803343949043,1.2662803343949043,1.0,0.0,MINIMAL,optimal,7,HS01512;HS01468;HS01846;G_10221;HS00245;HS07009;HS02868,MGST2;GSTP1;GSTA2;GSTA1;MGST1;MGST3;GSTK1,CPD_45_9674_c + gthrd_c <=> CPD_45_21212_c + cl_c + h_c
RXN_45_18405,RXN-18405,Unknown,1.2662803343949043,1.2662803343949043,1.0,0.0,MINIMAL,optimal,7,HS01512;HS01468;HS01846;G_10221;HS00245;HS07009;HS02868,MGST2;GSTP1;GSTA2;GSTA1;MGST1;MGST3;GSTK1,TETRACHLOROHYDROQUINONE_c + gthrd_c + h_c <=> CPD_45_19763_c + cl_c
RXN_45_18407,RXN-18407,Unknown,1.2662803343949043,1.2662803343949043,1.0,0.0,MINIMAL,optimal,7,HS01512;HS01468;HS01846;G_10221;HS00245;HS07009;HS02868,MGST2;GSTP1;GSTA2;GSTA1;MGST1;MGST3;GSTK1,236_45_TRICHLOROHYDROQUINONE_c + gthrd_c <=> CPD_45_19761_c + cl_c
RXN_45_9890,RXN-9890,Unknown,1.2662803343949043,1.2662803343949043,1.0,0.0,MINIMAL,optimal,1,HS09043,CMBL,CPD_45_10636_c + WATER_c <=> CPD_45_10637_c + h_c
RXN_45_12508,RXN-12508,Unknown,1.2662803343949043,1.2662803343949043,1.0,0.0,MINIMAL,optimal,1,HS09727,PDHB,2_45_ALPHA_45_HYDROXYETHYL_45_THPP_c + Pyruvate_45_dehydrogenase_45_lipoate_c <=> Pyruvate_45_dehydrogenase_45_acetylDHlipoyl_c + THIAMINE_45_PYROPHOSPHATE_c
RXN_45_9282,RXN-9282,Unknown,1.2662803343949043,1.2662803343949043,1.0,0.0,MINIMAL,optimal,1,HS05632,COQ3,CPD_45_9895_c + amet_c <=> ADENOSYL_45_HOMO_45_CYS_c + CPD_45_9897_c + h_c
RXN_45_20519,RXN-20519,Unknown,1.2662803343949043,1.2662803343949043,1.0,0.0,MINIMAL,optimal,12,HS17073;HS14288;HS04729;G66_31377;G66_30825;HS06408;HS03803;HS02244;HS06584;HS07640,G_HS17073;PLCH2;PLCG1;PLCXD2;PLCXD3;PLCB2;PLCH1;PLCB4;PLCZ1;PLCB3,CPD_45_22224_c + WATER_c <=> CPD_45_12600_c + h_c
RXN_45_18935,RXN-18935,Unknown,1.2662803343949043,1.2662803343949043,1.0,0.0,MINIMAL,optimal,3,HS08913;HS01140;HS02179,ABHD6;MGLL;ABHD12,CPD_45_12600_c + WATER_c <=> GLYCEROL_c + h_c
RXN_45_19610,RXN-19610,Unknown,1.2662803343949043,1.2662803343949043,1.0,0.0,MINIMAL,optimal,7,HS01512;HS01468;HS01846;G_10221;HS00245;HS07009;HS02868,MGST2;GSTP1;GSTA2;GSTA1;MGST1;MGST3;GSTK1,CPD_45_21209_c + gthrd_c <=> BR_45__c + CPD_45_21210_c + h_c
RXN_45_9857,RXN-9857,Unknown,1.2662803343949043,1.2662803343949043,1.0,0.0,MINIMAL,optimal,1,HS09043,CMBL,CIS_45_2_45_CHLORO_45_4_45_CARBOXYMETHYLENEBUT_45_2_45_EN_45__c + WATER_c <=> 2_45_CHLOROMALEYLACETATE_c + h_c
DIENELACHYDRO_45_RXN,DIENELACHYDRO-RXN,Unknown,1.2662803343949043,1.2662803343949043,1.0,0.0,MINIMAL,optimal,1,HS09043,CMBL, <=> 
RXN_45_13040,RXN-13040,Unknown,1.2662803343949043,1.2662803343949043,1.0,0.0,MINIMAL,optimal,2,HS02925;HS01502,AKR1B10;AKR1B1,4S5S_45_45_45_DIHYDROXY_45_26_45_DIOXOHEXANOATE_c + NADPH_c + h_c <=> 2_45_DEHYDRO_45_3_45_DEOXY_45_D_45_GLUCONATE_c + nadp_c
RXN_45_17607,RXN-17607,Unknown,1.2662803343949043,1.2662803343949043,1.0,0.0,MINIMAL,optimal,2,HS03733;HS08330,NIT2;NIT1,2_45_HYDROXY_45_2_45_METHYLPROPANENITRILE_c + 2.0 WATER_c <=> CPD_45_19014_c + nh4_c
R83_45_RXN,R83-RXN,Unknown,1.2662803343949043,1.2662803343949043,1.0,0.0,MINIMAL,optimal,1,HS07242,ENOPH1,2_45_HYDROXY_45_3_45_KETO_45_5_45_METHYLTHIO_45_1_45_PHOSPHOP_c + WATER_c <=> CPD_45_85_c + pi_c
RXN0_45_6957,RXN0-6957,Unknown,1.2662803343949043,1.2662803343949043,1.0,0.0,MINIMAL,optimal,1,HS02879,NUDT1,CPD_45_13851_c + WATER_c <=> CPD_45_13852_c + h_c + ppi_c
RXN_45_17608,RXN-17608,Unknown,1.2662803343949043,1.2662803343949043,1.0,0.0,MINIMAL,optimal,1,HS11629,SGSH,CPD_45_19042_c + WATER_c <=> CPD_45_19014_c + nh4_c
RXN_45_7694,RXN-7694,Unknown,1.2662803343949043,1.2662803343949043,1.0,0.0,MINIMAL,optimal,2,HS08983;HS10600,ADH1B;ADH6,METHYLBUT_45_CPD_c + h_c + nadh_c <=> CPD_45_7033_c + nad_c
RXN_45_19427,RXN-19427,Unknown,1.2662803343949043,1.2662803343949043,1.0,0.0,MINIMAL,optimal,3,HS15437;HS04706;HS12629,MOGAT2;MOGAT1;MOGAT3,ACYL_45_COA_c + CPD0_45_1812_c <=> 1_45_acyl_45_2_45_oleoyl_45_glyceride_c + coa_c
RXN_45_15088,RXN-15088,Unknown,1.2662803343949043,1.2662803343949043,1.0,0.0,MINIMAL,optimal,3,HS08913;HS01140;HS02179,ABHD6;MGLL;ABHD12,CPD0_45_1812_c + WATER_c <=> GLYCEROL_c + h_c + ocdcea_c
RXN_45_15090,RXN-15090,Unknown,1.2662803343949043,1.2662803343949043,1.0,0.0,MINIMAL,optimal,3,HS15437;HS04706;HS12629,MOGAT2;MOGAT1;MOGAT3,CPD0_45_1812_c + OLEOYL_45_COA_c <=> CPD_45_15977_c + coa_c
2_45_KETO_45_ADIPATE_45_DEHYDROG_45_RXN,2-KETO-ADIPATE-DEHYDROG-RXN,Unknown,1.2662803343949043,1.2662803343949043,1.0,0.0,MINIMAL,optimal,2,HS11585;HS02832,DHTKD1;OGDH,2K_45_ADIPATE_m + coa_m + nad_m <=> CARBON_45_DIOXIDE_m + GLUTARYL_45_COA_m + nadh_m
2_45_OCTAPRENYL_45_6_45_OHPHENOL_45_METHY_45_RXN,2-OCTAPRENYL-6-OHPHENOL-METHY-RXN,Unknown,1.2662803343949043,1.2662803343949043,1.0,0.0,MINIMAL,optimal,1,HS05632,COQ3,2_45_OCTAPRENYL_45_6_45_HYDROXYPHENOL_c + amet_c <=> 2_45_OCTAPRENYL_45_6_45_METHOXYPHENOL_c + ADENOSYL_45_HOMO_45_CYS_c + h_c
RXN66_45_10,RXN66-10,Unknown,1.2662803343949043,1.2662803343949043,1.0,0.0,MINIMAL,optimal,1,HS03985,DHCR24,LANOSTEROL_c + NADPH_c + h_c <=> CPD_45_8606_c + nadp_c
RXN_45_13707,RXN-13707,Unknown,1.2662803343949043,1.2662803343949043,1.0,0.0,MINIMAL,optimal,1,HS00076,CYP51A1,CPD_45_8606_c + 3.0 OXYGEN_45_MOLECULE_c + 3.0 Red_45_NADPH_45_Hemoprotein_45_Reductases_c <=> CPD_45_8609_c + 3.0 Ox_45_NADPH_45_Hemoprotein_45_Reductases_c + 4.0 WATER_c + for_c + h_c
RXN66_45_11,RXN66-11,Unknown,1.2662803343949043,1.2662803343949043,1.0,0.0,MINIMAL,optimal,1,HS00076,CYP51A1,CPD_45_8606_c + OXYGEN_45_MOLECULE_c + Red_45_NADPH_45_Hemoprotein_45_Reductases_c <=> CPD_45_8607_c + Ox_45_NADPH_45_Hemoprotein_45_Reductases_c + WATER_c
RXN_45_707,RXN-707,Unknown,1.2662803343949043,1.2662803343949043,1.0,0.0,MINIMAL,optimal,1,HS10588,DHCR7,CPD_45_700_c + NADPH_c + h_c <=> CPD_45_706_c + nadp_c
RXN_45_7980,RXN-7980,Unknown,1.2662803343949043,1.2662803343949043,1.0,0.0,MINIMAL,optimal,1,HS10572,CYP7B1,CPD_45_7285_c + OXYGEN_45_MOLECULE_c + Red_45_NADPH_45_Hemoprotein_45_Reductases_c <=> CPD_45_7286_c + Ox_45_NADPH_45_Hemoprotein_45_Reductases_c + WATER_c
FATTY_45_ACID_45_SYNTHASE_45_RXN,FATTY-ACID-SYNTHASE-RXN,Unknown,1.2662803343949043,1.2662803343949043,1.0,0.0,MINIMAL,optimal,1,HS09992,FASN,NADPH_c + accoa_c <=> CARBON_45_DIOXIDE_c + Long_45_Chain_45_Fatty_45_Acids_c
NITRIC_45_OXIDE_45_SYNTHASE_45_RXN,NITRIC-OXIDE-SYNTHASE-RXN,Unknown,1.2662803343949043,1.2662803343949043,1.0,0.0,MINIMAL,optimal,3,HS01647;HS00205;HS09149,NOS1;NOS2;NOS3,3.0 NADPH_c + 4.0 OXYGEN_45_MOLECULE_c + 2.0 arg_DASH_DASH_DASH_L_c + h_c <=> 2.0 L_45_CITRULLINE_c + 2.0 NITRIC_45_OXIDE_c + 4.0 WATER_c + 3.0 nadp_c
1_46_1_46_1_46_170_45_RXN,1.1.1.170-RXN,Unknown,1.2662803343949043,1.2662803343949043,1.0,0.0,MINIMAL,optimal,1,HS07423,NSDHL,CPD_45_5846_c + NAD_45_P_45_OR_45_NOP_c <=> 4_45_ALPHA_45_METHYL_45_5_45_ALPHA_45_CHOLEST_45_7_45_EN_45_3_45_ON_c + CARBON_45_DIOXIDE_c + NADH_45_P_45_OR_45_NOP_c
RXN_45_12054,RXN-12054,Unknown,1.2662803343949043,1.2662803343949043,1.0,0.0,MINIMAL,optimal,2,HS00008;HS11580,DIO2;DIO1,CPD_45_13020_c + Donor_45_H2_c <=> Acceptor_c + CPD_45_13016_c + CPD_45_387_c + h_c
RXN_45_12037,RXN-12037,Unknown,1.2662803343949043,1.2662803343949043,1.0,0.0,MINIMAL,optimal,2,HS00008;HS11580,DIO2;DIO1,CPD_45_13008_c + Donor_45_H2_c <=> Acceptor_c + CPD_45_13010_c + CPD_45_387_c + h_c
KETOLACTOSE_45_RXN,KETOLACTOSE-RXN,Unknown,1.2662803343949043,1.2662803343949043,1.0,0.0,MINIMAL,optimal,1,HS10092,GLB1,3_45_KETOLACTOSE_e + WATER_e <=> CPD_45_1242_e + glc_DASH_DASH_DASH_D_e
RXN_45_10604,RXN-10604,Unknown,1.2662803343949043,1.2662803343949043,1.0,0.0,MINIMAL,optimal,2,HS00008;HS11580,DIO2;DIO1,CPD_45_10813_c + Donor_45_H2_c <=> Acceptor_c + CPD_45_11395_c + CPD_45_387_c + h_c
RXN_45_12046,RXN-12046,Unknown,1.2662803343949043,1.2662803343949043,1.0,0.0,MINIMAL,optimal,2,HS00008;HS11580,DIO2;DIO1,CPD_45_13022_c + Donor_45_H2_c <=> Acceptor_c + CPD_45_13017_c + CPD_45_387_c + h_c
RXN_45_10618,RXN-10618,Unknown,1.2662803343949043,1.2662803343949043,1.0,0.0,MINIMAL,optimal,10,G66_47652;G66_47591;HS03557;HS09519;HS17724;HS10271;HS03272;G66_47559;HS16233;HS11970,UGT1A1;UGT1A6;B3GAT2;UGT1A5;G_HS17724;UGT2B11;B3GAT1;UGT1A3;G_HS16233;UGT1A4,CPD_45_11404_c + udpglcur_c <=> CPD_45_11412_c + udp_c
RXN_45_10619,RXN-10619,Unknown,1.2662803343949043,1.2662803343949043,1.0,0.0,MINIMAL,optimal,10,G66_47652;G66_47591;HS03557;HS09519;HS17724;HS10271;HS03272;G66_47559;HS16233;HS11970,UGT1A1;UGT1A6;B3GAT2;UGT1A5;G_HS17724;UGT2B11;B3GAT1;UGT1A3;G_HS16233;UGT1A4,CPD_45_11404_c + udpglcur_c <=> CPD_45_11410_c + h_c + udp_c
RXN_45_6384,RXN-6384,Unknown,1.2662803343949043,1.2662803343949043,1.0,0.0,MINIMAL,optimal,1,HS03883,HIBCH,3_45_HYDROXY_45_PROPIONYL_45_COA_m + WATER_m <=> 3_45_HYDROXY_45_PROPIONATE_m + coa_m + h_m
RXN_45_9287,RXN-9287,Unknown,1.2662803343949043,1.2662803343949043,1.0,0.0,MINIMAL,optimal,1,HS05632,COQ3,CPD_45_9903_c + amet_c <=> ADENOSYL_45_HOMO_45_CYS_c + CPD_45_9904_c + h_c
RXN_45_9281,RXN-9281,Unknown,1.2662803343949043,1.2662803343949043,1.0,0.0,MINIMAL,optimal,1,HS05632,COQ3,CPD_45_9896_c + amet_c <=> ADENOSYL_45_HOMO_45_CYS_c + CPD_45_9898_c + h_c
RXN_45_9280,RXN-9280,Unknown,1.2662803343949043,1.2662803343949043,1.0,0.0,MINIMAL,optimal,1,HS05632,COQ3,CPD_45_9894_c + amet_c <=> ADENOSYL_45_HOMO_45_CYS_c + CPD_45_9899_c + h_c
RXN_45_10914,RXN-10914,Unknown,1.2662803343949043,1.2662803343949043,1.0,0.0,MINIMAL,optimal,3,G66_31611;HS01791;HS09260,LRTOMT;COMT;COMTD1,CPD_45_11878_c + amet_c <=> ADENOSYL_45_HOMO_45_CYS_c + CPD_45_11497_c + h_c
RXN_45_10911,RXN-10911,Unknown,1.2662803343949043,1.2662803343949043,1.0,0.0,MINIMAL,optimal,3,HS10600;HS08983;HS06569,ADH6;ADH1B;ADH4,DIHYDROXYPHENYLGLYCOLALDEHYDE_c + h_c + nadh_c <=> CPD_45_11878_c + nad_c
RXN_45_10609,RXN-10609,Unknown,1.2662803343949043,1.2662803343949043,1.0,0.0,MINIMAL,optimal,10,G66_47652;G66_47591;HS03557;HS09519;HS17724;HS10271;HS03272;G66_47559;HS16233;HS11970,UGT1A1;UGT1A6;B3GAT2;UGT1A5;G_HS17724;UGT2B11;B3GAT1;UGT1A3;G_HS16233;UGT1A4,LIOTHYRONINE_c + udpglcur_c <=> CPD_45_11402_c + h_c + udp_c
RXN_45_10607,RXN-10607,Unknown,1.2662803343949043,1.2662803343949043,1.0,0.0,MINIMAL,optimal,11,G66_47652;G66_47591;HS03557;HS09519;HS17724;HS10271;HS03272;G66_47559;HS16233;HS11970,UGT1A1;UGT1A6;B3GAT2;UGT1A5;G_HS17724;UGT2B11;B3GAT1;UGT1A3;G_HS16233;UGT1A4,LIOTHYRONINE_c + udpglcur_c <=> CPD_45_11400_c + h_c + udp_c
THYROXINE_45_DEIODINASE_45_RXN,THYROXINE-DEIODINASE-RXN,Unknown,1.2662803343949043,1.2662803343949043,1.0,0.0,MINIMAL,optimal,2,HS00008;HS11580,DIO2;DIO1,Donor_45_H2_c + L_45_THYROXINE_c <=> Acceptor_c + CPD_45_387_c + LIOTHYRONINE_c + h_c
RXN_45_10976,RXN-10976,Unknown,1.2662803343949043,1.2662803343949043,1.0,0.0,MINIMAL,optimal,3,HS03602;HS04604;HS10696,NUDT3;NUDT10;NUDT4,CPD_45_11939_c + WATER_c <=> CPD_45_11937_c + pi_c
RXN_45_11331,RXN-11331,Unknown,1.2662803343949043,1.2662803343949043,1.0,0.0,MINIMAL,optimal,1,HS00266,IYD,DIIODO_45_L_45_TYROSINE_c + NADPH_c + h_c <=> CPD_45_12288_c + CPD_45_387_c + nadp_c
RXN_45_20214,RXN-20214,Unknown,1.2662803343949043,1.2662803343949043,1.0,0.0,MINIMAL,optimal,2,HS02732;HS01587,SULT2A1;SULT2B1,3_45_BETA_45_HYDROXYANDROST_45_5_45_EN_45_17_45_ONE_c + paps_c <=> BETA_45_HYDROXYANDROST_45_5_45_EN_45_17_45_ONE_45_3_45_SULFAT_c + h_c + pap_c
STERYL_45_SULFATASE_45_RXN,STERYL-SULFATASE-RXN,Unknown,1.2662803343949043,1.2662803343949043,1.0,0.0,MINIMAL,optimal,8,HS00765;HS17567;HS06814;HS00195;HS08210;HS09053;HS02306;HS15671,ARSF;ARSJ;ARSG;ARSD;ARSE;ARSK;STS;G_HS15671,BETA_45_HYDROXYANDROST_45_5_45_EN_45_17_45_ONE_45_3_45_SULFAT_c + WATER_c <=> 3_45_BETA_45_HYDROXYANDROST_45_5_45_EN_45_17_45_ONE_c + h_c + so4_c
RXN_45_9233,RXN-9233,Unknown,1.2662803343949043,1.2662803343949043,1.0,0.0,MINIMAL,optimal,1,HS05632,COQ3,CPD_45_9867_c + amet_c <=> ADENOSYL_45_HOMO_45_CYS_c + CPD_45_9865_c + h_c
RXN_45_9225,RXN-9225,Unknown,1.2662803343949043,1.2662803343949043,1.0,0.0,MINIMAL,optimal,1,HS05632,COQ3,CPD_45_9854_c + amet_c <=> ADENOSYL_45_HOMO_45_CYS_c + CPD_45_9857_c + h_c
RXN_45_9240,RXN-9240,Unknown,1.2662803343949043,1.2662803343949043,1.0,0.0,MINIMAL,optimal,1,HS05632,COQ3,CPD_45_9868_c + amet_c <=> ADENOSYL_45_HOMO_45_CYS_c + CPD_45_9866_c + h_c
2_46_6_46_1_46_64_45_RXN,2.6.1.64-RXN,Unknown,1.2662803343949043,1.2662803343949043,1.0,0.0,MINIMAL,optimal,1,G_11453,CCBL1,GLN_c + PHENYL_45_PYRUVATE_c <=> 2_45_KETO_45_GLUTARAMATE_c + PHE_c
RXN_45_11210,RXN-11210,Unknown,1.2662803343949043,1.2662803343949043,1.0,0.0,MINIMAL,optimal,1,HS01953,UPB1,3_45_UREIDO_45_ISOBUTYRATE_c + WATER_c + 2.0 h_c <=> CARBON_45_DIOXIDE_c + CPD_45_471_c + nh4_c
RXN_45_19605,RXN-19605,Unknown,1.2662803343949043,1.2662803343949043,1.0,0.0,MINIMAL,optimal,0,,,CPD_45_21199_CCO_45_IN + WATER_CCO_45_IN + atp_CCO_45_IN <=> CPD_45_21199_CCO_45_OUT + adp_CCO_45_OUT + h_CCO_45_OUT + pi_CCO_45_OUT
RXN_45_20172,RXN-20172,Unknown,1.2662803343949043,1.2662803343949043,1.0,0.0,MINIMAL,optimal,1,HS05632,COQ3,CPD_45_21768_c + amet_c <=> ADENOSYL_45_HOMO_45_CYS_c + CPD_45_21769_c + h_c
RXN_45_13871,RXN-13871,Unknown,1.2662803343949043,1.2662803343949043,1.0,0.0,MINIMAL,optimal,3,HS10301;HS05303;HS08090,NAT1;AANAT;NAT2,CPD_45_7367_c + accoa_c <=> CPD_45_14876_c + coa_c + h_c
RXN_45_13870,RXN-13870,Unknown,1.2662803343949043,1.2662803343949043,1.0,0.0,MINIMAL,optimal,3,HS10301;HS05303;HS08090,NAT1;AANAT;NAT2,CPD_45_14873_c + accoa_c <=> CPD_45_14877_c + coa_c
RXN_45_15684,RXN-15684,Unknown,1.2662803343949043,1.2662803343949043,1.0,0.0,MINIMAL,optimal,2,HS04002;HS15351,QSOX1;QSOX2,CPD_45_17049_c + OXYGEN_45_MOLECULE_c <=> CPD_45_17050_c + HYDROGEN_45_PEROXIDE_c
RXN_45_15680,RXN-15680,Unknown,1.2662803343949043,1.2662803343949043,1.0,0.0,MINIMAL,optimal,7,HS01512;HS01468;HS01846;G_10221;HS00245;HS07009;HS02868,MGST2;GSTP1;GSTA2;GSTA1;MGST1;MGST3;GSTK1,CPD_45_17045_c + 2.0 gthrd_c <=> CPD_45_17046_c + 2.0 WATER_c
RXN_45_9279,RXN-9279,Unknown,1.2662803343949043,1.2662803343949043,1.0,0.0,MINIMAL,optimal,1,HS04333,COQ6,CPD_45_9864_c + NADPH_c + OXYGEN_45_MOLECULE_c + h_c <=> CPD_45_9895_c + WATER_c + nadp_c
RXN_45_9237,RXN-9237,Unknown,1.2662803343949043,1.2662803343949043,1.0,0.0,MINIMAL,optimal,0,,,CPD_45_9873_c + amet_c <=> ADENOSYL_45_HOMO_45_CYS_c + CPD_45_9958_c + h_c
RXN_45_16955,RXN-16955,Unknown,1.2662803343949043,1.2662803343949043,1.0,0.0,MINIMAL,optimal,4,HS06276;HS00182;HS03133;HS05686,ALDH1B1;ALDH3B1;ALDH3A1;ALDH3B2,CPD_45_18278_c + WATER_c + nadp_c <=> CPD_45_18274_c + NADPH_c + 2.0 h_c
RXN_45_16956,RXN-16956,Unknown,1.2662803343949043,1.2662803343949043,1.0,0.0,MINIMAL,optimal,4,HS06276;HS00182;HS03133;HS05686,ALDH1B1;ALDH3B1;ALDH3A1;ALDH3B2,CPD_45_18279_c + WATER_c + nadp_c <=> CPD_45_18275_c + NADPH_c + 2.0 h_c
RXN_45_10721,RXN-10721,Unknown,1.2662803343949043,1.2662803343949043,1.0,0.0,MINIMAL,optimal,3,G_11453;HS03239;HS06422,CCBL1;AADAT;CCBL2,3_45_HYDROXY_45_L_45_KYNURENINE_c + akg_c <=> CPD_45_11552_c + Glutamates_c
3_45_HYDROXY_45_KYNURENINASE_45_RXN,3-HYDROXY-KYNURENINASE-RXN,Unknown,1.2662803343949043,1.2662803343949043,1.0,0.0,MINIMAL,optimal,1,HS03952,KYNU,3_45_HYDROXY_45_L_45_KYNURENINE_c + WATER_c <=> 3_45_HYDROXY_45_ANTHRANILATE_c + L_45_ALPHA_45_ALANINE_c + h_c
1_46_13_46_11_46_6_45_RXN,1.13.11.6-RXN,Unknown,1.2662803343949043,1.2662803343949043,1.0,0.0,MINIMAL,optimal,1,HS08749,HAAO,3_45_HYDROXY_45_ANTHRANILATE_c + OXYGEN_45_MOLECULE_c <=> 2_45_AMINO_45_3_45_3_45_OXOPROP_45_2_45_ENYL_45_BUT_45_2_45_ENEDI_c
3_45_OH_45_BENZALDEHYDE_45_DEHYDROG_45_NADP_43__45_RXN,3-OH-BENZALDEHYDE-DEHYDROG-NADP+-RXN,Unknown,1.2662803343949043,1.2662803343949043,1.0,0.0,MINIMAL,optimal,4,HS06276;HS00182;HS03133;HS05686,ALDH1B1;ALDH3B1;ALDH3A1;ALDH3B2,3_45_OH_45_BENZALDEHYDE_c + WATER_c <=> 3_45_HYDROXYBENZOATE_c + NADPH_c
CYTOCHROME_45_C_45_OXIDASE_45_RXN,CYTOCHROME-C-OXIDASE-RXN,Unknown,1.2662803343949043,1.2662803343949043,1.0,0.0,MINIMAL,optimal,0,,,4.0 Cytochromes_45_C_45_Reduced_CCO_45_OUT + OXYGEN_45_MOLECULE_CCO_45_IN <=> 4.0 Cytochromes_45_C_45_Oxidized_CCO_45_OUT + 2.0 WATER_CCO_45_IN
RXN_45_11330,RXN-11330,Unknown,1.2662803343949043,1.2662803343949043,1.0,0.0,MINIMAL,optimal,1,HS00266,IYD,CPD_45_12288_c + NADPH_c <=> CPD_45_387_c + TYR_c + nadp_c
RXN_45_10915,RXN-10915,Unknown,1.2662803343949043,1.2662803343949043,1.0,0.0,MINIMAL,optimal,4,HS10600;HS08983;G66_47139;G66_46401,ADH6;ADH1B;ADH1A;ADH1C,CPD_45_11497_c + nad_c <=> CPD_45_11876_c + h_c + nadh_c
RXN_45_8583,RXN-8583,Unknown,1.2662803343949043,1.2662803343949043,1.0,0.0,MINIMAL,optimal,8,HS00182;HS03133;HS11927;HS03395;HS05686;HS06992;HS06276;HS01061,ALDH3B1;ALDH3A1;AOX2;ALDH2;ALDH3B2;ALDH9A1;ALDH1B1;ALDH3A2,CPD_45_8774_c + WATER_c + nad_c <=> CPD_45_8775_c + 2.0 h_c + nadh_c
RXN_45_7693,RXN-7693,Unknown,1.2662803343949043,1.2662803343949043,1.0,0.0,MINIMAL,optimal,4,HS10600;HS08983;G66_47139;G66_46401,ADH6;ADH1B;ADH1A;ADH1C,CPD_45_7032_c + nad_c <=> CPD_45_7031_c + h_c + nadh_c
RXN_45_19385,RXN-19385,Unknown,1.2662803343949043,1.2662803343949043,1.0,0.0,MINIMAL,optimal,1,HS13524,IAH1,CPD_45_19626_c + WATER_c <=> CPD_45_7032_c + ac_c + h_c
RXN_45_10705,RXN-10705,Unknown,1.2662803343949043,1.2662803343949043,1.0,0.0,MINIMAL,optimal,1,HS05132,ECHS1,CPD_45_11526_c + WATER_c <=> CPD_45_11527_c
RXN_45_10704,RXN-10704,Unknown,1.2662803343949043,1.2662803343949043,1.0,0.0,MINIMAL,optimal,1,HS05132,ECHS1,CPD_45_11522_c + WATER_c <=> CPD_45_11523_c
RXN_45_10697,RXN-10697,Unknown,1.2662803343949043,1.2662803343949043,1.0,0.0,MINIMAL,optimal,1,HS05132,ECHS1,CPD_45_11518_c + WATER_c <=> CPD_45_11519_c
RXN_45_10700,RXN-10700,Unknown,1.2662803343949043,1.2662803343949043,1.0,0.0,MINIMAL,optimal,3,HS09539;HS06436;HS00752,ACAA2;HADHB;ACAA1,CPD_45_11524_c + coa_c <=> CPD_45_11525_c + accoa_c
RXN_45_10699,RXN-10699,Unknown,1.2662803343949043,1.2662803343949043,1.0,0.0,MINIMAL,optimal,3,HS09539;HS06436;HS00752,ACAA2;HADHB;ACAA1,CPD_45_11520_c + coa_c <=> CPD_45_11521_c + accoa_c
RXN_45_2006,RXN-2006,Unknown,1.2662803343949043,1.2662803343949043,1.0,0.0,MINIMAL,optimal,1,HS09539,ACAA2,CPD_45_514_c + coa_c <=> BENZOYLCOA_c + accoa_c
RXN_45_12710,RXN-12710,Unknown,1.2662803343949043,1.2662803343949043,1.0,0.0,MINIMAL,optimal,3,HS09539;HS06436;HS00752,ACAA2;HADHB;ACAA1,CPD_45_13699_c + coa_c <=> CPD_45_13700_c + accoa_c
RXN_45_12706,RXN-12706,Unknown,1.2662803343949043,1.2662803343949043,1.0,0.0,MINIMAL,optimal,1,HS03991,SCP2,CPD_45_13695_c + coa_c <=> CPD_45_13696_c + ppcoa_c
RXN_45_12968,RXN-12968,Unknown,1.2662803343949043,1.2662803343949043,1.0,0.0,MINIMAL,optimal,1,HS07581,HSD17B12,CPD_45_14405_c + NAD_45_P_45_OR_45_NOP_c <=> CPD_45_14404_c + NADH_45_P_45_OR_45_NOP_c + h_c
PHENYLPYRUVATE_45_TAUTOMERASE_45_RXN,PHENYLPYRUVATE-TAUTOMERASE-RXN,Unknown,1.2662803343949043,1.2662803343949043,1.0,0.0,MINIMAL,optimal,1,HS01940,MIF,PHENYL_45_PYRUVATE_c <=> ENOL_45_PHENYLPYRUVATE_c
RXN66_45_13,RXN66-13,Unknown,1.2662803343949043,1.2662803343949043,1.0,0.0,MINIMAL,optimal,1,HS00076,CYP51A1,CPD_45_8608_c + OXYGEN_45_MOLECULE_c + Red_45_NADPH_45_Hemoprotein_45_Reductases_c <=> CPD_45_8609_c + Ox_45_NADPH_45_Hemoprotein_45_Reductases_c + WATER_c + for_c + h_c
RXN_45_18229,RXN-18229,Unknown,1.2662803343949043,1.2662803343949043,1.0,0.0,MINIMAL,optimal,2,HS08330;HS03733,NIT1;NIT2,CPD_45_14673_c + 2.0 WATER_c <=> 3_45_PHENYLPROPIONATE_c + nh4_c
3_45_SULFINOALANINE_45_AMINOTRANSFERASE_45_RXN,3-SULFINOALANINE-AMINOTRANSFERASE-RXN,Unknown,1.2662803343949043,1.2662803343949043,1.0,0.0,MINIMAL,optimal,1,G_9928,GOT1,3_45_SULFINOALANINE_c + akg_c <=> 3_45_SULFINYL_45_PYRUVATE_c + Glutamates_c
SULFINOALANINE_45_DECARBOXYLASE_45_RXN,SULFINOALANINE-DECARBOXYLASE-RXN,Unknown,1.2662803343949043,1.2662803343949043,1.0,0.0,MINIMAL,optimal,1,HS06642,CSAD,3_45_SULFINOALANINE_c + h_c <=> CARBON_45_DIOXIDE_c + HYPOTAURINE_c
RXN_45_12746,RXN-12746,Unknown,1.2662803343949043,1.2662803343949043,1.0,0.0,MINIMAL,optimal,9,HS01349;HS11973;HS16174;HS04703;G66_31311;HS00131;HS09445;HS15193;HS00935,ACSL5;ACSM5;ACSM6;ACSL3;ACSM4;ACSM3;ACSM1;ACSL6;ACSL4,CPD_45_13711_c + atp_c + coa_c <=> CPD_45_13754_c + amp_c + ppi_c
RXN66_45_304,RXN66-304,Unknown,1.2662803343949043,1.2662803343949043,1.0,0.0,MINIMAL,optimal,1,HS00076,CYP51A1,CPD_45_4568_c + OXYGEN_45_MOLECULE_c + Red_45_NADPH_45_Hemoprotein_45_Reductases_c <=> CPD_45_4573_c + Ox_45_NADPH_45_Hemoprotein_45_Reductases_c + 2.0 WATER_c
RXN_45_20354,RXN-20354,Unknown,1.2662803343949043,1.2662803343949043,1.0,0.0,MINIMAL,optimal,8,HS00888;HS11973;HS09515;HS16174;HS00131;HS11921;G66_31311;HS09445,ACSM2B;ACSM5;SLC27A4;ACSM6;ACSM3;ACSM2A;ACSM4;ACSM1,CPD_45_22024_c + atp_c + coa_c <=> CPD_45_22025_c + amp_c + ppi_c
RXN_45_20387,RXN-20387,Unknown,1.2662803343949043,1.2662803343949043,1.0,0.0,MINIMAL,optimal,2,HS07961;G66_37868,CERS3;CERS1,CPD_45_22025_c + sphgn_c <=> CPD_45_22055_c + coa_c + h_c
RXN_45_20358,RXN-20358,Unknown,1.2662803343949043,1.2662803343949043,1.0,0.0,MINIMAL,optimal,1,HS07961,CERS3,CPD_45_22025_c + CPD_45_22027_c <=> CPD_45_22028_c + coa_c + h_c
RXN_45_20360,RXN-20360,Unknown,1.2662803343949043,1.2662803343949043,1.0,0.0,MINIMAL,optimal,1,HS07961,CERS3,CPD_45_22025_c + PHYTOSPINGOSINE_c <=> CPD_45_22029_c + coa_c + h_c
RXN_45_20356,RXN-20356,Unknown,1.2662803343949043,1.2662803343949043,1.0,0.0,MINIMAL,optimal,1,HS07961,CERS3,CPD_45_22025_c + SPHINGOSINE_c <=> CPD_45_22026_c + coa_c + h_c
RXN66_45_305,RXN66-305,Unknown,1.2662803343949043,1.2662803343949043,1.0,0.0,MINIMAL,optimal,1,HS00076,CYP51A1,CPD_45_4573_c + OXYGEN_45_MOLECULE_c + Red_45_NADPH_45_Hemoprotein_45_Reductases_c <=> 44_45_DIMETHYL_45_CHOLESTA_45_814_45_24_45_TRIENOL_c + Ox_45_NADPH_45_Hemoprotein_45_Reductases_c + WATER_c + for_c + h_c
RXN_45_20435,RXN-20435,Unknown,1.2662803343949043,1.2662803343949043,1.0,0.0,MINIMAL,optimal,1,HS05604,HSD17B7,CPD_45_22132_c + NADPH_c + h_c <=> CPD_45_22130_c + nadp_c
RXN_45_14484,RXN-14484,Unknown,1.2662803343949043,1.2662803343949043,1.0,0.0,MINIMAL,optimal,1,HS07581,HSD17B12,CPD_45_14300_c + NADPH_c + h_c <=> CPD_45_15361_c + nadp_c
RXN_45_14493,RXN-14493,Unknown,1.2662803343949043,1.2662803343949043,1.0,0.0,MINIMAL,optimal,1,HS07581,HSD17B12,CPD_45_15368_c + NADPH_c + h_c <=> CPD_45_15369_c + nadp_c
RXN_45_11244,RXN-11244,Unknown,1.2662803343949043,1.2662803343949043,1.0,0.0,MINIMAL,optimal,1,HS05132,ECHS1,P_45_COUMAROYL_45_COA_c + WATER_c <=> CPD_45_12199_c
IMIDAZOLONEPROPIONASE_45_RXN,IMIDAZOLONEPROPIONASE-RXN,Unknown,1.2662803343949043,1.2662803343949043,1.0,0.0,MINIMAL,optimal,1,HS06611,AMDHD1,4_45_IMIDAZOLONE_45_5_45_PROPIONATE_c + WATER_c <=> N_45_FORMIMINO_45_L_45_GLUTAMATE_c
RXN0_45_1483,RXN0-1483,Unknown,1.2662803343949043,1.2662803343949043,1.0,0.0,MINIMAL,optimal,5,HS01654;HS09177;HS00590;HS11677;HS09677,HEPH;FXN;CP;FTMT;FTH1,4.0 fe2_e + 4.0 h_e + o2_e <=> 2.0 WATER_e + 4.0 fe3_e
OHMETHYLBILANESYN_45_RXN,OHMETHYLBILANESYN-RXN,Unknown,1.2662803343949043,1.2662803343949043,1.0,0.0,MINIMAL,optimal,1,HS07607,HMBS,4.0 PORPHOBILINOGEN_c + WATER_c <=> HYDROXYMETHYLBILANE_c + 4.0 nh4_c
RXN_45_20445,RXN-20445,Unknown,1.2662803343949043,1.2662803343949043,1.0,0.0,MINIMAL,optimal,1,HS00076,CYP51A1,CPD_45_14889_c + 3.0 OXYGEN_45_MOLECULE_c + 3.0 Red_45_NADPH_45_Hemoprotein_45_Reductases_c <=> CPD_45_22139_c + 3.0 Ox_45_NADPH_45_Hemoprotein_45_Reductases_c + 4.0 WATER_c + for_c + h_c
RXN_45_11881,RXN-11881,Unknown,1.2662803343949043,1.2662803343949043,1.0,0.0,MINIMAL,optimal,1,HS00076,CYP51A1, <=> 
RXN_45_20438,RXN-20438,Unknown,1.2662803343949043,1.2662803343949043,1.0,0.0,MINIMAL,optimal,1,HS00076,CYP51A1,CPD_45_4182_c + 3.0 OXYGEN_45_MOLECULE_c + 3.0 Red_45_NADPH_45_Hemoprotein_45_Reductases_c <=> CPD_45_4183_c + 3.0 Ox_45_NADPH_45_Hemoprotein_45_Reductases_c + 4.0 WATER_c + for_c + h_c
RXN66_45_313,RXN66-313,Unknown,1.2662803343949043,1.2662803343949043,1.0,0.0,MINIMAL,optimal,1,HS07423,NSDHL,CPD_45_4577_c + NAD_45_P_45_OR_45_NOP_c <=> CARBON_45_DIOXIDE_c + CPD_45_4578_c + NADH_45_P_45_OR_45_NOP_c
RXN66_45_18,RXN66-18,Unknown,1.2662803343949043,1.2662803343949043,1.0,0.0,MINIMAL,optimal,1,HS07423,NSDHL,CPD_45_8613_c + NAD_45_P_45_OR_45_NOP_c <=> CARBON_45_DIOXIDE_c + CPD_45_8614_c + NADH_45_P_45_OR_45_NOP_c
RXN66_45_318,RXN66-318,Unknown,1.2662803343949043,1.2662803343949043,1.0,0.0,MINIMAL,optimal,1,HS07423,NSDHL,CPD_45_4702_c + NAD_45_P_45_OR_45_NOP_c <=> CARBON_45_DIOXIDE_c + CPD_45_4581_c + NADH_45_P_45_OR_45_NOP_c
RXN66_45_23,RXN66-23,Unknown,1.2662803343949043,1.2662803343949043,1.0,0.0,MINIMAL,optimal,1,HS07423,NSDHL,CPD_45_8619_c + NAD_45_P_45_OR_45_NOP_c <=> CARBON_45_DIOXIDE_c + CPD_45_8620_c + NADH_45_P_45_OR_45_NOP_c
RXN_45_20446,RXN-20446,Unknown,1.2662803343949043,1.2662803343949043,1.0,0.0,MINIMAL,optimal,1,HS07643,TM7SF2,CPD_45_22139_c + NADPH_c + h_c <=> CPD_45_22101_c + nadp_c
1_46_1_46_1_46_270_45_RXN,1.1.1.270-RXN,Unknown,1.2662803343949043,1.2662803343949043,1.0,0.0,MINIMAL,optimal,1,HS05604,HSD17B7,4_45_ALPHA_45_METHYL_45_5_45_ALPHA_45_CHOLEST_45_7_45_EN_45_3_45_ON_c + NADPH_c + h_c <=> 4_45_ALPHA_45_METHYL_45_5_45_ALPHA_c + nadp_c
RXN66_45_314,RXN66-314,Unknown,1.2662803343949043,1.2662803343949043,1.0,0.0,MINIMAL,optimal,1,HS05604,HSD17B7,CPD_45_4578_c + NADPH_c + h_c <=> 4_45_METHYL_45_824_45_CHOLESTADIENOL_c + nadp_c
RXN_45_20439,RXN-20439,Unknown,1.2662803343949043,1.2662803343949043,1.0,0.0,MINIMAL,optimal,1,HS07643,TM7SF2,CPD_45_4183_c + NADPH_c + h_c <=> CPD_45_4184_c + nadp_c
RXN66_45_19,RXN66-19,Unknown,1.2662803343949043,1.2662803343949043,1.0,0.0,MINIMAL,optimal,1,HS05604,HSD17B7,CPD_45_8614_c + NADPH_c + h_c <=> CPD_45_4184_c + nadp_c
RXN_45_4144,RXN-4144,Unknown,1.2662803343949043,1.2662803343949043,1.0,0.0,MINIMAL,optimal,1,HS07643,TM7SF2,ALPHA_45_METHYL_45_5_45_ALPHA_45_ERGOSTA_c + NADPH_c + h_c <=> CPD_45_4081_c + nadp_c
RXN_45_13713,RXN-13713,Unknown,1.2662803343949043,1.2662803343949043,1.0,0.0,MINIMAL,optimal,1,HS06088,CYP27A1,CPD_45_7238_c + 3.0 OXYGEN_45_MOLECULE_c + 6.0 Reduced_45_adrenal_45_ferredoxins_c + 5.0 h_c <=> CPD_45_1834_c + 6.0 Oxidized_45_adrenal_45_ferredoxins_c + 4.0 WATER_c
RXN66_45_12,RXN66-12,Unknown,1.2662803343949043,1.2662803343949043,1.0,0.0,MINIMAL,optimal,1,HS00076,CYP51A1,CPD_45_8607_c + OXYGEN_45_MOLECULE_c + Red_45_NADPH_45_Hemoprotein_45_Reductases_c <=> CPD_45_8608_c + Ox_45_NADPH_45_Hemoprotein_45_Reductases_c + 2.0 WATER_c
RXN66_45_14,RXN66-14,Unknown,1.2662803343949043,1.2662803343949043,1.0,0.0,MINIMAL,optimal,2,HS07110;HS07643,LBR;TM7SF2,CPD_45_8609_c + NADPH_c + h_c <=> CPD_45_8610_c + nadp_c
CORTISONE_45_ALPHA_45_REDUCTASE_45_RXN,CORTISONE-ALPHA-REDUCTASE-RXN,Unknown,1.2662803343949043,1.2662803343949043,1.0,0.0,MINIMAL,optimal,2,HS07261;HS00619,SRD5A1;SRD5A2,CORTISONE_c + NADPH_c + h_c <=> CPD_45_286_c + nadp_c
CORTISONE_45_BETA_45_REDUCTASE_45_RXN,CORTISONE-BETA-REDUCTASE-RXN,Unknown,1.2662803343949043,1.2662803343949043,1.0,0.0,MINIMAL,optimal,1,HS04603,AKR1D1,CPD_45_287_c + nadp_c <=> CORTISONE_c + NADPH_c + h_c
2_46_3_46_1_46_154_45_RXN,2.3.1.154-RXN,Unknown,1.2662803343949043,1.2662803343949043,1.0,0.0,MINIMAL,optimal,1,HS03991,SCP2,3_45_OXOPRISTANOYL_45_COA_c + coa_c <=> 4812_45_TRIMETHYLTRIDECANOYL_45_COA_c + ppcoa_c
RXN_45_37,RXN-37,Unknown,1.2662803343949043,1.2662803343949043,1.0,0.0,MINIMAL,optimal,6,HS03395;HS00182;HS06276;HS01061;HS03133;HS05686,ALDH2;ALDH3B1;ALDH1B1;ALDH3A2;ALDH3A1;ALDH3B2,CPD_45_30_c + WATER_c + nad_c <=> CPD_45_35_c + 2.0 h_c + nadh_c
RXN_45_11222,RXN-11222,Unknown,1.2662803343949043,1.2662803343949043,1.0,0.0,MINIMAL,optimal,1,G66_37895,CARNS1,4_45_AMINO_45_BUTYRATE_c + HIS_c + atp_c <=> CPD_45_12185_c + adp_c + h_c + pi_c
TRANS_45_RXN66_45_561,TRANS-RXN66-561,Unknown,1.2662803343949043,1.2662803343949043,1.0,0.0,MINIMAL,optimal,4,HS08178;HS03374;HS00285;HS05601,SLC6A1;SLC6A12;SLC6A13;SLC6A11,4_45_AMINO_45_BUTYRATE_e + NA_43__e <=> 4_45_AMINO_45_BUTYRATE_c + NA_43__c
RXN_45_16483,RXN-16483,Unknown,1.2662803343949043,1.2662803343949043,1.0,0.0,MINIMAL,optimal,1,HS00286,IDS,CPD_45_17701_c + WATER_c <=> CPD_45_17714_c + h_c + so4_c
GUANIDINOBUTANAMIDE_45_NH3_45_RXN,GUANIDINOBUTANAMIDE-NH3-RXN,Unknown,1.2662803343949043,1.2662803343949043,1.0,0.0,MINIMAL,optimal,1,HS11629,SGSH,4_45_GUANIDO_45_BUTYRAMIDE_c + WATER_c <=> CPD_45_592_c + nh4_c
RXN_45_13673,RXN-13673,Unknown,1.2662803343949043,1.2662803343949043,1.0,0.0,MINIMAL,optimal,11,G66_31783;HS00245;HS01468;HS01512;HS10203;HS10772;HS01846;HS07329;G_10221;HS07009,GSTA5;MGST1;GSTP1;MGST2;GSTA4;GSTA3;GSTA2;GSTA3;GSTA1;MGST3,CPD_45_10806_c + gthrd_c <=> CPD_45_14704_c
RXN_45_8872,RXN-8872,Unknown,1.2662803343949043,1.2662803343949043,1.0,0.0,MINIMAL,optimal,2,HS05414;HS10343,CYP2E1;CYP2A6,4_45_HYDROXYBENZALDEHYDE_c + OXYGEN_45_MOLECULE_c + Red_45_NADPH_45_Hemoprotein_45_Reductases_c <=> CPD_45_7616_c + Ox_45_NADPH_45_Hemoprotein_45_Reductases_c + WATER_c
RXN_45_11246,RXN-11246,Unknown,1.2662803343949043,1.2662803343949043,1.0,0.0,MINIMAL,optimal,3,HS09539;HS06436;HS00752,ACAA2;HADHB;ACAA1,CPD_45_10600_c + coa_c <=> CPD_45_201_c + accoa_c
RXN_45_14300,RXN-14300,Unknown,1.2662803343949043,1.2662803343949043,1.0,0.0,MINIMAL,optimal,1,HS07450,ADHFE1,4_45_HYDROXY_45_BUTYRATE_c + akg_c <=> R_45_2_45_HYDROXYGLUTARATE_c + sucsal_c
RXN_45_11002,RXN-11002,Unknown,1.2662803343949043,1.2662803343949043,1.0,0.0,MINIMAL,optimal,1,HS00656,AKR7A2,NADPH_c + h_c + sucsal_c <=> 4_45_HYDROXY_45_BUTYRATE_c + nadp_c
RXN_45_10781,RXN-10781,Unknown,1.2662803343949043,1.2662803343949043,1.0,0.0,MINIMAL,optimal,4,HS10600;HS08983;G66_47139;G66_46401,ADH6;ADH1B;ADH1A;ADH1C,5_45_HYDROXYINDOLE_ACETALDEHYDE_c + h_c + nadh_c <=> CPD_45_11671_c + nad_c
MALEYLACETOACETATE_45_ISOMERASE_45_RXN,MALEYLACETOACETATE-ISOMERASE-RXN,Unknown,1.2662803343949043,1.2662803343949043,1.0,0.0,MINIMAL,optimal,1,HS02114,GSTZ1,4_45_MALEYL_45_ACETOACETATE_c <=> 4_45_FUMARYL_45_ACETOACETATE_c
RXN_45_8582,RXN-8582,Unknown,1.2662803343949043,1.2662803343949043,1.0,0.0,MINIMAL,optimal,8,HS00182;HS03133;HS11927;HS03395;HS05686;HS06992;HS06276;HS01061,ALDH3B1;ALDH3A1;AOX2;ALDH2;ALDH3B2;ALDH9A1;ALDH1B1;ALDH3A2,CPD_45_8773_c + WATER_c + nad_c <=> 4_45_TOLUENECARBOXYLATE_c + 2.0 h_c + nadh_c
RXN_45_15588,RXN-15588,Unknown,1.2662803343949043,1.2662803343949043,1.0,0.0,MINIMAL,optimal,2,HS09898;HS11091,SULT1A1;SULT1A2,CPD_45_108_c + paps_c <=> CPD_45_16819_c + h_c + pap_c
3_46_1_46_1_46_56_45_RXN,3.1.1.56-RXN,Unknown,1.2662803343949043,1.2662803343949043,1.0,0.0,MINIMAL,optimal,1,G66_33951,ESD,CPD_45_181_c + WATER_c <=> CPD_45_182_c + ac_c + h_c
RXN_45_20165,RXN-20165,Unknown,1.2662803343949043,1.2662803343949043,1.0,0.0,MINIMAL,optimal,1,HS06363,SULF1,CPD_45_21754_c + WATER_c <=> CPD_45_158_c + h_c + so4_c
RXN_45_20738,RXN-20738,Unknown,1.2662803343949043,1.2662803343949043,1.0,0.0,MINIMAL,optimal,3,HS00141;HS02819;HS02820,PON1;PON3;PON2,CPD0_45_2413_c + WATER_c <=> BUTYRIC_ACID_c + 2.0 h_c
1_46_2_46_1_46_47_45_RXN,1.2.1.47-RXN,Unknown,1.2662803343949043,1.2662803343949043,1.0,0.0,MINIMAL,optimal,1,HS06992,ALDH9A1,4_45_TRIMETHYLAMMONIOBUTANAL_c + WATER_c + nad_c <=> GAMMA_45_BUTYROBETAINE_c + 2.0 h_c + nadh_c
RXN3O_45_4113,RXN3O-4113,Unknown,1.2662803343949043,1.2662803343949043,1.0,0.0,MINIMAL,optimal,2,HS08983;HS10600,ADH1B;ADH6,HYDRPHENYLAC_45_CPD_c + h_c + nadh_c <=> CPD3O_45_4151_c + nad_c
RXN_45_13908,RXN-13908,Unknown,1.2662803343949043,1.2662803343949043,1.0,0.0,MINIMAL,optimal,1,HS09360,PCBD1,CPD_45_14931_c <=> 10_45_FORMYL_45_DIHYDROFOLATE_45_GLU_45_N_c + WATER_c
RXN66_45_320,RXN66-320,Unknown,1.2662803343949043,1.2662803343949043,1.0,0.0,MINIMAL,optimal,1,HS07402,EBP,5_45_ALPHA_45_CHOLESTA_45_724_45_DIEN_45_3_45_BETA_45_OL_c <=> ZYMOSTEROL_c
RXN_45_11887,RXN-11887,Unknown,1.2662803343949043,1.2662803343949043,1.0,0.0,MINIMAL,optimal,1,HS03271,SC5DL,5_45_ALPHA_45_CHOLESTA_45_724_45_DIEN_45_3_45_BETA_45_OL_c + 2.0 FERROCYTOCHROME_45_B5_c + OXYGEN_45_MOLECULE_c + 2.0 h_c <=> CPD_45_8646_c + 2.0 FERRICYTOCHROME_45_B5_c + 2.0 WATER_c
CHOLESTENONE_45_5_45_BETA_45_REDUCTASE_45_RXN,CHOLESTENONE-5-BETA-REDUCTASE-RXN,Unknown,1.2662803343949043,1.2662803343949043,1.0,0.0,MINIMAL,optimal,1,HS04603,AKR1D1,CPD_45_1082_c + nadp_c <=> CPD_45_323_c + NADPH_c + h_c
CHOLESTANETRIOL_45_26_45_MONOOXYGENASE_45_RXN,CHOLESTANETRIOL-26-MONOOXYGENASE-RXN,Unknown,1.2662803343949043,1.2662803343949043,1.0,0.0,MINIMAL,optimal,1,HS06088,CYP27A1,5_45_BETA_45_CHOLESTANE_45_3_45_ALPHA7_45_ALPHA12_45_ALP_c + OXYGEN_45_MOLECULE_c + 2.0 Reduced_45_adrenal_45_ferredoxins_c + 2.0 h_c <=> 5_45_BETA_45_CHOLESTANE_45_3_45_ALPHA7_45_TETRAOL_c + 2.0 Oxidized_45_adrenal_45_ferredoxins_c + WATER_c
RXN_45_13690,RXN-13690,Unknown,1.2662803343949043,1.2662803343949043,1.0,0.0,MINIMAL,optimal,1,HS06088,CYP27A1,5_45_BETA_45_CHOLESTANE_45_3_45_ALPHA7_45_ALPHA12_45_ALP_c + 3.0 OXYGEN_45_MOLECULE_c + 6.0 Reduced_45_adrenal_45_ferredoxins_c + 5.0 h_c <=> CPD_45_1836_c + 6.0 Oxidized_45_adrenal_45_ferredoxins_c + 4.0 WATER_c
RXN_45_9842,RXN-9842,Unknown,1.2662803343949043,1.2662803343949043,1.0,0.0,MINIMAL,optimal,1,HS06088,CYP27A1,CPD_45_7238_c + OXYGEN_45_MOLECULE_c + 2.0 Reduced_45_adrenal_45_ferredoxins_c + 2.0 h_c <=> CPD_45_10586_c + 2.0 Oxidized_45_adrenal_45_ferredoxins_c + WATER_c
RXN_45_14519,RXN-14519,Unknown,1.2662803343949043,1.2662803343949043,1.0,0.0,MINIMAL,optimal,1,HS14943,TYW3,amet_c + yW_45_86_c <=> ADENOSYL_45_HOMO_45_CYS_c + h_c + yW_45_72_c
RXN_45_12504,RXN-12504,Unknown,1.2662803343949043,1.2662803343949043,1.0,0.0,MINIMAL,optimal,1,HS12789,THG1L,App_45_his_45_tRNAs_c + gtp_c <=> amp_c + h_c + pppGp_45_his_45_tRNAs_c
RXN_45_11715,RXN-11715,Unknown,1.2662803343949043,1.2662803343949043,1.0,0.0,MINIMAL,optimal,1,HS02151,PNP,CPD_45_12676_c + pi_c <=> ADENINE_c + CPD_45_12677_c
RXN_45_11743,RXN-11743,Unknown,1.2662803343949043,1.2662803343949043,1.0,0.0,MINIMAL,optimal,1,HS02151,PNP,CPD_45_5923_c + pi_c <=> ADENINE_c + CPD_45_12706_c
RXN_45_14304,RXN-14304,Unknown,1.2662803343949043,1.2662803343949043,1.0,0.0,MINIMAL,optimal,1,HS01913,MTAP,CH33ADO_c + pi_c <=> ADENINE_c + CPD_45_15199_c
RXN_45_12503,RXN-12503,Unknown,1.2662803343949043,1.2662803343949043,1.0,0.0,MINIMAL,optimal,1,HS12789,THG1L,atp_c + h_c + p_45_his_45_tRNAS_c <=> App_45_his_45_tRNAs_c + ppi_c
RXN_45_12502,RXN-12502,Unknown,1.2662803343949043,1.2662803343949043,1.0,0.0,MINIMAL,optimal,1,HS12789,THG1L,WATER_c + atp_c + gtp_c + p_45_his_45_tRNAS_c <=> amp_c + h_c + pGp_45_his_45_tRNAs_c + 2.0 ppi_c
RXN_45_11209,RXN-11209,Unknown,1.2662803343949043,1.2662803343949043,1.0,0.0,MINIMAL,optimal,1,HS06975,DPYD,DIHYDRO_45_THYMINE_c + nadp_c <=> NADPH_c + THYMINE_c + h_c
RXN_45_11211,RXN-11211,Unknown,1.2662803343949043,1.2662803343949043,1.0,0.0,MINIMAL,optimal,6,HS07755;HS03707;HS01785;HS08246;HS01085;HS07460,DPYSL4;DPYSL3;DPYSL2;DPYSL5;CRMP1;DPYS,DIHYDRO_45_THYMINE_c + WATER_c <=> 3_45_UREIDO_45_ISOBUTYRATE_c + h_c
1_46_3_46_1_46_2_45_RXN,1.3.1.2-RXN,Unknown,1.2662803343949043,1.2662803343949043,1.0,0.0,MINIMAL,optimal,1,HS06975,DPYD,DI_45_H_45_URACIL_c + nadp_c <=> NADPH_c + URACIL_c + h_c
RXN_45_12264,RXN-12264,Unknown,1.2662803343949043,1.2662803343949043,1.0,0.0,MINIMAL,optimal,3,HS07754;HS01113;HS06629,AKR1C2;DHRS9;RDH16,CPD_45_13179_c + NAD_45_P_45_OR_45_NOP_c <=> 17_45_BETA_45_HYDROXY_45_5ALPHA_45_ANDROSTAN_45_3_45_O_c + NADH_45_P_45_OR_45_NOP_c + h_c
PROGESTERONE_45_5_45_ALPHA_45_REDUCTASE_45_RXN,PROGESTERONE-5-ALPHA-REDUCTASE-RXN,Unknown,1.2662803343949043,1.2662803343949043,1.0,0.0,MINIMAL,optimal,2,HS07261;HS00619,SRD5A1;SRD5A2,NADPH_c + PROGESTERONE_c + h_c <=> CPD_45_293_c + nadp_c
RXN_45_9887,RXN-9887,Unknown,1.2662803343949043,1.2662803343949043,1.0,0.0,MINIMAL,optimal,1,HS09043,CMBL,CPD_45_10633_c + WATER_c <=> CPD_45_10634_c + h_c
HYDROXYLYSINE_45_KINASE_45_RXN,HYDROXYLYSINE-KINASE-RXN,Unknown,1.2662803343949043,1.2662803343949043,1.0,0.0,MINIMAL,optimal,1,G66_46200,HYKK,5_45_HYDROXY_45_L_45_LYSINE_c + gtp_c <=> 5_45_PHOSPHONOOXY_45_L_45_LYSINE_c + gdp_c + h_c
RXN_45_10780,RXN-10780,Unknown,1.2662803343949043,1.2662803343949043,1.0,0.0,MINIMAL,optimal,2,HS01061;HS03395,ALDH3A2;ALDH2,5_45_HYDROXYINDOLE_ACETALDEHYDE_c + WATER_c + nad_c <=> 5_45_HYDROXYINDOLE_ACETATE_c + 2.0 h_c + nadh_c
RXN_45_10784,RXN-10784,Unknown,1.2662803343949043,1.2662803343949043,1.0,0.0,MINIMAL,optimal,10,G66_47652;G66_47591;HS03557;HS09519;HS17724;HS10271;HS03272;G66_47559;HS16233;HS11970,UGT1A1;UGT1A6;B3GAT2;UGT1A5;G_HS17724;UGT2B11;B3GAT1;UGT1A3;G_HS16233;UGT1A4,CPD_45_11671_c + udpglcur_c <=> CPD_45_11673_c + h_c + udp_c
RXN66_45_423,RXN66-423,Unknown,1.2662803343949043,1.2662803343949043,1.0,0.0,MINIMAL,optimal,1,G66_31851,ABCA4,RETINAL_e + WATER_c <=> RETINAL_c
RXN_45_10782,RXN-10782,Unknown,1.2662803343949043,1.2662803343949043,1.0,0.0,MINIMAL,optimal,2,HS09898;HS11091,SULT1A1;SULT1A2,CPD_45_11671_c + paps_c <=> CPD_45_11674_c + h_c + pap_c
RXN_45_11067,RXN-11067,Unknown,1.2662803343949043,1.2662803343949043,1.0,0.0,MINIMAL,optimal,2,HS01798;HS00966,MAOA;MAOB,CPD_45_12018_c + OXYGEN_45_MOLECULE_c + WATER_c <=> CPD_45_12019_c + HYDROGEN_45_PEROXIDE_c + nh4_c
GLYCOPROTEIN_45_PHOSPHOLIPASE_45_D_45_RXN,GLYCOPROTEIN-PHOSPHOLIPASE-D-RXN,Unknown,1.2662803343949043,1.2662803343949043,1.0,0.0,MINIMAL,optimal,1,HS03549,GPLD1,CPD_45_1113_c + WATER_c <=> CPD1G_45_0_c + L_45_PHOSPHATIDATE_c + h_c
RXN_45_9234,RXN-9234,Unknown,1.2662803343949043,1.2662803343949043,1.0,0.0,MINIMAL,optimal,0,,,CPD_45_9865_c + NADPH_c + OXYGEN_45_MOLECULE_c + h_c <=> CPD_45_9869_c + WATER_c + nadp_c
RXN_45_11058,RXN-11058,Unknown,1.2662803343949043,1.2662803343949043,1.0,0.0,MINIMAL,optimal,2,HS09898;HS11091,SULT1A1;SULT1A2,CPD_45_12014_c + paps_c <=> CPD_45_12015_c + h_c + pap_c
RXN_45_9236,RXN-9236,Unknown,1.2662803343949043,1.2662803343949043,1.0,0.0,MINIMAL,optimal,0,,,CPD_45_9871_c + Donor_45_H2_c + OXYGEN_45_MOLECULE_c <=> Acceptor_c + CPD_45_9873_c + WATER_c
RXN_45_9794,RXN-9794,Unknown,1.2662803343949043,1.2662803343949043,1.0,0.0,MINIMAL,optimal,1,HS04603,AKR1D1,CPD_45_7237_c + NADPH_c + h_c <=> CPD_45_10503_c + nadp_c
RXN_45_9840,RXN-9840,Unknown,1.2662803343949043,1.2662803343949043,1.0,0.0,MINIMAL,optimal,1,HS04603,AKR1D1,CPD_45_1087_c + NADPH_c + h_c <=> CPD_45_10548_c + nadp_c
1_46_1_46_1_46_181_45_RXN,1.1.1.181-RXN,Unknown,1.2662803343949043,1.2662803343949043,1.0,0.0,MINIMAL,optimal,1,HS01893,HSD3B7,CPD_45_266_c + nad_c <=> CPD_45_1087_c + h_c + nadh_c
4_46_2_46_3_46_12_45_RXN,4.2.3.12-RXN,Unknown,1.2662803343949043,1.2662803343949043,1.0,0.0,MINIMAL,optimal,1,HS07692,PTS,DIHYDRONEOPTERIN_45_P3_c <=> 6_45_PYRUVOYL_45_5678_45_TETRAHYDROPTERIN_c + P3I_c + h_c
RXN_45_15261,RXN-15261,Unknown,1.2662803343949043,1.2662803343949043,1.0,0.0,MINIMAL,optimal,1,HS04276,GDA,CPD0_45_1718_c + WATER_c + h_c <=> CPD_45_16458_c + nh4_c
RXN_45_13220,RXN-13220,Unknown,1.2662803343949043,1.2662803343949043,1.0,0.0,MINIMAL,optimal,2,HS09659;HS05140,CYP7A1;POR,CPD_45_4187_c + OXYGEN_45_MOLECULE_c + Red_45_NADPH_45_Hemoprotein_45_Reductases_c <=> CPD_45_14195_c + Ox_45_NADPH_45_Hemoprotein_45_Reductases_c + WATER_c
RXN_45_12184,RXN-12184,Unknown,1.2662803343949043,1.2662803343949043,1.0,0.0,MINIMAL,optimal,16,HS02532;HS11921;G66_31311;HS11936;HS00935;HS07766;HS01349;HS06695;HS11973;HS16174,ACSBG1;ACSM2A;ACSM4;FACL6;ACSL4;ACSL1;ACSL5;SLC27A2;ACSM5;ACSM6,CPD_45_17637_c + atp_c + coa_c <=> CPD_45_17638_c + amp_c + ppi_c
RXN_45_14528,RXN-14528,Unknown,1.2662803343949043,1.2662803343949043,1.0,0.0,MINIMAL,optimal,1,HS15714,TYW4,amet_c + yW_45_72_c <=> ADENOSYL_45_HOMO_45_CYS_c + yW_45_58_c
RXN_45_14538,RXN-14538,Unknown,1.2662803343949043,1.2662803343949043,1.0,0.0,MINIMAL,optimal,1,HS14995,TYW5,OXYGEN_45_MOLECULE_c + akg_c + yW_45_72_c <=> CARBON_45_DIOXIDE_c + OHyWstar_45_tRNA_c + succ_c
DIMETHYLGLYCINE_45_DEHYDROGENASE_45_RXN,DIMETHYLGLYCINE-DEHYDROGENASE-RXN,Unknown,1.2662803343949043,1.2662803343949043,1.0,0.0,MINIMAL,optimal,1,HS05695,DMGDH,DIMETHYL_45_GLYCINE_c + ETF_45_Oxidized_c + THF_45_GLU_45_N_c + h_c <=> ETF_45_Reduced_c + METHYLENE_45_THF_45_GLU_45_N_c + SARCOSINE_c
RXN_45_14520,RXN-14520,Unknown,1.2662803343949043,1.2662803343949043,1.0,0.0,MINIMAL,optimal,1,HS15714,TYW4,CARBON_45_DIOXIDE_c + amet_c + yW_45_58_c <=> ADENOSYL_45_HOMO_45_CYS_c + 2.0 h_c + tRNAPhe_45_wybutosine_c
RXN_45_14005,RXN-14005,Unknown,1.2662803343949043,1.2662803343949043,1.0,0.0,MINIMAL,optimal,1,HS16226,MTH3,CPD0_45_1094_c + WATER_c <=> CPD_45_15018_c + h_c + pi_c
RXN_45_12816,RXN-12816,Unknown,1.2662803343949043,1.2662803343949043,1.0,0.0,MINIMAL,optimal,1,HS16226,MTH3,CPD_45_13853_c + WATER_c <=> CPD_45_12365_c + h_c + pi_c
RXN_45_11396,RXN-11396,Unknown,1.2662803343949043,1.2662803343949043,1.0,0.0,MINIMAL,optimal,2,HS13617;HS02879,NUDT15;NUDT1,CPD0_45_1905_c + WATER_c <=> CPD_45_12365_c + h_c + ppi_c
RXN_45_14002,RXN-14002,Unknown,1.2662803343949043,1.2662803343949043,1.0,0.0,MINIMAL,optimal,1,HS16226,MTH3,CPD_45_14101_c + WATER_c <=> CPD_45_12367_c + h_c + pi_c
RXN_45_12562,RXN-12562,Unknown,1.2662803343949043,1.2662803343949043,1.0,0.0,MINIMAL,optimal,1,HS06003,RDH5,CPD_45_13538_c + nad_c <=> CPD_45_13536_c + h_c + nadh_c
NADPH_45__45_FERRIHEMOPROTEIN_45_REDUCTASE_45_RXN,NADPH--FERRIHEMOPROTEIN-REDUCTASE-RXN,Unknown,1.2662803343949043,1.2662803343949043,1.0,0.0,MINIMAL,optimal,1,HS05140,POR,NADPH_c + Oxidized_45_hemoproteins_c + h_c <=> Reduced_45_hemoproteins_c + nadp_c
RXN_45_11152,RXN-11152,Unknown,1.2662803343949043,1.2662803343949043,1.0,0.0,MINIMAL,optimal,1,HS02819,PON3,CPD_45_330_c + WATER_c <=> CPD0_45_1083_c + h_c
RXN_45_9235,RXN-9235,Unknown,1.2662803343949043,1.2662803343949043,1.0,0.0,MINIMAL,optimal,1,HS03347,COQ5,CPD_45_9869_c + amet_c <=> ADENOSYL_45_HOMO_45_CYS_c + CPD_45_9871_c + h_c
RXN_45_12412,RXN-12412,Unknown,1.2662803343949043,1.2662803343949043,1.0,0.0,MINIMAL,optimal,1,G66_33432,EFNA5,Acceptor_c + NEUROSPORENE_c <=> CPD1F_45_114_c + Donor_45_H2_c
RXN_45_8024,RXN-8024,Unknown,1.2662803343949043,1.2662803343949043,1.0,0.0,MINIMAL,optimal,1,G66_33432,EFNA5,Acceptor_c + CPD_45_7408_c <=> CPD1F_45_98_c + Donor_45_H2_c
RXN_45_8022,RXN-8022,Unknown,1.2662803343949043,1.2662803343949043,1.0,0.0,MINIMAL,optimal,1,G66_33432,EFNA5,Acceptor_c + CPD1F_45_98_c <=> Donor_45_H2_c + NEUROSPORENE_c
1_46_3_46_99_46_23_45_RXN,1.3.99.23-RXN,Unknown,1.2662803343949043,1.2662803343949043,1.0,0.0,MINIMAL,optimal,1,HS00560,RETSAT,CPD_45_13524_c + Donor_45_H2_c <=> Acceptor_c + CPD_45_7247_c
RXN_45_11974,RXN-11974,Unknown,1.2662803343949043,1.2662803343949043,1.0,0.0,MINIMAL,optimal,1,G66_33432,EFNA5,Acceptor_c + CPD1F_45_114_c <=> CPD_45_12932_c + Donor_45_H2_c
2_46_5_46_1_46_39_45_RXN,2.5.1.39-RXN,Unknown,1.2662803343949043,1.2662803343949043,1.0,0.0,MINIMAL,optimal,1,HS10617,COQ2,4_45_hydroxybenzoate_c + CPD_45_21340_c <=> NONAPRENYL_45_4_45_HYDROXYBENZOATE_c + ppi_c
N_45_ACETYLLACTOSAMINE_45_SYNTHASE_45_RXN,N-ACETYLLACTOSAMINE-SYNTHASE-RXN,Unknown,1.2662803343949043,1.2662803343949043,1.0,0.0,MINIMAL,optimal,4,HS04130;HS08336;HS08294;HS01519,B4GALT2;B4GALT3;B4GALT5;B4GALT1,N_45_acetyl_45_D_45_glucosamine_c + udpgal_c <=> BETA_45_D_45_GALACTOSYL_45_ETCETERA_45_GLUCOSAMINE_c + h_c + udp_c
RETINOL_45_DEHYDROGENASE_45_RXN,RETINOL-DEHYDROGENASE-RXN,Unknown,1.2662803343949043,1.2662803343949043,1.0,0.0,MINIMAL,optimal,4,HS00440;HS10180;HS10598;HS06629,HSD17B6;SDR16C5;ADH7;RDH16,CPD_45_13524_c + nad_c <=> RETINAL_c + h_c + nadh_c
RXN_45_10841,RXN-10841,Unknown,1.2662803343949043,1.2662803343949043,1.0,0.0,MINIMAL,optimal,8,HS13010;HS01358;HS01113;HS01050;HS08202;HS06673;HS08684;G66_47639,RDH10;RDH8;DHRS9;RDH11;DHRS4;RDH12;DHRS3;RDH14,CPD_45_13524_c + nadp_c <=> NADPH_c + RETINAL_c + h_c
RXN_45_12548,RXN-12548,Unknown,1.2662803343949043,1.2662803343949043,1.0,0.0,MINIMAL,optimal,3,HS06594;HS03740;HS03739,RBP5;RBP1;RBP2,CPD_45_13524_c + Cellular_45_Retinol_45_Binding_45_Proteins_c <=> CRPB_45_all_45_trans_45_Retinol_c
RXN_45_12549,RXN-12549,Unknown,1.2662803343949043,1.2662803343949043,1.0,0.0,MINIMAL,optimal,1,HS06474,RBP4,CPD_45_13524_c + Retinol_45_Binding_45_Proteins_c <=> RPB_45_Retinol_c
3_46_1_46_1_46_64_45_RXN,3.1.1.64-RXN,Unknown,1.2662803343949043,1.2662803343949043,1.0,0.0,MINIMAL,optimal,5,HS10575;HS08398;HS10576;HS10578;HS11616,CES8;CES7;CES3;CES2;CES1,CHOCOLA_A_c + WATER_c <=> CPD_45_13524_c + h_c + hdca_c
RETINYL_45_PALMITATE_45_ESTERASE_45_RXN,RETINYL-PALMITATE-ESTERASE-RXN,Unknown,1.2662803343949043,1.2662803343949043,1.0,0.0,MINIMAL,optimal,5,HS10575;HS08398;HS10576;HS10578;HS11616,CES8;CES7;CES3;CES2;CES1,CHOCOLA_A_c + WATER_c <=> Retinols_c + h_c + hdca_c
CARBOXYMETHYLENEBUTENOLIDASE_45_RXN,CARBOXYMETHYLENEBUTENOLIDASE-RXN,Unknown,1.2662803343949043,1.2662803343949043,1.0,0.0,MINIMAL,optimal,1,HS09043,CMBL,4_45_CARBOXYMETHYLENEBUT_45_2_45_EN_45_4_45_OLIDE_c + WATER_c <=> CPD_45_294_c + h_c
3_46_3_46_2_46_9_45_RXN,3.3.2.9-RXN,Unknown,1.2662803343949043,1.2662803343949043,1.0,0.0,MINIMAL,optimal,1,HS07112,EPHX1,CPD_45_8984_c + WATER_c <=> CPD_45_8985_c
RXN0_45_7238,RXN0-7238,Unknown,1.2662803343949043,1.2662803343949043,1.0,0.0,MINIMAL,optimal,18,HS02532;HS07077;HS11921;G66_31311;HS13326;HS00935;HS01349;HS07766;HS06695;HS11973,ACSBG1;SLC27A3;ACSM2A;ACSM4;SLC27A1;ACSL4;ACSL5;ACSL1;SLC27A2;ACSM5,CPD_45_9247_CCO_45_OUT + atp_CCO_45_OUT + coa_CCO_45_OUT + h_CCO_45_OUT <=> CPD_45_18346_CCO_45_IN + amp_CCO_45_IN + h_CCO_45_IN + ppi_CCO_45_IN
RXN_45_17011,RXN-17011,Unknown,1.2662803343949043,1.2662803343949043,1.0,0.0,MINIMAL,optimal,2,HS09762;HS13986,AGPAT1;MBOAT2,CPD_45_18346_c + CPD_45_18348_c <=> CPD_45_18353_c + coa_c
RXN_45_17010,RXN-17010,Unknown,1.2662803343949043,1.2662803343949043,1.0,0.0,MINIMAL,optimal,2,HS09762;HS13986,AGPAT1;MBOAT2,1_45_PALMITOYLGLYCEROL_45_3_45_PHOSPHATE_c + CPD_45_18346_c <=> CPD_45_18352_c + coa_c
1_46_1_46_99_46_28_45_RXN,1.1.99.28-RXN,Unknown,1.2662803343949043,1.2662803343949043,1.0,0.0,MINIMAL,optimal,2,HS06800;HS07308,GFOD2;GFOD1,CPD_45_15382_c + Glucopyranose_c <=> GLC_45_D_45_LACTONE_c + SORBITOL_c
MYO_45_INOSITOL_45_OXYGENASE_45_RXN,MYO-INOSITOL-OXYGENASE-RXN,Unknown,1.2662803343949043,1.2662803343949043,1.0,0.0,MINIMAL,optimal,1,HS02017,MIOX,MYO_45_INOSITOL_c + OXYGEN_45_MOLECULE_c <=> D_45_Glucopyranuronate_c + WATER_c + h_c
TRANS_45_RXN66_45_1182,TRANS-RXN66-1182,Unknown,1.2662803343949043,1.2662803343949043,1.0,0.0,MINIMAL,optimal,1,HS07716,SLC2A13,MYO_45_INOSITOL_e <=> MYO_45_INOSITOL_c
RXN_45_12626,RXN-12626,Unknown,1.2662803343949043,1.2662803343949043,1.0,0.0,MINIMAL,optimal,3,HS00629;HS06726;HS15800,HEXB;HEXA;HEXDC,CPD_45_13227_c + WATER_c <=> CHITOBIOSE_c + N_45_acetyl_45_D_45_glucosamine_c
FGAMSYN_45_RXN,FGAMSYN-RXN,Unknown,1.2662803343949043,1.2662803343949043,1.0,0.0,MINIMAL,optimal,1,HS11329,PFAS,5_45_P_45_RIBOSYL_45_N_45_FORMYLGLYCINEAMIDE_c + GLN_c + WATER_c + atp_c <=> 5_45_PHOSPHORIBOSYL_45_N_45_FORMYLGLYCINEAMIDINE_c + Glutamates_c + adp_c + h_c + pi_c
RXN66_45_170,RXN66-170,Unknown,1.2662803343949043,1.2662803343949043,1.0,0.0,MINIMAL,optimal,3,HS11946;HS09588;HS08023,CYP4X1;CYP2S1;CYP2U1,CPD_45_3188_c + OXYGEN_45_MOLECULE_c + Reduced_45_Flavoproteins_c <=> CPD_45_2749_c + Oxidized_45_Flavoproteins_c + WATER_c
RXN_45_12625,RXN-12625,Unknown,1.2662803343949043,1.2662803343949043,1.0,0.0,MINIMAL,optimal,3,HS00629;HS06726;HS15800,HEXB;HEXA;HEXDC,CHITOBIOSE_l + h2o_l <=> 2.0 acgam_l
RXN_45_19392,RXN-19392,Unknown,1.2662803343949043,1.2662803343949043,1.0,0.0,MINIMAL,optimal,6,HS00295;HS05567;HS01807;HS01205;HS00223;HS04143,FMO1;FMO5;FMO2;FMO4;FMO3;FMO6,CPD_45_20958_c + NADPH_c + OXYGEN_45_MOLECULE_c + h_c <=> CPD_45_20959_c + 2.0 WATER_c + nadp_c
2_46_4_46_1_46_141_45_RXN,2.4.1.141-RXN,Unknown,1.2662803343949043,1.2662803343949043,1.0,0.0,MINIMAL,optimal,1,G66_31960,ALG13,CPD_45_190_c + uacgam_c <=> NN_45_DIACETYLCHITOBIOSYLDIPHOSPHODOLICHO_c + h_c + udp_c
2_46_4_46_1_46_212_45_RXN,2.4.1.212-RXN,Unknown,1.2662803343949043,1.2662803343949043,1.0,0.0,MINIMAL,optimal,3,HS10220;HS02447;HS02753,HAS2;HAS3;HAS1,Hyaluronan_45_NAc_45_glucosaminide_c + udpglcur_c <=> Hyaluronan_45_glucuronate_45_terminal_c + udp_c
RXN0_45_5226,RXN0-5226,Unknown,1.2662803343949043,1.2662803343949043,1.0,0.0,MINIMAL,optimal,3,HS00629;HS06726;HS15800,HEXB;HEXA;HEXDC,CPD0_45_1081_c + WATER_c <=> CPD0_45_882_c + N_45_ACETYL_45_D_45_GLUCOSAMINE_c
2_46_4_46_1_46_142_45_RXN,2.4.1.142-RXN,Unknown,1.2662803343949043,1.2662803343949043,1.0,0.0,MINIMAL,optimal,1,HS00487,ALG1,GDP_45_MANNOSE_c + NN_45_DIACETYLCHITOBIOSYLDIPHOSPHODOLICHO_c <=> ALPHA_45_D_45_MANNOSYLCHITOBIO_c + gdp_c + h_c
3_46_2_46_1_46_49_45_RXN,3.2.1.49-RXN,Unknown,1.2662803343949043,1.2662803343949043,1.0,0.0,MINIMAL,optimal,1,HS01993,NAGA,Core6_c + WATER_c <=> CPD_45_3604_c + D_45_Gal_45_NAc_45__45_Glycoproteins_c
R381_45_RXN,R381-RXN,Unknown,1.2662803343949043,1.2662803343949043,1.0,0.0,MINIMAL,optimal,1,HS02337,RENBP,N_45_acetyl_45_D_45_glucosamine_c <=> N_45_ACETYL_45_D_45_MANNOSAMINE_c
RXN_45_15313,RXN-15313,Unknown,1.2662803343949043,1.2662803343949043,1.0,0.0,MINIMAL,optimal,1,HS13595,NPL,CPD0_45_1123_c <=> N_45_ACETYL_45_D_45_MANNOSAMINE_c + pyr_c
RXN_45_9990,RXN-9990,Unknown,1.2662803343949043,1.2662803343949043,1.0,0.0,MINIMAL,optimal,1,HS03454,CMAS,CPD0_45_1123_c + ctp_c <=> CMP_45_N_45_ACETYL_45_NEURAMINATE_c + ppi_c
RXN_45_9989,RXN-9989,Unknown,1.2662803343949043,1.2662803343949043,1.0,0.0,MINIMAL,optimal,1,HS10082,NANP,N_45_ACETYL_45_NEURAMINATE_45_9P_c + WATER_c <=> CPD0_45_1123_c + pi_c
2_46_7_46_1_46_157_45_RXN,2.7.1.157-RXN,Unknown,1.2662803343949043,1.2662803343949043,1.0,0.0,MINIMAL,optimal,1,HS08161,GALK2,N_45_acetyl_45_D_45_galactosamine_c + atp_c <=> CPD_45_7246_c + adp_c + h_c
RXN_45_13547,RXN-13547,Unknown,1.2662803343949043,1.2662803343949043,1.0,0.0,MINIMAL,optimal,1,HS08161,GALK2,N_45_acetyl_45_D_45_galactosamine_c + atp_c <=> N_45_ACETYL_45_D_45_GALACTOSAMINE_45_6_45_PHOSPHATE_c + adp_c + h_c
3_46_5_46_1_46_80_45_RXN,3.5.1.80-RXN,Unknown,1.2662803343949043,1.2662803343949043,1.0,0.0,MINIMAL,optimal,1,HS08639,AMDHD2,N_45_ACETYL_45_D_45_GALACTOSAMINE_45_6_45_PHOSPHATE_c + WATER_c <=> D_45_GALACTOSAMINE_45_6_45_PHOSPHATE_c + ac_c
3_46_1_46_4_46_44_45_RXN,3.1.4.44-RXN,Unknown,1.2662803343949043,1.2662803343949043,1.0,0.0,MINIMAL,optimal,1,HS00157,GDE1,CPD_45_541_c + WATER_c <=> MYO_45_INOSITOL_c + glyc3p_c + h_c
RXN_45_16006,RXN-16006,Unknown,1.2662803343949043,1.2662803343949043,1.0,0.0,MINIMAL,optimal,1,HS02337,RENBP,N_45_acetyl_45_D_45_glucosamine_c <=> N_45_acetyl_45_D_45_mannosamine_c
N_45_ACETYLNEURAMINATE_45_SYNTHASE_45_RXN,N-ACETYLNEURAMINATE-SYNTHASE-RXN,Unknown,1.2662803343949043,1.2662803343949043,1.0,0.0,MINIMAL,optimal,1,HS01818,NANS,N_45_acetyl_45_D_45_mannosamine_c + WATER_c + pep_c <=> CPD0_45_1123_c + pi_c
RXN_45_15265,RXN-15265,Unknown,1.2662803343949043,1.2662803343949043,1.0,0.0,MINIMAL,optimal,1,HS16807,RIMKLA,CPD_45_420_c + Glutamates_c + atp_c <=> CPD_45_13266_c + adp_c + h_c + pi_c
GLUTAMATE_45_N_45_ACETYLTRANSFERASE_45_RXN,GLUTAMATE-N-ACETYLTRANSFERASE-RXN,Unknown,1.2662803343949043,1.2662803343949043,1.0,0.0,MINIMAL,optimal,1,HS08605,NAGS,Glutamates_c + N_45_ALPHA_45_ACETYLORNITHINE_c <=> ACETYL_45_GLU_c + L_45_ORNITHINE_c
RXN_45_11060,RXN-11060,Unknown,1.2662803343949043,1.2662803343949043,1.0,0.0,MINIMAL,optimal,10,G66_47652;G66_47591;HS03557;HS09519;HS17724;HS10271;HS03272;G66_47559;HS16233;HS11970,UGT1A1;UGT1A6;B3GAT2;UGT1A5;G_HS17724;UGT2B11;B3GAT1;UGT1A3;G_HS16233;UGT1A4,N_45_ACETYL_45_SEROTONIN_c + udpglcur_c <=> CPD_45_12016_c + h_c + udp_c
RXN_45_11059,RXN-11059,Unknown,1.2662803343949043,1.2662803343949043,1.0,0.0,MINIMAL,optimal,2,HS09898;HS11091,SULT1A1;SULT1A2,N_45_ACETYL_45_SEROTONIN_c + paps_c <=> CPD_45_12017_c + h_c + pap_c
RXN_45_1,RXN-1,Unknown,1.2662803343949043,1.2662803343949043,1.0,0.0,MINIMAL,optimal,2,HS01798;HS00966,MAOA;MAOB,CPD_45_569_c + OXYGEN_45_MOLECULE_c + WATER_c <=> CPD_45_30_c + HYDROGEN_45_PEROXIDE_c + nh4_c
ARYLFORMAMIDASE_45_RXN,ARYLFORMAMIDASE-RXN,Unknown,1.2662803343949043,1.2662803343949043,1.0,0.0,MINIMAL,optimal,1,G66_33844,AFMID,N_45_FORMYLKYNURENINE_c + WATER_c <=> CPD_45_14736_c + for_c + h_c
RXN_45_19394,RXN-19394,Unknown,1.2662803343949043,1.2662803343949043,1.0,0.0,MINIMAL,optimal,6,HS00295;HS05567;HS01807;HS01205;HS00223;HS04143,FMO1;FMO5;FMO2;FMO4;FMO3;FMO6,CPD_45_20961_c + NADPH_c + OXYGEN_45_MOLECULE_c + h_c <=> CPD_45_20962_c + 2.0 WATER_c + nadp_c
RXN0_45_301,RXN0-301,Unknown,1.2662803343949043,1.2662803343949043,1.0,0.0,MINIMAL,optimal,1,HS05807,MBD2,N_45_METHYLTRYPTOPHAN_c + OXYGEN_45_MOLECULE_c + WATER_c <=> FORMALDEHYDE_c + HYDROGEN_45_PEROXIDE_c + TRP_c
RXN_45_10460,RXN-10460,Unknown,1.2662803343949043,1.2662803343949043,1.0,0.0,MINIMAL,optimal,1,HS05534,AOC3,CPD_45_11268_c + OXYGEN_45_MOLECULE_c + WATER_c <=> CPD_45_10687_c + CPD_45_568_c + HYDROGEN_45_PEROXIDE_c
RXN_45_12091,RXN-12091,Unknown,1.2662803343949043,1.2662803343949043,1.0,0.0,MINIMAL,optimal,4,HS16666;HS05537;HS07563;HS05534,G_HS16666;AOC2;PAOX;AOC3,CPD_45_568_c + OXYGEN_45_MOLECULE_c + WATER_c <=> CPD_45_10687_c + HYDROGEN_45_PEROXIDE_c + ptrc_c
RXN_45_9940,RXN-9940,Unknown,1.2662803343949043,1.2662803343949043,1.0,0.0,MINIMAL,optimal,4,HS16666;HS05537;HS07563;HS05534,G_HS16666;AOC2;PAOX;AOC3,N1_45_ACETYLSPERMINE_c + OXYGEN_45_MOLECULE_c + WATER_c <=> CPD_45_10687_c + HYDROGEN_45_PEROXIDE_c + spmd_c
POLYAMINE_45_OXIDASE_45_RXN,POLYAMINE-OXIDASE-RXN,Unknown,1.2662803343949043,1.2662803343949043,1.0,0.0,MINIMAL,optimal,1,HS01609,SMOX,N1_45_ACETYLSPERMINE_c + OXYGEN_45_MOLECULE_c + WATER_c <=> CPD_45_568_c + CPD_45_6082_c + HYDROGEN_45_PEROXIDE_c
RXN0_45_984,RXN0-984,Unknown,1.2662803343949043,1.2662803343949043,1.0,0.0,MINIMAL,optimal,5,HS13172;HS02120;HS14842;HS12338;HS15415,ALKBH7;ALKBH1;ALKBH4;ALKBH5;ALKBH3,N1_45_METHYLADENINE_c + OXYGEN_45_MOLECULE_c + akg_c <=> ADENINE_c + CARBON_45_DIOXIDE_c + FORMALDEHYDE_c + succ_c
GLUCOSYLCERAMIDASE_45_RXN,GLUCOSYLCERAMIDASE-RXN,Unknown,1.2662803343949043,1.2662803343949043,1.0,0.0,MINIMAL,optimal,3,HS11195;HS01000;HS08530,GBA;GBA2;G_HS08530,Glucosyl_45_acyl_45_sphingosines_c + WATER_c <=> Glucopyranose_c + N_45_Acylsphingosine_c
3_46_5_46_1_46_26_45_RXN,3.5.1.26-RXN,Unknown,1.2662803343949043,1.2662803343949043,1.0,0.0,MINIMAL,optimal,1,HS00528,AGA,ACETYL_45_ETCETERA_45_L_45_ASPARAGINE_c + WATER_c <=> N_45_ACETYL_45_BETA_45_GLUCOSAMINYLAMINE_c + asp_DASH_DASH_DASH_L_c + h_c
TRIMETHYLLYSINE_45_DIOXYGENASE_45_RXN,TRIMETHYLLYSINE-DIOXYGENASE-RXN,Unknown,1.2662803343949043,1.2662803343949043,1.0,0.0,MINIMAL,optimal,1,HS08089,TMLHE,N6N6N6_45_TRIMETHYL_45_L_45_LYSINE_c + OXYGEN_45_MOLECULE_c + akg_c <=> 3_45_HYDROXY_45_N6N6N6_45_TRIMETHYL_45_L_45_LYSINE_c + CARBON_45_DIOXIDE_c + succ_c
DIMETHYLARGININASE_45_RXN,DIMETHYLARGININASE-RXN,Unknown,1.2662803343949043,1.2662803343949043,1.0,0.0,MINIMAL,optimal,2,HS00016;HS03493,DDAH1;DDAH2,CPD_45_596_c + WATER_c <=> DIMETHYLAMINE_c + L_45_CITRULLINE_c
RXN_45_8732,RXN-8732,Unknown,1.2662803343949043,1.2662803343949043,1.0,0.0,MINIMAL,optimal,1,HS07211,ADPRH,CPD_45_10699_c + WATER_c <=> ADENOSINE_DIPHOSPHATE_RIBOSE_c + arg_DASH_DASH_DASH_L_c
RXN_45_17830,RXN-17830,Unknown,1.2662803343949043,1.2662803343949043,1.0,0.0,MINIMAL,optimal,1,HS02389,GLA,CPD0_45_2500_c + WATER_c <=> D_45_galactopyranose_c + h_c
RXN_45_10774,RXN-10774,Unknown,1.2662803343949043,1.2662803343949043,1.0,0.0,MINIMAL,optimal,4,HS03602;HS04604;HS10696;HS05381,NUDT3;NUDT10;NUDT4;NUDT11,CPD0_45_1137_c + WATER_c <=> CPD_45_607_c + amp_c + 2.0 h_c
RXN_45_7919,RXN-7919,Unknown,1.2662803343949043,1.2662803343949043,1.0,0.0,MINIMAL,optimal,1,HS00787,HAGH,2_45_hydroxyacyl_45_glutathiones_c + WATER_c <=> 2_45_Hydroxy_45_carboxylates_c + gthrd_c + h_c
RXN_45_11623,RXN-11623,Unknown,1.2662803343949043,1.2662803343949043,1.0,0.0,MINIMAL,optimal,1,HS03967,PCYOX1,CPD_45_12581_c + OXYGEN_45_MOLECULE_c + WATER_c <=> 2_45_TRANS6_45_TRANS_45_FARNESAL_c + CYS_c + HYDROGEN_45_PEROXIDE_c
RXN_45_13677,RXN-13677,Unknown,1.2662803343949043,1.2662803343949043,1.0,0.0,MINIMAL,optimal,1,HS09457,ANPEP, <=> 
RXN_45_2962,RXN-2962,Unknown,1.2662803343949043,1.2662803343949043,1.0,0.0,MINIMAL,optimal,1,HS10601,ADH5,NAD_45_P_45_OR_45_NOP_c + S_45_HYDROXYMETHYLGLUTATHIONE_c <=> NADH_45_P_45_OR_45_NOP_c + Sfglutth_c + h_c
RXN_45_17884,RXN-17884,Unknown,1.2662803343949043,1.2662803343949043,1.0,0.0,MINIMAL,optimal,1,HS10601,ADH5,S_45_NITROSOGLUTATHIONE_c + h_c + nadh_c <=> CPD_45_19217_c + nad_c
5_45_METHYLTHIOADENOSINE_45_PHOSPHORYLASE_45_RXN,5-METHYLTHIOADENOSINE-PHOSPHORYLASE-RXN,Unknown,1.2662803343949043,1.2662803343949043,1.0,0.0,MINIMAL,optimal,1,HS01913,MTAP,5_45_METHYLTHIOADENOSINE_c + pi_c <=> ADENINE_c + CPD_45_444_c
RXN_45_13161,RXN-13161,Unknown,1.2662803343949043,1.2662803343949043,1.0,0.0,MINIMAL,optimal,1,HS12604,ETHE1,CPD_45_11281_c + OXYGEN_45_MOLECULE_c + WATER_c <=> SO3_c + gthrd_c + 2.0 h_c
RXN_45_19040,RXN-19040,Unknown,1.2662803343949043,1.2662803343949043,1.0,0.0,MINIMAL,optimal,3,G66_46939;HS05179;G66_46901,TSTD3;TST;TSTD1,CPD_45_11281_c + SO3_c + h_c <=> S2O3_c + gthrd_c
RXN66_45_628,RXN66-628,Unknown,1.2662803343949043,1.2662803343949043,1.0,0.0,MINIMAL,optimal,1,HS09992,FASN,Beta_45_hydroxydecanoyl_45_TYPE_45_I_45_FAS_45_ACPs_c <=> Trans_45_D2_45_decenoyl_45_TYPE_45_I_45_FAS_45_ACPs_c + WATER_c
RXN_45_20556,RXN-20556,Unknown,1.2662803343949043,1.2662803343949043,1.0,0.0,MINIMAL,optimal,7,HS00157;HS04929;HS02422;HS07938;HS08308;HS05338;HS17131,GDE1;GDE5;GDPD3;GDPD1;GDPD5;GDPD2;GDPD4,CPD_45_22238_c + WATER_c <=> CPD_45_7598_c + glyc3p_c + h_c
3_46_1_46_4_46_38_45_RXN,3.1.4.38-RXN,Unknown,1.2662803343949043,1.2662803343949043,1.0,0.0,MINIMAL,optimal,7,HS00157;HS04929;HS02422;HS07938;HS08308;HS05338;HS17131,GDE1;GDE5;GDPD3;GDPD1;GDPD5;GDPD2;GDPD4,L_45_1_45_GLYCERO_45_PHOSPHORYLCHOLINE_c + WATER_c <=> GLYCEROL_c + cholp_c + h_c
TRANS_45_L_45_3_45_HYDROXYPROLINE_45_DEHYDRATASE_45_RXN,TRANS-L-3-HYDROXYPROLINE-DEHYDRATASE-RXN,Unknown,1.2662803343949043,1.2662803343949043,1.0,0.0,MINIMAL,optimal,1,HS13217,L3HYPDH, <=> 
RXN66_45_546,RXN66-546,Unknown,1.2662803343949043,1.2662803343949043,1.0,0.0,MINIMAL,optimal,3,HS06848;HS02592;HS07109,PYCR1;PYCRL;P5CR2,NADH_45_P_45_OR_45_NOP_c + PYRROLINE_45_HYDROXY_45_CARBOXYLATE_c + 2.0 h_c <=> 4_45_HYDROXY_45_L_45_PROLINE_c + NAD_45_P_45_OR_45_NOP_c
RXN_45_9868,RXN-9868,Unknown,1.2662803343949043,1.2662803343949043,1.0,0.0,MINIMAL,optimal,1,HS09043,CMBL,CPD_45_10608_c + WATER_c <=> CPD_45_294_c + h_c
3_46_2_46_1_46_33_45_RXN,3.2.1.33-RXN,Unknown,1.2662803343949043,1.2662803343949043,1.0,0.0,MINIMAL,optimal,1,HS08717,AGL,Truncated_45_Limit_45_Dextrins_c + WATER_c <=> CPD0_45_1027_c + Glucopyranose_c
2_46_7_46_11_46_15_45_RXN,2.7.11.15-RXN,Unknown,1.2662803343949043,1.2662803343949043,1.0,0.0,MINIMAL,optimal,2,HS01969;HS10607,ADRBK2;ADRBK1,Beta_45_adrenergic_45_receptors_c + atp_c <=> Beta_45_adrenergic_45_receptors_45_P_c + adp_c
RXN_45_11697,RXN-11697,Unknown,1.2662803343949043,1.2662803343949043,1.0,0.0,MINIMAL,optimal,2,HS08510;HS13920,BACE1;APP,Beta_45_amyloid_45_precursor_45_proteins_c + WATER_c <=> Beta_45_cleaved_45_C_45_terminal_45_APP_45_Peptide_c + Beta_45_cleaved_45_soluble_45_APP_c
RXN_45_11701,RXN-11701,Unknown,1.2662803343949043,1.2662803343949043,1.0,0.0,MINIMAL,optimal,2,G66_33964;HS13920,BACE2;APP,Beta_45_amyloid_45_precursor_45_proteins_c + WATER_c <=> Beta_45_cleaved_45_C_45_terminal_45_APP_45_Peptide_c + Beta_45_cleaved_45_soluble_45_APP_c
RXN_45_15278,RXN-15278,Unknown,1.2662803343949043,1.2662803343949043,1.0,0.0,MINIMAL,optimal,1,HS01519,B4GALT1,CPD_45_16494_c + udpgal_c <=> I_45_antigens_c + h_c + udp_c
3_46_2_46_1_46_23_45_RXN,3.2.1.23-RXN,Unknown,1.2662803343949043,1.2662803343949043,1.0,0.0,MINIMAL,optimal,2,HS10092;HS09328,GLB1;G_HS09328,Beta_45_D_45_Galactosides_c + WATER_c <=> D_45_galactopyranose_c + Non_45_Galactosylated_45_Galactose_45_Acceptors_c
GALACTOSYLCERAMIDASE_45_RXN,GALACTOSYLCERAMIDASE-RXN,Unknown,1.2662803343949043,1.2662803343949043,1.0,0.0,MINIMAL,optimal,1,HS00678,GALC,A_45_GALACTOSYLCERAMIDE_c + WATER_c <=> D_45_galactopyranose_c + N_45_Acylsphingosine_c
RXN_45_19008,RXN-19008,Unknown,1.2662803343949043,1.2662803343949043,1.0,0.0,MINIMAL,optimal,1,HS09725,MGAT2,Man3_45_GlcNAc3_45_Xyl_45_Proteins_c + uacgam_c <=> N4_45_N_45_ACETYL_45_BETA_45_D_45_GLUCOSAMINYL_45_X_c + h_c + udp_c
RXN_45_11341,RXN-11341,Unknown,1.2662803343949043,1.2662803343949043,1.0,0.0,MINIMAL,optimal,1,HS07099,DEGS1,2.0 FERROCYTOCHROME_45_B5_c + Glucosyl_45_acyl_45_sphinganines_c + OXYGEN_45_MOLECULE_c + 2.0 h_c <=> 2.0 FERRICYTOCHROME_45_B5_c + Glucosyl_45_acyl_45_sphingosines_c + 2.0 WATER_c
RXN_45_12119,RXN-12119,Unknown,1.2662803343949043,1.2662803343949043,1.0,0.0,MINIMAL,optimal,1,HS04210,B4GALT6,Glucosyl_45_acyl_45_sphingosines_c + udpgal_c <=> Lactosyl_45_Ceramides_c + h_c + udp_c
RXN66_45_645,RXN66-645,Unknown,1.2662803343949043,1.2662803343949043,1.0,0.0,MINIMAL,optimal,1,HS09992,FASN,3_45_Oxo_45_Acyl_45_TYPE_45_I_45_FAS_45_ACPs_c + NADPH_c + h_c <=> 3R_45_Hydroxyacyl_45_TYPE_45_I_45_FAS_45_ACPs_c + nadp_c
BETA_45_GLUCURONID_45_RXN,BETA-GLUCURONID-RXN,Unknown,1.2662803343949043,1.2662803343949043,1.0,0.0,MINIMAL,optimal,10,HS17067;HS15240;HS10035;HS14721;HS16630;HS05739;HS16190;HS10883;HS17083;HS15769,G_HS17067;G_HS15240;GUSB;G_HS14721;G_HS16630;KL;G_HS16190;G_HS10883;G_HS17083;G_HS15769,Beta_45_D_45_Glucuronides_c + WATER_c <=> Alcohols_c + D_45_Glucopyranuronate_c
3_46_2_46_1_46_25_45_RXN,3.2.1.25-RXN,Unknown,1.2662803343949043,1.2662803343949043,1.0,0.0,MINIMAL,optimal,1,HS03219,MANBA,Beta_45_D_45_Mannosides_c + WATER_c <=> CPD_45_12601_c + Non_45_Glycosylated_45_sugar_45_Acceptors_c
RXN_45_20874,RXN-20874,Unknown,1.2662803343949043,1.2662803343949043,1.0,0.0,MINIMAL,optimal,1,HS05944,AGTPBP1,DELTA2_45_tubulin_c + WATER_c <=> DELTA3_45_tubulin_c + Glutamates_c
RXN_45_16378,RXN-16378,Unknown,1.2662803343949043,1.2662803343949043,1.0,0.0,MINIMAL,optimal,1,HS03271,SC5DL,Delta7_45_Steroids_c + 2.0 FERROCYTOCHROME_45_B5_c + OXYGEN_45_MOLECULE_c + 2.0 h_c <=> Delta5_45_Delta7_45_Steroids_c + 2.0 FERRICYTOCHROME_45_B5_c + 2.0 WATER_c
RXN_45_14371,RXN-14371,Unknown,1.2662803343949043,1.2662803343949043,1.0,0.0,MINIMAL,optimal,1,HS03772,GBE1,1_45_4_45_alpha_45_D_45_Glucan_c <=> Alpha_45_6_45_alpha_45_14_45_glucans_c
RXN_45_18777,RXN-18777,Unknown,1.2662803343949043,1.2662803343949043,1.0,0.0,MINIMAL,optimal,1,HS03772,GBE1,1_45_4_45_alpha_45_D_45_Glucan_c <=> GlgE_45_Glycogen_c
GLYCOGEN_45_BRANCH_45_RXN,GLYCOGEN-BRANCH-RXN,Unknown,1.2662803343949043,1.2662803343949043,1.0,0.0,MINIMAL,optimal,1,HS03772,GBE1,1_45_4_45_alpha_45_D_45_Glucan_c <=> Glycogens_c
RXN_45_20504,RXN-20504,Unknown,1.2662803343949043,1.2662803343949043,1.0,0.0,MINIMAL,optimal,1,G66_33393,ASAH2,Alpha_45_hydroxyphytoceramides_c + WATER_c <=> Phytosphingosines_c + R2OH_45_Straight_45_Chain_45_234_45_Sat_45_FA_c
RXN66_45_474,RXN66-474,Unknown,1.2662803343949043,1.2662803343949043,1.0,0.0,MINIMAL,optimal,16,HS02532;HS11921;G66_31311;HS11936;HS00935;HS07766;HS01349;HS06695;HS11973;HS16174,ACSBG1;ACSM2A;ACSM4;FACL6;ACSL4;ACSL1;ACSL5;SLC27A2;ACSM5;ACSM6,R2OH_45_Straight_45_Chain_45_234_45_Sat_45_FA_c + atp_c + coa_c <=> R2_45_2OH_45_Straight_45_Chain_45_234_45_Sat_45_FA_45_CoA_c + amp_c + ppi_c
RXN_45_15632,RXN-15632,Unknown,1.2662803343949043,1.2662803343949043,1.0,0.0,MINIMAL,optimal,1,HS07708,UEVLD,L_45_2_45_hydroxyacids_c + NAD_45_P_45_OR_45_NOP_c <=> 2_45_Oxo_45_carboxylates_c + NADH_45_P_45_OR_45_NOP_c + h_c
5_46_1_46_99_46_4_45_RXN,5.1.99.4-RXN,Unknown,1.2662803343949043,1.2662803343949043,1.0,0.0,MINIMAL,optimal,1,HS01416,AMACR,S_45_2_45_METHYLACYL_45_COA_c <=> R_45_2_45_METHYLACYL_45_COA_c
RXN_45_7835,RXN-7835,Unknown,1.2662803343949043,1.2662803343949043,1.0,0.0,MINIMAL,optimal,2,HS02474;HS02565,DECR2;DECR1,2_45_trans_45_4_45_cis_45_dienoyl_45_CoAs_c + NADPH_c + h_c <=> Trans_45_3_45_enoyl_45_CoAs_c + nadp_c
RXN_45_12519,RXN-12519,Unknown,1.2662803343949043,1.2662803343949043,1.0,0.0,MINIMAL,optimal,2,HS09667;HS03615,ECI1;ECI2,trans_45_2_45_cis_45_5_45_dienoyl_45_CoA_c <=> trans_45_3_45_cis_45_5_45_dienoyl_45_CoA_c
RXN_45_7836,RXN-7836,Unknown,1.2662803343949043,1.2662803343949043,1.0,0.0,MINIMAL,optimal,2,HS09667;HS03615,ECI1;ECI2,Trans_45_3_45_enoyl_45_CoAs_c <=> TRANS_45_D2_45_ENOYL_45_COA_c
RXN66_45_627,RXN66-627,Unknown,1.2662803343949043,1.2662803343949043,1.0,0.0,MINIMAL,optimal,1,HS09992,FASN,3_45_oxo_45_decanoyl_45_TYPE_45_I_45_FAS_45_ACPs_c + NADPH_c + h_c <=> Beta_45_hydroxydecanoyl_45_TYPE_45_I_45_FAS_45_ACPs_c + nadp_c
PHOSPHATIDATE_45_PHOSPHATASE_45_RXN,PHOSPHATIDATE-PHOSPHATASE-RXN,Unknown,1.2662803343949043,1.2662803343949043,1.0,0.0,MINIMAL,optimal,9,G66_46240;HS12901;HS08670;HS00898;HS14817;HS12592;HS13315;G66_31698;HS06877,PLPP6;LPPR4;PPAP2B;PPAP2A;PPAPDC3;LPPR2;LPPR3;PLPP4;PPAP2C,L_45_PHOSPHATIDATE_c + WATER_c <=> DIACYLGLYCEROL_c + pi_c
RXN_45_9528,RXN-9528,Unknown,1.2662803343949043,1.2662803343949043,1.0,0.0,MINIMAL,optimal,2,HS03575;HS07256,HSD17B8;CBR4,3_45_oxo_45_decanoyl_45_ACPs_c + NADPH_c + h_c <=> Beta_45_hydroxydecanoyl_45_ACPs_c + nadp_c
RXN66_45_640,RXN66-640,Unknown,1.2662803343949043,1.2662803343949043,1.0,0.0,MINIMAL,optimal,1,HS09992,FASN,3_45_oxo_45_palmitoyl_45_TYPE_45_I_45_FAS_45_ACPs_c + NADPH_c + h_c <=> R_45_3_45_Hydroxypalmitoyl_45_TYPE_45_I_45_FAS_45_ACPs_c + nadp_c
RXN66_45_641,RXN66-641,Unknown,1.2662803343949043,1.2662803343949043,1.0,0.0,MINIMAL,optimal,1,HS09992,FASN,R_45_3_45_Hydroxypalmitoyl_45_TYPE_45_I_45_FAS_45_ACPs_c <=> 2_45_Hexadecenoyl_45_TYPE_45_I_45_FAS_45_ACPs_c + WATER_c
RXN66_45_619,RXN66-619,Unknown,1.2662803343949043,1.2662803343949043,1.0,0.0,MINIMAL,optimal,1,HS09992,FASN,3_45_oxo_45_hexanoyl_45_TYPE_45_I_45_FAS_45_ACPs_c + NADPH_c + h_c <=> R_45_3_45_hydroxyhexanoyl_45_TYPE_45_I_45_FAS_45_ACPs_c + nadp_c
RXN66_45_620,RXN66-620,Unknown,1.2662803343949043,1.2662803343949043,1.0,0.0,MINIMAL,optimal,1,HS09992,FASN,R_45_3_45_hydroxyhexanoyl_45_TYPE_45_I_45_FAS_45_ACPs_c <=> Hex_45_2_45_enoyl_45_TYPE_45_I_45_FAS_45_ACPs_c + WATER_c
RXN_45_9518,RXN-9518,Unknown,1.2662803343949043,1.2662803343949043,1.0,0.0,MINIMAL,optimal,3,HS07256;HS00112;HS03575,CBR4;NDUFAB1;HSD17B8,3_45_oxo_45_hexanoyl_45_ACPs_c + NADPH_c + h_c <=> R_45_3_45_hydroxyhexanoyl_45_ACPs_c + nadp_c
RXN66_45_623,RXN66-623,Unknown,1.2662803343949043,1.2662803343949043,1.0,0.0,MINIMAL,optimal,1,HS09992,FASN,3_45_Oxo_45_octanoyl_45_TYPE_45_I_45_FAS_45_ACPs_c + NADPH_c + h_c <=> 3_45_Hydroxy_45_octanoyl_45_TYPE_45_I_45_FAS_45_ACPs_c + nadp_c
RXN66_45_624,RXN66-624,Unknown,1.2662803343949043,1.2662803343949043,1.0,0.0,MINIMAL,optimal,1,HS09992,FASN,3_45_Hydroxy_45_octanoyl_45_TYPE_45_I_45_FAS_45_ACPs_c <=> 2_45_Octenoyl_45_TYPE_45_I_45_FAS_45_ACPs_c + WATER_c
RXN_45_9524,RXN-9524,Unknown,1.2662803343949043,1.2662803343949043,1.0,0.0,MINIMAL,optimal,3,HS07256;HS00112;HS03575,CBR4;NDUFAB1;HSD17B8,3_45_Oxo_45_octanoyl_45_ACPs_c + NADPH_c + h_c <=> 3_45_Hydroxy_45_octanoyl_45_ACPs_c + nadp_c
RXN66_45_636,RXN66-636,Unknown,1.2662803343949043,1.2662803343949043,1.0,0.0,MINIMAL,optimal,1,HS09992,FASN,3_45_oxo_45_myristoyl_45_TYPE_45_I_45_FAS_45_ACPs_c + NADPH_c + h_c <=> R_45_3_45_hydroxymyristoyl_45_TYPE_45_I_45_FAS_45_ACPs_c + nadp_c
RXN66_45_637,RXN66-637,Unknown,1.2662803343949043,1.2662803343949043,1.0,0.0,MINIMAL,optimal,1,HS09992,FASN,R_45_3_45_hydroxymyristoyl_45_TYPE_45_I_45_FAS_45_ACPs_c <=> Tetradec_45_2_45_enoyl_45_TYPE_45_I_45_FAS_45_ACPs_c + WATER_c
RXN_45_9536,RXN-9536,Unknown,1.2662803343949043,1.2662803343949043,1.0,0.0,MINIMAL,optimal,3,HS07256;HS00112;HS03575,CBR4;NDUFAB1;HSD17B8,3_45_oxo_45_myristoyl_45_ACPs_c + NADPH_c + h_c <=> R_45_3_45_hydroxymyristoyl_45_ACPs_c + nadp_c
RXN_45_12520,RXN-12520,Unknown,1.2662803343949043,1.2662803343949043,1.0,0.0,MINIMAL,optimal,1,HS02625,ECH1,trans_45_3_45_cis_45_5_45_dienoyl_45_CoA_c <=> TETRADEHYDROACYL_45_COA_c
ENOYL_45_COA_45_DELTA_45_ISOM_45_RXN,ENOYL-COA-DELTA-ISOM-RXN,Unknown,1.2662803343949043,1.2662803343949043,1.0,0.0,MINIMAL,optimal,2,HS09667;HS03615,ECI1;ECI2,CIS_45_DELTA3_45_ENOYL_45_COA_c <=> TRANS_45_D2_45_ENOYL_45_COA_c
5_45_FORMYL_45_THF_45_CYCLO_45_LIGASE_45_RXN,5-FORMYL-THF-CYCLO-LIGASE-RXN,Unknown,1.2662803343949043,1.2662803343949043,1.0,0.0,MINIMAL,optimal,2,HS06152;HS02479,MTHFS;MTHFSD,N5_45_Formyl_45_THF_45_Glu_45_N_c + atp_c <=> 5_45_10_45_METHENYL_45_THF_45_GLU_45_N_c + adp_c + pi_c
3_46_1_46_1_46_23_45_RXN,3.1.1.23-RXN,Unknown,1.2662803343949043,1.2662803343949043,1.0,0.0,MINIMAL,optimal,0,,,1_45_Acyl_45_sn_45_glycerols_c + WATER_c <=> Fatty_45_Acids_c + GLYCEROL_c + h_c
RXN66_45_646,RXN66-646,Unknown,1.2662803343949043,1.2662803343949043,1.0,0.0,MINIMAL,optimal,1,HS09992,FASN,3R_45_Hydroxyacyl_45_TYPE_45_I_45_FAS_45_ACPs_c <=> Trans_45_23_45_Dehydroacyl_45_TYPE_45_I_45_FAS_45_ACPs_c + WATER_c
RXN66_45_614,RXN66-614,Unknown,1.2662803343949043,1.2662803343949043,1.0,0.0,MINIMAL,optimal,1,HS09992,FASN,Acetoacetyl_45_TYPE_45_I_45_FAS_45_ACP_c + NADPH_c + h_c <=> Beta_45_3_45_hydroxybutyryl_45_TYPE_45_I_45_FAS_45_ACPs_c + nadp_c
RXN66_45_616,RXN66-616,Unknown,1.2662803343949043,1.2662803343949043,1.0,0.0,MINIMAL,optimal,1,HS09992,FASN,Beta_45_3_45_hydroxybutyryl_45_TYPE_45_I_45_FAS_45_ACPs_c <=> Crotonyl_45_TYPE_45_I_45_FAS_45_ACPs_c + WATER_c
RXN_45_9514,RXN-9514,Unknown,1.2662803343949043,1.2662803343949043,1.0,0.0,MINIMAL,optimal,3,HS07256;HS00112;HS03575,CBR4;NDUFAB1;HSD17B8,Acetoacetyl_45_ACPs_c + NADPH_c + h_c <=> Beta_45_3_45_hydroxybutyryl_45_ACPs_c + nadp_c
RXN66_45_631,RXN66-631,Unknown,1.2662803343949043,1.2662803343949043,1.0,0.0,MINIMAL,optimal,1,HS09992,FASN,3_45_oxo_45_dodecanoyl_45_TYPE_45_I_45_FAS_45_ACPs_c + NADPH_c + h_c <=> R_45_3_45_hydroxydodecanoyl_45_TYPE_45_I_45_FAS_45_ACPs_c + nadp_c
RXN66_45_632,RXN66-632,Unknown,1.2662803343949043,1.2662803343949043,1.0,0.0,MINIMAL,optimal,1,HS09992,FASN,R_45_3_45_hydroxydodecanoyl_45_TYPE_45_I_45_FAS_45_ACPs_c <=> Dodec_45_2_45_enoyl_45_TYPE_45_I_45_FAS_45_ACPs_c + WATER_c
RXN_45_9532,RXN-9532,Unknown,1.2662803343949043,1.2662803343949043,1.0,0.0,MINIMAL,optimal,3,HS07256;HS00112;HS03575,CBR4;NDUFAB1;HSD17B8,3_45_oxo_45_dodecanoyl_45_ACPs_c + NADPH_c + h_c <=> R_45_3_45_hydroxydodecanoyl_45_ACPs_c + nadp_c
RXN66_45_475,RXN66-475,Unknown,1.2662803343949043,1.2662803343949043,1.0,0.0,MINIMAL,optimal,1,HS05516,HACL1,R2_45_2OH_45_Straight_45_Chain_45_234_45_Sat_45_FA_45_CoA_c <=> FORMYL_45_COA_c + Odd_45_Straight_45_Chain_45_234_45_Sat_45_FALD_c
DIACYLGLYKIN_45_RXN,DIACYLGLYKIN-RXN,Unknown,1.2662803343949043,1.2662803343949043,1.0,0.0,MINIMAL,optimal,15,HS01226;HS07233;HS08234;HS17545;HS12171;G66_31341;HS06141;HS02411;HS00180;HS07932,DGKD;DGKQ;DGKI;G_HS17545;DGKA;DGKK;DGKB;DGKH;AGK;DGKE,DIACYLGLYCEROL_c + atp_c <=> L_45_PHOSPHATIDATE_c + adp_c + h_c
RXN_45_5781,RXN-5781,Unknown,1.2662803343949043,1.2662803343949043,1.0,0.0,MINIMAL,optimal,0,,,DIACYLGLYCEROL_c + cdpchol_c <=> PHOSPHATIDYLCHOLINE_c + cmp_c + h_c
ETHANOLAMINEPHOSPHOTRANSFERASE_45_RXN,ETHANOLAMINEPHOSPHOTRANSFERASE-RXN,Unknown,1.2662803343949043,1.2662803343949043,1.0,0.0,MINIMAL,optimal,2,HS06434;HS05844,EPT1;CEPT1,DIACYLGLYCEROL_c + cdpea_c <=> L_45_1_45_PHOSPHATIDYL_45_ETHANOLAMINE_c + cmp_c + h_c
DIACYLGLYCEROL_45_O_45_ACYLTRANSFERASE_45_RXN,DIACYLGLYCEROL-O-ACYLTRANSFERASE-RXN,Unknown,1.2662803343949043,1.2662803343949043,1.0,0.0,MINIMAL,optimal,4,HS00766;HS00058;HS04706;HS12629,DGAT2;DGAT1;MOGAT1;MOGAT3,ACYL_45_COA_c + DIACYLGLYCEROL_c <=> Triacylglycerols_c + coa_c
RXN_45_1602,RXN-1602,Unknown,1.2662803343949043,1.2662803343949043,1.0,0.0,MINIMAL,optimal,1,HS01328,LIPE,DIACYLGLYCEROL_c + WATER_c <=> CPD_45_409_c + Fatty_45_Acids_c + h_c
RXN_45_11277,RXN-11277,Unknown,1.2662803343949043,1.2662803343949043,1.0,0.0,MINIMAL,optimal,2,HS08670;HS06877,PPAP2B;PPAP2C,DIACYLGLYCEROL_45_PYROPHOSPHATE_c + WATER_c <=> L_45_PHOSPHATIDATE_c + h_c + pi_c
CDPDIGLYSYN_45_RXN,CDPDIGLYSYN-RXN,Unknown,1.2662803343949043,1.2662803343949043,1.0,0.0,MINIMAL,optimal,3,HS02232;G66_47568;HS08895,CDS2;CDS2;CDS1,L_45_PHOSPHATIDATE_c + ctp_c + h_c <=> CDPDIACYLGLYCEROL_c + ppi_c
1_45_PHOSPHATIDYLINOSITOL_45_KINASE_45_RXN,1-PHOSPHATIDYLINOSITOL-KINASE-RXN,Unknown,1.2662803343949043,1.2662803343949043,1.0,0.0,MINIMAL,optimal,4,HS00041;HS00529;HS07046;HS00573,PI4KA;PI4K2B;PI4KB;PI4KII,L_45_1_45_phosphatidyl_45_inositols_c + atp_c <=> CPD_45_1108_c + adp_c + h_c
RXN_45_20541,RXN-20541,Unknown,1.2662803343949043,1.2662803343949043,1.0,0.0,MINIMAL,optimal,1,HS02103,DDHD1,L_45_PHOSPHATIDATE_c + WATER_c <=> 2_45_Acyl_45_sn_45_glycerol_45_3_45_phosphates_c + Fatty_45_Acids_c + h_c
3_46_3_46_2_46_2_45_RXN,3.3.2.2-RXN,Unknown,1.2662803343949043,1.2662803343949043,1.0,0.0,MINIMAL,optimal,1,HS17432,TMEM86B,CPD_45_563_c + WATER_c <=> Fatty_45_Aldehydes_c + L_45_1_45_GLYCERO_45_PHOSPHORYLCHOLINE_c
RXN_45_17741,RXN-17741,Unknown,1.2662803343949043,1.2662803343949043,1.0,0.0,MINIMAL,optimal,1,HS06258,ENPP2,CPD_45_563_c + WATER_c <=> 1_45_Alkenyl_45_phosphoglycerol_c + chol_c + h_c
RXN_45_19426,RXN-19426,Unknown,1.2662803343949043,1.2662803343949043,1.0,0.0,MINIMAL,optimal,1,HS03439,CHPT1,1_45_acyl_45_2_45_oleoyl_45_glyceride_c + cdpchol_c <=> 1_45_ACYL_45_2_45_OLEOYL_45_SN_45_GLYCERO_45_3_45_PHOSPHOCHOL_c + cmp_c + h_c
RXN_45_20521,RXN-20521,Unknown,1.2662803343949043,1.2662803343949043,1.0,0.0,MINIMAL,optimal,1,HS02103,DDHD1,2_45_Arachidonoyl_45_Phosphatidylinositols_c + WATER_c <=> CPD_45_22224_c + Fatty_45_Acids_c + h_c
RXN_45_20523,RXN-20523,Unknown,1.2662803343949043,1.2662803343949043,1.0,0.0,MINIMAL,optimal,17,HS14288;HS07195;HS08609;HS06584;HS03803;HS06473;HS03908;HS06773;HS11935;HS17073,PLCH2;PLCD1;PLCD3;PLCZ1;PLCH1;PLCE1;PLCD4;PLCG2;PLCB1;G_HS17073,2_45_Arachidonoyl_45_Phosphatidylinositols_c + WATER_c <=> 1_45_Acyl_45_2_45_Arachidonoyl_45_Glycerols_c + h_c
RXN_45_20524,RXN-20524,Unknown,1.2662803343949043,1.2662803343949043,1.0,0.0,MINIMAL,optimal,3,HS02232;G66_47568;HS08895,CDS2;CDS2;CDS1,1_45_Acyl_45_2_45_Arachidonoyl_45_Glycerol_45_P_c + ctp_c + h_c <=> CDP_45_1_45_Acyl_45_2_45_Arachidonoyl_45_Glycerols_c + ppi_c
RXN_45_20530,RXN-20530,Unknown,1.2662803343949043,1.2662803343949043,1.0,0.0,MINIMAL,optimal,1,HS02103,DDHD1,1_45_Acyl_45_2_45_Arachidonoyl_45_Glycerol_45_P_c + WATER_c <=> CPD_45_22226_c + Fatty_45_Acids_c + h_c
RXN_45_20535,RXN-20535,Unknown,1.2662803343949043,1.2662803343949043,1.0,0.0,MINIMAL,optimal,9,G66_46240;HS12901;HS08670;HS00898;HS14817;HS12592;HS13315;G66_31698;HS06877,PLPP6;LPPR4;PPAP2B;PPAP2A;PPAPDC3;LPPR2;LPPR3;PLPP4;PPAP2C,1_45_Acyl_45_2_45_Arachidonoyl_45_Glycerol_45_P_c + WATER_c <=> 1_45_Acyl_45_2_45_Arachidonoyl_45_Glycerols_c + pi_c
RXN_45_20531,RXN-20531,Unknown,1.2662803343949043,1.2662803343949043,1.0,0.0,MINIMAL,optimal,5,HS01185;HS09396;HS11396;HS05256;HS02695,PLD1;PLD4;PLD6;PLD2;PLD3,2_45_arachidonoyl_45_PC_c + WATER_c <=> 1_45_Acyl_45_2_45_Arachidonoyl_45_Glycerol_45_P_c + chol_c + h_c
RXN_45_20526,RXN-20526,Unknown,1.2662803343949043,1.2662803343949043,1.0,0.0,MINIMAL,optimal,4,HS00041;HS00529;HS07046;HS00573,PI4KA;PI4K2B;PI4KB;PI4KII,1_45_Acyl_45_2_45_Arachindonoyl_45_PIs_c + atp_c <=> 1_45_Acyl_45_2_45_Arachidonoyl_45_PI_45_4P_c + adp_c + h_c
RXN_45_20527,RXN-20527,Unknown,1.2662803343949043,1.2662803343949043,1.0,0.0,MINIMAL,optimal,10,HS02710;HS06865;HS02982;HS10726;HS07047;HS00529;HS15520;HS07046;HS00041;HS00573,PIP5K1C;PIP4K2B;PIP5K1B;MGC26597;PIP5K1A;PI4K2B;PIP5KL1;PI4KB;PI4KA;PI4KII,1_45_Acyl_45_2_45_Arachidonoyl_45_PI_45_4P_c + atp_c <=> 2_45_Arachidonoyl_45_Phosphatidylinositols_c + adp_c + h_c
RXN_45_20544,RXN-20544,Unknown,1.2662803343949043,1.2662803343949043,1.0,0.0,MINIMAL,optimal,1,HS07209,PLA1A,1_45_Acyl_45_2_45_Lysophosaphatidylserines_c + WATER_c <=> CPD0_45_2030_c + Fatty_45_Acids_c + h_c
RXN_45_19312,RXN-19312,Unknown,1.2662803343949043,1.2662803343949043,1.0,0.0,MINIMAL,optimal,8,HS08939;HS14357;HS00297;HS04039;HS00485;HS04458;HS13017;HS02451,PLB1;PLBD2;LYPLA2;PLA2G4A;PNPLA6;LYPLA1;PLBD1;PLA2G15,2_45_LYSOPHOSPHATIDYLETHANOLAMINES_c + WATER_c <=> Carboxylates_c + L_45_1_45_GLYCEROPHOSPHORYLETHANOL_45_AMINE_c + h_c
LYSOPHOSPHOLIPASE_45_RXN,LYSOPHOSPHOLIPASE-RXN,Unknown,1.2662803343949043,1.2662803343949043,1.0,0.0,MINIMAL,optimal,11,HS08939;HS14357;HS05972;HS04039;HS00297;HS00485;HS04458;HS02688;HS02691;HS13017,PLB1;PLBD2;PNPLA8;PLA2G4A;LYPLA2;PNPLA6;LYPLA1;LGALS13;CLC;PLBD1,2_45_Lysophosphatidylcholines_c + WATER_c <=> Carboxylates_c + L_45_1_45_GLYCERO_45_PHOSPHORYLCHOLINE_c + h_c
PHOSPHATIDYLINOSITOL_45_3_45_PHOSPHATASE_45_RXN,PHOSPHATIDYLINOSITOL-3-PHOSPHATASE-RXN,Unknown,1.2662803343949043,1.2662803343949043,1.0,0.0,MINIMAL,optimal,4,HS02045;HS11932;HS08920;HS10404,MTMR3;SACM1L;MTMR14;PTEN,CPD_45_177_c + WATER_c <=> L_45_1_45_phosphatidyl_45_inositols_c + pi_c
RXN_45_16032,RXN-16032,Unknown,1.2662803343949043,1.2662803343949043,1.0,0.0,MINIMAL,optimal,2,HS09762;HS13986,AGPAT1;MBOAT2,ACYL_45_SN_45_GLYCEROL_45_3P_c + pmtcoa_c <=> 2_45_Palmitoyl_45_L_45_Phosphatidate_c + coa_c
1_45_ACYLGLYCEROL_45_3_45_P_45_ACYLTRANSFER_45_RXN,1-ACYLGLYCEROL-3-P-ACYLTRANSFER-RXN,Unknown,1.2662803343949043,1.2662803343949043,1.0,0.0,MINIMAL,optimal,5,HS10599;HS00306;HS00112;HS16664;HS13986,LCLAT1;ABHD5;NDUFAB1;LPCAT4;MBOAT2,ACYL_45_ACP_c + ACYL_45_SN_45_GLYCEROL_45_3P_c <=> ACP_c + L_45_PHOSPHATIDATE_c
2_46_3_46_1_46_67_45_RXN,2.3.1.67-RXN,Unknown,1.2662803343949043,1.2662803343949043,1.0,0.0,MINIMAL,optimal,2,HS01567;HS07906,LPCAT2;LPCAT1,1_45_Alkyl_45_sn_45_glycero_45_3_45_phosphocholines_c + accoa_c <=> Alkyl_45_acetyl_45_glycero_45_phosphocholines_c + coa_c
3_46_1_46_4_46_39_45_RXN,3.1.4.39-RXN,Unknown,1.2662803343949043,1.2662803343949043,1.0,0.0,MINIMAL,optimal,1,HS06258,ENPP2,ALKYL_45_SN_45_GLYCERO_45_PHOSPHOETHANOLAMINE_c + WATER_c <=> 1_45_Alkyl_45_sn_45_glycerol_45_3_45_phosphates_c + etha_c + h_c
RXN_45_20563,RXN-20563,Unknown,1.2662803343949043,1.2662803343949043,1.0,0.0,MINIMAL,optimal,5,HS15623;HS13232;HS11053;HS13475;HS05758,PLA/AT5;PLA/AT1;PLA/AT3;PLA/AT2;PLA/AT4,1_45_arachidonoyl_45_PC_c + Alkyl_45_enyl_45_acyl_45_gly_45_P_45_EtOH_45_amines_c <=> 2_45_Acylglycero_45_Phosphocholines_c + N_45_Ara_45_Ethanolamine_45_Plasmalogen_c + h_c
RXN_45_20503,RXN-20503,Unknown,1.2662803343949043,1.2662803343949043,1.0,0.0,MINIMAL,optimal,3,HS15623;HS13232;HS13475,PLA/AT5;PLA/AT1;PLA/AT2,1_45_arachidonoyl_45_PC_c + L_45_1_45_PHOSPHATIDYL_45_ETHANOLAMINE_c <=> 2_45_Acylglycero_45_Phosphocholines_c + N_45_arachidonoyl_45_PE_c + h_c
RXN_45_20511,RXN-20511,Unknown,1.2662803343949043,1.2662803343949043,1.0,0.0,MINIMAL,optimal,1,HS03439,CHPT1,1_45_Arachidonoyl_45_2_45_Acyl_45_Glycerols_c + cdpchol_c <=> 1_45_arachidonoyl_45_PC_c + cmp_c + h_c
RXN_45_20514,RXN-20514,Unknown,1.2662803343949043,1.2662803343949043,1.0,0.0,MINIMAL,optimal,9,G66_46240;HS12901;HS08670;HS00898;HS14817;HS12592;HS13315;G66_31698;HS06877,PLPP6;LPPR4;PPAP2B;PPAP2A;PPAPDC3;LPPR2;LPPR3;PLPP4;PPAP2C,1_45_Arachidonoyl_45_2_45_Acyl_45_Glycerol_45_P_c + WATER_c <=> 1_45_Arachidonoyl_45_2_45_Acyl_45_Glycerols_c + pi_c
ALKYLGLYCERONE_45_PHOSPHATE_45_SYNTHASE_45_RXN,ALKYLGLYCERONE-PHOSPHATE-SYNTHASE-RXN,Unknown,1.2662803343949043,1.2662803343949043,1.0,0.0,MINIMAL,optimal,1,HS00389,AGPS,CPD_45_415_c + Long_45_chain_45_alcohols_c <=> 1_45_ALKYL_45_GLYCERONE_45_3_45_PHOSPHATE_c + Long_45_Chain_45_Fatty_45_Acids_c + h_c
ACYLGLYCEROL_45_KINASE_45_RXN,ACYLGLYCEROL-KINASE-RXN,Unknown,1.2662803343949043,1.2662803343949043,1.0,0.0,MINIMAL,optimal,1,HS00180,AGK,CPD_45_504_c + atp_c <=> ACYL_45_SN_45_GLYCEROL_45_3P_c + adp_c + h_c
3_46_3_46_2_46_5_45_RXN,3.3.2.5-RXN,Unknown,1.2662803343949043,1.2662803343949043,1.0,0.0,MINIMAL,optimal,1,HS17432,TMEM86B,1_45_Alkenylglycerophosphoethanolamines_c + WATER_c <=> Fatty_45_Aldehydes_c + L_45_1_45_GLYCEROPHOSPHORYLETHANOL_45_AMINE_c
RXN_45_17740,RXN-17740,Unknown,1.2662803343949043,1.2662803343949043,1.0,0.0,MINIMAL,optimal,1,HS06258,ENPP2,1_45_Alkenylglycerophosphoethanolamines_c + WATER_c <=> 1_45_Alkenyl_45_phosphoglycerol_c + etha_c + h_c
RXN_45_20567,RXN-20567,Unknown,1.2662803343949043,1.2662803343949043,1.0,0.0,MINIMAL,optimal,1,HS03439,CHPT1,1_45_Palmitoyl_45_2_45_Acyl_45_Glycerols_c + cdpchol_c <=> CPD_45_17523_c + cmp_c + h_c
RXN_45_20566,RXN-20566,Unknown,1.2662803343949043,1.2662803343949043,1.0,0.0,MINIMAL,optimal,9,G66_46240;HS12901;HS08670;HS00898;HS14817;HS12592;HS13315;G66_31698;HS06877,PLPP6;LPPR4;PPAP2B;PPAP2A;PPAPDC3;LPPR2;LPPR3;PLPP4;PPAP2C,1_45_Palmitoyl_45_2_45_Acyl_45_Glycerol_45_P_c + WATER_c <=> 1_45_Palmitoyl_45_2_45_Acyl_45_Glycerols_c + pi_c
2_46_4_46_1_46_198_45_RXN,2.4.1.198-RXN,Unknown,1.2662803343949043,1.2662803343949043,1.0,0.0,MINIMAL,optimal,6,HS00218;HS02109;HS06072;HS09198;HS11965;G66_32032,PIGQ;PIGH;PIGC;PIGA;PIGP;PIGY,L_45_1_45_phosphatidyl_45_inositols_c + uacgam_c <=> CPD_45_452_c + h_c + udp_c
RXN_45_11026,RXN-11026,Unknown,1.2662803343949043,1.2662803343949043,1.0,0.0,MINIMAL,optimal,3,HS01547;HS08589;HS09732,ACOX3;ACOX1;ACOX2,OXYGEN_45_MOLECULE_c + Saturated_45_Fatty_45_Acyl_45_CoA_c <=> HYDROGEN_45_PEROXIDE_c + TRANS_45_D2_45_ENOYL_45_COA_c
1_45_PHOSPHATIDYLINOSITOL_45_3_45_KINASE_45_RXN,1-PHOSPHATIDYLINOSITOL-3-KINASE-RXN,Unknown,1.2662803343949043,1.2662803343949043,1.0,0.0,MINIMAL,optimal,5,HS03788;HS01275;HS02818;HS10353;HS04527,PIK3R4;PIK3C3;PIK3CG;PIK3CD;PIK3CA,L_45_1_45_phosphatidyl_45_inositols_c + atp_c <=> CPD_45_177_c + adp_c + h_c
RXN_45_16261,RXN-16261,Unknown,1.2662803343949043,1.2662803343949043,1.0,0.0,MINIMAL,optimal,10,HS17073;HS14288;HS04729;G66_31377;G66_30825;HS03803;HS02244;HS06584;HS07640;G66_32249,G_HS17073;PLCH2;PLCG1;PLCXD2;PLCXD3;PLCH1;PLCB4;PLCZ1;PLCB3;PLCXD1,L_45_1_45_phosphatidyl_45_inositols_c + WATER_c <=> DIACYLGLYCEROL_c + h_c + mi1p_DASH_DASH_DASH_D_c
PHOSPHATIDYLINOSITOL_45_DEACYLASE_45_RXN,PHOSPHATIDYLINOSITOL-DEACYLASE-RXN,Unknown,1.2662803343949043,1.2662803343949043,1.0,0.0,MINIMAL,optimal,6,HS13847;HS10199;HS05099;HS05614;HS17140;HS17690,G_HS13847;PLA2G1B;PLA2G2A;OC90;G_HS17140;G_HS17690,L_45_1_45_phosphatidyl_45_inositols_c + WATER_c <=> CPD_45_15180_c + Carboxylates_c + h_c
2_46_7_46_1_46_153_45_RXN,2.7.1.153-RXN,Unknown,1.2662803343949043,1.2662803343949043,1.0,0.0,MINIMAL,optimal,9,HS07270;HS16294;HS04135;HS02779;HS10353;HS04527;HS00644;HS02818;HS13887,PIK3R1;PIK3R6;PIK3R3;PIK3R2;PIK3CD;PIK3CA;PIK3CB;PIK3CG;PIK3R5,PHOSPHATIDYL_45_MYO_45_INOSITOL_45_45_45_BISPHOSPHA_c + atp_c <=> PHOSPHATIDYLINOSITOL_45_345_45_TRIPHOSPHATE_c + adp_c + h_c
3_46_1_46_4_46_11_45_RXN,3.1.4.11-RXN,Unknown,1.2662803343949043,1.2662803343949043,1.0,0.0,MINIMAL,optimal,17,HS14288;HS07195;HS08609;HS06584;HS03803;HS06473;HS03908;HS06773;HS11935;HS17073,PLCH2;PLCD1;PLCD3;PLCZ1;PLCH1;PLCE1;PLCD4;PLCG2;PLCB1;G_HS17073,PHOSPHATIDYL_45_MYO_45_INOSITOL_45_45_45_BISPHOSPHA_c + WATER_c <=> DIACYLGLYCEROL_c + h_c
PHOSPHATIDYLINOSITOL_45_BISPHOSPHATASE_45_RXN,PHOSPHATIDYLINOSITOL-BISPHOSPHATASE-RXN,Unknown,1.2662803343949043,1.2662803343949043,1.0,0.0,MINIMAL,optimal,9,HS01279;HS08354;HS09270;HS11950;HS12255;HS05626;HS07523;HS04546;HS05898,SYNJ2;SYNJ1;INPP5E;INPP5J;INPP5F;INPP5K;INPP5E;OCRL;INPP5B,PHOSPHATIDYL_45_MYO_45_INOSITOL_45_45_45_BISPHOSPHA_c + WATER_c <=> CPD_45_1108_c + pi_c
RXN_45_9779,RXN-9779,Unknown,1.2662803343949043,1.2662803343949043,1.0,0.0,MINIMAL,optimal,2,HS14553;HS15363,TMEM55A;TMEM55B,PHOSPHATIDYL_45_MYO_45_INOSITOL_45_45_45_BISPHOSPHA_c + WATER_c <=> 1_45_PHOSPHATIDYL_45_1D_45_MYO_45_INOSITOL_45_5_45_PHOSPHA_c + pi_c
2_46_7_46_1_46_68_45_RXN,2.7.1.68-RXN,Unknown,1.2662803343949043,1.2662803343949043,1.0,0.0,MINIMAL,optimal,6,HS02710;HS06865;HS10726;HS02982;HS07047;HS15520,PIP5K1C;PIP4K2B;MGC26597;PIP5K1B;PIP5K1A;PIP5KL1,CPD_45_1108_c + atp_c <=> PHOSPHATIDYL_45_MYO_45_INOSITOL_45_45_45_BISPHOSPHA_c + adp_c + h_c
2_46_7_46_1_46_154_45_RXN,2.7.1.154-RXN,Unknown,1.2662803343949043,1.2662803343949043,1.0,0.0,MINIMAL,optimal,5,HS16294;HS00315;HS05725;HS06583;HS13887,PIK3R6;PIK3C2A;PIK3C2B;PIK3C2G;PIK3R5,CPD_45_1108_c + atp_c <=> 1_45_PHOSPHATIDYL_45_1D_45_MYO_45_INOSITOL_45_34_45_BISPH_c + adp_c + h_c
RXN_45_13334,RXN-13334,Unknown,1.2662803343949043,1.2662803343949043,1.0,0.0,MINIMAL,optimal,11,HS17073;HS14288;HS04729;G66_31377;G66_30825;HS03803;HS02244;HS06584;HS07640;HS11935,G_HS17073;PLCH2;PLCG1;PLCXD2;PLCXD3;PLCH1;PLCB4;PLCZ1;PLCB3;PLCB1,CPD_45_1108_c + WATER_c <=> DIACYLGLYCEROL_c + INOSITOL_45_1_45_4_45_BISPHOSPHATE_c + h_c
RXN_45_10961,RXN-10961,Unknown,1.2662803343949043,1.2662803343949043,1.0,0.0,MINIMAL,optimal,1,HS11932,SACM1L,CPD_45_1108_c + WATER_c <=> L_45_1_45_phosphatidyl_45_inositols_c + pi_c
RXN_45_10947,RXN-10947,Unknown,1.2662803343949043,1.2662803343949043,1.0,0.0,MINIMAL,optimal,3,G66_47074;HS10404;HS05712,TPTE2P1;PTEN;TPTE2,1_45_PHOSPHATIDYL_45_1D_45_MYO_45_INOSITOL_45_34_45_BISPH_c + WATER_c <=> CPD_45_1108_c + pi_c
3_46_1_46_3_46_66_45_RXN,3.1.3.66-RXN,Unknown,1.2662803343949043,1.2662803343949043,1.0,0.0,MINIMAL,optimal,2,HS03227;HS00551,INPP4B;INPP4A,1_45_PHOSPHATIDYL_45_1D_45_MYO_45_INOSITOL_45_34_45_BISPH_c + WATER_c <=> CPD_45_177_c + pi_c
2_46_7_46_1_46_150_45_RXN,2.7.1.150-RXN,Unknown,1.2662803343949043,1.2662803343949043,1.0,0.0,MINIMAL,optimal,1,HS03825,PIKFYVE,CPD_45_177_c + atp_c <=> 1_45_PHOSPHATIDYL_45_1D_45_MYO_45_INOSITOL_45_35_45_BISPH_c + adp_c + h_c
RXN_45_10957,RXN-10957,Unknown,1.2662803343949043,1.2662803343949043,1.0,0.0,MINIMAL,optimal,1,HS07693,PIP4K2A,CPD_45_177_c + atp_c <=> 1_45_PHOSPHATIDYL_45_1D_45_MYO_45_INOSITOL_45_34_45_BISPH_c + adp_c + h_c
RXN_45_14326,RXN-14326,Unknown,1.2662803343949043,1.2662803343949043,1.0,0.0,MINIMAL,optimal,1,HS04148,DPH5,2_45_3_45_CARBOXY_45_3_45_AMINOPROPYL_45_L_45_HISTIDINE_c + 3.0 amet_c <=> 3.0 ADENOSYL_45_HOMO_45_CYS_c + DIPHTINE_c + 3.0 h_c
2_46_7_46_1_46_149_45_RXN,2.7.1.149-RXN,Unknown,1.2662803343949043,1.2662803343949043,1.0,0.0,MINIMAL,optimal,3,HS07693;HS09478;HS06865,PIP4K2A;PIP4K2C;PIP4K2B,1_45_PHOSPHATIDYL_45_1D_45_MYO_45_INOSITOL_45_5_45_PHOSPHA_c + atp_c <=> PHOSPHATIDYL_45_MYO_45_INOSITOL_45_45_45_BISPHOSPHA_c + adp_c + h_c
RXN_45_19830,RXN-19830,Unknown,1.2662803343949043,1.2662803343949043,1.0,0.0,MINIMAL,optimal,1,HS00076,CYP51A1,14a_45_formylsteroids_c + OXYGEN_45_MOLECULE_c + Red_45_NADPH_45_Hemoprotein_45_Reductases_c <=> Delta_45_14_45_steroids_c + Ox_45_NADPH_45_Hemoprotein_45_Reductases_c + WATER_c + for_c + h_c
RXN_45_19829,RXN-19829,Unknown,1.2662803343949043,1.2662803343949043,1.0,0.0,MINIMAL,optimal,1,HS00076,CYP51A1,14a_45_Hydroxymethylsteroids_c + OXYGEN_45_MOLECULE_c + Red_45_NADPH_45_Hemoprotein_45_Reductases_c <=> 14a_45_formylsteroids_c + Ox_45_NADPH_45_Hemoprotein_45_Reductases_c + 2.0 WATER_c
RXN_45_13961,RXN-13961,Unknown,1.2662803343949043,1.2662803343949043,1.0,0.0,MINIMAL,optimal,1,HS00076,CYP51A1, <=> 
RXN_45_19828,RXN-19828,Unknown,1.2662803343949043,1.2662803343949043,1.0,0.0,MINIMAL,optimal,1,HS00076,CYP51A1,14_45_alpha_45_methylsteroids_c + OXYGEN_45_MOLECULE_c + Red_45_NADPH_45_Hemoprotein_45_Reductases_c <=> 14a_45_Hydroxymethylsteroids_c + Ox_45_NADPH_45_Hemoprotein_45_Reductases_c + WATER_c
RIBONUCLEOSIDE_45_DIP_45_REDUCTI_45_RXN,RIBONUCLEOSIDE-DIP-REDUCTI-RXN,Unknown,1.2662803343949043,1.2662803343949043,1.0,0.0,MINIMAL,optimal,3,HS00602;HS09541;HS10398,RRM2B;RRM1;RRM2,Red_45_Thioredoxin_c + Ribonucleoside_45_Diphosphates_c <=> Deoxy_45_Ribonucleoside_45_Diphosphates_c + Ox_45_Thioredoxin_c + WATER_c
2_46_7_46_1_46_160_45_RXN,2.7.1.160-RXN,Unknown,1.2662803343949043,1.2662803343949043,1.0,0.0,MINIMAL,optimal,1,HS07639,TRPT1,2_45_phospho_45_ligated_45_tRNA_c + nad_c <=> CPD_45_9007_c + NIACINAMIDE_c + Spliced_45_tRNA_45_precursor_c
RXN_45_7699,RXN-7699,Unknown,1.2662803343949043,1.2662803343949043,1.0,0.0,MINIMAL,optimal,1,HS05792,HSD17B4,D_45_3_45_HYDROXYACYL_45_COA_c <=> TRANS_45_D2_45_ENOYL_45_COA_c + WATER_c
RXN66_45_485,RXN66-485,Unknown,1.2662803343949043,1.2662803343949043,1.0,0.0,MINIMAL,optimal,1,HS05792,HSD17B4,D_45_3_45_HYDROXYACYL_45_COA_c + nad_c <=> 3_45_KETOACYL_45_COA_c + h_c + nadh_c
RXN_45_13279,RXN-13279,Unknown,1.2662803343949043,1.2662803343949043,1.0,0.0,MINIMAL,optimal,1,HS06563,HADH,D_45_3_45_HYDROXYACYL_45_COA_c + nadp_c <=> 3_45_KETOACYL_45_COA_c + NADPH_c + h_c
RXN0_45_5515,RXN0-5515,Unknown,1.2662803343949043,1.2662803343949043,1.0,0.0,MINIMAL,optimal,3,HS02232;G66_47568;HS08895,CDS2;CDS2;CDS1,2_45_3_45_4_45_Saturated_45_L_45_Phosphatidates_c + ctp_c + h_c <=> CDP_45_2_45_3_45_4_45_Saturated_45_Diacylglycerols_c + ppi_c
RXN0_45_5514,RXN0-5514,Unknown,1.2662803343949043,1.2662803343949043,1.0,0.0,MINIMAL,optimal,5,HS10599;HS00306;HS00112;HS16664;HS13986,LCLAT1;ABHD5;NDUFAB1;LPCAT4;MBOAT2,Saturated_45_2_45_Lysophosphatidates_c + Saturated_45_Fatty_45_Acyl_45_ACPs_c <=> 2_45_3_45_4_45_Saturated_45_L_45_Phosphatidates_c + ACP_c
ACYLCOASYN_45_RXN,ACYLCOASYN-RXN,Unknown,1.2662803343949043,1.2662803343949043,1.0,0.0,MINIMAL,optimal,16,HS02532;HS11921;G66_31311;HS11936;HS00935;HS07766;HS01349;HS06695;HS11973;HS16174,ACSBG1;ACSM2A;ACSM4;FACL6;ACSL4;ACSL1;ACSL5;SLC27A2;ACSM5;ACSM6,CPD66_45_39_c + atp_c + coa_c <=> Saturated_45_Fatty_45_Acyl_45_CoA_c + amp_c + ppi_c
TRANS_45_RXN0_45_623,TRANS-RXN0-623,Unknown,1.2662803343949043,1.2662803343949043,1.0,0.0,MINIMAL,optimal,8,HS07766;HS00888;HS11973;HS16174;HS11921;G66_31311;HS00131;HS09445,ACSL1;ACSM2B;ACSM5;ACSM6;ACSM2A;ACSM4;ACSM3;ACSM1,CPD66_45_39_CCO_45_OUT + atp_CCO_45_OUT + coa_CCO_45_OUT + h_CCO_45_OUT <=> Saturated_45_Fatty_45_Acyl_45_CoA_CCO_45_IN + amp_CCO_45_IN + h_CCO_45_IN + ppi_CCO_45_IN
THIOESTER_45_RXN,THIOESTER-RXN,Unknown,1.2662803343949043,1.2662803343949043,1.0,0.0,MINIMAL,optimal,4,HS07821;HS04631;G66_47266;HS01875,OLAH;ACOT9;ACOT6;ACOT7,Saturated_45_Fatty_45_Acyl_45_CoA_c + WATER_c <=> CPD66_45_39_c + coa_c + h_c
RXN_45_19397,RXN-19397,Unknown,1.2662803343949043,1.2662803343949043,1.0,0.0,MINIMAL,optimal,1,G66_30734,POMK,atp_c + bGalNAc_45_13_45_bGlucNAc_45_14_45_Man_45_R_c <=> adp_c + bGalNAc_45_13_45_bGlucNAc_45_14_45_Man6P_45_R_c + h_c
ACYLCOADEHYDROG_45_RXN,ACYLCOADEHYDROG-RXN,Unknown,1.2662803343949043,1.2662803343949043,1.0,0.0,MINIMAL,optimal,1,HS03876,ACADL,ETF_45_Oxidized_m + Saturated_45_Fatty_45_Acyl_45_CoA_m + h_m <=> ETF_45_Reduced_m + TRANS_45_D2_45_ENOYL_45_COA_m
2_46_4_46_1_46_45_45_RXN,2.4.1.45-RXN,Unknown,1.2662803343949043,1.2662803343949043,1.0,0.0,MINIMAL,optimal,1,HS10812,UGT8,2_45_2_45_HYDROXYACYLSPHINGOSINE_c + udpgal_c <=> 1_45_BETA_45_D_45_GALACTOSYL_45_2_45_2_45_HYDROXYACYLS_c + h_c + udp_c
3_46_1_46_1_46_47_45_RXN,3.1.1.47-RXN,Unknown,1.2662803343949043,1.2662803343949043,1.0,0.0,MINIMAL,optimal,6,HS07320;HS09693;HS08258;HS01330;HS15413;HS00204,PLA2G7;PAFAH1B2;PAFAH2;PAFAH1B3;ASPG;PAFAH1B1,Alkyl_45_acetyl_45_glycero_45_phosphocholines_c + WATER_c <=> 1_45_Alkyl_45_sn_45_glycero_45_3_45_phosphocholines_c + ac_c + h_c
RXN_45_17731,RXN-17731,Unknown,1.2662803343949043,1.2662803343949043,1.0,0.0,MINIMAL,optimal,2,HS06434;HS05844,EPT1;CEPT1,1_45_Alkyl_45_2_45_acyl_45_glycerol_c + cdpea_c <=> 1_45_Alkyl_45_2_45_acyl_45_glycerol_45_P_45_Etn_c + cmp_c + h_c
RXN_45_17733,RXN-17733,Unknown,1.2662803343949043,1.2662803343949043,1.0,0.0,MINIMAL,optimal,2,HS03439;HS05844,CHPT1;CEPT1,1_45_Alkyl_45_2_45_acyl_45_glycerol_c + cdpchol_c <=> Plasmanylcholine_c + cmp_c + h_c
2_46_7_46_8_46_22_45_RXN,2.7.8.22-RXN,Unknown,1.2662803343949043,1.2662803343949043,1.0,0.0,MINIMAL,optimal,1,HS05844,CEPT1,1_45_ALKENYL_45_2_45_ACYLGLYCEROL_c + cdpchol_c <=> PLASMENYLCHOLINE_c + cmp_c + h_c
2_45_ACYLGLYCEROL_45_O_45_ACYLTRANSFERASE_45_RXN,2-ACYLGLYCEROL-O-ACYLTRANSFERASE-RXN,Unknown,1.2662803343949043,1.2662803343949043,1.0,0.0,MINIMAL,optimal,3,HS15437;HS04706;HS12629,MOGAT2;MOGAT1;MOGAT3,ACYL_45_COA_c + CPD_45_409_c <=> 1_45_2_45_Diglycerides_c + coa_c
RXN_45_7952,RXN-7952,Unknown,1.2662803343949043,1.2662803343949043,1.0,0.0,MINIMAL,optimal,4,HS08913;HS01328;HS01140;HS02179,ABHD6;LIPE;MGLL;ABHD12,CPD_45_409_c + WATER_c <=> Fatty_45_Acids_c + GLYCEROL_c + h_c
RXN66_45_471,RXN66-471,Unknown,1.2662803343949043,1.2662803343949043,1.0,0.0,MINIMAL,optimal,1,HS05516,HACL1,2_45_OH_45_3_45_Methyl_45_Saturated_45_Fatty_45_Acyl_45_CoA_c <=> 2_45_Me_45_Branched_45_234_45_Sat_45_FALD_c + FORMYL_45_COA_c
RXN_45_20549,RXN-20549,Unknown,1.2662803343949043,1.2662803343949043,1.0,0.0,MINIMAL,optimal,1,HS06258,ENPP2,2_45_Lyso_45_N_45_Acyl_45_Plasmalogens_c + WATER_c <=> 1_45_Alkenyl_45_phosphoglycerol_c + N_45_Acylethanolamines_c + h_c
RXN_45_20551,RXN-20551,Unknown,1.2662803343949043,1.2662803343949043,1.0,0.0,MINIMAL,optimal,1,HS06258,ENPP2,2_45_Lyso_45_N_45_Arachidonoyl_45_Plasmalogens_c + WATER_c <=> 1_45_Alkenyl_45_phosphoglycerol_c + CPD_45_7598_c + h_c
RXN66_45_483,RXN66-483,Unknown,1.2662803343949043,1.2662803343949043,1.0,0.0,MINIMAL,optimal,16,HS02532;HS11921;G66_31311;HS11936;HS00935;HS07766;HS01349;HS06695;HS11973;HS16174,ACSBG1;ACSM2A;ACSM4;FACL6;ACSL4;ACSL1;ACSL5;SLC27A2;ACSM5;ACSM6,2_45_Me_45_Branched_45_234_45_Sat_45_FA_c + atp_c + coa_c <=> 2_45_Me_45_Branched_45_234_45_Sat_45_Fatty_45_Acyl_45_CoA_c + amp_c + ppi_c
RXN66_45_472,RXN66-472,Unknown,1.2662803343949043,1.2662803343949043,1.0,0.0,MINIMAL,optimal,8,HS00182;HS03133;HS11927;HS03395;HS05686;HS06992;HS06276;HS01061,ALDH3B1;ALDH3A1;AOX2;ALDH2;ALDH3B2;ALDH9A1;ALDH1B1;ALDH3A2,2_45_Me_45_Branched_45_234_45_Sat_45_FALD_c + WATER_c + nad_c <=> 2_45_Me_45_Branched_45_234_45_Sat_45_FA_c + 2.0 h_c + nadh_c
RXN_45_11374,RXN-11374,Unknown,1.2662803343949043,1.2662803343949043,1.0,0.0,MINIMAL,optimal,1,HS04148,DPH5,2_45_3_45_CARBOXY_45_3_45_METHYLAMMONIOPROPYL_45_L_45__c + amet_c <=> 3_45_carboxy_45_3_45_dimethylammonio_45_propyl_45_L_45_his_c + ADENOSYL_45_HOMO_45_CYS_c + h_c
RXN_45_11370,RXN-11370,Unknown,1.2662803343949043,1.2662803343949043,1.0,0.0,MINIMAL,optimal,1,HS04148,DPH5,2_45_3_45_CARBOXY_45_3_45_AMINOPROPYL_45_L_45_HISTIDINE_c + amet_c <=> 2_45_3_45_CARBOXY_45_3_45_METHYLAMMONIOPROPYL_45_L_45__c + ADENOSYL_45_HOMO_45_CYS_c + h_c
METHENYLTHFCYCLOHYDRO_45_RXN,METHENYLTHFCYCLOHYDRO-RXN,Unknown,1.2662803343949043,1.2662803343949043,1.0,0.0,MINIMAL,optimal,3,HS00858;HS02138;HS08926,MTHFD2;MTHFD1;MTHFD2L,5_45_10_45_METHENYL_45_THF_45_GLU_45_N_m + WATER_m <=> FORMYL_45_THF_45_GLU_45_N_m + h_m
RXN_45_11373,RXN-11373,Unknown,1.2662803343949043,1.2662803343949043,1.0,0.0,MINIMAL,optimal,1,HS04148,DPH5,3_45_carboxy_45_3_45_dimethylammonio_45_propyl_45_L_45_his_c + amet_c <=> ADENOSYL_45_HOMO_45_CYS_c + DIPHTINE_c + h_c
RXN_45_13686,RXN-13686,Unknown,1.2662803343949043,1.2662803343949043,1.0,0.0,MINIMAL,optimal,1,HS05604,HSD17B7,3_45_Oxosteroids_c + NADPH_c + h_c <=> 3_45_Beta_45_Hydroxysterols_c + nadp_c
POLYNUCLEOTIDE_45_3_45_PHOSPHATASE_45_RXN,POLYNUCLEOTIDE-3-PHOSPHATASE-RXN,Unknown,1.2662803343949043,1.2662803343949043,1.0,0.0,MINIMAL,optimal,1,HS00544,PNKP,3_45_Phosphopolynucleotides_c + WATER_c <=> Polynucleotide_45_Holder_c
RXN_45_11757,RXN-11757,Unknown,1.2662803343949043,1.2662803343949043,1.0,0.0,MINIMAL,optimal,1,HS05632,COQ3,34_45_Dihydroxy_45_5_45_Polyprenylbenzoates_c + amet_c <=> 3_45_Methoxy_45_4_45_Hydroxy_45_5_45_Polyprenylbenzoate_c + ADENOSYL_45_HOMO_45_CYS_c + h_c
RXN_45_12160,RXN-12160,Unknown,1.2662803343949043,1.2662803343949043,1.0,0.0,MINIMAL,optimal,1,HS05632,COQ3,3_45_Polyrenyl_45_benzene_45_1_45_2_45_diols_c + amet_c <=> 2_45_Methoxy_45_6_45_polyprenyl_45_phenols_c + ADENOSYL_45_HOMO_45_CYS_c + h_c
3_46_1_46_1_46_77_45_RXN,3.1.1.77-RXN,Unknown,1.2662803343949043,1.2662803343949043,1.0,0.0,MINIMAL,optimal,1,HS06138,AOAH,3_45_ACYLOXYACYL_45_GROUP_45_OF_45_BACTERIAL_45_TOXIN_c + WATER_c <=> 3_45_HYDROXYACYL_45_GROUP_45_OF_45_BACTERIAL_45_TOXIN_c + Fatty_45_Acids_c + h_c
RXN_45_18948,RXN-18948,Unknown,1.2662803343949043,1.2662803343949043,1.0,0.0,MINIMAL,optimal,1,HS01515,POMGNT1,O_45_D_45_MANNOSYL_45_PROTEIN_c + uacgam_c <=> GlcNAc_45_b2_45_O_45_D_45_mannosyl_45_Protein_c + h_c + udp_c
RXN_45_19399,RXN-19399,Unknown,1.2662803343949043,1.2662803343949043,1.0,0.0,MINIMAL,optimal,1,HS14042,POMGNT2,O_45_D_45_MANNOSYL_45_PROTEIN_c + uacgam_c <=> bGlucNAc_45_14_45_Man_45_R_c + h_c + udp_c
2_46_4_46_1_46_133_45_RXN,2.4.1.133-RXN,Unknown,1.2662803343949043,1.2662803343949043,1.0,0.0,MINIMAL,optimal,1,HS00459,B4GALT7,Core_45_Protein_45_L_45_Ser_45_Xyl_c + udpgal_c <=> CPD_45_8202_c + h_c + udp_c
2_46_4_46_1_46_225_45_RXN,2.4.1.225-RXN,Unknown,1.2662803343949043,1.2662803343949043,1.0,0.0,MINIMAL,optimal,2,HS00012;HS07726,EXT1;EXT2,GlcNAc_45_GlcA_45_Gal_45_Gal_45_Xyl_45_Protein_c + udpglcur_c <=> GlcA_45_GlcNAc_45_GlcA_45_Gal_45_Gal_45_Xyl_45_Protein_c + h_c + udp_c
RXN_45_19405,RXN-19405,Unknown,1.2662803343949043,1.2662803343949043,1.0,0.0,MINIMAL,optimal,2,HS05762;HS09299,LARGE;LARGE2,XylGlcAXylRbo5Px2GalNAcGlucNAcMan6PR_c + udpglcur_c <=> GlcAXylGlcAXylRbo5Px2GalNAcGlucNAcMan6PR_c + h_c + udp_c
2_46_4_46_1_46_135_45_RXN,2.4.1.135-RXN,Unknown,1.2662803343949043,1.2662803343949043,1.0,0.0,MINIMAL,optimal,3,HS03272;HS03557;HS07624,B3GAT1;B3GAT2;B3GAT3,Gal_45_Gal_45_Xyl_45_Proteins_c + udpglcur_c <=> GlcA_45_Gal_45_Gal_45_Xyl_45_Proteins_c + h_c + udp_c
RXN_45_16324,RXN-16324,Unknown,1.2662803343949043,1.2662803343949043,1.0,0.0,MINIMAL,optimal,2,HS12080;HS13103,CSGLCAT;CHPF,GalNAc_45_GlcA_45_Gal_45_Gal_45_Xyl_45_Proteins_c + udpglcur_c <=> GlcA_45_GalNAc_45_GlcA_45_Gal_45_Gal_45_Xyl_45_Proteins_c + h_c + udp_c
2_46_4_46_1_46_224_45_RXN,2.4.1.224-RXN,Unknown,1.2662803343949043,1.2662803343949043,1.0,0.0,MINIMAL,optimal,3,HS00012;HS07726;HS08259,EXT1;EXT2;EXTL1,GlcA_45_GlcNAc_45_GlcA_45_Gal_45_Gal_45_Xyl_45_Protein_c + uacgam_c <=> GlcNAc_45_GlcA_45_GlcNAc_45_GlcA_45_Gal_45_Gal_45_Xyl_45_Core_c + h_c + udp_c
2_46_4_46_1_46_223_45_RXN,2.4.1.223-RXN,Unknown,1.2662803343949043,1.2662803343949043,1.0,0.0,MINIMAL,optimal,3,HS08719;HS00333;HS04186,EXTL2;EXTL3;A4GNT,GlcA_45_Gal_45_Gal_45_Xyl_45_Proteins_c + uacgam_c <=> GlcNAc_45_GlcA_45_Gal_45_Gal_45_Xyl_45_Protein_c + h_c + udp_c
RXN_45_20490,RXN-20490,Unknown,1.2662803343949043,1.2662803343949043,1.0,0.0,MINIMAL,optimal,1,HS02028,MCAT,PedD_45_ACP_c + malcoa_c <=> Malonyl_45_PedD_c + coa_c
PHOSPHASERDECARB_45_RXN,PHOSPHASERDECARB-RXN,Unknown,1.2662803343949043,1.2662803343949043,1.0,0.0,MINIMAL,optimal,1,HS01985,PISD,L_45_1_45_PHOSPHATIDYL_45_SERINE_c + h_c <=> CARBON_45_DIOXIDE_c + L_45_1_45_PHOSPHATIDYL_45_ETHANOLAMINE_c
RXN_45_20543,RXN-20543,Unknown,1.2662803343949043,1.2662803343949043,1.0,0.0,MINIMAL,optimal,5,HS13847;HS05099;HS05614;HS17140;HS17690,G_HS13847;PLA2G2A;OC90;G_HS17140;G_HS17690,L_45_1_45_PHOSPHATIDYL_45_SERINE_c + WATER_c <=> 1_45_Acyl_45_2_45_Lysophosaphatidylserines_c + Fatty_45_Acids_c + h_c
RXN_45_20542,RXN-20542,Unknown,1.2662803343949043,1.2662803343949043,1.0,0.0,MINIMAL,optimal,1,HS07209,PLA1A,L_45_1_45_PHOSPHATIDYL_45_SERINE_c + WATER_c <=> 1_45_Lysophosphatidylserines_c + Fatty_45_Acids_c + h_c
RXN66_45_469,RXN66-469,Unknown,1.2662803343949043,1.2662803343949043,1.0,0.0,MINIMAL,optimal,16,HS02532;HS11921;G66_31311;HS11936;HS00935;HS07766;HS01349;HS06695;HS11973;HS16174,ACSBG1;ACSM2A;ACSM4;FACL6;ACSL4;ACSL1;ACSL5;SLC27A2;ACSM5;ACSM6,3_45_Methyl_45_Saturated_45_Fatty_45_Acids_c + atp_c + coa_c <=> 3_45_Methyl_45_Saturated_45_Fatty_45_Acyl_45_CoA_c + amp_c + ppi_c
RXN66_45_470,RXN66-470,Unknown,1.2662803343949043,1.2662803343949043,1.0,0.0,MINIMAL,optimal,2,HS03003;HS16453,PHYH;PHYHD1,3_45_Methyl_45_Saturated_45_Fatty_45_Acyl_45_CoA_c + OXYGEN_45_MOLECULE_c + akg_c <=> 2_45_OH_45_3_45_Methyl_45_Saturated_45_Fatty_45_Acyl_45_CoA_c + CARBON_45_DIOXIDE_c + succ_c
2_46_4_46_1_46_134_45_RXN,2.4.1.134-RXN,Unknown,1.2662803343949043,1.2662803343949043,1.0,0.0,MINIMAL,optimal,1,HS10991,B3GALT6,CPD_45_8202_c + udpgal_c <=> Gal_45_Gal_45_Xyl_45_Proteins_c + h_c + udp_c
3_45_OXOACID_45_COA_45_TRANSFERASE_45_RXN,3-OXOACID-COA-TRANSFERASE-RXN,Unknown,1.2662803343949043,1.2662803343949043,1.0,0.0,MINIMAL,optimal,2,HS01447;HS11579,OXCT1;OXCT2,A_45_3_45_OXO_45_ACID_c + succoa_c <=> 3_45_KETOACYL_45_COA_c + succ_c
1_46_3_46_99_46_5_45_RXN,1.3.99.5-RXN,Unknown,1.2662803343949043,1.2662803343949043,1.0,0.0,MINIMAL,optimal,2,HS07261;HS00619,SRD5A1;SRD5A2,3_45_Oxo_45_Delta_45_4_45_Steroids_c + NADPH_c + h_c <=> 3_45_Oxo_45_5_45_Alpha_45_Steroids_c + nadp_c
3_45_OXO_45_5_45_BETA_45_STEROID_45_4_45_DEHYDROGENASE_45_RXN,3-OXO-5-BETA-STEROID-4-DEHYDROGENASE-RXN,Unknown,1.2662803343949043,1.2662803343949043,1.0,0.0,MINIMAL,optimal,1,HS04603,AKR1D1,3_45_Oxo_45_5_45_Beta_45_Steroids_c + Acceptor_c <=> 3_45_Oxo_45_Delta_45_4_45_Steroids_c + Donor_45_H2_c
RXN_45_14206,RXN-14206,Unknown,1.2662803343949043,1.2662803343949043,1.0,0.0,MINIMAL,optimal,2,HS09360;HS13433,PCBD1;PCBD2,4a_45_Hydroxytetrahydroopteridines_c <=> 67_45_DIHYDROPTERIDINE_c + WATER_c
MRNA_45_GUANINE_45_N7_45__45_METHYLTRANSFERASE_45_RXN,MRNA-GUANINE-N7--METHYLTRANSFERASE-RXN,Unknown,1.2662803343949043,1.2662803343949043,1.0,0.0,MINIMAL,optimal,1,HS02296,RNMT,G5_45_pppR_45_mRNAs_c + amet_c <=> ADENOSYL_45_HOMO_45_CYS_c + m7G5_45_pppR_45_mRNAs_c
RXN_45_12817,RXN-12817,Unknown,1.2662803343949043,1.2662803343949043,1.0,0.0,MINIMAL,optimal,2,G66_47107;HS14106,NUDT16;DCP2,WATER_c + m7G5_45_pppR_45_mRNAs_c <=> 5_45_P_45_purine_45_mRNAs_c + CPD_45_13855_c + 2.0 h_c
POLYNUCLEOTIDE_45_5_45_HYDROXYL_45_KINASE_45_RXN,POLYNUCLEOTIDE-5-HYDROXYL-KINASE-RXN,Unknown,1.2662803343949043,1.2662803343949043,1.0,0.0,MINIMAL,optimal,2,HS10512;HS00544,CLP1;PNKP,5_45_Dephospho_45_DNA_c + atp_c <=> 5_45_Phospho_45_DNA_c + adp_c + h_c
RXN_45_17942,RXN-17942,Unknown,1.2662803343949043,1.2662803343949043,1.0,0.0,MINIMAL,optimal,6,HS16618;HS15970;HS01337;HS12295;HS13603;HS02006,ZBTB8OS;FAM98B;DDX1;C14orf166;C2orf49;RTCB,Pre_45_tRNA_45_3_45_prime_45_half_45_molecules_c + Pre_45_tRNA_45_5_45_prime_45_half_45_molecules_c + WATER_c + gtp_c <=> Spliced_45_tRNA_45_precursor_c + gmp_c + h_c + ppi_c
POLYNUCLEOTIDE_45_5_45_PHOSPHATASE_45_RXN,POLYNUCLEOTIDE-5-PHOSPHATASE-RXN,Unknown,1.2662803343949043,1.2662803343949043,1.0,0.0,MINIMAL,optimal,1,HS03479,RNGTT,5_45_ppp_45_Pur_45_mRNA_c + WATER_c <=> CPD_45_8630_c + h_c + pi_c
RXN_45_12473,RXN-12473,Unknown,1.2662803343949043,1.2662803343949043,1.0,0.0,MINIMAL,optimal,2,HS09033;HS04742,MOCS2;MOCS3,Carboxyadenylated_45_MPT_45_synthases_c + Donor_45_H2_c + L_45_Cysteine_45_Desulfurase_45_persulfide_c <=> Acceptor_c + Cysteine_45_Desulfurase_45_L_45_cysteine_c + Thiocarboxylated_45_MPT_45_synthases_c + amp_c + h_c
METHYLENETHFDEHYDROG_45_NADP_45_RXN,METHYLENETHFDEHYDROG-NADP-RXN,Unknown,1.2662803343949043,1.2662803343949043,1.0,0.0,MINIMAL,optimal,2,HS02138;HS08926,MTHFD1;MTHFD2L,mlthf_c + nadp_c <=> NADPH_c + methf_c
1_46_5_46_1_46_15_45_RXN,1.5.1.15-RXN,Unknown,1.2662803343949043,1.2662803343949043,1.0,0.0,MINIMAL,optimal,1,HS00858,MTHFD2,mlthf_m + nad_m <=> methf_m + nadh_m
THYMIDYLATESYN_45_RXN,THYMIDYLATESYN-RXN,Unknown,1.2662803343949043,1.2662803343949043,1.0,0.0,MINIMAL,optimal,1,HS11096,TYMS,dump_c + mlthf_c <=> TMP_c + dhf_c
1_46_5_46_1_46_34_45_RXN,1.5.1.34-RXN,Unknown,1.2662803343949043,1.2662803343949043,1.0,0.0,MINIMAL,optimal,1,HS07746,QDPR,67_45_DIHYDROPTERIDINE_c + NADH_45_P_45_OR_45_NOP_c + h_c <=> 5678_45_TETRAHYDROPTERIDINE_c + NAD_45_P_45_OR_45_NOP_c
RXN_45_18699,RXN-18699,Unknown,1.2662803343949043,1.2662803343949043,1.0,0.0,MINIMAL,optimal,3,G_55129;HS15524;HS06936,CTU2;URM1;CTU1,5_45_2_45_me_45_oxy_45_2_45_oxo_45_et_45_ur_45_34_45_tRNA_c + Thiocarboxylated_45_URM1_c + WATER_c + atp_c <=> URM1_c + amp_c + 2.0 h_c + mcm5s2U_45_34_45_tRNA_c + ppi_c
GAMMA_45_GLUTAMYLTRANSFERASE_45_RXN,GAMMA-GLUTAMYLTRANSFERASE-RXN,Unknown,1.2662803343949043,1.2662803343949043,1.0,0.0,MINIMAL,optimal,8,HS05482;HS09617;HS05767;HS07611;G66_32539;EG10374;G66_33327;HS01949,GGT7;GGT6;GGT2;GGTLC1;GGT3P;ggt;GGTLC3;GGT5,5_45_L_45_GLUTAMYL_45_PEPTIDE_c + Amino_45_Acids_c <=> 5_45_L_45_GLUTAMYL_45_AMINO_45_ACID_c + Peptides_45_holder_c + 2.0 h_c
1_46_5_46_1_46_20_45_RXN,1.5.1.20-RXN,Unknown,1.2662803343949043,1.2662803343949043,1.0,0.0,MINIMAL,optimal,1,HS11117,MTHFR,5_45_METHYL_45_THF_45_GLU_45_N_c + NAD_45_P_45_OR_45_NOP_c <=> METHYLENE_45_THF_45_GLU_45_N_c + NADH_45_P_45_OR_45_NOP_c + h_c
3_46_1_46_1_46_69_45_RXN,3.1.1.69-RXN,Unknown,1.2662803343949043,1.2662803343949043,1.0,0.0,MINIMAL,optimal,1,HS03111,PIGL,CPD_45_452_c + WATER_c <=> CPD_45_1113_c + ac_c
RXN0_45_6522,RXN0-6522,Unknown,1.2662803343949043,1.2662803343949043,1.0,0.0,MINIMAL,optimal,4,HS10663;HS09286;HS09943;HS10407,RNASE8;RNASE7;RNASE6;RNASEH1,9S_45_RRNA_c + 2.0 WATER_c <=> 5S_45_rRNAs_c + 2.0 rRNA_45_fragments_c
HOLOCYTOCHROME_45_C_45_SYNTHASE_45_RXN,HOLOCYTOCHROME-C-SYNTHASE-RXN,Unknown,1.2662803343949043,1.2662803343949043,1.0,0.0,MINIMAL,optimal,1,HS00120,HCCS,Apocytochromes_45_c_c + PROTOHEME_c <=> Cytochromes_45_c_c
RXN_45_17016,RXN-17016,Unknown,1.2662803343949043,1.2662803343949043,1.0,0.0,MINIMAL,optimal,5,HS06534;HS08315;G66_32105;HS04350;HS00112,AGPAT9;AGPAT6;GPAT2;GPAM;NDUFAB1,Cis_45_vaccenoyl_45_ACPs_c + glyc3p_c <=> ACP_c + CPD_45_18348_c
RXN_45_17015,RXN-17015,Unknown,1.2662803343949043,1.2662803343949043,1.0,0.0,MINIMAL,optimal,5,HS10599;HS00306;HS00112;HS16664;HS13986,LCLAT1;ABHD5;NDUFAB1;LPCAT4;MBOAT2,CPD_45_18348_c + Cis_45_vaccenoyl_45_ACPs_c <=> ACP_c + CPD_45_18353_c
RXN_45_17014,RXN-17014,Unknown,1.2662803343949043,1.2662803343949043,1.0,0.0,MINIMAL,optimal,5,HS10599;HS00306;HS00112;HS16664;HS13986,LCLAT1;ABHD5;NDUFAB1;LPCAT4;MBOAT2,1_45_PALMITOYLGLYCEROL_45_3_45_PHOSPHATE_c + Cis_45_vaccenoyl_45_ACPs_c <=> ACP_c + CPD_45_18352_c
RXN_45_20482,RXN-20482,Unknown,1.2662803343949043,1.2662803343949043,1.0,0.0,MINIMAL,optimal,1,HS02028,MCAT,BryP_45_ACP_c + malcoa_c <=> Malonyl_45_BryP_45_ACP_c + coa_c
RXN_45_20481,RXN-20481,Unknown,1.2662803343949043,1.2662803343949043,1.0,0.0,MINIMAL,optimal,1,HS02028,MCAT,BryU_45_ACP_c + malcoa_c <=> Malonyl_45_BryU_45_ACP_c + coa_c
3_46_4_46_18_46_1_45_RXN,3.4.18.1-RXN,Unknown,1.2662803343949043,1.2662803343949043,1.0,0.0,MINIMAL,optimal,1,HS02205,CTSZ,Cathepsin_45_X_45_Substrates_c + WATER_c <=> L_45_Amino_45_Acids_c + Peptides_45_holder_c
RXN_45_20498,RXN-20498,Unknown,1.2662803343949043,1.2662803343949043,1.0,0.0,MINIMAL,optimal,1,HS02028,MCAT,PedN_45_ACP_c + malcoa_c <=> Malonyl_45_PedN_45_ACP_c + coa_c
RXN66_45_610,RXN66-610,Unknown,1.2662803343949043,1.2662803343949043,1.0,0.0,MINIMAL,optimal,1,HS09992,FASN,Holo_45_Fatty_45_Acid_45_Synthase_45_ACPs_c + accoa_c <=> Acetyl_45_TYPE_45_I_45_FAS_45_ACP_c + coa_c
RXN_45_10949,RXN-10949,Unknown,1.2662803343949043,1.2662803343949043,1.0,0.0,MINIMAL,optimal,3,HS06822;HS05783;HS02567,IMPA2;IMPA1;IMPAD1,Myo_45_inositol_45_monophosphates_c + WATER_c <=> MYO_45_INOSITOL_c + pi_c
3_46_4_46_24_46_57_45_RXN,3.4.24.57-RXN,Unknown,1.2662803343949043,1.2662803343949043,1.0,0.0,MINIMAL,optimal,2,HS01757;HS05216,OSGEP;OSGEPL1,O_45_Sialoglycoproteins_c + WATER_c <=> 2.0 Peptides_45_holder_c + 2.0 h_c
3_46_4_46_22_46_40_45_RXN,3.4.22.40-RXN,Unknown,1.2662803343949043,1.2662803343949043,1.0,0.0,MINIMAL,optimal,1,HS03127,BLMH,Bleomycins_c + WATER_c <=> Deamido_45_bleomycins_c + nh4_c
2_46_7_46_11_46_4_45_RXN,2.7.11.4-RXN,Unknown,1.2662803343949043,1.2662803343949043,1.0,0.0,MINIMAL,optimal,4,HS04086;HS02514;HS11695;HS11696,AKT3;BCKDK;BCKDHA;BCKDHB,Branched_45_chain_45_2_45_keto_45_acid_45_deHase_c + atp_c <=> Branched_45_chain_45_2_45_keto_45_acid_45_deH_45_P_c + adp_c
RXN66_45_617,RXN66-617,Unknown,1.2662803343949043,1.2662803343949043,1.0,0.0,MINIMAL,optimal,1,HS09992,FASN,Crotonyl_45_TYPE_45_I_45_FAS_45_ACPs_c + NADPH_c + h_c <=> Butanoyl_45_TYPE_45_I_45_FAS_45_ACPs_c + nadp_c
RXN66_45_618,RXN66-618,Unknown,1.2662803343949043,1.2662803343949043,1.0,0.0,MINIMAL,optimal,1,HS09992,FASN,Butanoyl_45_TYPE_45_I_45_FAS_45_ACPs_c + h_c + malcoa_c <=> 3_45_oxo_45_hexanoyl_45_TYPE_45_I_45_FAS_45_ACPs_c + CARBON_45_DIOXIDE_c + coa_c
RXN_45_9515,RXN-9515,Unknown,1.2662803343949043,1.2662803343949043,1.0,0.0,MINIMAL,optimal,1,HS04010,MECR,Crotonyl_45_ACPs_c + NADPH_c + h_c <=> Butanoyl_45_ACPs_c + nadp_c
RXN_45_9648,RXN-9648,Unknown,1.2662803343949043,1.2662803343949043,1.0,0.0,MINIMAL,optimal,1,HS07707,OXSM,Butanoyl_45_ACPs_c + h_c + malcoa_c <=> 3_45_oxo_45_hexanoyl_45_ACPs_c + CARBON_45_DIOXIDE_c + coa_c
STEROID_45_17_45_ALPHA_45_MONOOXYGENASE_45_RXN,STEROID-17-ALPHA-MONOOXYGENASE-RXN,Unknown,1.2662803343949043,1.2662803343949043,1.0,0.0,MINIMAL,optimal,1,HS07560,CYP17A1,C21_45_Steroids_c + OXYGEN_45_MOLECULE_c + Red_45_NADPH_45_Hemoprotein_45_Reductases_c <=> 17a_45_hydroxy_45_C21_45_steroids_c + Ox_45_NADPH_45_Hemoprotein_45_Reductases_c + WATER_c
STEROID_45_21_45_MONOOXYGENASE_45_RXN,STEROID-21-MONOOXYGENASE-RXN,Unknown,1.2662803343949043,1.2662803343949043,1.0,0.0,MINIMAL,optimal,1,HS09769,CYP21A2,C21_45_Steroids_c + OXYGEN_45_MOLECULE_c + Red_45_NADPH_45_Hemoprotein_45_Reductases_c <=> 21_45_Hydroxysteroids_c + Ox_45_NADPH_45_Hemoprotein_45_Reductases_c + WATER_c
3_46_4_46_22_46_52_45_RXN,3.4.22.52-RXN,Unknown,1.2662803343949043,1.2662803343949043,1.0,0.0,MINIMAL,optimal,1,HS00359,CAPN1,Calpain_45_1_45_Substrates_c + WATER_c <=> 2.0 Peptides_45_holder_c + 2.0 h_c
3_46_4_46_22_46_53_45_RXN,3.4.22.53-RXN,Unknown,1.2662803343949043,1.2662803343949043,1.0,0.0,MINIMAL,optimal,2,G66_31418;HS08758,CAPN8;CAPN2,Calpain_45_2_45_Substrates_c + WATER_c <=> 2.0 Peptides_45_holder_c + 2.0 h_c
3_46_4_46_22_46_54_45_RXN,3.4.22.54-RXN,Unknown,1.2662803343949043,1.2662803343949043,1.0,0.0,MINIMAL,optimal,2,HS01773;HS07597,CAPN3;CAPN5,Calpain_45_3_45_Substrates_c + WATER_c <=> 2.0 Peptides_45_holder_c + 2.0 h_c
RXN_45_13993,RXN-13993,Unknown,1.2662803343949043,1.2662803343949043,1.0,0.0,MINIMAL,optimal,1,HS03459,AICDA,Cytidine_45_In_45_Single_45_Stranded_45_DNAs_c + WATER_c + h_c <=> Uracil_45_In_45_Single_45_Stranded_45_DNAs_c + nh4_c
RXN_45_18701,RXN-18701,Unknown,1.2662803343949043,1.2662803343949043,1.0,0.0,MINIMAL,optimal,2,HS15524;HS04742,URM1;MOCS3,Carboxyadenylated_45_URM1_c + Donor_45_H2_c + MOCS3_45_S_45_sulfanylcysteine_c <=> Acceptor_c + MOCS3_45_L_45_cysteine_c + Thiocarboxylated_45_URM1_c + amp_c + h_c
CARBOXYLESTERASE_45_RXN,CARBOXYLESTERASE-RXN,Unknown,1.2662803343949043,1.2662803343949043,1.0,0.0,MINIMAL,optimal,5,HS10575;HS08398;HS10576;HS10578;HS11616,CES8;CES7;CES3;CES2;CES1,Carboxylic_45_esters_c + WATER_c <=> Alcohols_c + Carboxylates_c + h_c
RXN_45_12461,RXN-12461,Unknown,1.2662803343949043,1.2662803343949043,1.0,0.0,MINIMAL,optimal,2,HS16172;HS06390,TRMT112;ALKBH8,amet_c + carbo_45_me_45_ur_45_34_45_tRNA_c <=> 5_45_2_45_me_45_oxy_45_2_45_oxo_45_et_45_ur_45_34_45_tRNA_c + ADENOSYL_45_HOMO_45_CYS_c
CARBOXYPEPTIDASE_45_A_45_RXN,CARBOXYPEPTIDASE-A-RXN,Unknown,1.2662803343949043,1.2662803343949043,1.0,0.0,MINIMAL,optimal,4,HS08930;HS08305;HS01745;HS09181,CPA3;CPA5;CPA1;CPA6,Carboxypeptidase_45_A_45_Substrates_c + WATER_c <=> L_45_Amino_45_Acids_c + Peptides_45_holder_c
3_46_4_46_16_46_5_45_RXN,3.4.16.5-RXN,Unknown,1.2662803343949043,1.2662803343949043,1.0,0.0,MINIMAL,optimal,1,HS00808,CTSA,Carboxypeptidase_45_C_45_Substrates_c + WATER_c <=> Amino_45_Acids_45_20_c + Peptides_45_holder_c
3_46_4_46_22_46_63_45_RXN,3.4.22.63-RXN,Unknown,1.2662803343949043,1.2662803343949043,1.0,0.0,MINIMAL,optimal,1,HS00093,CASP10,Caspase_45_10_45_Substrates_c + WATER_c <=> 2.0 Peptides_45_holder_c + 2.0 h_c
3_46_4_46_22_46_55_45_RXN,3.4.22.55-RXN,Unknown,1.2662803343949043,1.2662803343949043,1.0,0.0,MINIMAL,optimal,1,HS02869,CASP2,Caspase_45_2_45_Substrates_c + WATER_c <=> 2.0 Peptides_45_holder_c + 2.0 h_c
3_46_4_46_22_46_56_45_RXN,3.4.22.56-RXN,Unknown,1.2662803343949043,1.2662803343949043,1.0,0.0,MINIMAL,optimal,1,HS09058,CASP3,Caspase_45_3_45_Substrates_c + WATER_c <=> 2.0 Peptides_45_holder_c + 2.0 h_c
3_46_4_46_22_46_57_45_RXN,3.4.22.57-RXN,Unknown,1.2662803343949043,1.2662803343949043,1.0,0.0,MINIMAL,optimal,1,HS06388,CASP4,Caspase_45_4_45_Substrates_c + WATER_c <=> 2.0 Peptides_45_holder_c + 2.0 h_c
3_46_4_46_22_46_58_45_RXN,3.4.22.58-RXN,Unknown,1.2662803343949043,1.2662803343949043,1.0,0.0,MINIMAL,optimal,1,HS06389,CASP5,Caspase_45_5_45_Substrates_c + WATER_c <=> 2.0 Peptides_45_holder_c + 2.0 h_c
3_46_4_46_22_46_59_45_RXN,3.4.22.59-RXN,Unknown,1.2662803343949043,1.2662803343949043,1.0,0.0,MINIMAL,optimal,2,HS07786;HS06561,MCHR2;CASP6,Caspase_45_6_45_Substrates_c + WATER_c <=> Peptide_45_with_45_C_45_terminal_45_Aspartate_c + Peptides_45_holder_c + 2.0 h_c
3_46_4_46_22_46_60_45_RXN,3.4.22.60-RXN,Unknown,1.2662803343949043,1.2662803343949043,1.0,0.0,MINIMAL,optimal,1,HS09288,CASP7,Caspase_45_7_45_Substrates_c + WATER_c <=> Peptide_45_with_45_C_45_terminal_45_Aspartate_c + Peptides_45_holder_c + 2.0 h_c
3_46_4_46_22_46_61_45_RXN,3.4.22.61-RXN,Unknown,1.2662803343949043,1.2662803343949043,1.0,0.0,MINIMAL,optimal,2,HS00790;HS00094,CASP8;CFLAR,Caspase_45_8_45_Substrates_c + WATER_c <=> Peptide_45_with_45_C_45_terminal_45_Aspartate_c + Peptides_45_holder_c + 2.0 h_c
3_46_4_46_22_46_62_45_RXN,3.4.22.62-RXN,Unknown,1.2662803343949043,1.2662803343949043,1.0,0.0,MINIMAL,optimal,1,HS05705,CASP9,Caspase_45_9_45_Substrates_c + WATER_c <=> 2.0 Peptides_45_holder_c + 2.0 h_c
CATECHOL_45_O_45_METHYLTRANSFERASE_45_RXN,CATECHOL-O-METHYLTRANSFERASE-RXN,Unknown,1.2662803343949043,1.2662803343949043,1.0,0.0,MINIMAL,optimal,3,G66_31611;HS01791;HS09260,LRTOMT;COMT;COMTD1,Catechols_c + amet_c <=> ADENOSYL_45_HOMO_45_CYS_c + Guaiacols_c + h_c
3_46_4_46_13_46_18_45_RXN,3.4.13.18-RXN,Unknown,1.2662803343949043,1.2662803343949043,1.0,0.0,MINIMAL,optimal,2,HS01144;HS05755,DPP8;CNDP2,DIPEPTIDES_c + WATER_c <=> 2.0 Amino_45_Acids_45_20_c
TRANS_45_RXN66_45_1153,TRANS-RXN66-1153,Unknown,1.2662803343949043,1.2662803343949043,1.0,0.0,MINIMAL,optimal,10,HS10096;HS03142;G66_33190;HS07154;HS09448;G66_32073;HS03350;HS13501;HS10906;G66_31009,CNGB3;ACCN1;CNGA1;CNGA3;CATSPER2;ACCN3;ACCN2;CATSPERB;CATSPER1;CATSPER4,Cations_e <=> Cations_c
RXN_45_20525,RXN-20525,Unknown,1.2662803343949043,1.2662803343949043,1.0,0.0,MINIMAL,optimal,1,HS02513,CDIPT,CDP_45_1_45_Acyl_45_2_45_Arachidonoyl_45_Glycerols_c + MYO_45_INOSITOL_c <=> 1_45_Acyl_45_2_45_Arachindonoyl_45_PIs_c + cmp_c + h_c
PHOSPHAGLYPSYN_45_RXN,PHOSPHAGLYPSYN-RXN,Unknown,1.2662803343949043,1.2662803343949043,1.0,0.0,MINIMAL,optimal,1,HS01560,PGS1,CDPDIACYLGLYCEROL_c + glyc3p_c <=> L_45_1_45_PHOSPHATIDYL_45_GLYCEROL_45_P_c + cmp_c + h_c
2_46_7_46_8_46_11_45_RXN,2.7.8.11-RXN,Unknown,1.2662803343949043,1.2662803343949043,1.0,0.0,MINIMAL,optimal,1,HS02513,CDIPT,CDPDIACYLGLYCEROL_c + MYO_45_INOSITOL_c <=> L_45_1_45_phosphatidyl_45_inositols_c + cmp_c + h_c
RXN_45_8141,RXN-8141,Unknown,1.2662803343949043,1.2662803343949043,1.0,0.0,MINIMAL,optimal,1,HS01606,CRLS1,CDPDIACYLGLYCEROL_c + L_45_1_45_PHOSPHATIDYL_45_GLYCEROL_c <=> CARDIOLIPIN_c + cmp_c + h_c
CERAMIDE_45_KINASE_45_RXN,CERAMIDE-KINASE-RXN,Unknown,1.2662803343949043,1.2662803343949043,1.0,0.0,MINIMAL,optimal,1,HS02080,CERK,Ceramides_c + atp_c <=> CPD_45_502_c + adp_c + h_c
2_46_7_46_8_46_27_45_RXN,2.7.8.27-RXN,Unknown,1.2662803343949043,1.2662803343949043,1.0,0.0,MINIMAL,optimal,0,,,Ceramides_c + PHOSPHATIDYLCHOLINE_c <=> DIACYLGLYCEROL_c + Sphingomyelins_c
RXN_45_11375,RXN-11375,Unknown,1.2662803343949043,1.2662803343949043,1.0,0.0,MINIMAL,optimal,1,G66_33393,ASAH2,Ceramides_c + WATER_c <=> Fatty_45_Acids_c + Sphingoids_c
RXN_45_12309,RXN-12309,Unknown,1.2662803343949043,1.2662803343949043,1.0,0.0,MINIMAL,optimal,2,HS05727;HS11219,CHIT1;CHID1,Chitodextrins_c + WATER_c <=> CHITOBIOSE_c
3_46_4_46_21_46_2_45_RXN,3.4.21.2-RXN,Unknown,1.2662803343949043,1.2662803343949043,1.0,0.0,MINIMAL,optimal,1,HS08679,CTRC,Chymotrypsin_45_C_45_Substrates_c + WATER_c <=> Peptide_45_Holder_45_Alternative_c + Peptides_45_holder_c
3_46_4_46_24_46_3_45_RXN,3.4.24.3-RXN,Unknown,1.2662803343949043,1.2662803343949043,1.0,0.0,MINIMAL,optimal,2,HS06385;G66_33949,MMP13;MMP1,Collagens_c + WATER_c <=> 2.0 Peptides_45_holder_c + 2.0 h_c
3_46_4_46_24_46_7_45_RXN,3.4.24.7-RXN,Unknown,1.2662803343949043,1.2662803343949043,1.0,0.0,MINIMAL,optimal,1,G66_33949,MMP1,Collagens_c + WATER_c <=> 2.0 Peptides_45_holder_c + 2.0 h_c
RXN_45_11700,RXN-11700,Unknown,1.2662803343949043,1.2662803343949043,1.0,0.0,MINIMAL,optimal,5,HS01565;HS00251;HS04978;G66_46710;HS08195,MMP2;MMP25;MMP24;MMP17;MMP14,Collagenases_c + WATER_c <=> Peptides_45_holder_c + Procollagenases_c
3_46_4_46_21_46_47_45_RXN,3.4.21.47-RXN,Unknown,1.2662803343949043,1.2662803343949043,1.0,0.0,MINIMAL,optimal,2,HS11458;HS11457,C2;BF,Complement_45_5_45_alpha_c + WATER_c <=> Complement_45_5_45_alpha_45_prime_c + MONOMER_45_12980_c
DNA_45_CYTOSINE_45_5_45__45_METHYLTRANSFERASE_45_RXN,DNA-CYTOSINE-5--METHYLTRANSFERASE-RXN,Unknown,1.2662803343949043,1.2662803343949043,1.0,0.0,MINIMAL,optimal,3,HS04338;HS05448;HS01597,DNMT3A;DNMT1;DNMT3B,DNA_45_Cytosines_c + amet_c <=> 5_45_Methylcytosine_45_DNA_c + ADENOSYL_45_HOMO_45_CYS_c + h_c
DOLICHOL_45_KINASE_45_RXN,DOLICHOL-KINASE-RXN,Unknown,1.2662803343949043,1.2662803343949043,1.0,0.0,MINIMAL,optimal,1,HS10905,DOLK,DOLICHOL_c + ctp_c <=> DOLICHOLP_c + cdp_c + h_c
RXN_45_11856,RXN-11856,Unknown,1.2662803343949043,1.2662803343949043,1.0,0.0,MINIMAL,optimal,1,HS12087,NSUN2,Cytosine_45_34_45_tRNA_45_Precursors_c + amet_c <=> 5_45_METHYLCYTOSINE_45_34_45_TRNA_45_PRECURSORS_c + ADENOSYL_45_HOMO_45_CYS_c + h_c
RXN_45_11855,RXN-11855,Unknown,1.2662803343949043,1.2662803343949043,1.0,0.0,MINIMAL,optimal,1,HS03011,TRDMT1,Cytosine_45_38_45_in_45_tRNAs_c + amet_c <=> 5_45_Methylcytosine_45_38_45_in_45_tRNAs_c + ADENOSYL_45_HOMO_45_CYS_c + h_c
HEXOKINASE_45_RXN,HEXOKINASE-RXN,Unknown,1.2662803343949043,1.2662803343949043,1.0,0.0,MINIMAL,optimal,5,HS08548;HS02935;HS08135;HS08399;HS08136,HK3;GCK;HKDC1;HK2;HK1,D_45_Hexoses_c + atp_c <=> D_45_HEXOSE_45_6_45_PHOSPHATE_c + adp_c + h_c
RXN0_45_2601,RXN0-2601,Unknown,1.2662803343949043,1.2662803343949043,1.0,0.0,MINIMAL,optimal,7,HS15795;HS00828;HS09895;HS02149;HS03247;HS07973;HS03734,APLF;NTHL1;APEX2;APEX1;NEIL3;NEIL2;OGG1,Damaged_45_DNA_45_Pyrimidine_c + WATER_c <=> DNA_45_containing_45_a_45_Apyrimidinic_45_Sites_c
RXN_45_9025,RXN-9025,Unknown,1.2662803343949043,1.2662803343949043,1.0,0.0,MINIMAL,optimal,3,HS02178;HS00949;HS02099,PYGB;PYGM;PYGL,CPD0_45_1027_c <=> GLC_45_1_45_P_c
RXN_45_9024,RXN-9024,Unknown,1.2662803343949043,1.2662803343949043,1.0,0.0,MINIMAL,optimal,2,HS11348;HS10282,MGAM;GAA,CPD0_45_1027_c + WATER_c <=> Glucopyranose_c
RXN66_45_629,RXN66-629,Unknown,1.2662803343949043,1.2662803343949043,1.0,0.0,MINIMAL,optimal,1,HS09992,FASN,NADPH_c + Trans_45_D2_45_decenoyl_45_TYPE_45_I_45_FAS_45_ACPs_c + h_c <=> Decanoyl_45_TYPE_45_I_45_FAS_45_ACPs_c + nadp_c
RXN66_45_630,RXN66-630,Unknown,1.2662803343949043,1.2662803343949043,1.0,0.0,MINIMAL,optimal,1,HS09992,FASN,Decanoyl_45_TYPE_45_I_45_FAS_45_ACPs_c + h_c + malcoa_c <=> 3_45_oxo_45_dodecanoyl_45_TYPE_45_I_45_FAS_45_ACPs_c + CARBON_45_DIOXIDE_c + coa_c
RXN_45_9530,RXN-9530,Unknown,1.2662803343949043,1.2662803343949043,1.0,0.0,MINIMAL,optimal,1,HS04010,MECR,NADPH_c + Trans_45_D2_45_decenoyl_45_ACPs_c + h_c <=> Decanoyl_45_ACPs_c + nadp_c
RXN_45_9652,RXN-9652,Unknown,1.2662803343949043,1.2662803343949043,1.0,0.0,MINIMAL,optimal,1,HS07707,OXSM,Decanoyl_45_ACPs_c + h_c + malcoa_c <=> 3_45_oxo_45_dodecanoyl_45_ACPs_c + CARBON_45_DIOXIDE_c + coa_c
RXN_45_12579,RXN-12579,Unknown,1.2662803343949043,1.2662803343949043,1.0,0.0,MINIMAL,optimal,2,HS09323;HS10947,LIPC;PNLIP,Dietary_45_retinyl_45_esters_c + WATER_c <=> CPD_45_13524_c + Fatty_45_Acids_c + h_c
RXN_45_19279,RXN-19279,Unknown,1.2662803343949043,1.2662803343949043,1.0,0.0,MINIMAL,optimal,1,HS01328,LIPE,Diacylglycerides_c + WATER_c <=> Fatty_45_Acids_c + Monoacylglycerols_c + h_c
RXN_45_7799,RXN-7799,Unknown,1.2662803343949043,1.2662803343949043,1.0,0.0,MINIMAL,optimal,1,HS02080,CERK,CPD3DJ_45_82_c + atp_c <=> Plant_45_Ceramide_45_Phosphate_c + adp_c + h_c
RXN_45_14250,RXN-14250,Unknown,1.2662803343949043,1.2662803343949043,1.0,0.0,MINIMAL,optimal,1,HS15665,DEGS2,CPD3DJ_45_82_c + 2.0 FERROCYTOCHROME_45_B5_c + OXYGEN_45_MOLECULE_c + 2.0 h_c <=> C18_45_Phytoceramides_c + 2.0 FERRICYTOCHROME_45_B5_c + WATER_c
RXN_45_16332,RXN-16332,Unknown,1.2662803343949043,1.2662803343949043,1.0,0.0,MINIMAL,optimal,1,HS07099,DEGS1,CPD3DJ_45_82_c + 2.0 FERROCYTOCHROME_45_B5_c + OXYGEN_45_MOLECULE_c + 2.0 h_c <=> 2.0 FERRICYTOCHROME_45_B5_c + N_45_Acylsphingosine_c + 2.0 WATER_c
3_46_4_46_21_46_7_45_RXN,3.4.21.7-RXN,Unknown,1.2662803343949043,1.2662803343949043,1.0,0.0,MINIMAL,optimal,1,HS04553,PLG,Fibrin_c + WATER_c <=> Peptide_45_Holder_45_Alternative_c + Peptides_45_holder_c
3_46_4_46_13_46_19_45_RXN,3.4.13.19-RXN,Unknown,1.2662803343949043,1.2662803343949043,1.0,0.0,MINIMAL,optimal,3,HS09532;HS06799;HS00367,DPEP2;DPEP3;DPEP1,DIPEPTIDES_c + WATER_c <=> 2.0 Amino_45_Acids_45_20_c
3_46_4_46_13_46_9_45_RXN,3.4.13.9-RXN,Unknown,1.2662803343949043,1.2662803343949043,1.0,0.0,MINIMAL,optimal,1,HS04757,PEPD,Dipeptides_45_With_45_Proline_45_Carboxy_c + WATER_c <=> Amino_45_Acids_45_20_c + PRO_c
3_46_4_46_14_46_1_45_RXN,3.4.14.1-RXN,Unknown,1.2662803343949043,1.2662803343949043,1.0,0.0,MINIMAL,optimal,2,HS03265;HS05356,CTSC;DPP6,Dipeptidyl_45_Peptidase_45_I_45_Substrates_c + WATER_c <=> DIPEPTIDES_c + Peptides_45_holder_c + 2.0 h_c
3_46_4_46_14_46_2_45_RXN,3.4.14.2-RXN,Unknown,1.2662803343949043,1.2662803343949043,1.0,0.0,MINIMAL,optimal,1,HS11115,DPP7,Dipeptidyl_45_Peptidase_45_II_45_Substrates_c + WATER_c <=> DIPEPTIDES_c + Peptides_45_holder_c + 2.0 h_c
3_46_4_46_14_46_4_45_RXN,3.4.14.4-RXN,Unknown,1.2662803343949043,1.2662803343949043,1.0,0.0,MINIMAL,optimal,1,HS10803,DPP3,Dipeptidyl_45_Peptidase_45_III_45_Substrates_c + WATER_c <=> DIPEPTIDES_c + Peptides_45_holder_c + 2.0 h_c
3_46_4_46_14_46_5_45_RXN,3.4.14.5-RXN,Unknown,1.2662803343949043,1.2662803343949043,1.0,0.0,MINIMAL,optimal,4,HS01144;HS09964;HS10939;HS06888,DPP8;DPP4;DPP10;DPP9,Dipeptidyl_45_Peptidase_45_IV_45_Substrates_c + WATER_c <=> DIPEPTIDES_c + Peptides_45_holder_c + 2.0 h_c
RXN_45_10963,RXN-10963,Unknown,1.2662803343949043,1.2662803343949043,1.0,0.0,MINIMAL,optimal,2,HS03602;HS10696,NUDT3;NUDT4,DIPHOSPHO_45_1D_45_MYO_45_INOSITOL_45_TETRAKISPHOSPH_c + WATER_c <=> CPD_45_1107_c + h_c + pi_c
MRNA_45_GUANYLYLTRANSFERASE_45_RXN,MRNA-GUANYLYLTRANSFERASE-RXN,Unknown,1.2662803343949043,1.2662803343949043,1.0,0.0,MINIMAL,optimal,1,HS03479,RNGTT,CPD_45_8630_c + gtp_c + h_c <=> G5_45_pppR_45_mRNAs_c + ppi_c
RXN_45_11049,RXN-11049,Unknown,1.2662803343949043,1.2662803343949043,1.0,0.0,MINIMAL,optimal,1,HS06615,TDG,DNA_45_with_45_mismatch_c + WATER_c <=> DNA_45_containing_45_a_45_Apyrimidinic_45_Sites_c + THYMINE_c
4_46_2_46_99_46_18_45_RXN,4.2.99.18-RXN,Unknown,1.2662803343949043,1.2662803343949043,1.0,0.0,MINIMAL,optimal,7,HS15795;HS00828;HS09895;HS06712;HS02149;HS07973;HS03734,APLF;NTHL1;APEX2;NEIL1;APEX1;NEIL2;OGG1,DNA_45_containing_45_abasic_45_Sites_c <=> 3_45_terminal_45_unsaturated_45_sugars_c + 5_45_Phospho_45_terminated_45_DNAs_c
RXN66_45_633,RXN66-633,Unknown,1.2662803343949043,1.2662803343949043,1.0,0.0,MINIMAL,optimal,1,HS09992,FASN,Dodec_45_2_45_enoyl_45_TYPE_45_I_45_FAS_45_ACPs_c + NADPH_c + h_c <=> Dodecanoyl_45_TYPE_45_I_45_FAS_45_ACPs_c + nadp_c
RXN66_45_635,RXN66-635,Unknown,1.2662803343949043,1.2662803343949043,1.0,0.0,MINIMAL,optimal,1,HS09992,FASN,Dodecanoyl_45_TYPE_45_I_45_FAS_45_ACPs_c + h_c + malcoa_c <=> 3_45_oxo_45_myristoyl_45_TYPE_45_I_45_FAS_45_ACPs_c + CARBON_45_DIOXIDE_c + coa_c
RXN_45_9534,RXN-9534,Unknown,1.2662803343949043,1.2662803343949043,1.0,0.0,MINIMAL,optimal,1,HS04010,MECR,Dodec_45_2_45_enoyl_45_ACPs_c + NADPH_c + h_c <=> Dodecanoyl_45_ACPs_c + nadp_c
RXN_45_9653,RXN-9653,Unknown,1.2662803343949043,1.2662803343949043,1.0,0.0,MINIMAL,optimal,1,HS07707,OXSM,Dodecanoyl_45_ACPs_c + h_c + malcoa_c <=> 3_45_oxo_45_myristoyl_45_ACPs_c + CARBON_45_DIOXIDE_c + coa_c
RXN_45_9971,RXN-9971,Unknown,1.2662803343949043,1.2662803343949043,1.0,0.0,MINIMAL,optimal,2,HS13249;G66_47007,SRD5A3;TECRL,Ditrans_45_polycis_45_polyprenols_c + NADPH_c + h_c <=> DOLICHOL_c + nadp_c
TRANS_45_RXN_45_358,TRANS-RXN-358,Unknown,1.2662803343949043,1.2662803343949043,1.0,0.0,MINIMAL,optimal,0,,,S_45_Substituted_45_Glutathione_CCO_45_IN + WATER_CCO_45_IN + atp_CCO_45_IN <=> S_45_Substituted_45_Glutathione_CCO_45_OUT + adp_CCO_45_OUT + h_CCO_45_OUT + pi_CCO_45_OUT
2_46_4_46_1_46_109_45_RXN,2.4.1.109-RXN,Unknown,1.2662803343949043,1.2662803343949043,1.0,0.0,MINIMAL,optimal,2,HS00268;HS05428,POMT2;POMT1,CPD_45_171_c + Protein_45_L_45_serine_45_or_45_L_45_threonine_c <=> DOLICHOLP_c + O_45_D_45_MANNOSYL_45_PROTEIN_c + h_c
DOLICHYLDIPHOSPHATASE_45_RXN,DOLICHYLDIPHOSPHATASE-RXN,Unknown,1.2662803343949043,1.2662803343949043,1.0,0.0,MINIMAL,optimal,1,HS15525,DOLPP1,Dolichol_45_PP_c + WATER_c <=> DOLICHOLP_c + h_c + pi_c
2_46_7_46_8_46_15_45_RXN,2.7.8.15-RXN,Unknown,1.2662803343949043,1.2662803343949043,1.0,0.0,MINIMAL,optimal,1,HS10481,DPAGT1,DOLICHOLP_c + uacgam_c <=> CPD_45_190_c + ump_c
2_46_4_46_1_46_83_45_RXN,2.4.1.83-RXN,Unknown,1.2662803343949043,1.2662803343949043,1.0,0.0,MINIMAL,optimal,3,HS13646;HS11347;HS00065,DPM2;DPM3;DPM1,DOLICHOLP_c + GDP_45_MANNOSE_c <=> CPD_45_171_c + gdp_c
5_46_99_46_1_46_3_45_RXN,5.99.1.3-RXN,Unknown,1.2662803343949043,1.2662803343949043,1.0,0.0,MINIMAL,optimal,2,HS05560;HS01229,TOP2A;TOP2B,Double_45_Stranded_45_DNAs_c <=> Negatively_45_super_45_coiled_45_DNAs_c
3_46_1_46_22_46_1_45_RXN,3.1.22.1-RXN,Unknown,1.2662803343949043,1.2662803343949043,1.0,0.0,MINIMAL,optimal,2,HS02772;HS06431,DNASE2;DNASE2B,Double_45_Stranded_45_DNAs_c + WATER_c <=> 3_45_phosphooligo_45_deoxyribonucleotides_c + 5_45_hydroxyoligo_45_deoxyribonucleotides_c
3_46_1_46_21_46_1_45_RXN,3.1.21.1-RXN,Unknown,1.2662803343949043,1.2662803343949043,1.0,0.0,MINIMAL,optimal,6,G66_31197;HS09774;HS08914;HS09666;HS00350;HS05036,TREX1;FEN1;DNASE1L3;DNASE1L2;DNASE1L1;DNASE1,Double_45_Stranded_45_DNAs_c + WATER_c <=> 5_45_phosphooligonucleotides_c
3_46_1_46_13_46_3_45_RXN,3.1.13.3-RXN,Unknown,1.2662803343949043,1.2662803343949043,1.0,0.0,MINIMAL,optimal,1,HS01197,REXO2,Oligonucleotides_c + WATER_c <=> Nucleoside_45_Monophosphates_c
3_46_4_46_21_46_69_45_RXN,3.4.21.69-RXN,Unknown,1.2662803343949043,1.2662803343949043,1.0,0.0,MINIMAL,optimal,1,HS03931,PROC,Factor_45_Va_c + WATER_c <=> 2.0 Peptides_45_holder_c + 2.0 h_c
3_46_4_46_21_46_38_45_RXN,3.4.21.38-RXN,Unknown,1.2662803343949043,1.2662803343949043,1.0,0.0,MINIMAL,optimal,1,HS05500,F12,Factor_45_VII_c + WATER_c <=> Factor_45_VIIa_c
RXN_45_10790,RXN-10790,Unknown,1.2662803343949043,1.2662803343949043,1.0,0.0,MINIMAL,optimal,1,HS03931,PROC,Factor_45_VIIIa_c + WATER_c <=> 2.0 Peptides_45_holder_c + 2.0 h_c
RXN_45_10789,RXN-10789,Unknown,1.2662803343949043,1.2662803343949043,1.0,0.0,MINIMAL,optimal,1,HS05500,F12,Factor_45_XI_c + WATER_c <=> Factor_45_XIa_c
RXN_45_11698,RXN-11698,Unknown,1.2662803343949043,1.2662803343949043,1.0,0.0,MINIMAL,optimal,2,HS01464;HS10707,ZMPSTE24;RCE1,Farnesylated_45_CAAX_45_proteins_c + WATER_c <=> PROTEIN_45_C_45_TERMINAL_45_S_45_ETC_45_CYSTEINE_c + TRIPEPTIDES_c
BUTYRATE_45__45_COA_45_LIGASE_45_RXN,BUTYRATE--COA-LIGASE-RXN,Unknown,1.2662803343949043,1.2662803343949043,1.0,0.0,MINIMAL,optimal,7,HS11973;HS00888;HS16174;G66_31311;HS09445;HS11921;HS00131,ACSM5;ACSM2B;ACSM6;ACSM4;ACSM1;ACSM2A;ACSM3,Fatty_45_Acids_c + atp_c + coa_c <=> ACYL_45_COA_c + amp_c + ppi_c
RXN_45_4142,RXN-4142,Unknown,1.2662803343949043,1.2662803343949043,1.0,0.0,MINIMAL,optimal,8,HS00182;HS03133;HS11927;HS03395;HS05686;HS06992;HS06276;HS01061,ALDH3B1;ALDH3A1;AOX2;ALDH2;ALDH3B2;ALDH9A1;ALDH1B1;ALDH3A2,Fatty_45_Aldehydes_c + WATER_c + nad_c <=> Fatty_45_Acids_c + 2.0 h_c + nadh_c
RXN66_45_622,RXN66-622,Unknown,1.2662803343949043,1.2662803343949043,1.0,0.0,MINIMAL,optimal,1,HS09992,FASN,Hexanoyl_45_TYPE_45_I_45_FAS_45_ACPs_c + h_c + malcoa_c <=> 3_45_Oxo_45_octanoyl_45_TYPE_45_I_45_FAS_45_ACPs_c + CARBON_45_DIOXIDE_c + coa_c
RXN66_45_586,RXN66-586,Unknown,1.2662803343949043,1.2662803343949043,1.0,0.0,MINIMAL,optimal,2,HS03945;G66_32683,LCT;LCTL,Flavonol_45_3_45_O_45_B_45_D_45_Glucosides_c + WATER_c <=> Flavanols_c + Glucopyranose_c
3_46_2_46_1_46_44_45_RXN,3.2.1.44-RXN,Unknown,1.2662803343949043,1.2662803343949043,1.0,0.0,MINIMAL,optimal,2,HS00070;HS11358,FUCA2;FUCA1,Fucoidans_c + WATER_c <=> Fucoses_c + a_45_fucose_45_sulfate_c
2_46_4_46_1_46_222_45_RXN,2.4.1.222-RXN,Unknown,1.2662803343949043,1.2662803343949043,1.0,0.0,MINIMAL,optimal,3,HS02845;HS09998;HS01965,LFNG;RFNG;MFNG,fucosylated_45_protein_c + uacgam_c <=> GlcNac_45_fucosylated_45_proteins_c + udp_c
2_46_7_46_11_46_16_45_RXN,2.7.11.16-RXN,Unknown,1.2662803343949043,1.2662803343949043,1.0,0.0,MINIMAL,optimal,4,HS03742;HS01823;HS04880;HS00600,GRK7;GRK5;GRK4;GRK6,G_45_protein_45_coupled_45_receptors_c + atp_c <=> Phos_45_G_45_protein_45_coupled_45_receptors_c + adp_c
RXN_45_18287,RXN-18287,Unknown,1.2662803343949043,1.2662803343949043,1.0,0.0,MINIMAL,optimal,1,HS08206,ST3GAL2,CMP_45_N_45_ACETYL_45_NEURAMINATE_c + CPD_45_19631_c <=> Ganglioside_45_GM1b_c + cmp_c + h_c
RXN_45_18270,RXN-18270,Unknown,1.2662803343949043,1.2662803343949043,1.0,0.0,MINIMAL,optimal,1,HS00059,B3GALT4,CPD_45_19630_c + udpgal_c <=> CPD_45_19631_c + h_c + udp_c
RXN_45_18278,RXN-18278,Unknown,1.2662803343949043,1.2662803343949043,1.0,0.0,MINIMAL,optimal,1,HS00059,B3GALT4,Ganglioside_45_GD2_c + udpgal_c <=> Ganglioside_45_GD1b_c + h_c + udp_c
2_46_4_46_99_46_2_45_RXN,2.4.99.2-RXN,Unknown,1.2662803343949043,1.2662803343949043,1.0,0.0,MINIMAL,optimal,2,HS04994;HS08206,ST3GAL3;ST3GAL2,CMP_45_N_45_ACETYL_45_NEURAMINATE_c + CPD_45_7188_c <=> N_45_ACETYLNEURAMINYL_45_ETCETERA_45_GLUCOSYLCERA_c + cmp_c + h_c
GANGLIOSIDE_45_GALACTOSYLTRANSFERASE_45_RXN,GANGLIOSIDE-GALACTOSYLTRANSFERASE-RXN,Unknown,1.2662803343949043,1.2662803343949043,1.0,0.0,MINIMAL,optimal,1,HS00059,B3GALT4,CPD_45_1100_c + udpgal_c <=> CPD_45_7188_c + h_c + udp_c
RXN_45_18295,RXN-18295,Unknown,1.2662803343949043,1.2662803343949043,1.0,0.0,MINIMAL,optimal,1,HS00059,B3GALT4,Ganglioside_45_GT2_c + udpgal_c <=> Ganglioside_45_GT1c_c + h_c + udp_c
3_46_1_46_31_46_1_45_RXN,3.1.31.1-RXN,Unknown,1.2662803343949043,1.2662803343949043,1.0,0.0,MINIMAL,optimal,1,G66_33488,SND1,Polynucleotide_45_Holder_c + WATER_c <=> 3_45_Prime_45_Nucleoside_45_Monophosphates_c + 3_45_phosphooligonucleotides_c
RXN_45_18298,RXN-18298,Unknown,1.2662803343949043,1.2662803343949043,1.0,0.0,MINIMAL,optimal,1,G_54966,B3GALT5,N_45_ACETYL_45_D_45_GALACTOSAMINYL_45_13_45_D_45_GALACT_c + udpgal_c <=> SSEA3_c + h_c + udp_c
RXN_45_12391,RXN-12391,Unknown,1.2662803343949043,1.2662803343949043,1.0,0.0,MINIMAL,optimal,1,HS08717,AGL,MALTOTRIOSE_c <=> Glucopyranose_c
RXN_45_7669,RXN-7669,Unknown,1.2662803343949043,1.2662803343949043,1.0,0.0,MINIMAL,optimal,1,HS03772,GBE1,POLY_45_GLUCOSYLATED_45_GLYCOGENINS_c <=> Glycogens_c
RXN_45_6641,RXN-6641,Unknown,1.2662803343949043,1.2662803343949043,1.0,0.0,MINIMAL,optimal,2,HS01949;HS01957,GGT5;GGT1,S_45_Substituted_45_Glutathione_c + WATER_c <=> CPD_45_6262_c + Glutamates_c
RXN_45_20362,RXN-20362,Unknown,1.2662803343949043,1.2662803343949043,1.0,0.0,MINIMAL,optimal,1,HS11482,PNPLA1,Linoleate_45_containing_45_TGs_c + Omega_45_OH_45_UCL_45_Ceramides_c <=> Diacyl_45_sn_45_Glycerols_c + Linoleate_45_Acylceramides_c
RXN_45_16043,RXN-16043,Unknown,1.2662803343949043,1.2662803343949043,1.0,0.0,MINIMAL,optimal,4,HS16664;HS07906;HS01567;HS12746,LPCAT4;LPCAT1;LPCAT2;LPCAT3,Gamma_45_linolenoyl_45_groups_c + coa_c <=> Glycerolipids_c
GLYCPDIESTER_45_RXN,GLYCPDIESTER-RXN,Unknown,1.2662803343949043,1.2662803343949043,1.0,0.0,MINIMAL,optimal,7,HS00157;HS04929;HS02422;HS07938;HS08308;HS05338;HS17131,GDE1;GDE5;GDPD3;GDPD1;GDPD5;GDPD2;GDPD4,Glycerophosphodiesters_c + WATER_c <=> Alcohols_c + glyc3p_c + h_c
GLYMALTOPHOSPHORYL_45_RXN,GLYMALTOPHOSPHORYL-RXN,Unknown,1.2662803343949043,1.2662803343949043,1.0,0.0,MINIMAL,optimal,3,HS02178;HS00949;HS02099,PYGB;PYGM;PYGL,Glycogens_c + pi_c <=> GLC_45_1_45_P_c + MALTOTETRAOSE_c
GLYCOPHOSPHORYL_45_RXN,GLYCOPHOSPHORYL-RXN,Unknown,1.2662803343949043,1.2662803343949043,1.0,0.0,MINIMAL,optimal,3,HS02178;HS00949;HS02099,PYGB;PYGM;PYGL,Glycogens_c <=> CPD0_45_971_c + GLC_45_1_45_P_c
3_46_2_46_1_46_96_45_RXN,3.2.1.96-RXN,Unknown,1.2662803343949043,1.2662803343949043,1.0,0.0,MINIMAL,optimal,1,HS09534,ENGASE,WATER_c + a_45_glycopeptide_45_D_45_mannosyl_45_Nsup4sup_45_N_45_ace_c <=> CPD_45_14375_c + N_45_acetyl_45_D_45_glucosamine_45_asparagine_c
RXN_45_12373,RXN-12373,Unknown,1.2662803343949043,1.2662803343949043,1.0,0.0,MINIMAL,optimal,1,HS02653,TRMT1,Guanine10_45_in_45_tRNA_c + 2.0 amet_c <=> 2.0 ADENOSYL_45_HOMO_45_CYS_c + 2.0 h_c + tRNA_45_Containing_45_N2_45_dimethylguanine_45_10_c
RXN_45_12369,RXN-12369,Unknown,1.2662803343949043,1.2662803343949043,1.0,0.0,MINIMAL,optimal,1,HS02653,TRMT1,Guanine10_45_in_45_tRNA_c + amet_c <=> ADENOSYL_45_HOMO_45_CYS_c + h_c + tRNA_45_Containing_45_N2_45_Methylguanine_45_10_c
RXN_45_12377,RXN-12377,Unknown,1.2662803343949043,1.2662803343949043,1.0,0.0,MINIMAL,optimal,1,HS02653,TRMT1,Guanine26_45_in_45_tRNA_c + 2.0 amet_c <=> 2.0 ADENOSYL_45_HOMO_45_CYS_c + 2.0 h_c + tRNA_45_Containing_45_N2_45_dimethylguanine_45_26_c
RXN0_45_1321,RXN0-1321,Unknown,1.2662803343949043,1.2662803343949043,1.0,0.0,MINIMAL,optimal,1,HS05270,QTRT1,7_45_AMINOMETHYL_45_7_45_DEAZAGUANINE_c + Guanine34_45_in_45_tRNAs_c <=> GUANINE_c + tRNA_45_with_45_7_45_aminomethyl_45_7_45_deazaguanine_c
QUEUOSINE_45_TRNA_45_RIBOSYLTRANSFERASE_45_RXN,QUEUOSINE-TRNA-RIBOSYLTRANSFERASE-RXN,Unknown,1.2662803343949043,1.2662803343949043,1.0,0.0,MINIMAL,optimal,2,HS07747;HS05270,QTRT2;QTRT1,Guanine34_45_in_45_tRNAs_c + QUEUINE_c <=> GUANINE_c + tRNAs_45_with_45_queuine_c
RXN_45_12458,RXN-12458,Unknown,1.2662803343949043,1.2662803343949043,1.0,0.0,MINIMAL,optimal,1,HS13218,TRMT5,Guanine37_45_in_45_tRNA_c + amet_c <=> ADENOSYL_45_HOMO_45_CYS_c + h_c + tRNA_45_Containing_45_N1_45_Methylguanine_45_37_c
TRNA_45_GUANINE_45_N7_45__45_METHYLTRANSFERASE_45_RXN,TRNA-GUANINE-N7--METHYLTRANSFERASE-RXN,Unknown,1.2662803343949043,1.2662803343949043,1.0,0.0,MINIMAL,optimal,2,HS00526;HS08458,METTL1;WDR4,Guanine46_45_in_45_tRNA_c + amet_c <=> ADENOSYL_45_HOMO_45_CYS_c + tRNA_45_Containing_45_N7_45_Methylguanine_45_46_c
RXN_45_12459,RXN-12459,Unknown,1.2662803343949043,1.2662803343949043,1.0,0.0,MINIMAL,optimal,1,HS13218,TRMT5,Guanine9_45_in_45_tRNA_c + amet_c <=> ADENOSYL_45_HOMO_45_CYS_c + h_c + tRNA_45_Containing_45_N1_45_Methylguanine_45_9_c
TRANS_45_RXN66_45_1212,TRANS-RXN66-1212,Unknown,1.2662803343949043,1.2662803343949043,1.0,0.0,MINIMAL,optimal,1,G66_30796,SLC48A1,Hemes_e <=> Hemes_c
RXN66_45_621,RXN66-621,Unknown,1.2662803343949043,1.2662803343949043,1.0,0.0,MINIMAL,optimal,1,HS09992,FASN,Hex_45_2_45_enoyl_45_TYPE_45_I_45_FAS_45_ACPs_c + NADPH_c + h_c <=> Hexanoyl_45_TYPE_45_I_45_FAS_45_ACPs_c + nadp_c
RXN_45_1825,RXN-1825,Unknown,1.2662803343949043,1.2662803343949043,1.0,0.0,MINIMAL,optimal,3,HS10839;HS00645;HS10841,AMY1A;AMY2B;AMY2A,Long_45_linear_45_glucans_c + WATER_c <=> Linear_45_Malto_45_Oligosaccharides_c
RXN_45_9521,RXN-9521,Unknown,1.2662803343949043,1.2662803343949043,1.0,0.0,MINIMAL,optimal,1,HS04010,MECR,Hex_45_2_45_enoyl_45_ACPs_c + NADPH_c + h_c <=> Hexanoyl_45_ACPs_c + nadp_c
RXN_45_9650,RXN-9650,Unknown,1.2662803343949043,1.2662803343949043,1.0,0.0,MINIMAL,optimal,1,HS07707,OXSM,Hexanoyl_45_ACPs_c + h_c + malcoa_c <=> 3_45_Oxo_45_octanoyl_45_ACPs_c + CARBON_45_DIOXIDE_c + coa_c
1_46_11_46_1_46_12_45_RXN,1.11.1.12-RXN,Unknown,1.2662803343949043,1.2662803343949043,1.0,0.0,MINIMAL,optimal,1,HS09562,GPX4,A_45_LIPID_45_HYDROPEROXIDE_c + 2.0 gthrd_c <=> Lipid_45_hydroxy_45_fatty_45_acids_c + WATER_c + gthox_c
KERATAN_45_SULFOTRANSFERASE_45_RXN,KERATAN-SULFOTRANSFERASE-RXN,Unknown,1.2662803343949043,1.2662803343949043,1.0,0.0,MINIMAL,optimal,1,HS10902,CHST1,KERATAN_c <=> KERATAN_45_6_45_SULFATE_c
2_46_4_46_1_46_228_45_RXN,2.4.1.228-RXN,Unknown,1.2662803343949043,1.2662803343949043,1.0,0.0,MINIMAL,optimal,1,HS05171,A4GALT,Lactosyl_45_Ceramides_c + udpgal_c <=> D_45_GALACTOSYL_45_14_45_D_45_GALACTOSYL_45_14_45_D_45__c + h_c + udp_c
2_46_4_46_1_46_206_45_RXN,2.4.1.206-RXN,Unknown,1.2662803343949043,1.2662803343949043,1.0,0.0,MINIMAL,optimal,1,HS11063,B3GNT5,Lactosyl_45_Ceramides_c + uacgam_c <=> CPD_45_1101_c + h_c + udp_c
2_46_4_46_99_46_9_45_RXN,2.4.99.9-RXN,Unknown,1.2662803343949043,1.2662803343949043,1.0,0.0,MINIMAL,optimal,2,HS07235;HS03904,SLC26A1;ST3GAL5,CMP_45_N_45_ACETYL_45_NEURAMINATE_c + Lactosyl_45_Ceramides_c <=> CPD_45_7181_c + cmp_c + h_c
2_46_4_46_99_46_11_45_RXN,2.4.99.11-RXN,Unknown,1.2662803343949043,1.2662803343949043,1.0,0.0,MINIMAL,optimal,2,HS01118;HS07144,ST6GAL1;ST6GAL2,CMP_45_N_45_ACETYL_45_NEURAMINATE_c + Lactosyl_45_Ceramides_c <=> CPD_45_442_c + cmp_c + h_c
GALACTOSIDE_45_2_45_L_45_FUCOSYLTRANSFERASE_45_RXN,GALACTOSIDE-2-L-FUCOSYLTRANSFERASE-RXN,Unknown,1.2662803343949043,1.2662803343949043,1.0,0.0,MINIMAL,optimal,1,HS11104,FUT2,13_45_BETA_45_D_45_GALACTOSYL_45_N_45_ACETYL_45_D_45_GLU_c + CPD_45_13118_c <=> III2_45_a_45_Fucosyllactotetraosylceramides_c + gdp_c + h_c
2_46_4_46_1_46_86_45_RXN,2.4.1.86-RXN,Unknown,1.2662803343949043,1.2662803343949043,1.0,0.0,MINIMAL,optimal,2,HS10487;G_54966,B3GALT1;B3GALT5,CPD_45_1101_c + udpgal_c <=> 13_45_BETA_45_D_45_GALACTOSYL_45_N_45_ACETYL_45_D_45_GLU_c + h_c + udp_c
RXN_45_12229,RXN-12229,Unknown,1.2662803343949043,1.2662803343949043,1.0,0.0,MINIMAL,optimal,3,HS08336;HS04504;HS01519,B4GALT3;B4GALT4;B4GALT1,CPD_45_1101_c + udpgal_c <=> Neolactotetraosylceramides_c + h_c + udp_c
RXN_45_20359,RXN-20359,Unknown,1.2662803343949043,1.2662803343949043,1.0,0.0,MINIMAL,optimal,1,HS11482,PNPLA1,CPD_45_22028_c + Linoleate_45_containing_45_TGs_c <=> CPD_45_22001_c + Diacyl_45_sn_45_Glycerols_c
RXN_45_20361,RXN-20361,Unknown,1.2662803343949043,1.2662803343949043,1.0,0.0,MINIMAL,optimal,1,HS11482,PNPLA1,CPD_45_22029_c + Linoleate_45_containing_45_TGs_c <=> CPD_45_22002_c + Diacyl_45_sn_45_Glycerols_c
RXN_45_20388,RXN-20388,Unknown,1.2662803343949043,1.2662803343949043,1.0,0.0,MINIMAL,optimal,1,HS11482,PNPLA1,CPD_45_22055_c + Linoleate_45_containing_45_TGs_c <=> CPD_45_22056_c + Diacyl_45_sn_45_Glycerols_c
RXN_45_20357,RXN-20357,Unknown,1.2662803343949043,1.2662803343949043,1.0,0.0,MINIMAL,optimal,1,HS11482,PNPLA1,CPD_45_22026_c + Linoleate_45_containing_45_TGs_c <=> CPD_45_22000_c + Diacyl_45_sn_45_Glycerols_c
AMIDASE_45_RXN,AMIDASE-RXN,Unknown,1.2662803343949043,1.2662803343949043,1.0,0.0,MINIMAL,optimal,1,HS11629,SGSH,Monocarboxylic_45_Acid_45_Amides_c + WATER_c <=> Monocarboxylates_c + nh4_c
RXN0_45_3201,RXN0-3201,Unknown,1.2662803343949043,1.2662803343949043,1.0,0.0,MINIMAL,optimal,1,HS02234,HM13,Lipoprotein_45_signal_45_peptide_c + WATER_c <=> Peptides_45_holder_c
1_46_1_46_1_46_211_45_RXN,1.1.1.211-RXN,Unknown,1.2662803343949043,1.2662803343949043,1.0,0.0,MINIMAL,optimal,1,HS01481,HADHA,Long_45_Chain_45_3S_45_Hydroxyacyl_45_CoAs_c + nad_c <=> Long_45_Chain_45_oxoacyl_45_CoAs_c + h_c + nadh_c
LONG_45_CHAIN_45_ENOYL_45_COA_45_HYDRATASE_45_RXN,LONG-CHAIN-ENOYL-COA-HYDRATASE-RXN,Unknown,1.2662803343949043,1.2662803343949043,1.0,0.0,MINIMAL,optimal,0,,,Long_45_Chain_45_Trans_45_23_45_Dehydroacyl_45_CoA_c + WATER_c <=> Long_45_Chain_45_3S_45_Hydroxyacyl_45_CoAs_c
RXN_45_19960,RXN-19960,Unknown,1.2662803343949043,1.2662803343949043,1.0,0.0,MINIMAL,optimal,19,HS02532;HS07077;HS11921;G66_31311;HS11936;HS13326;HS00935;HS06695;HS11973;HS00888,ACSBG1;SLC27A3;ACSM2A;ACSM4;FACL6;SLC27A1;ACSL4;SLC27A2;ACSM5;ACSM2B,Long_45_Chain_45_234_45_Saturated_45_Fatty_45_Acids_c + atp_c + coa_c <=> Long_45_Chain_45_234_45_Saturated_45_acyl_45_CoAs_c + amp_c + ppi_c
LONG_45_CHAIN_45_ACYL_45_COA_45_DEHYDROGENASE_45_RXN,LONG-CHAIN-ACYL-COA-DEHYDROGENASE-RXN,Unknown,1.2662803343949043,1.2662803343949043,1.0,0.0,MINIMAL,optimal,1,HS03876,ACADL,ETF_45_Oxidized_m + Long_45_Chain_45_234_45_Saturated_45_acyl_45_CoAs_m + h_m <=> ETF_45_Reduced_m + Long_45_Chain_45_Trans_45_23_45_Dehydroacyl_45_CoA_m
RXN_45_7904,RXN-7904,Unknown,1.2662803343949043,1.2662803343949043,1.0,0.0,MINIMAL,optimal,18,HS02532;HS07077;HS11921;G66_31311;HS13326;HS00935;HS01349;HS07766;HS06695;HS11973,ACSBG1;SLC27A3;ACSM2A;ACSM4;SLC27A1;ACSL4;ACSL5;ACSL1;SLC27A2;ACSM5,Long_45_Chain_45_Fatty_45_Acids_c + atp_c + coa_c <=> Long_45_Chain_45_Acyl_45_CoAs_c + amp_c + ppi_c
2_46_3_46_1_46_42_45_RXN,2.3.1.42-RXN,Unknown,1.2662803343949043,1.2662803343949043,1.0,0.0,MINIMAL,optimal,1,HS04068,GNPAT,Long_45_Chain_45_Acyl_45_CoAs_c + dhap_c <=> CPD_45_415_c + coa_c
RXN_45_9344,RXN-9344,Unknown,1.2662803343949043,1.2662803343949043,1.0,0.0,MINIMAL,optimal,2,HS16231;HS12166,FAR1;FAR2,Long_45_Chain_45_Acyl_45_CoAs_c + 2.0 NADPH_c + 2.0 h_c <=> Long_45_chain_45_alcohols_c + coa_c + 2.0 nadp_c
RXN_45_20402,RXN-20402,Unknown,1.2662803343949043,1.2662803343949043,1.0,0.0,MINIMAL,optimal,1,HS01702,CERS4,Long_45_Chain_45_Acyl_45_CoAs_c + Sphingoids_c <=> Long_45_Chain_45_Ceramides_c + coa_c + h_c
RXN_45_20233,RXN-20233,Unknown,1.2662803343949043,1.2662803343949043,1.0,0.0,MINIMAL,optimal,2,HS00706;HS09636,SOAT1;SOAT2,Long_45_Chain_45_Acyl_45_CoAs_c + Sterols_c <=> Long_45_Chain_45_Steryl_45_Esters_c + coa_c
STEROL_45_O_45_ACYLTRANSFERASE_45_RXN,STEROL-O-ACYLTRANSFERASE-RXN,Unknown,1.2662803343949043,1.2662803343949043,1.0,0.0,MINIMAL,optimal,2,HS00706;HS09636,SOAT1;SOAT2,CHOLESTEROL_c + Long_45_Chain_45_Acyl_45_CoAs_c <=> Long_45_chain_45_cholesterol_45_esters_c + coa_c
RXN_45_16395,RXN-16395,Unknown,1.2662803343949043,1.2662803343949043,1.0,0.0,MINIMAL,optimal,4,HS07821;HS04631;G66_47266;HS01875,OLAH;ACOT9;ACOT6;ACOT7,Long_45_Chain_45_Acyl_45_CoAs_c + WATER_c <=> Long_45_Chain_45_Fatty_45_Acids_c + coa_c + h_c
MYCOCEROSATE_45_SYNTHASE_45_RXN,MYCOCEROSATE-SYNTHASE-RXN,Unknown,1.2662803343949043,1.2662803343949043,1.0,0.0,MINIMAL,optimal,1,HS10142,ELOVL6,8.0 NADPH_c + long_45_chain_45_fatty_45_acyl_45_MAS_c <=> 4.0 CARBON_45_DIOXIDE_c + Tetramethylated_45_mycocerosyl_45_MAS_c + 4.0 WATER_c
LONG_45_CHAIN_45_ALDEHYDE_45_DEHYDROGENASE_45_RXN,LONG-CHAIN-ALDEHYDE-DEHYDROGENASE-RXN,Unknown,1.2662803343949043,1.2662803343949043,1.0,0.0,MINIMAL,optimal,8,HS00182;HS03133;HS11927;HS03395;HS05686;HS06992;HS06276;HS01061,ALDH3B1;ALDH3A1;AOX2;ALDH2;ALDH3B2;ALDH9A1;ALDH1B1;ALDH3A2,Long_45_Chain_45_Aldehydes_c + WATER_c + nad_c <=> Long_45_Chain_45_Fatty_45_Acids_c + 2.0 h_c + nadh_c
RXN_45_1828,RXN-1828,Unknown,1.2662803343949043,1.2662803343949043,1.0,0.0,MINIMAL,optimal,1,HS08717,AGL,ALPHA_45_GLUCOSE_c + Long_45_linear_45_glucans_c <=> 2.0 Short_45_Alpha_45_14_45_Glucans_c
3_46_5_46_5_46_1_45_RXN,3.5.5.1-RXN,Unknown,1.2662803343949043,1.2662803343949043,1.0,0.0,MINIMAL,optimal,2,HS03733;HS08330,NIT2;NIT1,Nitriles_c + 2.0 WATER_c <=> Carboxylates_c + nh4_c
3_46_4_46_16_46_2_45_RXN,3.4.16.2-RXN,Unknown,1.2662803343949043,1.2662803343949043,1.0,0.0,MINIMAL,optimal,1,HS06356,PRCP,Lysosomal_45_PX_45_Carboxypeptidase_45_Substrates_c + WATER_c <=> Amino_45_Acids_45_20_c + Protein_45_With_45_C_45_Terminal_45_Pro_c
3_45_OXOACYL_45_ACP_45_SYNTH_45_BASE_45_RXN,3-OXOACYL-ACP-SYNTH-BASE-RXN,Unknown,1.2662803343949043,1.2662803343949043,1.0,0.0,MINIMAL,optimal,2,HS07707;HS00112,OXSM;NDUFAB1,ACETYL_45_ACP_c + MALONYL_45_ACP_c + h_c <=> ACP_c + Acetoacetyl_45_ACPs_c + CARBON_45_DIOXIDE_c
RXN_45_12193,RXN-12193,Unknown,1.2662803343949043,1.2662803343949043,1.0,0.0,MINIMAL,optimal,1,HS08717,AGL,Glucopyranose_c <=> MALTOSE_c
RXN_45_19957,RXN-19957,Unknown,1.2662803343949043,1.2662803343949043,1.0,0.0,MINIMAL,optimal,7,HS11973;HS00888;HS16174;G66_31311;HS09445;HS11921;HS00131,ACSM5;ACSM2B;ACSM6;ACSM4;ACSM1;ACSM2A;ACSM3,Medium_45_chain_45_fatty_45_acids_c + atp_c + coa_c <=> Medium_45_Chain_45_Acyl_45_CoAs_c + amp_c + ppi_c
RXN_45_19959,RXN-19959,Unknown,1.2662803343949043,1.2662803343949043,1.0,0.0,MINIMAL,optimal,16,HS02532;HS11921;G66_31311;HS11936;HS00935;HS07766;HS01349;HS06695;HS11973;HS16174,ACSBG1;ACSM2A;ACSM4;FACL6;ACSL4;ACSL1;ACSL5;SLC27A2;ACSM5;ACSM6,Medium_45_Chain_45_234_45_Saturated_45_Fatty_45_Acids_c + atp_c + coa_c <=> Medium_45_Chain_45_234_45_Saturated_45_acyl_45_CoAs_c + amp_c + ppi_c
RXN66_45_649,RXN66-649,Unknown,1.2662803343949043,1.2662803343949043,1.0,0.0,MINIMAL,optimal,1,HS04010,MECR,NADPH_c + medium_45_Chain_45_Trans_45_23_45_Dehydroacyl_45_CoA_c <=> Medium_45_Chain_45_234_45_Saturated_45_acyl_45_CoAs_c
RXN_45_11734,RXN-11734,Unknown,1.2662803343949043,1.2662803343949043,1.0,0.0,MINIMAL,optimal,1,HS04089,ACADM,ETF_45_Oxidized_c + Medium_45_Chain_45_234_45_Saturated_45_acyl_45_CoAs_c + h_c <=> ETF_45_Reduced_c + medium_45_Chain_45_Trans_45_23_45_Dehydroacyl_45_CoA_c
RXN0_45_5254,RXN0-5254,Unknown,1.2662803343949043,1.2662803343949043,1.0,0.0,MINIMAL,optimal,2,HS15490;HS03841,LDHD;GPD2,2.0 E_45__c + Menaquinones_c + 2.0 h_c <=> Menaquinols_c
TRANS_45_RXN0_45_234,TRANS-RXN0-234,Unknown,1.2662803343949043,1.2662803343949043,1.0,0.0,MINIMAL,optimal,2,HS15490;HS03841,LDHD;GPD2,2.0 E_45__c + Menaquinones_c + 2.0 h_c <=> Menaquinols_c
RXN_45_13684,RXN-13684,Unknown,1.2662803343949043,1.2662803343949043,1.0,0.0,MINIMAL,optimal,2,HS13441;HS03800,ACY3;ACY1,Mercapturates_c + WATER_c <=> S_45_Substituted_45_L_45_Cysteines_c + ac_c
RXN_45_12353,RXN-12353,Unknown,1.2662803343949043,1.2662803343949043,1.0,0.0,MINIMAL,optimal,7,HS15415;G66_46859;G66_46473;HS13172;HS14842;HS12338;HS02120,ALKBH3;ALKBH2;ALKBH6;ALKBH7;ALKBH4;ALKBH5;ALKBH1,Methylated_45_DNA_45_Bases_c + OXYGEN_45_MOLECULE_c + akg_c <=> CARBON_45_DIOXIDE_c + FORMALDEHYDE_c + Nucleobases_45_in_45_DNA_c + succ_c
3_46_6_46_4_46_3_45_RXN,3.6.4.3-RXN,Unknown,1.2662803343949043,1.2662803343949043,1.0,0.0,MINIMAL,optimal,4,HS03490;HS02412;HS00411;HS09527,KATNA1;KATNAL1;SPAST;KATNAL2,Microtubules_c + WATER_c <=> Tubulin_45_Heterodimers_c
3_46_4_46_24_46_64_45_RXN,3.4.24.64-RXN,Unknown,1.2662803343949043,1.2662803343949043,1.0,0.0,MINIMAL,optimal,3,G66_47624;HS02813;HS17385,PMPCA;PMPCB;G_HS17385,Mitochondrial_45_Preproteins_c + WATER_c <=> MPP_45_processed_45_mitochonrial_45_proteins_c + Peptides_45_holder_c
RXN_45_9598,RXN-9598,Unknown,1.2662803343949043,1.2662803343949043,1.0,0.0,MINIMAL,optimal,2,HS01798;HS00966,MAOA;MAOB,Monoamines_c + OXYGEN_45_MOLECULE_c + WATER_c <=> Aldehydes_c + HYDROGEN_45_PEROXIDE_c + Primary_45_Amines_c
TRANS_45_RXN66_45_1097,TRANS-RXN66-1097,Unknown,1.2662803343949043,1.2662803343949043,1.0,0.0,MINIMAL,optimal,3,HS01990;HS04236;HS08049,SLC16A8;SLC16A7;SLC16A1,Monocarboxylates_e <=> Monocarboxylates_c
RXN_45_16025,RXN-16025,Unknown,1.2662803343949043,1.2662803343949043,1.0,0.0,MINIMAL,optimal,5,HS10599;HS00306;HS00112;HS16664;HS13986,LCLAT1;ABHD5;NDUFAB1;LPCAT4;MBOAT2,CPD0_45_2113_c + Palmitoyl_45_ACPs_c <=> ACP_c + CPD_45_17273_c
RXN_45_19280,RXN-19280,Unknown,1.2662803343949043,1.2662803343949043,1.0,0.0,MINIMAL,optimal,1,HS01328,LIPE,Monoacylglycerols_c + WATER_c <=> Fatty_45_Acids_c + GLYCEROL_c + h_c
3_46_1_46_13_46_4_45_RXN,3.1.13.4-RXN,Unknown,1.2662803343949043,1.2662803343949043,1.0,0.0,MINIMAL,optimal,2,HS06015;HS06752,PAN2;PARN,WATER_c + mRNAs_45_With_45_PolyA_45_Tails_c <=> mRNAs_c
RXN66_45_638,RXN66-638,Unknown,1.2662803343949043,1.2662803343949043,1.0,0.0,MINIMAL,optimal,1,HS09992,FASN,NADPH_c + Tetradec_45_2_45_enoyl_45_TYPE_45_I_45_FAS_45_ACPs_c + h_c <=> Myristoyl_45_TYPE_45_I_45_FAS_45_ACPs_c + nadp_c
RXN66_45_639,RXN66-639,Unknown,1.2662803343949043,1.2662803343949043,1.0,0.0,MINIMAL,optimal,1,HS09992,FASN,Myristoyl_45_TYPE_45_I_45_FAS_45_ACPs_c + h_c + malcoa_c <=> 3_45_oxo_45_palmitoyl_45_TYPE_45_I_45_FAS_45_ACPs_c + CARBON_45_DIOXIDE_c + coa_c
RXN_45_9538,RXN-9538,Unknown,1.2662803343949043,1.2662803343949043,1.0,0.0,MINIMAL,optimal,1,HS04010,MECR,NADPH_c + Tetradec_45_2_45_enoyl_45_ACPs_c + h_c <=> Myristoyl_45_ACPs_c + nadp_c
RXN_45_17017,RXN-17017,Unknown,1.2662803343949043,1.2662803343949043,1.0,0.0,MINIMAL,optimal,5,HS06534;HS08315;G66_32105;HS04350;HS00112,AGPAT9;AGPAT6;GPAT2;GPAM;NDUFAB1,Myristoyl_45_ACPs_c + glyc3p_c <=> ACP_c + CPD_45_18379_c
RXN_45_17022,RXN-17022,Unknown,1.2662803343949043,1.2662803343949043,1.0,0.0,MINIMAL,optimal,5,HS10599;HS00306;HS00112;HS16664;HS13986,LCLAT1;ABHD5;NDUFAB1;LPCAT4;MBOAT2,CPD_45_18379_c + Myristoyl_45_ACPs_c <=> ACP_c + CPD0_45_1425_c
RXN_45_9539,RXN-9539,Unknown,1.2662803343949043,1.2662803343949043,1.0,0.0,MINIMAL,optimal,2,HS07707;HS00112,OXSM;NDUFAB1,MALONYL_45_ACP_c + Myristoyl_45_ACPs_c + h_c <=> 3_45_oxo_45_palmitoyl_45_ACPs_c + ACP_c + CARBON_45_DIOXIDE_c
5_46_99_46_1_46_2_45_RXN,5.99.1.2-RXN,Unknown,1.2662803343949043,1.2662803343949043,1.0,0.0,MINIMAL,optimal,7,HS11917;HS04730;HS15788;HS05560;HS01961;HS03184;HS01229,TOP1MT;TOP1;G_HS15788;TOP2A;TOP3B;TOP3A;TOP2B,Negatively_45_super_45_coiled_45_DNAs_c <=> Relaxed_45_DNAs_c
RXN_45_18308,RXN-18308,Unknown,1.2662803343949043,1.2662803343949043,1.0,0.0,MINIMAL,optimal,1,HS01519,B4GALT1,Neolactoheptaosylceramides_c + udpgal_c <=> Neolactooctaosylceramides_c + h_c + udp_c
RXN_45_18307,RXN-18307,Unknown,1.2662803343949043,1.2662803343949043,1.0,0.0,MINIMAL,optimal,1,HS10106,B3GNT2,Neolactohexaosylceramides_c + uacgam_c <=> Neolactoheptaosylceramides_c + h_c + udp_c
RXN_45_18306,RXN-18306,Unknown,1.2662803343949043,1.2662803343949043,1.0,0.0,MINIMAL,optimal,3,HS04130;HS04504;HS01519,B4GALT2;B4GALT4;B4GALT1,Neolactopentaosylceramides_c + udpgal_c <=> Neolactohexaosylceramides_c + h_c + udp_c
2_46_4_46_1_46_163_45_RXN,2.4.1.163-RXN,Unknown,1.2662803343949043,1.2662803343949043,1.0,0.0,MINIMAL,optimal,1,HS10106,B3GNT2,Neolactotetraosylceramides_c + uacgam_c <=> Neolactopentaosylceramides_c + h_c + udp_c
TRANS_45_RXN66_45_1037,TRANS-RXN66-1037,Unknown,1.2662803343949043,1.2662803343949043,1.0,0.0,MINIMAL,optimal,1,HS01585,SLC6A14,Neutral_45_Amino_45_Acids_e <=> Neutral_45_Amino_45_Acids_c
RXN66_45_419,RXN66-419,Unknown,1.2662803343949043,1.2662803343949043,1.0,0.0,MINIMAL,optimal,2,HS02705;HS05853,SLC1A5;SLC38A2,NA_43__e + Neutral_45_Amino_45_Acids_e <=> NA_43__c + Neutral_45_Amino_45_Acids_c
ARYL_45_SULFOTRANSFERASE_45_RXN,ARYL-SULFOTRANSFERASE-RXN,Unknown,1.2662803343949043,1.2662803343949043,1.0,0.0,MINIMAL,optimal,2,HS09898;HS11091,SULT1A1;SULT1A2,Phenols_c + paps_c <=> Aryl_45_sulfates_c + h_c + pap_c
UDP_45_GLUCURONOSYLTRANSFERASE_45_RXN,UDP-GLUCURONOSYLTRANSFERASE-RXN,Unknown,1.2662803343949043,1.2662803343949043,1.0,0.0,MINIMAL,optimal,23,HS11531;HS05968;HS07266;G66_47652;HS03557;HS09519;HS17724;HS11967;HS12689;HS03272,G_HS11531;UGT2A3;UGT3A1;UGT1A1;B3GAT2;UGT1A5;G_HS17724;UGT1A10;UGT2B10;B3GAT1,Non_45_Glucur_45_Glucuronoside_45_Acceptors_c + udpglcur_c <=> Glucuronosylated_45_Glucuronoside_45_Acceptors_c + h_c + udp_c
3_46_1_46_4_46_17_45_RXN,3.1.4.17-RXN,Unknown,1.2662803343949043,1.2662803343949043,1.0,0.0,MINIMAL,optimal,21,HS02781;HS10538;HS10579;HS03683;HS07999;HS03856;HS05708;HS02610;HS10299;HS01103,PDE4C;PDE3A;PDE2A;PDE4D;PDE1C;PDE1A;PDE6A;PDE7A;PDE7B;PDE8A,Cyclic_45_3_45_5_45_Nucleoside_45_Monophosphates_c + WATER_c <=> Nucleoside_45_Monophosphates_c + h_c
NUCLEOSIDE_45_DIP_45_KIN_45_RXN,NUCLEOSIDE-DIP-KIN-RXN,Unknown,1.2662803343949043,1.2662803343949043,1.0,0.0,MINIMAL,optimal,8,HS04463;HS02473;HS02442;HS03636;HS00300;HS10449;HS06995;HS04621,NME2;NME4;NME3;NME5;NME1;NME6;NME7;NME2P1,Nucleoside_45_Diphosphates_c + atp_c <=> Nucleoside_45_Triphosphates_c + adp_c
NUCLEOSIDE_45_DIPHOSPHATASE_45_RXN,NUCLEOSIDE-DIPHOSPHATASE-RXN,Unknown,1.2662803343949043,1.2662803343949043,1.0,0.0,MINIMAL,optimal,6,HS15974;HS02177;HS06680;HS09682;HS06064;HS09501,CANT1;ENTPD6;ENTPD5;ENTPD3;NTPCR;ENTPD4,Nucleoside_45_Diphosphates_c + WATER_c <=> Nucleoside_45_Monophosphates_c + h_c + pi_c
2_46_7_46_4_46_10_45_RXN,2.7.4.10-RXN,Unknown,1.2662803343949043,1.2662803343949043,1.0,0.0,MINIMAL,optimal,2,HS07472;HS10823,AK3;AK4,Nucleoside_45_Triphosphates_c + amp_c <=> Nucleoside_45_Diphosphates_c + adp_c
RXN_45_14024,RXN-14024,Unknown,1.2662803343949043,1.2662803343949043,1.0,0.0,MINIMAL,optimal,4,HS15974;HS00665;HS09682;HS06064,CANT1;ENTPD2;ENTPD3;NTPCR,Nucleoside_45_Triphosphates_c + 2.0 WATER_c <=> Nucleoside_45_Monophosphates_c + 2.0 h_c + 2.0 pi_c
NUCLEOSIDE_45_TRIPHOSPHATASE_45_RXN,NUCLEOSIDE-TRIPHOSPHATASE-RXN,Unknown,1.2662803343949043,1.2662803343949043,1.0,0.0,MINIMAL,optimal,3,HS15974;HS09682;HS06064,CANT1;ENTPD3;NTPCR,Nucleoside_45_Triphosphates_c + WATER_c <=> Nucleoside_45_Diphosphates_c + h_c + pi_c
NUCLEOTIDE_45_PYROPHOSPHATASE_45_RXN,NUCLEOTIDE-PYROPHOSPHATASE-RXN,Unknown,1.2662803343949043,1.2662803343949043,1.0,0.0,MINIMAL,optimal,3,HS07969;HS03544;HS13184,ENPP3;ENPP1;ITPA,Nucleoside_45_Triphosphates_c + WATER_c <=> Nucleoside_45_Monophosphates_c + h_c + ppi_c
TRANS_45_RXN66_45_1160,TRANS-RXN66-1160,Unknown,1.2662803343949043,1.2662803343949043,1.0,0.0,MINIMAL,optimal,3,G66_33817;HS10818;HS03616,SLC29A3;SLC29A2;SLC29A1,Nucleosides_e <=> Nucleosides_c
TRANS_45_RXN66_45_1176,TRANS-RXN66-1176,Unknown,1.2662803343949043,1.2662803343949043,1.0,0.0,MINIMAL,optimal,1,HS06412,SLC28A2,NA_43__e + Nucleosides_e <=> NA_43__c + Nucleosides_c
RXN_45_17013,RXN-17013,Unknown,1.2662803343949043,1.2662803343949043,1.0,0.0,MINIMAL,optimal,5,HS10599;HS00306;HS00112;HS16664;HS13986,LCLAT1;ABHD5;NDUFAB1;LPCAT4;MBOAT2,CPD_45_18348_c + Palmitoleoyl_45_ACPs_c <=> ACP_c + CPD_45_18351_c
RXN_45_17020,RXN-17020,Unknown,1.2662803343949043,1.2662803343949043,1.0,0.0,MINIMAL,optimal,5,HS10599;HS00306;HS00112;HS16664;HS13986,LCLAT1;ABHD5;NDUFAB1;LPCAT4;MBOAT2,CPD_45_18379_c + Palmitoleoyl_45_ACPs_c <=> ACP_c + CPD_45_18380_c
RXN_45_17012,RXN-17012,Unknown,1.2662803343949043,1.2662803343949043,1.0,0.0,MINIMAL,optimal,5,HS10599;HS00306;HS00112;HS16664;HS13986,LCLAT1;ABHD5;NDUFAB1;LPCAT4;MBOAT2,1_45_PALMITOYLGLYCEROL_45_3_45_PHOSPHATE_c + Palmitoleoyl_45_ACPs_c <=> ACP_c + CPD_45_18350_c
RXN66_45_642,RXN66-642,Unknown,1.2662803343949043,1.2662803343949043,1.0,0.0,MINIMAL,optimal,1,HS09992,FASN,2_45_Hexadecenoyl_45_TYPE_45_I_45_FAS_45_ACPs_c + NADPH_c + h_c <=> Palmitoyl_45_TYPE_45_I_45_FAS_45_ACPs_c + nadp_c
RXN_45_17018,RXN-17018,Unknown,1.2662803343949043,1.2662803343949043,1.0,0.0,MINIMAL,optimal,5,HS06534;HS08315;G66_32105;HS04350;HS00112,AGPAT9;AGPAT6;GPAT2;GPAM;NDUFAB1,Palmitoyl_45_ACPs_c + glyc3p_c <=> 1_45_PALMITOYLGLYCEROL_45_3_45_PHOSPHATE_c + ACP_c
3_46_4_46_21_46_68_45_RXN,3.4.21.68-RXN,Unknown,1.2662803343949043,1.2662803343949043,1.0,0.0,MINIMAL,optimal,3,HS02572;HS16017;HS04553,PLAT;C20orf181;PLG,WATER_c + plasminogen_c <=> Plasmins_c
3_46_1_46_2_46_22_45_RXN,3.1.2.22-RXN,Unknown,1.2662803343949043,1.2662803343949043,1.0,0.0,MINIMAL,optimal,2,HS05505;HS09763,PPT1;PPT2,Palmitoyl_45_proteins_c + WATER_c <=> General_45_Protein_45_Substrates_c + hdca_c
RXN0_45_5204,RXN0-5204,Unknown,1.2662803343949043,1.2662803343949043,1.0,0.0,MINIMAL,optimal,4,HS11046;HS16295;HS17340;HS07492,RNPEP;G_HS16295;G_HS17340;ONPEP,PepB_45_Aminopeptidase_45_Substrates_c + WATER_c <=> Amino_45_Acids_45_20_c + Peptide_45_Holder_45_Alternative_c
3_46_4_46_21_46_89_45_RXN,3.4.21.89-RXN,Unknown,1.2662803343949043,1.2662803343949043,1.0,0.0,MINIMAL,optimal,8,HS04214;HS09422;HS02234;HS06745;G66_46442;HS05245;HS09770;HS03814,SPCS2;SEC11C;HM13;SPC18;SEC11B;SPCS3;SFTPC;SPCS1,Peptides_45_with_45_Leader_45_Sequence_c + WATER_c <=> Leader_45_Sequences_c + Peptides_45_holder_c
3_46_4_46_11_46_2_45_RXN,3.4.11.2-RXN,Unknown,1.2662803343949043,1.2662803343949043,1.0,0.0,MINIMAL,optimal,2,HS09457;HS06810,ANPEP;NPEPPS,Peptide_45_with_45_N_45_terminal_45_Alanine_c + WATER_c <=> L_45_ALPHA_45_ALANINE_c + Peptide_45_Holder_45_Alternative_c
3_46_4_46_11_46_6_45_RXN,3.4.11.6-RXN,Unknown,1.2662803343949043,1.2662803343949043,1.0,0.0,MINIMAL,optimal,1,HS11046,RNPEP,Peptide_45_with_45_N_45_terminal_45_Arginine_c + WATER_c <=> Peptide_45_Holder_45_Alternative_c + arg_DASH_DASH_DASH_L_c
3_46_4_46_11_46_21_45_RXN,3.4.11.21-RXN,Unknown,1.2662803343949043,1.2662803343949043,1.0,0.0,MINIMAL,optimal,1,HS04704,DNPEP,Peptide_45_with_45_N_45_terminal_45_Aspartate_c + WATER_c <=> Peptide_45_Holder_45_Alternative_c + asp_DASH_DASH_DASH_L_c
3_46_4_46_11_46_3_45_RXN,3.4.11.3-RXN,Unknown,1.2662803343949043,1.2662803343949043,1.0,0.0,MINIMAL,optimal,1,HS03682,LNPEP,Peptide_45_with_45_N_45_terminal_45_Cysteine_c + WATER_c <=> CYS_c + Peptide_45_Holder_45_Alternative_c
RXN_45_18719,RXN-18719,Unknown,1.2662803343949043,1.2662803343949043,1.0,0.0,MINIMAL,optimal,1,HS11046,RNPEP,Peptide_45_with_45_N_45_terminal_45_Lysine_c + WATER_c <=> Peptide_45_Holder_45_Alternative_c + lys_DASH_DASH_DASH_L_c
3_46_4_46_11_46_18_45_RXN,3.4.11.18-RXN,Unknown,1.2662803343949043,1.2662803343949043,1.0,0.0,MINIMAL,optimal,4,HS06918;HS08982;HS03371;HS16143,RNPEPL1;METAP1;METAP2;MAP1D,Protein_45_With_45_N_45_Terminal_45_Met_c + WATER_c <=> MET_c + Peptide_45_Holder_45_Alternative_c
3_46_4_46_11_46_5_45_RXN,3.4.11.5-RXN,Unknown,1.2662803343949043,1.2662803343949043,1.0,0.0,MINIMAL,optimal,2,HS00080;HS16957,LAP3;G_HS16957,Protein_45_With_45_N_45_Terminal_45_Pro_c + WATER_c <=> PRO_c + Peptide_45_Holder_45_Alternative_c
3_46_4_46_11_46_1_45_RXN,3.4.11.1-RXN,Unknown,1.2662803343949043,1.2662803343949043,1.0,0.0,MINIMAL,optimal,8,HS16957;HS00080;HS03058;HS02068;HS16295;HS07492;HS17340;HS04545,G_HS16957;LAP3;XPNPEP1;XPNPEP3;G_HS16295;ONPEP;G_HS17340;XPNPEP2,Protein_45_With_45_N_45_Terminal_45_X_45_Pro_c + WATER_c <=> Amino_45_Acids_45_20_c + Protein_45_With_45_N_45_Terminal_45_Pro_c + h_c
3_46_4_46_24_46_32_45_RXN,3.4.24.32-RXN,Unknown,1.2662803343949043,1.2662803343949043,1.0,0.0,MINIMAL,optimal,1,HS08567,PGLYRP2,Peptidoglycans_c + WATER_c <=> CPD_45_15797_c + CPD_45_17583_c
3_46_2_46_1_46_17_45_RXN,3.2.1.17-RXN,Unknown,1.2662803343949043,1.2662803343949043,1.0,0.0,MINIMAL,optimal,6,HS08595;HS07703;HS01687;HS04409;G66_33019;HS15992,LYZL6;LYZL2;LYZ;LYZL1;SPACA5;G_HS15992,Peptidoglycans_c + WATER_c <=> NAcMur_45_Peptide_45_Undecaprenols_c + N_45_acetyl_45_D_45_glucosamine_c
RXN_45_16938,RXN-16938,Unknown,1.2662803343949043,1.2662803343949043,1.0,0.0,MINIMAL,optimal,0,,,CPD0_45_2283_CCO_45_IN + WATER_CCO_45_IN <=> CPD0_45_1085_CCO_45_IN + CPD_45_18259_CCO_45_IN
3_46_4_46_15_46_1_45_RXN,3.4.15.1-RXN,Unknown,1.2662803343949043,1.2662803343949043,1.0,0.0,MINIMAL,optimal,2,HS05358;HS08412,ACE2;ACE,Peptidyl_45_Dipeptidase_45_A_45_Substrates_c + WATER_c <=> DIPEPTIDES_c + Peptides_45_holder_c
3_46_4_46_23_46_34_45_RXN,3.4.23.34-RXN,Unknown,1.2662803343949043,1.2662803343949043,1.0,0.0,MINIMAL,optimal,8,G66_30673;HS08981;HS07127;HS04926;HS15337;HS00006;HS00884;HS14284,EML6;AIMP1;EML4;EML2;EML5;CTSE;EML1;EML3,General_45_Protein_45_Substrates_c + WATER_c <=> 2.0 Peptides_45_holder_c + 2.0 h_c
ARYLESTERASE_45_RXN,ARYLESTERASE-RXN,Unknown,1.2662803343949043,1.2662803343949043,1.0,0.0,MINIMAL,optimal,3,HS00141;HS02819;HS02820,PON1;PON3;PON2,Phenyl_45_Acetates_c + WATER_c <=> Phenols_c + ac_c + h_c
ACID_45_PHOSPHATASE_45_RXN,ACID-PHOSPHATASE-RXN,Unknown,1.2662803343949043,1.2662803343949043,1.0,0.0,MINIMAL,optimal,8,HS07096;HS02398;HS00360;HS08078;HS06930;HS08744;G66_33235;HS05889,ACP1;ACP5;ACPP;ACPL2;ACPT;ACP6;PAPL;ACP2,Orthophosphoric_45_Monoesters_c + WATER_c <=> Alcohols_c + pi_c
ALKAPHOSPHA_45_RXN,ALKAPHOSPHA-RXN,Unknown,1.2662803343949043,1.2662803343949043,1.0,0.0,MINIMAL,optimal,4,HS08822;HS08691;HS08818;HS08820,ALPI;ALPL;ALPP;ALPPL2,Orthophosphoric_45_Monoesters_c + WATER_c <=> Alcohols_c + pi_c
PHOSCHOL_45_RXN,PHOSCHOL-RXN,Unknown,1.2662803343949043,1.2662803343949043,1.0,0.0,MINIMAL,optimal,5,HS01185;HS09396;HS11396;HS05256;HS02695,PLD1;PLD4;PLD6;PLD2;PLD3,PHOSPHATIDYLCHOLINE_c + WATER_c <=> L_45_PHOSPHATIDATE_c + chol_c + h_c
PHOSPHOLIPASE_45_A2_45_RXN,PHOSPHOLIPASE-A2-RXN,Unknown,1.2662803343949043,1.2662803343949043,1.0,0.0,MINIMAL,optimal,24,G66_30720;HS15725;HS14755;HS04689;HS05972;HS00055;HS08329;HS08939;HS02750;HS17140,PLA2G4E;PLA2G4F;PLA2G4D;PLA2G12A;PNPLA8;PLA2G6;PLA2G2F;PLB1;PLA2G4C;G_HS17140,PHOSPHATIDYLCHOLINE_c + WATER_c <=> 2_45_Lysophosphatidylcholines_c + Fatty_45_Acids_c + h_c
PHOSPHOLIPASE_45_A1_45_RXN,PHOSPHOLIPASE-A1-RXN,Unknown,1.2662803343949043,1.2662803343949043,1.0,0.0,MINIMAL,optimal,7,HS15623;HS13232;HS05100;HS13475;HS11053;HS05099;HS05758,PLA/AT5;PLA/AT1;PLA2G5;PLA/AT2;PLA/AT3;PLA2G2A;PLA/AT4,PHOSPHATIDYLCHOLINE_c + WATER_c <=> 2_45_Acylglycero_45_Phosphocholines_c + Fatty_45_Acids_c + h_c
RXN_45_10638,RXN-10638,Unknown,1.2662803343949043,1.2662803343949043,1.0,0.0,MINIMAL,optimal,2,HS10846;HS08129,PTDSS2;PTDSS1,PHOSPHATIDYLCHOLINE_c + SER_c <=> L_45_1_45_PHOSPHATIDYL_45_SERINE_c + chol_c
RXN_45_20520,RXN-20520,Unknown,1.2662803343949043,1.2662803343949043,1.0,0.0,MINIMAL,optimal,1,HS02103,DDHD1,Phosphatidylinositols_c + WATER_c <=> 2_45_Acyl_45_1_45_lysophosphatidylinositols_c + Fatty_45_Acids_c + h_c
3_46_6_46_3_46_1_45_RXN,3.6.3.1-RXN,Unknown,1.2662803343949043,1.2662803343949043,1.0,0.0,MINIMAL,optimal,14,HS07239;HS09386;HS02327;HS01408;HS00939;HS00716;HS00675;HS07068;HS03738;HS05361,ATP10D;ATP9B;ATP11C;ATP8B1;ATP11A;ATP11B;ATP9A;ATP8B2;ATP10A;ATP8B3,Phospholipids_CCO_45_OUT + WATER_CCO_45_OUT + atp_CCO_45_OUT <=> Phospholipids_c + adp_c + h_c + pi_c
2_46_7_46_11_46_19_45_RXN,2.7.11.19-RXN,Unknown,1.2662803343949043,1.2662803343949043,1.0,0.0,MINIMAL,optimal,6,HS08155;HS00901;HS02424;HS07128;HS09136;HS00576,PHKG2;PHKA1;PHKB;CALM1;PHKG1;PHKA2,Phosphorylase_45_b_c + 2.0 atp_c <=> Phosphorylase_45_a_c + 2.0 adp_c
RXN_45_16997,RXN-16997,Unknown,1.2662803343949043,1.2662803343949043,1.0,0.0,MINIMAL,optimal,1,HS07974,PGM5,GLC_45_1_45_P_c + Phosphorylated_45_phosphoglucomutase_c <=> ALPHA_45_GLUCOSE_45_16_45_BISPHOSPHATE_c + Phosphoglucomutase_c
RXN3O_45_4042,RXN3O-4042,Unknown,1.2662803343949043,1.2662803343949043,1.0,0.0,MINIMAL,optimal,1,HS02454,FA2H,2.0 FERROCYTOCHROME_45_B5_c + OXYGEN_45_MOLECULE_c + Phytoceramides_c + 2.0 h_c <=> Alpha_45_hydroxyphytoceramides_c + 2.0 FERRICYTOCHROME_45_B5_c + WATER_c
RXN_45_17732,RXN-17732,Unknown,1.2662803343949043,1.2662803343949043,1.0,0.0,MINIMAL,optimal,1,G66_30744,TMEM189,1_45_Alkyl_45_2_45_acyl_45_glycerol_45_P_45_Etn_c + 2.0 FERROCYTOCHROME_45_B5_c + OXYGEN_45_MOLECULE_c + 2.0 h_c <=> Alkyl_45_enyl_45_acyl_45_gly_45_P_45_EtOH_45_amines_c + 2.0 FERRICYTOCHROME_45_B5_c + 2.0 WATER_c
RXN_45_17736,RXN-17736,Unknown,1.2662803343949043,1.2662803343949043,1.0,0.0,MINIMAL,optimal,7,HS13847;HS05100;HS10199;HS17140;HS05614;HS05099;HS17690,G_HS13847;PLA2G5;PLA2G1B;G_HS17140;OC90;PLA2G2A;G_HS17690,PLASMENYLCHOLINE_c + WATER_c <=> CPD_45_563_c + Fatty_45_Acids_c + h_c
RXN_45_17735,RXN-17735,Unknown,1.2662803343949043,1.2662803343949043,1.0,0.0,MINIMAL,optimal,5,HS13847;HS05099;HS05614;HS17140;HS17690,G_HS13847;PLA2G2A;OC90;G_HS17140;G_HS17690,Alkyl_45_enyl_45_acyl_45_gly_45_P_45_EtOH_45_amines_c + WATER_c <=> 1_45_Alkenylglycerophosphoethanolamines_c + Fatty_45_Acids_c + h_c
3_46_4_46_21_46_53_45_RXN,3.4.21.53-RXN,Unknown,1.2662803343949043,1.2662803343949043,1.0,0.0,MINIMAL,optimal,11,HS06887;HS09322;HS09624;HS02428;HS09958;HS00649;HS07996;HS10182;HS01559;HS05079,LONP1;HTRA1;KLK6;LONP2;HTRA4;PRSS8;PRSS7;HTRA3;TMPRSS11E;MASP1,General_45_Protein_45_Substrates_c + WATER_c <=> 2.0 Peptides_45_holder_c + 2.0 h_c
3_46_4_46_21_46_73_45_RXN,3.4.21.73-RXN,Unknown,1.2662803343949043,1.2662803343949043,1.0,0.0,MINIMAL,optimal,2,HS04553;HS04608,PLG;PLAU,WATER_c + plasminogen_c <=> Plasmins_c
RXN_45_12303,RXN-12303,Unknown,1.2662803343949043,1.2662803343949043,1.0,0.0,MINIMAL,optimal,2,HS01604;HS07256,NQO1;CBR4,NADH_45_P_45_OR_45_NOP_c + PLASTOQUINONE_c + h_c <=> NAD_45_P_45_OR_45_NOP_c + Plastoquinols_c
RXN_45_15451,RXN-15451,Unknown,1.2662803343949043,1.2662803343949043,1.0,0.0,MINIMAL,optimal,2,HS15490;HS03841,LDHD;GPD2,2.0 E_45__c + PLASTOQUINONE_c <=> Plastoquinols_c
RXN_45_15447,RXN-15447,Unknown,1.2662803343949043,1.2662803343949043,1.0,0.0,MINIMAL,optimal,2,HS15490;HS03841,LDHD;GPD2,2.0 E_45__c + PLASTOQUINONE_c <=> Plastoquinols_c
3_46_1_46_27_46_9_45_RXN,3.1.27.9-RXN,Unknown,1.2662803343949043,1.2662803343949043,1.0,0.0,MINIMAL,optimal,4,HS13020;HS10201;HS11953;HS08007,TSEN15;TSEN34;TSEN54;TSEN2,CPD0_45_2350_c <=> Pre_45_tRNA_45_3_45_prime_45_half_45_molecules_c + Pre_45_tRNA_45_5_45_prime_45_half_45_molecules_c + tRNA_45_Introns_c
ALCOHOL_45_DEHYDROG_45_GENERIC_45_RXN,ALCOHOL-DEHYDROG-GENERIC-RXN,Unknown,1.2662803343949043,1.2662803343949043,1.0,0.0,MINIMAL,optimal,6,HS11440;HS10598;HS06569;HS10600;HS08983;HS06681,ZADH2;ADH7;ADH4;ADH6;ADH1B;PTGR2,Primary_45_Alcohols_c + nad_c <=> Aldehydes_c + h_c + nadh_c
RXN_45_11335,RXN-11335,Unknown,1.2662803343949043,1.2662803343949043,1.0,0.0,MINIMAL,optimal,1,HS08983,ADH1B,2.0 Oxidized_45_Azurins_c + Primary_45_Alcohols_c <=> Aldehydes_c + 2.0 Reduced_45_Azurins_c + 2.0 h_c
RXN_45_11333,RXN-11333,Unknown,1.2662803343949043,1.2662803343949043,1.0,0.0,MINIMAL,optimal,1,HS08983,ADH1B,2.0 Cytochromes_45_C550_45_Ox_c + Primary_45_Alcohols_c <=> Aldehydes_c + 2.0 Cytochromes_45_C550_45_Red_c + 2.0 h_c
RXN_45_11332,RXN-11332,Unknown,1.2662803343949043,1.2662803343949043,1.0,0.0,MINIMAL,optimal,1,HS08983,ADH1B,2.0 Cytochromes_45_CL_45_Ox_c + Primary_45_Alcohols_c <=> Aldehydes_c + 2.0 Cytochromes_45_CL_45_Red_c + 2.0 h_c
RXN_45_9597,RXN-9597,Unknown,1.2662803343949043,1.2662803343949043,1.0,0.0,MINIMAL,optimal,2,HS05537;HS05534,AOC2;AOC3,OXYGEN_45_MOLECULE_c + Primary_45_Amines_c + WATER_c <=> Aldehydes_c + HYDROGEN_45_PEROXIDE_c + nh4_c
3_46_4_46_24_46_19_45_RXN,3.4.24.19-RXN,Unknown,1.2662803343949043,1.2662803343949043,1.0,0.0,MINIMAL,optimal,1,HS09771,BMP1,Procollagens_c + WATER_c <=> C_45_terminal_45_propeptides_45_of_45_procollagen_c + Procollagen_45_no_45_C_45_terminus_c
3_46_4_46_24_46_14_45_RXN,3.4.24.14-RXN,Unknown,1.2662803343949043,1.2662803343949043,1.0,0.0,MINIMAL,optimal,1,HS01558,ADAMTS2,Procollagens_c + WATER_c <=> N_45_terminal_45_domain_45_of_45_procollagen_c + cleaved_45_procollagen_c
ARGINYLTRANSFERASE_45_RXN,ARGINYLTRANSFERASE-RXN,Unknown,1.2662803343949043,1.2662803343949043,1.0,0.0,MINIMAL,optimal,4,HS11874;HS11873;HS03017;HS11893,TRR3;TRR1;ATE1;G_HS11893,Charged_45_ARG_45_tRNAs_c + General_45_Protein_45_Substrates_c <=> ARG_45_tRNAs_c + Protein_45_N_45_terminal_45_L_45_Arginine_c
RXN_45_11699,RXN-11699,Unknown,1.2662803343949043,1.2662803343949043,1.0,0.0,MINIMAL,optimal,1,HS06410,ADAM10,General_45_Protein_45_Substrates_c + WATER_c <=> 2.0 Peptides_45_holder_c
RXN0_45_3221,RXN0-3221,Unknown,1.2662803343949043,1.2662803343949043,1.0,0.0,MINIMAL,optimal,6,HS08700;HS09793;HS06210;HS05948;HS03050;G66_47144,OMA1;ADAM9;YME1L1;ADAM19;PITRM1;TRABD2B,General_45_Protein_45_Substrates_c + WATER_c <=> 2.0 Peptides_45_holder_c + 2.0 h_c
3_46_4_46_21_46_93_45_RXN,3.4.21.93-RXN,Unknown,1.2662803343949043,1.2662803343949043,1.0,0.0,MINIMAL,optimal,1,HS10930,PCSK1,General_45_Protein_45_Substrates_c + WATER_c <=> 2.0 Peptides_45_holder_c + 2.0 h_c
3_46_4_46_22_46_17_45_RXN,3.4.22.17-RXN,Unknown,1.2662803343949043,1.2662803343949043,1.0,0.0,MINIMAL,optimal,3,HS16019;HS13989;HS00359,G_HS16019;G_HS13989;CAPN1,General_45_Protein_45_Substrates_c + WATER_c <=> 2.0 Peptides_45_holder_c + 2.0 h_c
3_46_4_46_21_46_92_45_RXN,3.4.21.92-RXN,Unknown,1.2662803343949043,1.2662803343949043,1.0,0.0,MINIMAL,optimal,13,HS04911;HS09322;HS09624;HS06963;HS03870;HS09958;HS00649;HS10182;HS07996;HS11406,CLPP;HTRA1;KLK6;CELA3A;HTRA2;HTRA4;PRSS8;HTRA3;PRSS7;CELA3B,General_45_Protein_45_Substrates_c + WATER_c + atp_c <=> 2.0 Peptides_45_holder_c + adp_c + 3.0 h_c + pi_c
RXN_45_11136,RXN-11136,Unknown,1.2662803343949043,1.2662803343949043,1.0,0.0,MINIMAL,optimal,1,HS09462,CLPX,General_45_Protein_45_Substrates_c + WATER_c + atp_c <=> 2.0 Peptides_45_holder_c + adp_c + pi_c
3_46_4_46_22_46_1_45_RXN,3.4.22.1-RXN,Unknown,1.2662803343949043,1.2662803343949043,1.0,0.0,MINIMAL,optimal,1,HS09125,CTSB,General_45_Protein_45_Substrates_c + WATER_c <=> 2.0 Peptides_45_holder_c + 2.0 h_c
3_46_4_46_23_46_5_45_RXN,3.4.23.5-RXN,Unknown,1.2662803343949043,1.2662803343949043,1.0,0.0,MINIMAL,optimal,1,HS04183,CTSD,General_45_Protein_45_Substrates_c + WATER_c <=> 2.0 Peptides_45_holder_c + 2.0 h_c
3_46_4_46_22_46_41_45_RXN,3.4.22.41-RXN,Unknown,1.2662803343949043,1.2662803343949043,1.0,0.0,MINIMAL,optimal,1,HS10762,CTSF,General_45_Protein_45_Substrates_c + WATER_c <=> 2.0 Peptides_45_holder_c + 2.0 h_c
3_46_4_46_22_46_16_45_RXN,3.4.22.16-RXN,Unknown,1.2662803343949043,1.2662803343949043,1.0,0.0,MINIMAL,optimal,1,HS02534,CTSH,General_45_Protein_45_Substrates_c + WATER_c <=> 2.0 Peptides_45_holder_c + 2.0 h_c
3_46_4_46_22_46_38_45_RXN,3.4.22.38-RXN,Unknown,1.2662803343949043,1.2662803343949043,1.0,0.0,MINIMAL,optimal,3,HS07772;HS02205;HS07044,CTSO;CTSZ;CTSK,General_45_Protein_45_Substrates_c + WATER_c <=> 2.0 Peptides_45_holder_c + 2.0 h_c
3_46_4_46_22_46_15_45_RXN,3.4.22.15-RXN,Unknown,1.2662803343949043,1.2662803343949043,1.0,0.0,MINIMAL,optimal,1,HS05942,CTSL1,General_45_Protein_45_Substrates_c + WATER_c <=> 2.0 Peptides_45_holder_c + 2.0 h_c
3_46_4_46_22_46_43_45_RXN,3.4.22.43-RXN,Unknown,1.2662803343949043,1.2662803343949043,1.0,0.0,MINIMAL,optimal,1,HS06256,CTSL2,General_45_Protein_45_Substrates_c + WATER_c <=> 2.0 Peptides_45_holder_c + 2.0 h_c
3_46_4_46_22_46_42_45_RXN,3.4.22.42-RXN,Unknown,1.2662803343949043,1.2662803343949043,1.0,0.0,MINIMAL,optimal,1,HS07772,CTSO,General_45_Protein_45_Substrates_c + WATER_c <=> 2.0 Peptides_45_holder_c + 2.0 h_c
3_46_4_46_22_46_27_45_RXN,3.4.22.27-RXN,Unknown,1.2662803343949043,1.2662803343949043,1.0,0.0,MINIMAL,optimal,1,HS08791,CTSS,General_45_Protein_45_Substrates_c + WATER_c <=> 2.0 Peptides_45_holder_c + 2.0 h_c
3_46_4_46_24_46_38_45_RXN,3.4.24.38-RXN,Unknown,1.2662803343949043,1.2662803343949043,1.0,0.0,MINIMAL,optimal,3,HS03902;HS06372;HS03993,GNLY;MMP20;PAPPA2,General_45_Protein_45_Substrates_c + WATER_c <=> 2.0 Peptides_45_holder_c + 2.0 h_c
3_46_4_46_21_46_78_45_RXN,3.4.21.78-RXN,Unknown,1.2662803343949043,1.2662803343949043,1.0,0.0,MINIMAL,optimal,2,HS07268;G66_47213,GZMA;PRSS55,General_45_Protein_45_Substrates_c + WATER_c <=> 2.0 Peptides_45_holder_c + 2.0 h_c
3_46_4_46_21_46_79_45_RXN,3.4.21.79-RXN,Unknown,1.2662803343949043,1.2662803343949043,1.0,0.0,MINIMAL,optimal,2,HS02090;HS02089,GZMB;GZMH,General_45_Protein_45_Substrates_c + WATER_c <=> 2.0 Peptides_45_holder_c + 2.0 h_c
5_46_3_46_4_46_1_45_RXN,5.3.4.1-RXN,Unknown,1.2662803343949043,1.2662803343949043,1.0,0.0,MINIMAL,optimal,9,HS07121;HS00842;HS09404;HS10094;HS17580;HS06845;HS02458;HS09499;HS08062,PDIA6;PDIA5;TMX3;CRTAP;G_HS17580;P4HB;PDIA2;PDIA3;PDIA4,Proteins_45_with_45_incorrect_45_disulfides_c <=> Proteins_45_with_45_correct_45_disulfides_c
RXN0_45_3182,RXN0-3182,Unknown,1.2662803343949043,1.2662803343949043,1.0,0.0,MINIMAL,optimal,8,HS09322;HS09624;HS09958;HS00649;HS07996;HS10182;HS05079;HS03870,HTRA1;KLK6;HTRA4;PRSS8;PRSS7;HTRA3;MASP1;HTRA2,General_45_Protein_45_Substrates_c + WATER_c <=> 2.0 Peptides_45_holder_c + 2.0 h_c
RXN0_45_5103,RXN0-5103,Unknown,1.2662803343949043,1.2662803343949043,1.0,0.0,MINIMAL,optimal,9,HS09322;HS09624;HS09958;HS00649;HS07996;HS10182;HS01559;HS05079;HS03870,HTRA1;KLK6;HTRA4;PRSS8;PRSS7;HTRA3;TMPRSS11E;MASP1;HTRA2,General_45_Protein_45_Substrates_c + WATER_c <=> 2.0 Peptides_45_holder_c + 2.0 h_c
3_46_4_46_21_46_108_45_RXN,3.4.21.108-RXN,Unknown,1.2662803343949043,1.2662803343949043,1.0,0.0,MINIMAL,optimal,2,HS06177;HS03870,TRA2B;HTRA2,General_45_Protein_45_Substrates_c + WATER_c <=> 2.0 Peptides_45_holder_c
3_46_4_46_21_46_35_45_RXN,3.4.21.35-RXN,Unknown,1.2662803343949043,1.2662803343949043,1.0,0.0,MINIMAL,optimal,3,HS09067;HS09620;HS09622,KLKB1;KLK1;KLK2,General_45_Protein_45_Substrates_c + WATER_c <=> 2.0 Peptides_45_holder_c + 2.0 h_c
3_46_4_46_21_46_34_45_RXN,3.4.21.34-RXN,Unknown,1.2662803343949043,1.2662803343949043,1.0,0.0,MINIMAL,optimal,1,HS09067,KLKB1,General_45_Protein_45_Substrates_c + WATER_c <=> 2.0 Peptides_45_holder_c + 2.0 h_c
3_46_4_46_22_46_34_45_RXN,3.4.22.34-RXN,Unknown,1.2662803343949043,1.2662803343949043,1.0,0.0,MINIMAL,optimal,2,HS16871;HS02119,G_HS16871;LGMN,General_45_Protein_45_Substrates_c + WATER_c <=> 2.0 Peptides_45_holder_c + 2.0 h_c
3_46_4_46_24_46_23_45_RXN,3.4.24.23-RXN,Unknown,1.2662803343949043,1.2662803343949043,1.0,0.0,MINIMAL,optimal,3,HS00369;HS09544;HS06371,MATR3;MMP26;MMP7,General_45_Protein_45_Substrates_c + WATER_c <=> 2.0 Peptides_45_holder_c + 2.0 h_c
3_46_4_46_21_46_112_45_RXN,3.4.21.112-RXN,Unknown,1.2662803343949043,1.2662803343949043,1.0,0.0,MINIMAL,optimal,1,HS06777,MBTPS1,General_45_Protein_45_Substrates_c + WATER_c <=> 2.0 Peptides_45_holder_c + 2.0 h_c
RXN_45_11694,RXN-11694,Unknown,1.2662803343949043,1.2662803343949043,1.0,0.0,MINIMAL,optimal,1,HS00330,MBTPS2,General_45_Protein_45_Substrates_c + WATER_c <=> 2.0 Peptides_45_holder_c + 2.0 h_c
3_46_4_46_24_46_11_45_RXN,3.4.24.11-RXN,Unknown,1.2662803343949043,1.2662803343949043,1.0,0.0,MINIMAL,optimal,2,HS06941;HS03802,MMEL1;MME,General_45_Protein_45_Substrates_c + WATER_c <=> 2.0 Peptides_45_holder_c + 2.0 h_c
3_46_4_46_24_46_22_45_RXN,3.4.24.22-RXN,Unknown,1.2662803343949043,1.2662803343949043,1.0,0.0,MINIMAL,optimal,1,HS09434,MMP10,General_45_Protein_45_Substrates_c + WATER_c <=> 2.0 Peptides_45_holder_c + 2.0 h_c
3_46_4_46_24_46_17_45_RXN,3.4.24.17-RXN,Unknown,1.2662803343949043,1.2662803343949043,1.0,0.0,MINIMAL,optimal,4,HS10866;HS07652;HS01935;HS08096,MMP3;MMP3;MMP11;MMP16,General_45_Protein_45_Substrates_c + WATER_c <=> 2.0 Peptides_45_holder_c + 2.0 h_c
3_46_4_46_24_46_24_45_RXN,3.4.24.24-RXN,Unknown,1.2662803343949043,1.2662803343949043,1.0,0.0,MINIMAL,optimal,2,HS01565;HS02439,MMP2;MMP15,General_45_Protein_45_Substrates_c + WATER_c <=> 2.0 Peptides_45_holder_c + 2.0 h_c
3_46_4_46_24_46_35_45_RXN,3.4.24.35-RXN,Unknown,1.2662803343949043,1.2662803343949043,1.0,0.0,MINIMAL,optimal,1,HS02175,MMP9,General_45_Protein_45_Substrates_c + WATER_c <=> 2.0 Peptides_45_holder_c + 2.0 h_c
3_46_4_46_24_46_61_45_RXN,3.4.24.61-RXN,Unknown,1.2662803343949043,1.2662803343949043,1.0,0.0,MINIMAL,optimal,1,HS01293,NRD1,General_45_Protein_45_Substrates_c + WATER_c <=> 2.0 Peptides_45_holder_c + 2.0 h_c
THIOREDOXIN_45_REDUCT_45_NADPH_45_RXN,THIOREDOXIN-REDUCT-NADPH-RXN,Unknown,1.2662803343949043,1.2662803343949043,1.0,0.0,MINIMAL,optimal,4,HS00001;HS06102;HS11915;HS01590,TXNRD2;TXNRD1;TR2;TXNRD3,NADPH_c + Ox_45_Thioredoxin_c + h_c <=> Red_45_Thioredoxin_c + nadp_c
3_46_4_46_21_46_97_45_RXN,3.4.21.97-RXN,Unknown,1.2662803343949043,1.2662803343949043,1.0,0.0,MINIMAL,optimal,1,HS13456,POMP,General_45_Protein_45_Substrates_c + WATER_c <=> 2.0 Peptides_45_holder_c + 2.0 h_c
3_46_4_46_21_46_26_45_RXN,3.4.21.26-RXN,Unknown,1.2662803343949043,1.2662803343949043,1.0,0.0,MINIMAL,optimal,1,HS01492,PREP,General_45_Protein_45_Substrates_c + WATER_c <=> 2.0 Peptides_45_holder_c + 2.0 h_c
3_46_4_46_21_46_87_45_RXN,3.4.21.87-RXN,Unknown,1.2662803343949043,1.2662803343949043,1.0,0.0,MINIMAL,optimal,4,HS05885;G66_33945;HS06963;HS11406,PRH2;ERVK6;CELA3A;CELA3B,General_45_Protein_45_Substrates_c + WATER_c <=> 2.0 Peptides_45_holder_c
3_46_4_46_25_46_1_45_RXN,3.4.25.1-RXN,Unknown,1.2662803343949043,1.2662803343949043,1.0,0.0,MINIMAL,optimal,28,G66_47562;HS02101;HS09748;HS06984;HS13303;HS01562;HS03512;HS03089;HS17573;HS08395,PSMB10;PSMC6;PSMB8;PSMA5;G_HS13303;PSMC5;PSMB9;PSMD3;G_HS17573;PSMB4,General_45_Protein_45_Substrates_c + WATER_c <=> 2.0 Peptides_45_holder_c + 2.0 h_c
3_46_4_46_24_46_55_45_RXN,3.4.24.55-RXN,Unknown,1.2662803343949043,1.2662803343949043,1.0,0.0,MINIMAL,optimal,4,G66_33945;HS06516;HS06963;HS11406,ERVK6;SPPL2A;CELA3A;CELA3B,General_45_Protein_45_Substrates_c + WATER_c <=> 2.0 Peptides_45_holder_c + 2.0 h_c
3_46_4_46_21_46_109_45_RXN,3.4.21.109-RXN,Unknown,1.2662803343949043,1.2662803343949043,1.0,0.0,MINIMAL,optimal,3,HS12406;HS16571;HS07609,TMPRSS6;TMPRSS7;ST14,General_45_Protein_45_Substrates_c + WATER_c <=> 2.0 Peptides_45_holder_c + 2.0 h_c
3_46_4_46_24_46_15_45_RXN,3.4.24.15-RXN,Unknown,1.2662803343949043,1.2662803343949043,1.0,0.0,MINIMAL,optimal,1,HS10433,THOP1,General_45_Protein_45_Substrates_c + WATER_c <=> 2.0 Peptides_45_holder_c + 2.0 h_c
3_46_4_46_21_46_59_45_RXN,3.4.21.59-RXN,Unknown,1.2662803343949043,1.2662803343949043,1.0,0.0,MINIMAL,optimal,2,HS10475;HS01837,TPSAB1;TPSD1,General_45_Protein_45_Substrates_c + WATER_c <=> 2.0 Peptides_45_holder_c + 2.0 h_c
2_46_7_46_11_46_24_45_RXN,2.7.11.24-RXN,Unknown,1.2662803343949043,1.2662803343949043,1.0,0.0,MINIMAL,optimal,17,HS01177;HS02421;HS01788;HS01956;HS11573;HS01100;HS03507;HS00975;HS01556;HS00637,MARK3;MAPK3;MAPK11;MAPK1;MAPK15;MAPK12;MAPK14;MAPK6;NLK;MAPK9,Protein_45_L_45_Ser_45_or_45_L_45_Thr_45_L_45_Pro_c + atp_c <=> Protein_45_L_45_Ser_45_or_45_L_45_Thr_45_P_45_L_45_Pro_c + adp_c + h_c
3_46_4_46_21_46_75_45_RXN,3.4.21.75-RXN,Unknown,1.2662803343949043,1.2662803343949043,1.0,0.0,MINIMAL,optimal,2,HS06741;HS06724,FURIN;PCSK6,WATER_c + protein_45_precursor_c <=> Peptides_45_holder_c + mature_45_protein_c
RXN_45_17573,RXN-17573,Unknown,1.2662803343949043,1.2662803343949043,1.0,0.0,MINIMAL,optimal,2,HS09779;HS04975,FNTA;FNTB,CAAX_45_proteins_c + frdp_c <=> Farnesylated_45_CAAX_45_proteins_c + ppi_c
PRODISULFREDUCT_45_RXN,PRODISULFREDUCT-RXN,Unknown,1.2662803343949043,1.2662803343949043,1.0,0.0,MINIMAL,optimal,5,G66_31781;HS00427;HS04176;HS04268;HS03056,GLRX5;GLRX2;TXNDC12;GLRX;GLRX3,Protein_45_Ox_45_Disulfides_c + 2.0 gthrd_c <=> Protein_45_Red_45_Disulfides_c + gthox_c
RXN0_45_7271,RXN0-7271,Unknown,1.2662803343949043,1.2662803343949043,1.0,0.0,MINIMAL,optimal,4,HS03056;HS04268;G66_31781;HS00427,GLRX3;GLRX;GLRX5;GLRX2,Protein_45_Ox_45_Disulfides_c + Red_45_Glutaredoxins_c <=> Ox_45_Glutaredoxins_c + Protein_45_Red_45_Disulfides_c
RXN_45_19672,RXN-19672,Unknown,1.2662803343949043,1.2662803343949043,1.0,0.0,MINIMAL,optimal,1,G66_30969,VKORC1L1,2_45_METHYL_45_3_45_PHYTYL_45_14_45_NAPHTHOQUINONE_c + Protein_45_Red_45_Disulfides_c <=> CPD_45_12831_c + Protein_45_Ox_45_Disulfides_c
1_46_1_46_4_46_1_45_RXN,1.1.4.1-RXN,Unknown,1.2662803343949043,1.2662803343949043,1.0,0.0,MINIMAL,optimal,2,HS15548;G66_30969,VKORC1;VKORC1L1,23_45_EPOXY_45_23_45_DIHYDRO_45_2_45_METHYL_45_14_45_NAPHTHOQ_c + Protein_45_Red_45_Disulfides_c <=> 2_45_METHYL_45_3_45_PHYTYL_45_14_45_NAPHTHOQUINONE_c + Protein_45_Ox_45_Disulfides_c + WATER_c
3_46_1_46_26_46_4_45_RXN,3.1.26.4-RXN,Unknown,1.2662803343949043,1.2662803343949043,1.0,0.0,MINIMAL,optimal,12,HS09938;HS02645;HS09939;G66_46278;HS06069;G66_32824;HS10407;HS16149;HS09945;G66_46676,RNASE2;RNASEH2A;RNASE3;ERVK-18;RNASEL;ERVK6;RNASEH1;RNASEH2C;ANG;ERVK-11,RNA_45_DNA_45_hybrids_c + WATER_c <=> DNA_45_Holder_c + Nucleoside_45_Monophosphates_c
1_46_6_46_4_46_4_45_RXN,1.6.4.4-RXN,Unknown,1.2662803343949043,1.2662803343949043,1.0,0.0,MINIMAL,optimal,1,HS15588,NXN,NADH_45_P_45_OR_45_NOP_c + Protein_45_Ox_45_Disulfides_c + h_c <=> NAD_45_P_45_OR_45_NOP_c + Protein_45_Red_45_Disulfides_c
ADP_45_RIBOSYLARGININE_45_HYDROLASE_45_RXN,ADP-RIBOSYLARGININE-HYDROLASE-RXN,Unknown,1.2662803343949043,1.2662803343949043,1.0,0.0,MINIMAL,optimal,1,HS07211,ADPRH,CPD_45_557_c + WATER_c <=> ADENOSINE_DIPHOSPHATE_RIBOSE_c + Protein_45_L_45_Arginines_c
3_46_6_46_4_46_7_45_RXN,3.6.4.7-RXN,Unknown,1.2662803343949043,1.2662803343949043,1.0,0.0,MINIMAL,optimal,0,,,General_45_Protein_45_Substrates_CCO_45_IN + WATER_CCO_45_IN + atp_CCO_45_IN <=> General_45_Protein_45_Substrates_CCO_45_OUT + adp_CCO_45_OUT + h_CCO_45_OUT + pi_CCO_45_OUT
RXN_45_6601,RXN-6601,Unknown,1.2662803343949043,1.2662803343949043,1.0,0.0,MINIMAL,optimal,8,HS09617;HS05482;HS01957;HS05767;HS07611;G66_32539;G66_33327;HS01949,GGT6;GGT7;GGT1;GGT2;GGTLC1;GGT3P;GGTLC3;GGT5,Amino_45_Acids_45_20_c + gthrd_c <=> 5_45_L_45_GLUTAMYL_45_L_45_AMINO_45_ACID_c + CYS_45_GLY_c
L_45_AMINO_45_ACID_45_OXIDASE_45_RXN,L-AMINO-ACID-OXIDASE-RXN,Unknown,1.2662803343949043,1.2662803343949043,1.0,0.0,MINIMAL,optimal,1,HS02660,IL4I1,Amino_45_Acids_45_20_c + OXYGEN_45_MOLECULE_c + WATER_c <=> 2_45_Oxo_45_carboxylates_c + HYDROGEN_45_PEROXIDE_c + nh4_c
3_46_4_46_21_46_6_45_RXN,3.4.21.6-RXN,Unknown,1.2662803343949043,1.2662803343949043,1.0,0.0,MINIMAL,optimal,2,HS05000;HS04145,F10;F3,Prothrombins_c + WATER_c <=> Peptide_45_Holder_45_Alternative_c + Peptides_45_holder_c + Thrombins_c
RXN_45_14029,RXN-14029,Unknown,1.2662803343949043,1.2662803343949043,1.0,0.0,MINIMAL,optimal,1,HS02151,PNP,Purine_45_Deoxyribonucleosides_c + pi_c <=> 2dr1p_c + Purine_45_Bases_c
PNP_45_RXN,PNP-RXN,Unknown,1.2662803343949043,1.2662803343949043,1.0,0.0,MINIMAL,optimal,1,HS02151,PNP,Purine_45_Ribonucleosides_c + pi_c <=> Purine_45_Bases_c + r1p_c
RXN_45_7001,RXN-7001,Unknown,1.2662803343949043,1.2662803343949043,1.0,0.0,MINIMAL,optimal,1,HS02151,PNP,ARSENATE_c + Purine_45_Ribonucleosides_c <=> Purine_45_Bases_c + RIBOSE_45_1_45_ARSENATE_c
RXN_45_19149,RXN-19149,Unknown,1.2662803343949043,1.2662803343949043,1.0,0.0,MINIMAL,optimal,1,HS01075,TRHDE,CPD_45_20644_c + WATER_c <=> 5oxpro_c + CPD_45_20645_c
RXN_45_19148,RXN-19148,Unknown,1.2662803343949043,1.2662803343949043,1.0,0.0,MINIMAL,optimal,1,HS01075,TRHDE,CPD_45_20642_c + WATER_c <=> 5oxpro_c + CPD_45_20643_c
3_46_6_46_1_46_52_45_RXN,3.6.1.52-RXN,Unknown,1.2662803343949043,1.2662803343949043,1.0,0.0,MINIMAL,optimal,3,HS03602;HS04604;HS10696,NUDT3;NUDT10;NUDT4,Pyrophosphate_45_inositol_45_phosphates_c + WATER_c <=> Myo_45_inositol_45_polyphosphates_c + pi_c
RXN_45_11693,RXN-11693,Unknown,1.2662803343949043,1.2662803343949043,1.0,0.0,MINIMAL,optimal,2,HS09131;HS06016,RAD21;ESPL1,RAD21_45_Cohesin_45_Subunits_c + WATER_c <=> 2.0 Peptides_45_holder_c
RXN66_45_550,RXN66-550,Unknown,1.2662803343949043,1.2662803343949043,1.0,0.0,MINIMAL,optimal,1,HS10326,ETFDH,ETF_45_Reduced_m + Ubiquinones_CCO_45_MIT_45_IMEM <=> ETF_45_Oxidized_m + Ubiquinols_CCO_45_MIT_45_IMEM + h_m
FLAVONADPREDUCT_45_RXN,FLAVONADPREDUCT-RXN,Unknown,1.2662803343949043,1.2662803343949043,1.0,0.0,MINIMAL,optimal,1,HS08587,FDXR,Reduced_45_flavodoxins_c + nadp_c <=> NADPH_c + Oxidized_45_flavodoxins_c + h_c
2_46_3_46_1_46_43_45_RXN,2.3.1.43-RXN,Unknown,1.2662803343949043,1.2662803343949043,1.0,0.0,MINIMAL,optimal,1,HS02453,LCAT,PHOSPHATIDYLCHOLINE_c + Sterols_c <=> 2_45_Lysophosphatidylcholines_c + Steryl_45_Esters_c
MERCAPYSTRANS_45_RXN,MERCAPYSTRANS-RXN,Unknown,1.2662803343949043,1.2662803343949043,1.0,0.0,MINIMAL,optimal,1,HS05177,MPST,HCN_c + mercppyr_c <=> HSCN_c + h_c + pyr_c
RXN0_45_5468,RXN0-5468,Unknown,1.2662803343949043,1.2662803343949043,1.0,0.0,MINIMAL,optimal,2,HS04134;HS09645,PRDX1;PRDX2,Cys2_45_Peroxiredoxin_45_Disulfide_c + Red_45_Thioredoxin_c <=> Ox_45_Thioredoxin_c + Reduced_45_Cys2_45_Peroxiredoxins_c
1_46_11_46_1_46_15_45_RXN,1.11.1.15-RXN,Unknown,1.2662803343949043,1.2662803343949043,1.0,0.0,MINIMAL,optimal,5,HS09265;HS05016;HS04632;HS09645;HS04134,PRDX3;PRDX5;PRDX4;PRDX2;PRDX1,Alkyl_45_Hydro_45_Peroxides_c + Red_45_Thioredoxin_c <=> Alcohols_c + Ox_45_Thioredoxin_c + WATER_c
RXN0_45_267,RXN0-267,Unknown,1.2662803343949043,1.2662803343949043,1.0,0.0,MINIMAL,optimal,4,HS09645;HS09265;HS04134;HS04632,PRDX2;PRDX3;PRDX1;PRDX4,HYDROGEN_45_PEROXIDE_c + Red_45_Thioredoxin_c <=> Ox_45_Thioredoxin_c + 2.0 WATER_c
RXN_45_8340,RXN-8340,Unknown,1.2662803343949043,1.2662803343949043,1.0,0.0,MINIMAL,optimal,1,HS04808,MOCS1,Donor_45_H2_c + amet_c + gtp_c <=> Acceptor_c + CH33ADO_c + CPD_45_19179_c + MET_c + h_c
PROSTAGLANDIN_45_ENDOPEROXIDE_45_SYNTHASE_45_RXN,PROSTAGLANDIN-ENDOPEROXIDE-SYNTHASE-RXN,Unknown,1.2662803343949043,1.2662803343949043,1.0,0.0,MINIMAL,optimal,2,HS01115;HS01815,PTGS2;PTGS1,Donor_45_H2_c + 2.0 OXYGEN_45_MOLECULE_c <=> Acceptor_c + PROSTAGLANDIN_45_H2_c + WATER_c
RXN66_45_487,RXN66-487,Unknown,1.2662803343949043,1.2662803343949043,1.0,0.0,MINIMAL,optimal,1,HS01115,PTGS2,Donor_45_H2_c + OXYGEN_45_MOLECULE_c <=> Acceptor_c + CPD66_45_52_c + WATER_c
RXN_45_19057,RXN-19057,Unknown,1.2662803343949043,1.2662803343949043,1.0,0.0,MINIMAL,optimal,1,HS05902,CYP2J2,OXYGEN_45_MOLECULE_c + Red_45_NADPH_45_Hemoprotein_45_Reductases_c <=> CPD_45_20538_c + Ox_45_NADPH_45_Hemoprotein_45_Reductases_c + WATER_c
RXN_45_19058,RXN-19058,Unknown,1.2662803343949043,1.2662803343949043,1.0,0.0,MINIMAL,optimal,1,HS05902,CYP2J2,OXYGEN_45_MOLECULE_c + Red_45_NADPH_45_Hemoprotein_45_Reductases_c <=> CPD_45_20537_c + Ox_45_NADPH_45_Hemoprotein_45_Reductases_c + WATER_c
RXN_45_19055,RXN-19055,Unknown,1.2662803343949043,1.2662803343949043,1.0,0.0,MINIMAL,optimal,1,HS05902,CYP2J2,OXYGEN_45_MOLECULE_c + Red_45_NADPH_45_Hemoprotein_45_Reductases_c <=> CPD_45_20540_c + Ox_45_NADPH_45_Hemoprotein_45_Reductases_c + WATER_c
RXN_45_19056,RXN-19056,Unknown,1.2662803343949043,1.2662803343949043,1.0,0.0,MINIMAL,optimal,1,HS05902,CYP2J2,OXYGEN_45_MOLECULE_c + Red_45_NADPH_45_Hemoprotein_45_Reductases_c <=> CPD_45_20539_c + Ox_45_NADPH_45_Hemoprotein_45_Reductases_c + WATER_c
3_46_4_46_21_46_119_45_RXN,3.4.21.119-RXN,Unknown,1.2662803343949043,1.2662803343949043,1.0,0.0,MINIMAL,optimal,1,HS09627,KLK13,Renin_45_2_45_Precursors_c + WATER_c <=> Renin_45_2_45_heavy_45_chains_c + Renin_45_2_45_light_45_chains_c
3_46_1_46_27_46_5_45_RXN,3.1.27.5-RXN,Unknown,1.2662803343949043,1.2662803343949043,1.0,0.0,MINIMAL,optimal,14,HS09939;HS09029;HS00449;HS10663;HS09938;HS06069;HS10407;HS09286;HS16307;HS11659,RNASE3;ABCE1;RNASET2;RNASE8;RNASE2;RNASEL;RNASEH1;RNASE7;RG9MTD1;RNASE4,RNA_45_Holder_c + WATER_c <=> 3_45_Prime_45_Phosphate_45_Terminated_45_RNAs_c + 5Prime_45_OH_45_Terminated_45_RNAs_c + h_c
3_46_1_46_4_46_37_45_RXN,3.1.4.37-RXN,Unknown,1.2662803343949043,1.2662803343949043,1.0,0.0,MINIMAL,optimal,1,HS10729,CNP,Cyclic_45_2_45_3_45_Ribonucleoside_45_Monophosphates_c + WATER_c <=> 2_45_Prime_45_Ribonucleoside_45_Monophosphates_c + h_c
5_45_NUCLEOTID_45_RXN,5-NUCLEOTID-RXN,Unknown,1.2662803343949043,1.2662803343949043,1.0,0.0,MINIMAL,optimal,11,HS04890;HS03944;HS04074;HS05981;HS14007;HS01216;G66_46749;HS12747;HS04585;HS15654,NT5C;NT5C1B;NT5C1A;NT5E;NT5DC4;NT5C2;NT5M;NT5DC3;NT5C3;NT5DC2,Ribonucleoside_45_Monophosphates_c + WATER_c <=> Ribonucleosides_c + pi_c
3_46_4_46_14_46_10_45_RXN,3.4.14.10-RXN,Unknown,1.2662803343949043,1.2662803343949043,1.0,0.0,MINIMAL,optimal,2,HS05928;HS09379,TPP2;TPP1,Tripeptidyl_45_Peptidase_45_II_45_Substrates_c + WATER_c <=> Peptides_45_holder_c + TRIPEPTIDES_c + 2.0 h_c
RXN_45_12448,RXN-12448,Unknown,1.2662803343949043,1.2662803343949043,1.0,0.0,MINIMAL,optimal,4,HS10600;HS11440;HS08983;HS06681,ADH6;ZADH2;ADH1B;PTGR2,Secondary_45_Alcohols_c + nad_c <=> LONG_45_CHAIN_45_KETONE_c + h_c + nadh_c
CARBONYL_45_REDUCTASE_45_NADPH_45_RXN,CARBONYL-REDUCTASE-NADPH-RXN,Unknown,1.2662803343949043,1.2662803343949043,1.0,0.0,MINIMAL,optimal,3,HS08202;HS08379;HS08378,DHRS4;CBR3;CBR1,Secondary_45_Alcohols_c + nadp_c <=> LONG_45_CHAIN_45_KETONE_c + NADPH_c + h_c
RXN_45_19958,RXN-19958,Unknown,1.2662803343949043,1.2662803343949043,1.0,0.0,MINIMAL,optimal,16,HS02532;HS11921;G66_31311;HS11936;HS00935;HS07766;HS01349;HS06695;HS11973;HS16174,ACSBG1;ACSM2A;ACSM4;FACL6;ACSL4;ACSL1;ACSL5;SLC27A2;ACSM5;ACSM6,Short_45_Chain_45_234_45_Saturated_45_Fatty_45_Acids_c + atp_c + coa_c <=> Short_45_Chain_45_234_45_Saturated_45_acyl_45_CoAs_c + amp_c + ppi_c
RXN_45_18262,RXN-18262,Unknown,1.2662803343949043,1.2662803343949043,1.0,0.0,MINIMAL,optimal,2,HS10902;HS10869,CHST1;CHST2,paps_c + sLex_45_Antigen_c <=> 6_45_Sulfo_45_sLex_45_Antigen_c + h_c + pap_c
3_46_2_46_1_46_18_45_RXN,3.2.1.18-RXN,Unknown,1.2662803343949043,1.2662803343949043,1.0,0.0,MINIMAL,optimal,4,HS08646;HS11296;G66_46637;HS03898,NEU3;NEU4;NEU1;NEU2,Sialyloligosaccharides_c + WATER_c <=> CPD0_45_1123_c + Oligosaccharides_c
RXN0_45_5021,RXN0-5021,Unknown,1.2662803343949043,1.2662803343949043,1.0,0.0,MINIMAL,optimal,2,G66_46206;HS07327,PRIM1;PRIM2,Ribonucleoside_45_Triphosphates_c + Single_45_Stranded_45_DNAs_c <=> ssDNA_45_RNA_45_primer_45_hybrid_c
RXN_45_11200,RXN-11200,Unknown,1.2662803343949043,1.2662803343949043,1.0,0.0,MINIMAL,optimal,1,HS05356,DPP6,Small_45_peptides_c + WATER_c <=> DIPEPTIDES_c
RXN_45_11361,RXN-11361,Unknown,1.2662803343949043,1.2662803343949043,1.0,0.0,MINIMAL,optimal,2,HS09033;HS04742,MOCS2;MOCS3,MPT_45_Synthase_45_small_45_subunits_c + atp_c + h_c <=> Carboxyadenylated_45_MPT_45_synthases_c + ppi_c
RXN_45_20393,RXN-20393,Unknown,1.2662803343949043,1.2662803343949043,1.0,0.0,MINIMAL,optimal,1,HS06638,CERS5,Sphingoids_c + pmtcoa_c <=> C16_45_Ceramides_c + coa_c + h_c
SPHINGOMYELIN_45_PHOSPHODIESTERASE_45_RXN,SPHINGOMYELIN-PHOSPHODIESTERASE-RXN,Unknown,1.2662803343949043,1.2662803343949043,1.0,0.0,MINIMAL,optimal,6,HS09373;G66_32199;HS02449;HS00039;HS06031;HS13634,SMPD1;ENPP7;SMPD3;LOC51190;SMPD2;SMPD4,Sphingomyelins_c + WATER_c <=> Ceramides_c + cholp_c + h_c
2_46_4_46_1_46_47_45_RXN,2.4.1.47-RXN,Unknown,1.2662803343949043,1.2662803343949043,1.0,0.0,MINIMAL,optimal,1,HS10812,UGT8,N_45_Acylsphingosine_c + udpgal_c <=> A_45_GALACTOSYLCERAMIDE_c + h_c + udp_c
RXN_45_15211,RXN-15211,Unknown,1.2662803343949043,1.2662803343949043,1.0,0.0,MINIMAL,optimal,3,HS15139;HS11945;HS14629,SGMS2;SGMS1;SAMD8,N_45_Acylsphingosine_c + PHOSPHATIDYLCHOLINE_c <=> DIACYLGLYCEROL_c + N_45_acyl_45_sphingosylphosphorylcholine_c
CERAMIDASE_45_RXN,CERAMIDASE-RXN,Unknown,1.2662803343949043,1.2662803343949043,1.0,0.0,MINIMAL,optimal,5,HS02614;HS01068;HS15598;G66_33393;HS16784,ASAH1;ASAH2C;ACER1;ASAH2;ACER2,N_45_Acylsphingosine_c + WATER_c <=> Fatty_45_Acids_c + SPHINGOSINE_c
RXN_45_16024,RXN-16024,Unknown,1.2662803343949043,1.2662803343949043,1.0,0.0,MINIMAL,optimal,5,HS06534;HS08315;G66_32105;HS04350;HS00112,AGPAT9;AGPAT6;GPAT2;GPAM;NDUFAB1,Stearoyl_45_ACPs_c + glyc3p_c <=> ACP_c + CPD0_45_2113_c
RXN_45_16076,RXN-16076,Unknown,1.2662803343949043,1.2662803343949043,1.0,0.0,MINIMAL,optimal,5,HS10599;HS00306;HS00112;HS16664;HS13986,LCLAT1;ABHD5;NDUFAB1;LPCAT4;MBOAT2,CPD0_45_2113_c + Stearoyl_45_ACPs_c <=> ACP_c + CPD0_45_1423_c
LEUCINE_45__45_TRNA_45_LIGASE_45_RXN,LEUCINE--TRNA-LIGASE-RXN,Unknown,1.2662803343949043,1.2662803343949043,1.0,0.0,MINIMAL,optimal,7,HS11863;HS11880;HS11854;HS11896;HS05781;HS11864;HS00314,TRL1;G_HS11880;MTTL1;G_HS11896;LARS;TRL2;LARS2,LEU_45_tRNAs_c + LEU_c + atp_c <=> Charged_45_LEU_45_tRNAs_c + amp_c + ppi_c
STEROL_45_ESTERASE_45_RXN,STEROL-ESTERASE-RXN,Unknown,1.2662803343949043,1.2662803343949043,1.0,0.0,MINIMAL,optimal,4,HS10190;HS03027;HS11616;HS01328,CEL;LIPA;CES1;LIPE,Steryl_45_Esters_c + WATER_c <=> Fatty_45_Acids_c + Sterols_c + h_c
ALDEHYDE_45_REDUCTASE_45_RXN,ALDEHYDE-REDUCTASE-RXN,Unknown,1.2662803343949043,1.2662803343949043,1.0,0.0,MINIMAL,optimal,3,HS04133;HS02925;HS01502,AKR1A1;AKR1B10;AKR1B1,NAD_45_P_45_OR_45_NOP_c + Sugar_45_alcohols_c <=> Aldoses_c + NADH_45_P_45_OR_45_NOP_c + h_c
CEREBROSIDE_45_SULFATASE_45_RXN,CEREBROSIDE-SULFATASE-RXN,Unknown,1.2662803343949043,1.2662803343949043,1.0,0.0,MINIMAL,optimal,1,HS02032,ARSA,GALACTOSYLCERAMIDE_45_SULFATE_c + WATER_c <=> Cerebrosides_c + h_c + so4_c
RXN0_45_6359,RXN0-6359,Unknown,1.2662803343949043,1.2662803343949043,1.0,0.0,MINIMAL,optimal,3,G66_46939;HS05179;G66_46901,TSTD3;TST;TSTD1,HCN_c + Sulfurated_45_Sulfur_45_Acceptors_c <=> HSCN_c + Unsulfurated_45_Sulfur_45_Acceptors_c + h_c
RXN0_45_4261,RXN0-4261,Unknown,1.2662803343949043,1.2662803343949043,1.0,0.0,MINIMAL,optimal,29,HS00539;HS16811;HS02159;HS10287;HS06717;G66_46815;HS07930;HS01825;HS09004;G66_46439,SKIV2L2;CHD9;CHD8;CHD7;PIF1;GTF2F2;CHD1;BTAF1;RAD54L2;SKIV2L,Supercoiled_45_Duplex_45_DNAs_c + WATER_c + atp_c <=> 2.0 Single_45_Stranded_45_DNAs_c
RXN_45_11135,RXN-11135,Unknown,1.2662803343949043,1.2662803343949043,1.0,0.0,MINIMAL,optimal,3,HS13233;HS08703;HS06171,HELB;FUBP1;BRIP1,Supercoiled_45_Duplex_45_DNAs_c + WATER_c + atp_c <=> 2.0 Single_45_Stranded_45_DNAs_c
TAU_45_PROTEIN_45_KINASE_45_RXN,TAU-PROTEIN-KINASE-RXN,Unknown,1.2662803343949043,1.2662803343949043,1.0,0.0,MINIMAL,optimal,7,HS02806;HS13280;HS13825;HS01429;HS09152;HS11080;HS07332,GSK3A;TTBK2;KIAA0847;GSK3B;CDK5;CDK5R1;TTBK1,Tau_45_proteins_c + atp_c <=> O_45_phospho_45_tau_45_proteins_c + adp_c
FORMATETHFLIG_45_RXN,FORMATETHFLIG-RXN,Unknown,1.2662803343949043,1.2662803343949043,1.0,0.0,MINIMAL,optimal,2,HS02138;HS04384,MTHFD1;MTHFD1L,THF_45_GLU_45_N_m + atp_m + 2.0 for_m + thf_m <=> 10fthf_m + adp_m + pi_m
DIHYDROFOLATEREDUCT_45_RXN,DIHYDROFOLATEREDUCT-RXN,Unknown,1.2662803343949043,1.2662803343949043,1.0,0.0,MINIMAL,optimal,2,HS17108;HS09699,DHFRL1;DHFR,DIHYDROFOLATE_45_GLU_45_N_c + NADPH_c + h_c <=> THF_45_GLU_45_N_c + nadp_c
RXN_45_18693,RXN-18693,Unknown,1.2662803343949043,1.2662803343949043,1.0,0.0,MINIMAL,optimal,1,G_55129,CTU2,SAMP_45_C_45_Terminal_45_thiol_c + WATER_c + atp_c + tRNA_45_uridine34_c <=> SAMP_45_C_45_Terminal_45_Glycine_c + amp_c + 2.0 h_c + ppi_c + tRNA_45_2_45_thiouridine34_c
THIOPURINE_45_S_45_METHYLTRANSFERASE_45_RXN,THIOPURINE-S-METHYLTRANSFERASE-RXN,Unknown,1.2662803343949043,1.2662803343949043,1.0,0.0,MINIMAL,optimal,1,HS06327,TPMT,Thiopurines_c + amet_c <=> ADENOSYL_45_HOMO_45_CYS_c + Thiopurine_45_Methylethers_c + h_c
3_46_4_46_24_46_86_45_RXN,3.4.24.86-RXN,Unknown,1.2662803343949043,1.2662803343949043,1.0,0.0,MINIMAL,optimal,1,HS07763,ADAM17,TNF_45_alpha_c + WATER_c <=> Peptides_45_holder_c + active_45_TNF_c
TRIACYLGLYCEROL_45_LIPASE_45_RXN,TRIACYLGLYCEROL-LIPASE-RXN,Unknown,1.2662803343949043,1.2662803343949043,1.0,0.0,MINIMAL,optimal,1,HS01328,LIPE,Triacylglycerols_c + WATER_c <=> DIACYLGLYCEROL_c + Fatty_45_Acids_c + h_c
RXN_45_19278,RXN-19278,Unknown,1.2662803343949043,1.2662803343949043,1.0,0.0,MINIMAL,optimal,1,HS01328,LIPE,Triacylglycerides_c + WATER_c <=> Diacylglycerides_c + Fatty_45_Acids_c + h_c
3_46_4_46_14_46_9_45_RXN,3.4.14.9-RXN,Unknown,1.2662803343949043,1.2662803343949043,1.0,0.0,MINIMAL,optimal,2,HS05928;HS09379,TPP2;TPP1,Tripeptidyl_45_Peptidase_45_I_45_Substrates_c + WATER_c <=> Peptides_45_holder_c + TRIPEPTIDES_c + 2.0 h_c
TRANS_45_RXN0_45_237,TRANS-RXN0-237,Unknown,1.2662803343949043,1.2662803343949043,1.0,0.0,MINIMAL,optimal,2,HS15490;HS03841,LDHD;GPD2,2.0 E_45__c + Ubiquinones_c + 2.0 h_c <=> Ubiquinols_c
TRNA_45_CYTIDYLYLTRANSFERASE_45_RXN,TRNA-CYTIDYLYLTRANSFERASE-RXN,Unknown,1.2662803343949043,1.2662803343949043,1.0,0.0,MINIMAL,optimal,2,HS06936;HS01080,CTU1;TRNT1,atp_c + 2.0 ctp_c + tRNA_45_precursors_c <=> 3.0 ppi_c + tRNAs_45_with_45_CCA_c
3_46_1_46_26_46_11_45_RXN,3.1.26.11-RXN,Unknown,1.2662803343949043,1.2662803343949043,1.0,0.0,MINIMAL,optimal,2,HS13902;HS12017,ELAC1;ELAC2,WATER_c + tRNA_45_precursors_c <=> SS_45_Oligoribonucleotides_c + mature_45_tRNA_c
RXN0_45_6480,RXN0-6480,Unknown,1.2662803343949043,1.2662803343949043,1.0,0.0,MINIMAL,optimal,60,HS11854;HS11880;HS11877;HS10663;HS11894;HS11882;HS11870;HS08912;HS11893;HS11875,MTTL1;G_HS11880;TRS1;RNASE8;G_HS11894;G_HS11882;TRP2;RPP14;G_HS11893;TRSP,CPD0_45_2354_c + WATER_c <=> tRNA_45_fragment_c + tRNAs_c
RXN0_45_6479,RXN0-6479,Unknown,1.2662803343949043,1.2662803343949043,1.0,0.0,MINIMAL,optimal,4,HS10663;HS09286;HS09943;HS10407,RNASE8;RNASE7;RNASE6;RNASEH1,CPD0_45_2351_c + WATER_c <=> CPD0_45_2352_c + Nucleoside_45_Monophosphates_c
RXN0_45_6481,RXN0-6481,Unknown,1.2662803343949043,1.2662803343949043,1.0,0.0,MINIMAL,optimal,2,HS01080;HS06440,TRNT1;PNPT1,CPD0_45_2352_c <=> CPD0_45_2354_c + Ribonucleoside_45_Diphosphates_c
3_46_1_46_26_46_5_45_RXN,3.1.26.5-RXN,Unknown,1.2662803343949043,1.2662803343949043,1.0,0.0,MINIMAL,optimal,16,HS10663;HS08912;HS12429;HS07551;HS09286;HS07822;HS04834;HS17113;HS02683;HS15540,RNASE8;RPP14;KIAA0391;RPP30;RNASE7;RPP38;RPP40;RPP25;POP4;POP5,CPD0_45_2352_c + WATER_c <=> CPD0_45_2353_c + tRNA_45_fragment_c
RXN0_45_6482,RXN0-6482,Unknown,1.2662803343949043,1.2662803343949043,1.0,0.0,MINIMAL,optimal,51,HS11854;HS11880;HS11877;HS11894;HS11882;HS11870;HS11893;HS11875;HS11861;HS11855,MTTL1;G_HS11880;TRS1;G_HS11894;G_HS11882;TRP2;G_HS11893;TRSP;TRGL1;MTTN,CPD0_45_2353_c <=> Ribonucleoside_45_Diphosphates_c + tRNAs_c
ALANINE_45__45_TRNA_45_LIGASE_45_RXN,ALANINE--TRNA-LIGASE-RXN,Unknown,1.2662803343949043,1.2662803343949043,1.0,0.0,MINIMAL,optimal,5,HS04804;HS11885;HS03163;HS11857;HS01706,AARS2;G_HS11885;AARSD1;TRAN;AARS,ALA_45_tRNAs_c + L_45_ALPHA_45_ALANINE_c + atp_c <=> Charged_45_ALA_45_tRNAs_c + amp_c + ppi_c
ARGININE_45__45_TRNA_45_LIGASE_45_RXN,ARGININE--TRNA-LIGASE-RXN,Unknown,1.2662803343949043,1.2662803343949043,1.0,0.0,MINIMAL,optimal,5,HS07340;HS11873;HS03704;HS11874;HS11893,RARS2;TRR1;RARS;TRR3;G_HS11893,ARG_45_tRNAs_c + arg_DASH_DASH_DASH_L_c + atp_c <=> Charged_45_ARG_45_tRNAs_c + amp_c + ppi_c
CYSTEINE_45__45_TRNA_45_LIGASE_45_RXN,CYSTEINE--TRNA-LIGASE-RXN,Unknown,1.2662803343949043,1.2662803343949043,1.0,0.0,MINIMAL,optimal,3,HS05929;HS11887;HS03321,CARS2;G_HS11887;CARS,CYS_45_tRNAs_c + CYS_c + atp_c <=> Charged_45_CYS_45_tRNAs_c + amp_c + ppi_c
GLUTAMINE_45__45_TRNA_45_LIGASE_45_RXN,GLUTAMINE--TRNA-LIGASE-RXN,Unknown,1.2662803343949043,1.2662803343949043,1.0,0.0,MINIMAL,optimal,2,HS11882;HS10441,G_HS11882;QARS,GLN_45_tRNAs_c + GLN_c + atp_c <=> Charged_45_GLN_45_tRNAs_c + amp_c + ppi_c
GLURS_45_RXN,GLURS-RXN,Unknown,1.2662803343949043,1.2662803343949043,1.0,0.0,MINIMAL,optimal,7,HS11852;HS11897;HS02494;HS11871;HS11858;HS06187;HS11872,MTTE;G_HS11897;EARS2;TRQ1;TRE;EPRS;TRQ2,GLT_45_tRNAs_c + Glutamates_c + atp_c <=> Charged_45_GLT_45_tRNAs_c + amp_c + ppi_c
GLYCINE_45__45_TRNA_45_LIGASE_45_RXN,GLYCINE--TRNA-LIGASE-RXN,Unknown,1.2662803343949043,1.2662803343949043,1.0,0.0,MINIMAL,optimal,6,HS11860;HS11853;HS11861;HS11859;HS02863;HS11892,TRG2;MTTG;TRGL1;TRG1;GARS;G_HS11892,GLY_45_tRNAs_c + GLY_c + atp_c <=> Charged_45_GLY_45_tRNAs_c + amp_c + ppi_c
HISTIDINE_45__45_TRNA_45_LIGASE_45_RXN,HISTIDINE--TRNA-LIGASE-RXN,Unknown,1.2662803343949043,1.2662803343949043,1.0,0.0,MINIMAL,optimal,3,HS03628;HS10130;HS11894,HARS2;HARS;G_HS11894,HIS_45_tRNAs_c + HIS_c + atp_c <=> Charged_45_HIS_45_tRNAs_c + amp_c + ppi_c
ISOLEUCINE_45__45_TRNA_45_LIGASE_45_RXN,ISOLEUCINE--TRNA-LIGASE-RXN,Unknown,1.2662803343949043,1.2662803343949043,1.0,0.0,MINIMAL,optimal,3,HS00916;HS11881;HS00408,IARS2;G_HS11881;IARS,ILE_45_tRNAs_c + ILE_c + atp_c <=> Charged_45_ILE_45_tRNAs_c + amp_c + ppi_c
RXN_45_11750,RXN-11750,Unknown,1.2662803343949043,1.2662803343949043,1.0,0.0,MINIMAL,optimal,1,HS05792,HSD17B4,Very_45_Long_45_Chain_45_3_45_Hydroxyacyl_45_CoAs_c <=> Very_45_Long_45_Chain_45_Trans_45_23_45_Dehydroacyl_45_CoA_c + WATER_c
LYSINE_45__45_TRNA_45_LIGASE_45_RXN,LYSINE--TRNA-LIGASE-RXN,Unknown,1.2662803343949043,1.2662803343949043,1.0,0.0,MINIMAL,optimal,4,HS11862;HS00840;HS15715;HS11891,TRK1;KARS;G_HS15715;G_HS11891,LYS_45_tRNAs_c + atp_c + lys_DASH_DASH_DASH_L_c <=> Charged_45_LYS_45_tRNAs_c + amp_c + ppi_c
PHENYLALANINE_45__45_TRNA_45_LIGASE_45_RXN,PHENYLALANINE--TRNA-LIGASE-RXN,Unknown,1.2662803343949043,1.2662803343949043,1.0,0.0,MINIMAL,optimal,4,HS03982;HS11878;HS07306;HS00249,FARSB;G_HS11878;FARS2;FARSA,PHE_45_tRNAs_c + PHE_c + atp_c <=> Charged_45_PHE_45_tRNAs_c + amp_c + ppi_c
PROLINE_45__45_TRNA_45_LIGASE_45_RXN,PROLINE--TRNA-LIGASE-RXN,Unknown,1.2662803343949043,1.2662803343949043,1.0,0.0,MINIMAL,optimal,6,HS11869;HS08668;HS06187;HS11899;HS11856;HS11870,TRP1;PARS2;EPRS;G_HS11899;MTTP;TRP2,PRO_45_tRNAs_c + PRO_c + atp_c <=> Charged_45_PRO_45_tRNAs_c + amp_c + ppi_c
RXN0_45_2161,RXN0-2161,Unknown,1.2662803343949043,1.2662803343949043,1.0,0.0,MINIMAL,optimal,2,HS00481;HS02631,SARS;SARS2,SER_c + atp_c + tRNA_45_Sec_c <=> L_45_seryl_45_SEC_45_tRNAs_c + amp_c + ppi_c
SERINE_45__45_TRNA_45_LIGASE_45_RXN,SERINE--TRNA-LIGASE-RXN,Unknown,1.2662803343949043,1.2662803343949043,1.0,0.0,MINIMAL,optimal,8,HS00481;HS11877;HS02631;HS11851;HS11850;HS11875;HS11889;HS11895,SARS;TRS1;SARS2;TRS3;TRS2;TRSP;G_HS11889;G_HS11895,SER_45_tRNAs_c + SER_c + atp_c <=> Charged_45_SER_45_tRNAs_c + amp_c + ppi_c
THREONINE_45__45_TRNA_45_LIGASE_45_RXN,THREONINE--TRNA-LIGASE-RXN,Unknown,1.2662803343949043,1.2662803343949043,1.0,0.0,MINIMAL,optimal,4,HS11920;HS03680;HS11898;HS07040,TARSL2;TARS;G_HS11898;TARS2,THR_45_tRNAs_c + THR_c + atp_c <=> Charged_45_THR_45_tRNAs_c + amp_c + ppi_c
TYROSINE_45__45_TRNA_45_LIGASE_45_RXN,TYROSINE--TRNA-LIGASE-RXN,Unknown,1.2662803343949043,1.2662803343949043,1.0,0.0,MINIMAL,optimal,3,HS11888;HS05899;HS06581,G_HS11888;YARS;YARS2,TYR_45_tRNAs_c + TYR_c + atp_c <=> Charged_45_TYR_45_tRNAs_c + amp_c + ppi_c
VALINE_45__45_TRNA_45_LIGASE_45_RXN,VALINE--TRNA-LIGASE-RXN,Unknown,1.2662803343949043,1.2662803343949043,1.0,0.0,MINIMAL,optimal,4,HS01855;HS06340;HS11879;HS11876,VARS;VARS2;G_HS11879;TRV1,VAL_45_tRNAs_c + VAL_c + atp_c <=> Charged_45_VAL_45_tRNAs_c + amp_c + ppi_c
3_46_4_46_21_46_4_45_RXN,3.4.21.4-RXN,Unknown,1.2662803343949043,1.2662803343949043,1.0,0.0,MINIMAL,optimal,6,HS08137;HS10703;HS00287;HS09010;HS15954;G66_47588,TYSND1;PRSS2;PRSS3;PRSS12;TRYX3;PRSS3P2,Trypsin_45_Substrates_c + WATER_c <=> Peptide_45_Holder_45_Alternative_c + Peptides_45_holder_c
RXN_45_20873,RXN-20873,Unknown,1.2662803343949043,1.2662803343949043,1.0,0.0,MINIMAL,optimal,1,HS05944,AGTPBP1,Tubulins_c + WATER_c <=> DELTA2_45_tubulin_c + Glutamates_c
2_46_4_46_1_46_149_45_RXN,2.4.1.149-RXN,Unknown,1.2662803343949043,1.2662803343949043,1.0,0.0,MINIMAL,optimal,1,HS10106,B3GNT2,B_45_Gal_45_14_45_NacGlc_45_R_c + uacgam_c <=> N_45_ACETYL_45_BETA_45_D_45_GLUCOSAMINYL_45_13_45_ETCETERA_c + h_c + udp_c
2_46_4_46_1_46_151_45_RXN,2.4.1.151-RXN,Unknown,1.2662803343949043,1.2662803343949043,1.0,0.0,MINIMAL,optimal,2,HS11956;HS00232,GTA;CDK11A,B_45_Gal_45_14_45_NacGlc_45_R_c + udpgal_c <=> ALPHA_45_D_45_GALACTOSYL_45_ETCETERA_45_GLUCOSAMINYL_c + h_c + udp_c
RXN0_45_5330,RXN0-5330,Unknown,1.2662803343949043,1.2662803343949043,1.0,0.0,MINIMAL,optimal,50,HS11253;HS09306;HS03332;HS00037;HS05206;HS09641;HS14193;HS03223;G66_32694;HS08459,NDUFV2;NDUFB1;NDUFS8;NDUFA6;NDUFA5;NDUFV1;NDUFB11;NDUFC1;NDUFS3;NDUFV3,Ubiquinones_CCO_45_PM_45_BAC_45_NEG + h_CCO_45_PM_45_BAC_45_NEG + nadh_CCO_45_PM_45_BAC_45_NEG <=> Ubiquinols_CCO_45_PM_45_BAC_45_NEG + nad_CCO_45_PM_45_BAC_45_NEG
DLACTDEHYDROGFAD_45_RXN,DLACTDEHYDROGFAD-RXN,Unknown,1.2662803343949043,1.2662803343949043,1.0,0.0,MINIMAL,optimal,1,HS15490,LDHD,Ubiquinones_CCO_45_PM_45_BAC_45_NEG + lac_DASH_DASH_DASH_D_CCO_45_PM_45_BAC_45_NEG <=> Ubiquinols_CCO_45_PM_45_BAC_45_NEG + pyr_CCO_45_PM_45_BAC_45_NEG
RXN0_45_5244,RXN0-5244,Unknown,1.2662803343949043,1.2662803343949043,1.0,0.0,MINIMAL,optimal,18,HS00031;HS00035;HS00030;HS00036;HS00033;HS02434;HS17780;HS00032;HS03864;HS03841,MT-ND2;MT-ND5;MT-ND1;MT-ND6;MT-ND4;DHODH;ND6;MT-ND3;NDUFS7;GPD2,2.0 E_45__c + Ubiquinones_c + 2.0 h_c <=> Ubiquinols_c
RXN_45_18704,RXN-18704,Unknown,1.2662803343949043,1.2662803343949043,1.0,0.0,MINIMAL,optimal,1,HS04742,MOCS3,MOCS3_45_L_45_cysteine_c + TUM1_45_S_45_sulfanylcysteine_c <=> MOCS3_45_S_45_sulfanylcysteine_c + TUM1_45_L_45_cysteine_c
NADH_45_DEHYDROG_45_A_45_RXN,NADH-DEHYDROG-A-RXN,Unknown,1.2662803343949043,1.2662803343949043,1.0,0.0,MINIMAL,optimal,67,HS11253;HS00037;HS16828;HS17072;HS05206;HS13941;HS09641;HS00033;HS03223;HS14193,NDUFV2;NDUFA6;G_HS16828;G_HS17072;NDUFA5;G_HS13941;NDUFV1;MT-ND4;NDUFC1;NDUFB11,Ubiquinones_CCO_45_MIT_45_IMEM <=> Ubiquinols_CCO_45_MIT_45_IMEM
RXN0_45_6491,RXN0-6491,Unknown,1.2662803343949043,1.2662803343949043,1.0,0.0,MINIMAL,optimal,1,HS02434,DHODH,Ubiquinones_CCO_45_MIT_45_IMEM + dhor_DASH_DASH_DASH_S_CCO_45_MIT_45_IMEM <=> Ubiquinols_CCO_45_MIT_45_IMEM + orot_CCO_45_MIT_45_IMEM
SUCCINATE_45_DEHYDROGENASE_45_UBIQUINONE_45_RXN,SUCCINATE-DEHYDROGENASE-UBIQUINONE-RXN,Unknown,1.2662803343949043,1.2662803343949043,1.0,0.0,MINIMAL,optimal,6,HS07690;HS01106;HS04095;HS07014;HS02434;HS15619,SDHD;SDHA;SDHB;SDHC;DHODH;PGL2,Ubiquinones_CCO_45_MIT_45_IMEM + succ_CCO_45_MIT_45_IMEM <=> Ubiquinols_CCO_45_MIT_45_IMEM + fum_CCO_45_MIT_45_IMEM
RXN0_45_5260,RXN0-5260,Unknown,1.2662803343949043,1.2662803343949043,1.0,0.0,MINIMAL,optimal,2,HS02434;HS03841,DHODH;GPD2,Ubiquinones_CCO_45_MIT_45_IMEM + glyc3p_CCO_45_MIT_45_IMEM <=> Ubiquinols_CCO_45_MIT_45_IMEM + dhap_CCO_45_MIT_45_IMEM
RXN_45_18700,RXN-18700,Unknown,1.2662803343949043,1.2662803343949043,1.0,0.0,MINIMAL,optimal,2,HS15524;HS04742,URM1;MOCS3,URM1_c + atp_c + h_c <=> Carboxyadenylated_45_URM1_c + ppi_c
UDPSUGARHYDRO_45_RXN,UDPSUGARHYDRO-RXN,Unknown,1.2662803343949043,1.2662803343949043,1.0,0.0,MINIMAL,optimal,1,HS11943,NUDT14,UDP_45_sugar_c + WATER_c <=> Alpha_45_D_45_aldose_45_1_45_phosphates_c + 2.0 h_c + ump_c
RXN0_45_2584,RXN0-2584,Unknown,1.2662803343949043,1.2662803343949043,1.0,0.0,MINIMAL,optimal,2,HS01204;HS07843,UNG;CCNO,DNA_45_with_45_Uracils_c + WATER_c <=> DNA_45_containing_45_a_45_Apyrimidinic_45_Sites_c + URACIL_c
TRNA_45_URACIL_45_5_45__45_METHYLTRANSFERASE_45_RXN,TRNA-URACIL-5--METHYLTRANSFERASE-RXN,Unknown,1.2662803343949043,1.2662803343949043,1.0,0.0,MINIMAL,optimal,2,HS02386;HS01927,TRMT2B;TRMT2A,Uracil_45_54_45_in_45_tRNA_c + amet_c <=> ADENOSYL_45_HOMO_45_CYS_c + h_c + tRNA_45_containing_45_5Me_45_uridine54_c
RXN_45_16822,RXN-16822,Unknown,1.2662803343949043,1.2662803343949043,1.0,0.0,MINIMAL,optimal,2,HS05366;HS05977,GTPBP3;MTO1,Acceptor_c + METHYLENE_45_THF_45_GLU_45_N_c + TAURINE_c + WATER_c + gtp_c + tRNA_45_uridines_c <=> DIHYDROFOLATE_45_GLU_45_N_c + Donor_45_H2_c + gdp_c + 2.0 h_c + pi_c + tRNA_45_containing_45_5_45_taurinomethyluridine_c
RXN_45_11841,RXN-11841,Unknown,1.2662803343949043,1.2662803343949043,1.0,0.0,MINIMAL,optimal,3,HS14989;HS12710;HS09292,PUS10;PUS3;TRUB1,tRNA_45_uridine13_c <=> tRNA_45_pseudouridine13_c
RXN_45_11842,RXN-11842,Unknown,1.2662803343949043,1.2662803343949043,1.0,0.0,MINIMAL,optimal,3,HS14989;HS12710;HS09292,PUS10;PUS3;TRUB1,Uridine32_45_in_45_tRNA_c <=> tRNA_45_pseudouridine32_c
TRNA_45_PSEUDOURIDINE_45_SYNTHASE_45_I_45_RXN,TRNA-PSEUDOURIDINE-SYNTHASE-I-RXN,Unknown,1.2662803343949043,1.2662803343949043,1.0,0.0,MINIMAL,optimal,5,HS09292;HS14989;HS12710;HS11137;HS01721,TRUB1;PUS10;PUS3;PUS1;PUS7,tRNA_45_uridine_45_38_45_40_c <=> tRNA_45_pseudouridine_45_38_45_40_c
RXN_45_11839,RXN-11839,Unknown,1.2662803343949043,1.2662803343949043,1.0,0.0,MINIMAL,optimal,4,HS14989;HS12710;HS09292;HS01721,PUS10;PUS3;TRUB1;PUS7,tRNA_45_uridine55_c <=> tRNA_45_pseudouridine55_c
RXN_45_11840,RXN-11840,Unknown,1.2662803343949043,1.2662803343949043,1.0,0.0,MINIMAL,optimal,3,HS14989;HS12710;HS09292,PUS10;PUS3;TRUB1,tRNA_45_uridine65_c <=> tRNA_45_pseudouridine65_c
CERAMIDASE_45_YEAST_45_RXN,CERAMIDASE-YEAST-RXN,Unknown,1.2662803343949043,1.2662803343949043,1.0,0.0,MINIMAL,optimal,2,HS01273;G66_33393,ACER3;ASAH2,VLC_45_Alpha_45_hydroxyphytoceramides_c + WATER_c <=> Phytosphingosines_c + VLC_45_2R_45_Hydroxy_45_Fatty_45_Acids_c
RXN_45_11561,RXN-11561,Unknown,1.2662803343949043,1.2662803343949043,1.0,0.0,MINIMAL,optimal,1,HS03488,UST,DERMATAN_45_L_45_IDURONATE_c + paps_c <=> Dermatan_45_sulfate_45_L_45_IdoA2S_c + h_c + pap_c
RXN_45_7698,RXN-7698,Unknown,1.2662803343949043,1.2662803343949043,1.0,0.0,MINIMAL,optimal,2,HS06563;HS07581,HADH;HSD17B12,NADPH_c + Very_45_Long_45_Chain_45_oxoacyl_45_CoAs_c + h_c <=> Very_45_Long_45_Chain_45_3_45_Hydroxyacyl_45_CoAs_c + nadp_c
RXN_45_7711,RXN-7711,Unknown,1.2662803343949043,1.2662803343949043,1.0,0.0,MINIMAL,optimal,1,HS01909,TECR,NADPH_c + Very_45_Long_45_Chain_45_Trans_45_23_45_Dehydroacyl_45_CoA_c + h_c <=> Very_45_long_45_Chain_45_234_45_Saturated_45_acyl_45_CoAs_c + nadp_c
RXN_45_7697,RXN-7697,Unknown,1.2662803343949043,1.2662803343949043,1.0,0.0,MINIMAL,optimal,4,HS10142;HS09036;HS00873;HS04346,ELOVL6;ELOVL7;ELOVL1;ELOVL3,Very_45_long_45_Chain_45_234_45_Saturated_45_acyl_45_CoAs_c + malcoa_c <=> CARBON_45_DIOXIDE_c + Very_45_Long_45_Chain_45_oxoacyl_45_CoAs_c + coa_c
RXN3O_45_328,RXN3O-328,Unknown,1.2662803343949043,1.2662803343949043,1.0,0.0,MINIMAL,optimal,1,HS07050,CERS2,Phytosphingosines_c + VERY_45_LONG_45_CHAIN_45_FATTY_45_ACYL_45_COA_c <=> Very_45_Long_45_Chain_45_Phytoceramides_c + coa_c + h_c
RXN_45_11137,RXN-11137,Unknown,1.2662803343949043,1.2662803343949043,1.0,0.0,MINIMAL,optimal,1,HS08489,ADAMTS13,Von_45_Willebrand_45_Factor_c + WATER_c <=> Degraded_45_Von_45_Willebrand_45_Factor_c
3_46_6_46_3_46_44_45_RXN,3.6.3.44-RXN,Unknown,1.2662803343949043,1.2662803343949043,1.0,0.0,MINIMAL,optimal,4,HS11997;HS03923;HS01500;HS00144,ABCB5;ABCB6;ABCB1;ABCB4,WATER_c + Xenobiotic_c + atp_c <=> Xenobiotic_e + adp_e + pi_e
RXN_45_20878,RXN-20878,Unknown,1.2662803343949043,1.2662803343949043,1.0,0.0,MINIMAL,optimal,8,HS16507;HS13698;HS04401;HS14069;G66_46611;HS05478;HS13545;HS13913,TTLL11;LRRC49;TTLL2;NICN1;TTLL13P;TTLL9;C18orf10;C19orf20,Beta_45_tubulin_45_a_45_Glu_45_g_45_Glu_45_Glu_c <=> Beta_45_tubulin_45_n_45_a_45_Glu_45_g_45_Glu_45_Glu_c
RXN_45_20877,RXN-20877,Unknown,1.2662803343949043,1.2662803343949043,1.0,0.0,MINIMAL,optimal,8,HS16507;HS13698;HS04401;HS14069;G66_46611;HS05478;HS13545;HS13913,TTLL11;LRRC49;TTLL2;NICN1;TTLL13P;TTLL9;C18orf10;C19orf20,Beta_45_tubulin_45_g_45_glutamyl_45_Glutamate_c + Glutamates_c + atp_c <=> Beta_45_tubulin_45_a_45_Glu_45_g_45_Glu_45_Glu_c + adp_c + h_c + pi_c
RXN_45_20879,RXN-20879,Unknown,1.2662803343949043,1.2662803343949043,1.0,0.0,MINIMAL,optimal,13,HS16507;HS06080;HS02019;HS13698;HS04401;HS14069;G66_46611;HS05478;HS15910;HS06421,TTLL11;TTLL4;TTLL1;LRRC49;TTLL2;NICN1;TTLL13P;TTLL9;TTLL6;TTLL7,Beta_45_tubulin_45_L_45_Glutamate_c <=> Beta_45_tubulin_45_n_45_a_45_Glu_45_g_45_Glu_45_Glu_c
RXN_45_20876,RXN-20876,Unknown,1.2662803343949043,1.2662803343949043,1.0,0.0,MINIMAL,optimal,8,HS16507;HS13698;HS04401;HS14069;G66_46611;HS05478;HS13545;HS13913,TTLL11;LRRC49;TTLL2;NICN1;TTLL13P;TTLL9;C18orf10;C19orf20,Beta_45_tubulin_45_L_45_Glutamate_c + Glutamates_c + atp_c <=> Beta_45_tubulin_45_g_45_glutamyl_45_Glutamate_c + adp_c + h_c + pi_c
RXN_45_7716,RXN-7716,Unknown,1.2662803343949043,1.2662803343949043,1.0,0.0,MINIMAL,optimal,1,HS01727,DLD,Oxo_45_glutarate_45_dehydrogenase_45_DH_45_lipoyl_m + nad_m <=> Oxo_45_glutarate_45_dehydrogenase_45_lipoyl_m + h_m + nadh_m
RXN0_45_1147,RXN0-1147,Unknown,1.2662803343949043,1.2662803343949043,1.0,0.0,MINIMAL,optimal,1,HS04324,DLST,Oxo_45_glutarate_45_dehydro_45_suc_45_DH_45_lipoyl_m + coa_m <=> Oxo_45_glutarate_45_dehydrogenase_45_DH_45_lipoyl_m + succoa_m
2OXOGLUTDECARB_45_RXN,2OXOGLUTDECARB-RXN,Unknown,1.2662803343949043,1.2662803343949043,1.0,0.0,MINIMAL,optimal,1,HS02832,OGDH,Oxo_45_glutarate_45_dehydrogenase_45_lipoyl_m + akg_m + h_m <=> CARBON_45_DIOXIDE_m + Oxo_45_glutarate_45_dehydro_45_suc_45_DH_45_lipoyl_m
RXN_45_14959,RXN-14959,Unknown,1.2662803343949043,1.2662803343949043,1.0,0.0,MINIMAL,optimal,1,HS04528,LIAS,2.0 Reduced_45_2Fe_45_2S_45_Ferredoxins_c + 2.0 Sulfurated_45_Sulfur_45_Acceptors_c + a_45_2_45_oxoglutarate_45_dehydrogenase_45_E2_45_protei_c + 2.0 amet_c <=> 2.0 CH33ADO_c + 2.0 MET_c + 2.0 Oxidized_45_2Fe_45_2S_45_Ferredoxins_c + Oxo_45_glutarate_45_dehydrogenase_45_lipoyl_c + 2.0 Unsulfurated_45_Sulfur_45_Acceptors_c
RXN_45_16821,RXN-16821,Unknown,1.2662803343949043,1.2662803343949043,1.0,0.0,MINIMAL,optimal,1,HS02078,TRMU,Donor_45_H2_c + TUM1_45_S_45_sulfanylcysteine_c + atp_c + tRNA_45_containing_45_5_45_taurinomethyluridine_c <=> Acceptor_c + TUM1_45_L_45_cysteine_c + amp_c + h_c + ppi_c + tRNA_45_with_45_5_45_taurinomethyl_45_2_45_thiouridine_c
RXN_45_11562,RXN-11562,Unknown,1.2662803343949043,1.2662803343949043,1.0,0.0,MINIMAL,optimal,3,HS06203;G_12128;HS17320,HS6ST1;HS6ST3;HS6ST2,Heparan_45_sulfate_45_D_45_GlcNS_c + paps_c <=> Heparan_45_GlcN_45_6_45_N_45_bisulfate_c + h_c + pap_c
6_46_3_46_4_46_11_45_RXN,6.3.4.11-RXN,Unknown,1.2662803343949043,1.2662803343949043,1.0,0.0,MINIMAL,optimal,1,HS08386,HLCS,3_45_methylcrotonoyl_45_CoA_45_carboxylase_45_lysine_c + BIOTIN_c + atp_c <=> Biotin_45_EC6_45_4_45_1_45_4_c + amp_c + h_c + ppi_c
BIOTINLIG_45_RXN,BIOTINLIG-RXN,Unknown,1.2662803343949043,1.2662803343949043,1.0,0.0,MINIMAL,optimal,1,HS08386,HLCS,BCCP_45_L_45_lysine_c + BIOTIN_c + atp_c <=> BCCP_45_biotin_45_L_45_lysine_c + amp_c + h_c + ppi_c
BIOTIN_45_CARBOXYL_45_RXN,BIOTIN-CARBOXYL-RXN,Unknown,1.2662803343949043,1.2662803343949043,1.0,0.0,MINIMAL,optimal,2,HS01211;HS05598,ACC2;ACC1,H2CO3_c + atp_c + biotin_45_L_45_lysine_45_in_45_BCCP_45_dimers_c <=> adp_c + carboxybiotin_45_L_45_lysine_45_in_45_BCCP_45_dimers_c + h_c + pi_c
RXN0_45_5055,RXN0-5055,Unknown,1.2662803343949043,1.2662803343949043,1.0,0.0,MINIMAL,optimal,2,HS01211;HS05598,ACC2;ACC1,accoa_c + carboxybiotin_45_L_45_lysine_45_in_45_BCCP_45_dimers_c <=> biotin_45_L_45_lysine_45_in_45_BCCP_45_dimers_c + malcoa_c
RXN_45_7954,RXN-7954,Unknown,1.2662803343949043,1.2662803343949043,1.0,0.0,MINIMAL,optimal,1,HS11694,CHST15,CHONDROITIN_45_4_45_SULFATE_c + paps_c <=> CHONDROITIN_45_46_45_DISULFATE_c + h_c + pap_c
3_46_1_46_6_46_12_45_RXN,3.1.6.12-RXN,Unknown,1.2662803343949043,1.2662803343949043,1.0,0.0,MINIMAL,optimal,1,HS03665,ARSB,CHONDROITIN_45_4_45_SULFATE_c + WATER_c <=> Chondroitin_45_N_45_acetyl_45_galactosamines_c + h_c + so4_c
3_46_1_46_6_46_4_45_RXN,3.1.6.4-RXN,Unknown,1.2662803343949043,1.2662803343949043,1.0,0.0,MINIMAL,optimal,1,HS06790,GALNS,Chondroitin_45_GalNAc_45_6S_c + WATER_c <=> Chondroitin_45_N_45_acetyl_45_galactosamines_c + h_c + so4_c
RXN_45_11560,RXN-11560,Unknown,1.2662803343949043,1.2662803343949043,1.0,0.0,MINIMAL,optimal,1,HS03488,UST,Chondroitin_45_D_45_glucuronates_c + paps_c <=> Chondroitin_45_sulfate_45_GlcA2S_c + h_c + pap_c
CHONDROITIN_45_GLUCURONATE_45_5_45_EPIMERASE_45_RXN,CHONDROITIN-GLUCURONATE-5-EPIMERASE-RXN,Unknown,1.2662803343949043,1.2662803343949043,1.0,0.0,MINIMAL,optimal,1,HS03472,DSE,Chondroitin_45_D_45_glucuronates_c <=> DERMATAN_45_L_45_IDURONATE_c
CHONDROITIN_45_6_45_SULFOTRANSFERASE_45_RXN,CHONDROITIN-6-SULFOTRANSFERASE-RXN,Unknown,1.2662803343949043,1.2662803343949043,1.0,0.0,MINIMAL,optimal,4,HS10902;HS07394;HS10869;HS04610,CHST1;CHST7;CHST2;CHST3,Chondroitin_45_N_45_acetyl_45_galactosamines_c + paps_c <=> Chondroitin_45_GalNAc_45_6S_c + h_c + pap_c
CHONDROITIN_45_4_45_SULFOTRANSFERASE_45_RXN,CHONDROITIN-4-SULFOTRANSFERASE-RXN,Unknown,1.2662803343949043,1.2662803343949043,1.0,0.0,MINIMAL,optimal,3,HS11524;HS10284;HS06130,CHST13;CHST11;CHST12,Chondroitin_45_N_45_acetyl_45_galactosamines_c + paps_c <=> CHONDROITIN_45_4_45_SULFATE_c + h_c + pap_c
ACETYLSYNCLTH_45_RXN,ACETYLSYNCLTH-RXN,Unknown,1.2662803343949043,1.2662803343949043,1.0,0.0,MINIMAL,optimal,2,HS05484;HS08018,ACSS2;ACSS1,CoI_45_Corrinoid_45_Fe_45_S_45_proteins_c + accoa_c + h_c <=> CARBON_45_MONOXIDE_c + Methylated_45_corrinoid_45_Fe_45_S_45_Proteins_c + coa_c
RXN_45_14387,RXN-14387,Unknown,1.2662803343949043,1.2662803343949043,1.0,0.0,MINIMAL,optimal,1,HS09177,FXN,CD_45_2S_45_SP_45_Complex_c + 2.0 FE_43_3_c <=> CD_45_SP_45_2Fe2S_45_Complex_c
RXN_45_14385,RXN-14385,Unknown,1.2662803343949043,1.2662803343949043,1.0,0.0,MINIMAL,optimal,1,HS01304,NFS1,CD_45_S_45_SP_45_Complex_c + CYS_c <=> L_45_ALPHA_45_ALANINE_c + S_45_CD_45_S_45_SP_45_Complex_c
RXN_45_13416,RXN-13416,Unknown,1.2662803343949043,1.2662803343949043,1.0,0.0,MINIMAL,optimal,1,HS01810,DHPS,EIF5A_45_LYSINE_c + N_45_4_45_aminobutylidene_45_enzyme_45_lysine_c <=> Deoxyhypusine_45_Synthase_45_Lysine_c + N_45_4_45_aminobutylidene_45_eIF5A_45_lysine_c + h_c
RXN_45_20629,RXN-20629,Unknown,1.2662803343949043,1.2662803343949043,1.0,0.0,MINIMAL,optimal,1,HS10597,KDM7B,Histone_45_H3_45_K9m2_c + OXYGEN_45_MOLECULE_c + akg_c <=> CARBON_45_DIOXIDE_c + FORMALDEHYDE_c + Histone_45_H3_45_K9m1_c + succ_c
RXN_45_17920,RXN-17920,Unknown,1.2662803343949043,1.2662803343949043,1.0,0.0,MINIMAL,optimal,3,HS10794;HS02747;HS00130,LIG4;LIG1;LIG3,DNA_45_Ligase_45_L_45_lysine_c + nad_c <=> DNA_45_Ligase_45_L_45_lysine_45_adenylate_c + 2.0 h_c + nmn_c
RXN_45_17912,RXN-17912,Unknown,1.2662803343949043,1.2662803343949043,1.0,0.0,MINIMAL,optimal,1,HS13658,APTX,DNA_45_with_45_3_45_prime_45_pp_45_5_45_prime_45_G_45_cap_c + WATER_c <=> 3_45_Prime_45_Phosphate_45_Terminated_45_DNAs_c
DNA_45_LIGASE_45_NAD_43__45_RXN,DNA-LIGASE-NAD+-RXN,Unknown,1.2662803343949043,1.2662803343949043,1.0,0.0,MINIMAL,optimal,3,HS10794;HS02747;HS00130,LIG4;LIG1;LIG3,3_45_Hydroxy_45_Terminated_45_DNAs_c + 5_45_Phospho_45_terminated_45_DNAs_c <=> DNA_45_N_c
DNA_45_LIGASE_45_ATP_45_RXN,DNA-LIGASE-ATP-RXN,Unknown,1.2662803343949043,1.2662803343949043,1.0,0.0,MINIMAL,optimal,3,HS10794;HS02747;HS00130,LIG4;LIG1;LIG3,3_45_Hydroxy_45_Terminated_45_DNAs_c + 5_45_Phospho_45_terminated_45_DNAs_c <=> DNA_45_N_c
RXN_45_16138,RXN-16138,Unknown,1.2662803343949043,1.2662803343949043,1.0,0.0,MINIMAL,optimal,5,HS13847;HS05099;HS05614;HS17140;HS17690,G_HS13847;PLA2G2A;OC90;G_HS17140;G_HS17690,CPD_45_17355_c + WATER_c <=> CPD_45_10244_c + Glycerolipids_c + h_c
RXN_45_17688,RXN-17688,Unknown,1.2662803343949043,1.2662803343949043,1.0,0.0,MINIMAL,optimal,4,HS16664;HS07906;HS01567;HS12746,LPCAT4;LPCAT1;LPCAT2;LPCAT3,CPD_45_17282_c + coa_c <=> CPD_45_14018_c + Glycerolipids_c
RXN_45_16139,RXN-16139,Unknown,1.2662803343949043,1.2662803343949043,1.0,0.0,MINIMAL,optimal,5,HS13847;HS05099;HS05614;HS17140;HS17690,G_HS13847;PLA2G2A;OC90;G_HS17140;G_HS17690,CPD_45_17282_c + WATER_c <=> 5Z8Z11Z14Z17Z_45_EICOSAPENTAENOATE_c + Glycerolipids_c + h_c
RXN_45_11680,RXN-11680,Unknown,1.2662803343949043,1.2662803343949043,1.0,0.0,MINIMAL,optimal,1,HS16132,FADS6,2.0 FERROCYTOCHROME_45_B5_c + Linoleoyl_45_groups_c + OXYGEN_45_MOLECULE_c + 2.0 h_c <=> 2.0 FERRICYTOCHROME_45_B5_c + Gamma_45_linolenoyl_45_groups_c + 2.0 WATER_c
GCVT_45_RXN,GCVT-RXN,Unknown,1.2662803343949043,1.2662803343949043,1.0,0.0,MINIMAL,optimal,3,HS09084;HS07223;HS17059,T;AMT;GLDC,AMINOMETHYLDIHYDROLIPOYL_45_GCVH_m + THF_45_GLU_45_N_m <=> DIHYDROLIPOYL_45_GCVH_m + METHYLENE_45_THF_45_GLU_45_N_m + nh4_m
RXN_45_8629,RXN-8629,Unknown,1.2662803343949043,1.2662803343949043,1.0,0.0,MINIMAL,optimal,3,HS15194;HS01727;HS17059,SHROOM1;DLD;GLDC,DIHYDROLIPOYL_45_GCVH_c + nad_c <=> PROTEIN_45_LIPOYLLYSINE_c + h_c + nadh_c
RXN_45_14950,RXN-14950,Unknown,1.2662803343949043,1.2662803343949043,1.0,0.0,MINIMAL,optimal,1,HS04528,LIAS,Octanoylated_45_Gcv_45_H_c + 2.0 Reduced_45_2Fe_45_2S_45_Ferredoxins_c + 2.0 Sulfurated_45_Sulfur_45_Acceptors_c + 2.0 amet_c <=> 2.0 CH33ADO_c + 2.0 MET_c + 2.0 Oxidized_45_2Fe_45_2S_45_Ferredoxins_c + PROTEIN_45_LIPOYLLYSINE_c + 2.0 Unsulfurated_45_Sulfur_45_Acceptors_c
RXN_45_15205,RXN-15205,Unknown,1.2662803343949043,1.2662803343949043,1.0,0.0,MINIMAL,optimal,1,HS07403,OGT,Glycoprotein_45_L_45_serine_45_or_45_L_45_threonine_c + uacgam_c <=> D_45_Glc_45_NAc_45__45_Glycoproteins_c + h_c + udp_c
RXN_45_15560,RXN-15560,Unknown,1.2662803343949043,1.2662803343949043,1.0,0.0,MINIMAL,optimal,3,HS00626;HS00973;G66_46288,NEDD4L;NEDD4;WWP2,Protein_45_L_45_lysine_c + S_45_ubiquitinyl_45_HECT_45_E3_45_UCP_45_L_45_cysteine_c <=> HECT_45_Ubiquitin_45_carrier_45_protein_45_E3_45_L_45_cys_c + PROTEIN_45_N_45_UBIQUITYL_45_LYSINE_c + h_c
2_46_8_46_2_46_29_45_RXN,2.8.2.29-RXN,Unknown,1.2662803343949043,1.2662803343949043,1.0,0.0,MINIMAL,optimal,5,HS04557;HS00062;HS16520;HS00082;HS08637,HS3ST2;HS3ST4;HS3ST5;HS3ST1;HS3ST6,Heparan_45_sulfate_45_D_45_GlcNS_c + paps_c <=> Heparan_45_sulfate_45_3_45_N_45_disulfate_c + h_c + pap_c
2_46_8_46_2_46_23_45_RXN,2.8.2.23-RXN,Unknown,1.2662803343949043,1.2662803343949043,1.0,0.0,MINIMAL,optimal,1,HS00082,HS3ST1,Heparan_45_sulfate_45_D_45_GlcNS_c + paps_c <=> Heparan_45_sulfate_45_3_45_N_45_disulfate_c + h_c + pap_c
HISTONE_45_ACETYLTRANSFERASE_45_RXN,HISTONE-ACETYLTRANSFERASE-RXN,Unknown,1.2662803343949043,1.2662803343949043,1.0,0.0,MINIMAL,optimal,20,HS05922;HS06172;HS00138;HS03746;HS05804;HS13275;HS02071;HS03036;HS04893;HS05313,CLOCK;MYST2;CREBBP;KAT2B;ELP3;HAT1;EP300;MGEA5;GTF3C4;CDY2A,Histone_45_L_45_lysine_c + accoa_c <=> Histone_45_Acetyl_45_Lysine_c + coa_c + h_c
RXN_45_11563,RXN-11563,Unknown,1.2662803343949043,1.2662803343949043,1.0,0.0,MINIMAL,optimal,1,HS00082,HS3ST1,Heparan_45_GlcN_45_6_45_N_45_bisulfate_c + paps_c <=> Heparan_45_Glc_45_N_45_3_45_6_45_trisulfate_c + h_c + pap_c
HEPARITIN_45_SULFOTRANSFERASE_45_RXN,HEPARITIN-SULFOTRANSFERASE-RXN,Unknown,1.2662803343949043,1.2662803343949043,1.0,0.0,MINIMAL,optimal,4,HS06527;HS09011;HS01001;HS09410,NDST4;NDST3;NDST1;NDST2,HEPARIN_45_GLUCOSAMINE_c + paps_c <=> Heparan_45_sulfate_45_D_45_GlcNS_c + pap_c
2_46_8_46_2_46_30_45_RXN,2.8.2.30-RXN,Unknown,1.2662803343949043,1.2662803343949043,1.0,0.0,MINIMAL,optimal,6,HS07937;HS00062;HS04884;HS16520;HS00082;HS08637,HS3ST3A1;HS3ST4;HS3ST3B1;HS3ST5;HS3ST1;HS3ST6,HEPARIN_45_GLUCOSAMINE_c + paps_c <=> HEPARIN_45_GLUCOSAMINE_45_3_45_O_45_SULFATE_c + h_c + pap_c
RXN_45_11558,RXN-11558,Unknown,1.2662803343949043,1.2662803343949043,1.0,0.0,MINIMAL,optimal,1,HS07933,HS2ST1,Heparan_45_sulfate_45_L_45_iduronate_c + paps_c <=> Heparan_45_sulfate_45_L_45_IdoA_45_2S_c + h_c + pap_c
RXN_45_11557,RXN-11557,Unknown,1.2662803343949043,1.2662803343949043,1.0,0.0,MINIMAL,optimal,4,HS06527;HS09011;HS09410;HS01001,NDST4;NDST3;NDST2;NDST1,Heparan_45_NAc_45_Glc_c + WATER_c <=> HEPARIN_45_GLUCOSAMINE_c + ac_c + h_c
5_46_1_46_3_46_17_45_RXN,5.1.3.17-RXN,Unknown,1.2662803343949043,1.2662803343949043,1.0,0.0,MINIMAL,optimal,1,HS06517,GLCE,Heparan_45_sulfate_45_D_45_glucuronate_c <=> Heparan_45_sulfate_45_L_45_iduronate_c
RXN_45_11559,RXN-11559,Unknown,1.2662803343949043,1.2662803343949043,1.0,0.0,MINIMAL,optimal,1,HS07933,HS2ST1,Heparan_45_sulfate_45_D_45_glucuronate_c + paps_c <=> Heparan_45_sulfate_45_GlcA2S_c + h_c + pap_c
3_46_1_46_6_46_13_45_RXN,3.1.6.13-RXN,Unknown,1.2662803343949043,1.2662803343949043,1.0,0.0,MINIMAL,optimal,1,HS00286,IDS,Heparan_45_sulfate_45_L_45_IdoA_45_2S_c + WATER_c <=> Heparan_45_sulfate_45_L_45_iduronate_c + h_c + so4_c
RXN_45_20640,RXN-20640,Unknown,1.2662803343949043,1.2662803343949043,1.0,0.0,MINIMAL,optimal,3,HS13431;HS07385;G66_47339,KDM6B;KDM6A;KDM6C,Histone_45_H3_45_K27m3_c + 2.0 OXYGEN_45_MOLECULE_c + 2.0 akg_c <=> 2.0 CARBON_45_DIOXIDE_c + 2.0 FORMALDEHYDE_c + Histone_45_H3_45_K27m1_c
RXN_45_20643,RXN-20643,Unknown,1.2662803343949043,1.2662803343949043,1.0,0.0,MINIMAL,optimal,3,HS00868;HS02969;HS05123,KDM4A;KDM4C;KDM4B,Histone_45_H3_45_K36m3_c + 2.0 OXYGEN_45_MOLECULE_c + 2.0 akg_c <=> 2.0 CARBON_45_DIOXIDE_c + 2.0 FORMALDEHYDE_c + Histone_45_H3_45_K36m1_c
RXN_45_20594,RXN-20594,Unknown,1.2662803343949043,1.2662803343949043,1.0,0.0,MINIMAL,optimal,5,HS00337;HS04990;HS04097;HS01631;HS01108,KDM5D;KDM5C;KDM5B;KDM2B;KDM5A,Histone_45_H3_45_K4m3_c + 3.0 OXYGEN_45_MOLECULE_c + 3.0 akg_c <=> 3.0 CARBON_45_DIOXIDE_c + 3.0 FORMALDEHYDE_c + Histone_45_H3_45_K4_c
RXN_45_20642,RXN-20642,Unknown,1.2662803343949043,1.2662803343949043,1.0,0.0,MINIMAL,optimal,5,G66_46630;G66_46719;HS05123;HS00868;HS02969,KDM4E;KDM4D;KDM4B;KDM4A;KDM4C,Histone_45_H3_45_K9m3_c + 2.0 OXYGEN_45_MOLECULE_c + 2.0 akg_c <=> 2.0 CARBON_45_DIOXIDE_c + 2.0 FORMALDEHYDE_c + Histone_45_H3_45_K9m1_c
RXN_45_20613,RXN-20613,Unknown,1.2662803343949043,1.2662803343949043,1.0,0.0,MINIMAL,optimal,1,HS17695,KMT3A,Histone_45_H3_45_K36m2_c + amet_c <=> ADENOSYL_45_HOMO_45_CYS_c + Histone_45_H3_45_K36m3_c + h_c
RXN_45_13186,RXN-13186,Unknown,1.2662803343949043,1.2662803343949043,1.0,0.0,MINIMAL,optimal,2,HS10620;HS01631,KDM2A;KDM2B,Histone_45_H3_45_K36m2_c + 2.0 OXYGEN_45_MOLECULE_c + 2.0 akg_c <=> 2.0 CARBON_45_DIOXIDE_c + 2.0 FORMALDEHYDE_c + Histone_45_H3_45_K36_c
RXN_45_20641,RXN-20641,Unknown,1.2662803343949043,1.2662803343949043,1.0,0.0,MINIMAL,optimal,3,HS09764;HS12848;HS13003,HR;KDM3A;KDM3B,Histone_45_H3_45_K9m2_c + 2.0 OXYGEN_45_MOLECULE_c + 2.0 akg_c <=> 2.0 CARBON_45_DIOXIDE_c + 2.0 FORMALDEHYDE_c + Histone_45_H3_45_K9_c
3_46_2_46_1_46_107_45_RXN,3.2.1.107-RXN,Unknown,1.2662803343949043,1.2662803343949043,1.0,0.0,MINIMAL,optimal,1,HS13919,PGGHG,12_45_D_45_GLUCOSYL_45_5_45_D_45_GALACTOSYLOXY_45_L_45_LYS_c + WATER_c <=> Glucopyranose_c + PROCOLLAGEN_45_5_45_GALACTOSYLOXY_45_L_45_LYSINE_c
RXN_45_20635,RXN-20635,Unknown,1.2662803343949043,1.2662803343949043,1.0,0.0,MINIMAL,optimal,2,G66_32922;HS10597,KDM7C;KDM7B,Histone_45_H3_45_K9m1_c + OXYGEN_45_MOLECULE_c + akg_c <=> CARBON_45_DIOXIDE_c + FORMALDEHYDE_c + Histone_45_H3_45_K9_c + succ_c
RXN_45_20610,RXN-20610,Unknown,1.2662803343949043,1.2662803343949043,1.0,0.0,MINIMAL,optimal,14,HS04042;HS03249;HS02321;HS02643;HS03158;HS02911;HS07820;HS06313;HS00755;HS07042,KMT8;NSD2;KMT1A;KMT4;KMT6B;KMT6A;KMT1B;KMT1C;PRDM6;KMT1E,Histone_45_H3_45_K4m2_c + amet_c <=> ADENOSYL_45_HOMO_45_CYS_c + Histone_45_H3_45_K4m3_c + h_c
RXN_45_20644,RXN-20644,Unknown,1.2662803343949043,1.2662803343949043,1.0,0.0,MINIMAL,optimal,2,HS00106;HS09184,KDM1A;KDM1B,2.0 Acceptor_c + Histone_45_H3_45_K4m2_c + 2.0 WATER_c <=> 2.0 Donor_45_H2_c + 2.0 FORMALDEHYDE_c + Histone_45_H3_45_K4_c
RXN66_45_607,RXN66-607,Unknown,1.2662803343949043,1.2662803343949043,1.0,0.0,MINIMAL,optimal,1,HS00106,KDM1A,Acceptor_c + Histone_45_H3_45_K4m2_c + WATER_c <=> Donor_45_H2_c + FORMALDEHYDE_c + Histone_45_H3_45_K4m1_c
RXN_45_20604,RXN-20604,Unknown,1.2662803343949043,1.2662803343949043,1.0,0.0,MINIMAL,optimal,14,HS04042;HS03249;HS02321;HS02643;HS03158;HS02911;HS07820;HS06313;HS00755;HS07042,KMT8;NSD2;KMT1A;KMT4;KMT6B;KMT6A;KMT1B;KMT1C;PRDM6;KMT1E,Histone_45_H3_45_K4m1_c + amet_c <=> ADENOSYL_45_HOMO_45_CYS_c + Histone_45_H3_45_K4m2_c + h_c
RXN66_45_608,RXN66-608,Unknown,1.2662803343949043,1.2662803343949043,1.0,0.0,MINIMAL,optimal,1,HS00106,KDM1A,Acceptor_c + Histone_45_H3_45_K4m1_c + WATER_c <=> Donor_45_H2_c + FORMALDEHYDE_c + Histone_45_H3_45_K4_c
RXN_45_20618,RXN-20618,Unknown,1.2662803343949043,1.2662803343949043,1.0,0.0,MINIMAL,optimal,2,HS02911;HS03158,KMT6A;KMT6B,Histone_45_H3_45_K27_c + 3.0 amet_c <=> 3.0 ADENOSYL_45_HOMO_45_CYS_c + Histone_45_H3_45_K27m3_c + 3.0 h_c
RXN_45_20652,RXN-20652,Unknown,1.2662803343949043,1.2662803343949043,1.0,0.0,MINIMAL,optimal,5,HS03249;HS10111;HS09264;HS07446;HS13971,NSD2;SETMAR;KMT3B;NSD3;KMT3C,Histone_45_H3_45_K36_c + 2.0 amet_c <=> 2.0 ADENOSYL_45_HOMO_45_CYS_c + Histone_45_H3_45_K36m2_c + 2.0 h_c
RXN_45_20616,RXN-20616,Unknown,1.2662803343949043,1.2662803343949043,1.0,0.0,MINIMAL,optimal,27,HS04019;HS02321;HS02643;HS13795;HS07820;HS11979;HS00755;HS06128;HS00145;HS01894,KMT2H;KMT1A;KMT4;KMT2G;KMT1B;KMT3E;PRDM6;KMT1F;KMT2E;KMT2F,Histone_45_H3_45_K4_c + 3.0 amet_c <=> 3.0 ADENOSYL_45_HOMO_45_CYS_c + Histone_45_H3_45_K4m3_c + 3.0 h_c
RXN_45_20598,RXN-20598,Unknown,1.2662803343949043,1.2662803343949043,1.0,0.0,MINIMAL,optimal,15,HS04042;HS03249;HS02321;HS02643;HS03158;HS02911;HS07820;HS07252;HS06313;HS00755,KMT8;NSD2;KMT1A;KMT4;KMT6B;KMT6A;KMT1B;KMT7;KMT1C;PRDM6,Histone_45_H3_45_K4_c + amet_c <=> ADENOSYL_45_HOMO_45_CYS_c + Histone_45_H3_45_K4m1_c + h_c
RXN_45_20620,RXN-20620,Unknown,1.2662803343949043,1.2662803343949043,1.0,0.0,MINIMAL,optimal,1,HS02643,KMT4,Histone_45_H3_45_K79_c + 3.0 amet_c <=> 3.0 ADENOSYL_45_HOMO_45_CYS_c + Histone_45_H3_45_K79m3_c + 3.0 h_c
RXN_45_20617,RXN-20617,Unknown,1.2662803343949043,1.2662803343949043,1.0,0.0,MINIMAL,optimal,7,HS07820;HS04042;HS02321;HS06128;HS17627;HS07042;HS06313,KMT1B;KMT8;KMT1A;KMT1F;KMT1D;KMT1E;KMT1C,Histone_45_H3_45_K9_c + 3.0 amet_c <=> 3.0 ADENOSYL_45_HOMO_45_CYS_c + Histone_45_H3_45_K9m3_c + 3.0 h_c
RXN_45_20609,RXN-20609,Unknown,1.2662803343949043,1.2662803343949043,1.0,0.0,MINIMAL,optimal,2,HS13469;HS12712,KMT5C;KMT5B,Histone_45_H4_45_K20m1_c + amet_c <=> ADENOSYL_45_HOMO_45_CYS_c + Histone_45_H4_45_K20m2_c + h_c
RXN_45_20639,RXN-20639,Unknown,1.2662803343949043,1.2662803343949043,1.0,0.0,MINIMAL,optimal,1,HS10597,KDM7B,Histone_45_H4_45_K20m1_c + OXYGEN_45_MOLECULE_c + akg_c <=> CARBON_45_DIOXIDE_c + FORMALDEHYDE_c + Histone_45_H4_45_K20_c + succ_c
RXN_45_20603,RXN-20603,Unknown,1.2662803343949043,1.2662803343949043,1.0,0.0,MINIMAL,optimal,1,HS11381,KMT5A,Histone_45_H4_45_K20_c + amet_c <=> ADENOSYL_45_HOMO_45_CYS_c + Histone_45_H4_45_K20m1_c + h_c
RXN_45_18454,RXN-18454,Unknown,1.2662803343949043,1.2662803343949043,1.0,0.0,MINIMAL,optimal,5,HS03871;HS05239;HS06461;HS03646;HS05803,LOXL3;LOXL1;LOXL4;LOX;LOXL2,CPD3O_45_0_c + OXYGEN_45_MOLECULE_c + WATER_c <=> ACETAMIDE_c + CPD_45_8649_c + HYDROGEN_45_PEROXIDE_c
3_46_5_46_1_46_98_45_RXN,3.5.1.98-RXN,Unknown,1.2662803343949043,1.2662803343949043,1.0,0.0,MINIMAL,optimal,20,HS03168;HS12110;HS00927;HS12154;HS01799;HS09013;HS15214;HS07671;HS12410;HS03871,HDAC5;HDAC9;HDAC4;HDAC7;HDAC6;SAP30;SAP30L;SAP18;HDAC10;LOXL3,Histone_45_Acetyl_45_Lysine_c + WATER_c <=> Histone_45_L_45_lysine_c + ac_c
RXN_45_15025,RXN-15025,Unknown,1.2662803343949043,1.2662803343949043,1.0,0.0,MINIMAL,optimal,1,HS01870,SIRT1,Histone_45_Acetyl_45_Lysine_c + WATER_c + nad_c <=> CPD_45_14762_c + Histone_45_L_45_lysine_c + NIACINAMIDE_c
RXN_45_11321,RXN-11321,Unknown,1.2662803343949043,1.2662803343949043,1.0,0.0,MINIMAL,optimal,1,HS15407,HIF1AN,HIF_45_alpha_45_subunit_45_L_45_asparagines_c + OXYGEN_45_MOLECULE_c + akg_c <=> CARBON_45_DIOXIDE_c + HIF_45_alpha_45_subunit_45_3S_45_OH_45_ASN_c + succ_c
RXN_45_11320,RXN-11320,Unknown,1.2662803343949043,1.2662803343949043,1.0,0.0,MINIMAL,optimal,1,HS10346,EGLN2,HIF_45_alpha_45_subunit_45_L_45_Proline_c + OXYGEN_45_MOLECULE_c + akg_c <=> CARBON_45_DIOXIDE_c + HIF_45_alpha_45_subunit_45_4_45_OH_45_Proline_c + succ_c
RXN0_45_949,RXN0-949,Unknown,1.2662803343949043,1.2662803343949043,1.0,0.0,MINIMAL,optimal,1,HS04528,LIAS,Fe4S4_45_Cluster_45_Protein_CCI_45_MIT_45_LUM_45_AN + Octanoylated_45_domains_CCI_45_MIT_45_LUM_45_AN + 2.0 Reduced_45_ferredoxins_CCI_45_MIT_45_LUM_45_AN <=> 2.0 CH33ADO_CCI_45_MIT_45_LUM_45_AN + 2.0 CPD_45_7046_CCI_45_MIT_45_LUM_45_AN + Dihydro_45_Lipoyl_45_Proteins_CCI_45_MIT_45_LUM_45_AN + 4.0 FE_43_2_CCI_45_MIT_45_LUM_45_AN + Iron_45_Sulfur_45_Cluster_45_Scaffold_45_Proteins_CCI_45_MIT_45_LUM_45_AN + 2.0 MET_CCI_45_MIT_45_LUM_45_AN + 2.0 Oxidized_45_ferredoxins_CCI_45_MIT_45_LUM_45_AN
RXN0_45_5098,RXN0-5098,Unknown,1.2662803343949043,1.2662803343949043,1.0,0.0,MINIMAL,optimal,1,HS07153,LIPT1,Lipoyl_45_Protein_45_L_45_Lysine_CCI_45_MIT_45_LUM_45_AN + atp_CCI_45_MIT_45_LUM_45_AN + octa_CCI_45_MIT_45_LUM_45_AN <=> Octanoylated_45_domains_CCI_45_MIT_45_LUM_45_AN + amp_CCI_45_MIT_45_LUM_45_AN + h_CCI_45_MIT_45_LUM_45_AN + ppi_CCI_45_MIT_45_LUM_45_AN
2_46_7_46_11_46_25_45_RXN,2.7.11.25-RXN,Unknown,1.2662803343949043,1.2662803343949043,1.0,0.0,MINIMAL,optimal,17,HS00162;HS00177;HS01117;HS05984;HS06957;HS10046;HS01586;HS01809;HS01672;HS10553,MAP3K14;MAP3K9;MAP3K13;MAP3K7;MAP3K6;MAP3K2;MAP3K3;MAP3K1;PRKWNK2;MOS,MAPKK_45_L_45_serine_45_or_45_L_45_threonine_c + atp_c <=> MAPKK_45_Ser_45_or_45_Thr_45_phosphate_c + adp_c + h_c
2_46_7_46_12_46_2_45_RXN,2.7.12.2-RXN,Unknown,1.2662803343949043,1.2662803343949043,1.0,0.0,MINIMAL,optimal,8,HS06391;HS00498;HS00847;HS05062;HS03185;HS09691;HS09869;HS01224,MAP2K5;MAP2K3;MAP2K4;MAP2K2;MAP2K6;PBK;MAP2K1;MAP2K7,Mitogen_45_Activated_45_Protein_45_Kinase_45_L_45_Thr_c + atp_c <=> MAP_45_Kinase_45_L_45_Phosphothreonine_c + adp_c + h_c
RXN_45_16317,RXN-16317,Unknown,1.2662803343949043,1.2662803343949043,1.0,0.0,MINIMAL,optimal,7,HS06391;HS00847;HS05062;HS03185;HS00498;HS09869;HS01224,MAP2K5;MAP2K4;MAP2K2;MAP2K6;MAP2K3;MAP2K1;MAP2K7,MAP_45_Kinase_45_L_45_Tyr_c + atp_c <=> MAP_45_Kinase_45_L_45_Phosphotyrosine_c + adp_c + h_c
2_46_7_46_11_46_18_45_RXN,2.7.11.18-RXN,Unknown,1.2662803343949043,1.2662803343949043,1.0,0.0,MINIMAL,optimal,19,HS05726;HS02972;HS05086;HS02236;HS06757;HS03614;HS11371;G66_47531;HS04184;HS06968,DSTYK;TESK1;DYRK2;MYLK2;MYLK3;TTK;CLK3;CDK11B;COLEC11;PRKACB,CPD_45_8564_c + atp_c <=> CPD_45_8563_c + adp_c + h_c
RXN_45_19940,RXN-19940,Unknown,1.2662803343949043,1.2662803343949043,1.0,0.0,MINIMAL,optimal,5,HS03231;HS03128;HS06047;HS07870;HS09181,CPE;CPD;CPM;CPB1;CPA6,Peptide_45_with_45_C_45_terminal_45_Lysine_c + WATER_c <=> Peptides_45_holder_c + lys_DASH_DASH_DASH_L_c
3_46_4_46_19_46_5_45_RXN,3.4.19.5-RXN,Unknown,1.2662803343949043,1.2662803343949043,1.0,0.0,MINIMAL,optimal,1,HS08648,ASRGL1,Beta_45_Aspartyl_45_Peptides_c + WATER_c <=> Peptide_45_Holder_45_Alternative_c + asp_DASH_DASH_DASH_L_c
3_46_4_46_17_46_12_45_RXN,3.4.17.12-RXN,Unknown,1.2662803343949043,1.2662803343949043,1.0,0.0,MINIMAL,optimal,7,HS04285;HS03231;HS03128;HS01364;HS06047;HS07870;HS09181,SET;CPE;CPD;CPB2;CPM;CPB1;CPA6,Protein_45_C_45_terminal_45_L_45_Arginine_c + WATER_c <=> Peptides_45_holder_c + arg_DASH_DASH_DASH_L_c
RXN_45_12317,RXN-12317,Unknown,1.2662803343949043,1.2662803343949043,1.0,0.0,MINIMAL,optimal,1,G_12774,LCMT1,Phosphatase_45_2A_45_leucine_c + amet_c <=> ADENOSYL_45_HOMO_45_CYS_c + Phosphatase_45_2A_45_leucine_45_methyl_45_ester_c
RXN_45_12322,RXN-12322,Unknown,1.2662803343949043,1.2662803343949043,1.0,0.0,MINIMAL,optimal,1,G_12777,PPME1,Phosphatase_45_2A_45_leucine_45_methyl_45_ester_c + WATER_c <=> METOH_c + Phosphatase_45_2A_45_leucine_c + h_c
PROTEIN_45_ARGININE_45_DEIMINASE_45_RXN,PROTEIN-ARGININE-DEIMINASE-RXN,Unknown,1.2662803343949043,1.2662803343949043,1.0,0.0,MINIMAL,optimal,5,HS06945;HS06944;G66_31585;HS08389;HS04094,PADI1;PADI3;PADI6;PADI4;PADI2,Protein_45_L_45_Arginines_c + WATER_c <=> PROTEIN_45_L_45_CITRULLINE_c + nh4_c
PROCOLLAGEN_45_LYSINE_45_5_45_DIOXYGENASE_45_RXN,PROCOLLAGEN-LYSINE-5-DIOXYGENASE-RXN,Unknown,1.2662803343949043,1.2662803343949043,1.0,0.0,MINIMAL,optimal,4,HS12211;HS02902;HS01440;HS07866,JMJD6;PLOD3;PLOD1;PLOD2,OXYGEN_45_MOLECULE_c + PROCOLLAGEN_45_L_45_LYSINE_c + akg_c <=> CARBON_45_DIOXIDE_c + PROCOLLAGEN_45_5_45_HYDROXY_45_L_45_LYSINE_c + succ_c
1_46_14_46_11_46_2_45_RXN,1.14.11.2-RXN,Unknown,1.2662803343949043,1.2662803343949043,1.0,0.0,MINIMAL,optimal,6,HS05289;HS06060;HS01076;HS06845;HS14281;HS04613,EGLN3;EGLN1;P4HA2;P4HB;P4HA3;P4HA1,OXYGEN_45_MOLECULE_c + PROCOLLAGEN_45_L_45_PROLINE_c + akg_c <=> CARBON_45_DIOXIDE_c + CPD_45_6321_c + succ_c
PROCOLLAGEN_45_PROLINE_45_3_45_DIOXYGENASE_45_RXN,PROCOLLAGEN-PROLINE-3-DIOXYGENASE-RXN,Unknown,1.2662803343949043,1.2662803343949043,1.0,0.0,MINIMAL,optimal,5,HS04122;HS10094;HS01693;HS03341;HS09452,P3H1;CRTAP;P3H2;P3H3;PPIB,OXYGEN_45_MOLECULE_c + PROCOLLAGEN_45_L_45_PROLINE_c + akg_c <=> CARBON_45_DIOXIDE_c + PROCOLLAGEN_45_3_45_HYDROXY_45_L_45_PROLINE_c + succ_c
3_46_1_46_3_46_16_45_RXN,3.1.3.16-RXN,Unknown,1.2662803343949043,1.2662803343949043,1.0,0.0,MINIMAL,optimal,92,HS04443;HS08583;HS04776;HS08103;HS02125;HS17191;HS07646;HS02343;HS06311;HS09065,DUSP4;DUSP14;DUSP21;PPEF2;PPM1A;G_HS17191;PPP4C;PPP1R2P9;PPP1R10;UBLCP1,Protein_45_Ser_45_or_45_Thr_45_phosphate_c + WATER_c <=> Protein_45_L_45_serine_45_or_45_L_45_threonine_c + pi_c
RXN_45_20155,RXN-20155,Unknown,1.2662803343949043,1.2662803343949043,1.0,0.0,MINIMAL,optimal,2,HS04399;HS01167,ACAT2;ACAT1,Protein_45_S_45_Acetyl_45_Cysteines_c + accoa_c <=> PROT_45_CYS_c + aacoa_c
PEPTIDYLAMIDOGLYCOLATE_45_LYASE_45_RXN,PEPTIDYLAMIDOGLYCOLATE-LYASE-RXN,Unknown,1.2662803343949043,1.2662803343949043,1.0,0.0,MINIMAL,optimal,1,HS07279,PAM,CPD_45_8528_c <=> PEPTIDAMIDE_45_CPD_c + glx_c
2_46_1_46_1_46_100_45_RXN,2.1.1.100-RXN,Unknown,1.2662803343949043,1.2662803343949043,1.0,0.0,MINIMAL,optimal,1,HS03999,ICMT,PROTEIN_45_C_45_TERMINAL_45_S_45_ETC_45_CYSTEINE_c + amet_c <=> ADENOSYL_45_HOMO_45_CYS_c + PROTEIN_45_C_45_TERMINAL_45_S_45_FARNESYL_45_L_45_CYSTEINE_c
PEPTIDYLGLYCINE_45_MONOOXYGENASE_45_RXN,PEPTIDYLGLYCINE-MONOOXYGENASE-RXN,Unknown,1.2662803343949043,1.2662803343949043,1.0,0.0,MINIMAL,optimal,1,HS07279,PAM,OXYGEN_45_MOLECULE_c + Peptide_45_C_45_terminal_45_Glycines_c + 2.0 ascb_DASH_DASH_DASH_L_c + 2.0 h_c <=> 2.0 CPD_45_318_c + CPD_45_8528_c + WATER_c
PROTEIN_45_KINASE_45_RXN,PROTEIN-KINASE-RXN,Unknown,1.2662803343949043,1.2662803343949043,1.0,0.0,MINIMAL,optimal,348,HS07598;HS17214;HS02672;HS13179;HS06956;HS16411;HS00683;HS01371;HS08910;HS07604,PAK1;G_HS17214;VRK3;STK35;PLK4;G_HS16411;EIF2AK2;RAGE;DCLK3;ATM,Protein_45_L_45_serine_45_or_45_L_45_threonine_c + atp_c <=> Protein_45_Ser_45_or_45_Thr_45_phosphate_c + adp_c + h_c
PYROGLUTAMYL_45_PEPTIDASE_45_I_45_RXN,PYROGLUTAMYL-PEPTIDASE-I-RXN,Unknown,1.2662803343949043,1.2662803343949043,1.0,0.0,MINIMAL,optimal,1,HS05394,PGPEP1,Protein_45_N_45_terminal_45_5_45_oxo_45_prolines_c + WATER_c <=> 5oxpro_c + Peptide_45_Holder_45_Alternative_c
RXN_45_19145,RXN-19145,Unknown,1.2662803343949043,1.2662803343949043,1.0,0.0,MINIMAL,optimal,1,HS03941,QPCT,Proteins_45_with_45_N_45_Terminal_45_L_45_Glutamine_c <=> Protein_45_N_45_terminal_45_5_45_oxo_45_prolines_c + nh4_c
3_46_4_46_17_46_21_45_RXN,3.4.17.21-RXN,Unknown,1.2662803343949043,1.2662803343949043,1.0,0.0,MINIMAL,optimal,4,HS13536;HS01253;HS01525;HS09686,FOLH1B;NAALAD2;FOLH1;NAALADL1,Protein_45_with_45_C_45_terminal_45_L_45_glutamate_c + WATER_c <=> Glutamates_c + Peptides_45_holder_c
RXN_45_18950,RXN-18950,Unknown,1.2662803343949043,1.2662803343949043,1.0,0.0,MINIMAL,optimal,5,HS03871;HS05239;HS06461;HS03646;HS05803,LOXL3;LOXL1;LOXL4;LOX;LOXL2,OXYGEN_45_MOLECULE_c + Protein_45_5_45_hydroxy_45_L_45_lysine_c + WATER_c <=> HYDROGEN_45_PEROXIDE_c + Protein_45_2_45_amino_45_5_45_hydroxy_45_6_45_oxohexanoate_c + nh4_c
RXN_45_17133,RXN-17133,Unknown,1.2662803343949043,1.2662803343949043,1.0,0.0,MINIMAL,optimal,1,HS12134,PHPT1,Protein_45_phospho_45_L_45_histidines_c + WATER_c <=> Protein_45_Histidines_c + pi_c
RXN_45_18952,RXN-18952,Unknown,1.2662803343949043,1.2662803343949043,1.0,0.0,MINIMAL,optimal,1,HS03871,LOXL3,CPD3O_45_0_c + WATER_c <=> Protein_45_L_45_lysine_c + ac_c
RXN_45_11890,RXN-11890,Unknown,1.2662803343949043,1.2662803343949043,1.0,0.0,MINIMAL,optimal,1,HS07403,OGT,Proteins_45_L_45_Threonines_c + uacgam_c <=> Protein_45_N_45_acetyl_45_D_45_glucosamine_45_L_45_thr_c + h_c + udp_c
RXN_45_12006,RXN-12006,Unknown,1.2662803343949043,1.2662803343949043,1.0,0.0,MINIMAL,optimal,1,HS09549,FN3K,Protein_45_erythrulosamines_c + atp_c <=> Protein_45_phospho_45_erythrulosamines_c + adp_c + h_c
RXN_45_12005,RXN-12005,Unknown,1.2662803343949043,1.2662803343949043,1.0,0.0,MINIMAL,optimal,1,HS09549,FN3K,Protein_45_fructosamines_c + atp_c <=> Protein_45_phospho_45_fructosamines_c + adp_c + h_c
RXN_45_12004,RXN-12004,Unknown,1.2662803343949043,1.2662803343949043,1.0,0.0,MINIMAL,optimal,1,HS06850,FN3KRP,Protein_45_psicosamines_c + atp_c <=> Protein_45_phospho_45_psicosamines_c + adp_c + h_c
RXN_45_12003,RXN-12003,Unknown,1.2662803343949043,1.2662803343949043,1.0,0.0,MINIMAL,optimal,1,HS06850,FN3KRP,Protein_45_ribulosamines_c + atp_c <=> Protein_45_phospho_45_ribulosamines_c + adp_c + h_c
RXN_45_15510,RXN-15510,Unknown,1.2662803343949043,1.2662803343949043,1.0,0.0,MINIMAL,optimal,2,HS00535;HS09121,VCAN;PGAM2,2pg_c + Protein_45_pi_45_phospho_45_L_45_histidines_c <=> 23_45_DIPHOSPHOGLYCERATE_c + Protein_45_Histidines_c
RXN_45_17276,RXN-17276,Unknown,1.2662803343949043,1.2662803343949043,1.0,0.0,MINIMAL,optimal,1,HS10491,BPGM,3pg_c + Protein_45_pi_45_phospho_45_L_45_histidines_c <=> 23_45_DIPHOSPHOGLYCERATE_c + Protein_45_Histidines_c
RXN_45_15512,RXN-15512,Unknown,1.2662803343949043,1.2662803343949043,1.0,0.0,MINIMAL,optimal,2,HS00535;HS09121,VCAN;PGAM2,CPD_45_16758_c + Protein_45_pi_45_phospho_45_L_45_histidines_c <=> 23_45_DIPHOSPHOGLYCERATE_c + Protein_45_Histidines_c
RXN_45_17131,RXN-17131,Unknown,1.2662803343949043,1.2662803343949043,1.0,0.0,MINIMAL,optimal,1,HS12134,PHPT1,Protein_45_pi_45_phospho_45_L_45_histidines_c + WATER_c <=> Protein_45_Histidines_c + pi_c
RXN_45_17132,RXN-17132,Unknown,1.2662803343949043,1.2662803343949043,1.0,0.0,MINIMAL,optimal,1,HS12134,PHPT1,Protein_45_tauphospho_45_L_45_histidines_c + WATER_c <=> Protein_45_Histidines_c + pi_c
3_46_4_46_19_46_12_45_RXN,3.4.19.12-RXN,Unknown,1.2662803343949043,1.2662803343949043,1.0,0.0,MINIMAL,optimal,64,HS07826;HS03209;HS12191;HS02499;HS07970;HS02469;HS04047;HS04668;HS04768;HS00684,USP12;USP46;OTUD5;USP31;UCHL1;USP10;UCHL5;USP45;USP22;USP36,PROTEIN_45_N_45_UBIQUITYL_45_LYSINE_c + WATER_c <=> Protein_45_L_45_lysine_c + Ubiquitin_45_C_45_Terminal_45_Glycine_c
2_46_1_46_1_46_77_45_RXN,2.1.1.77-RXN,Unknown,1.2662803343949043,1.2662803343949043,1.0,0.0,MINIMAL,optimal,3,HS11004;HS04385;HS09730,PCMTD2;PCMT1;PCMTD1,PROTEIN_45_L_45_BETA_45_ISOASPARTATES_c + amet_c <=> ADENOSYL_45_HOMO_45_CYS_c + PROTEIN_45_L_45_BETA_45_ISOSPARTATE_45_METHYL_45_ESTERS_c
RXN_45_17120,RXN-17120,Unknown,1.2662803343949043,1.2662803343949043,1.0,0.0,MINIMAL,optimal,2,HS02092;HS15162,PRMT5;PRMT9,Protein_45_L_45_Arginines_c + 2.0 amet_c <=> 2.0 ADENOSYL_45_HOMO_45_CYS_c + Protein_45_N_45_Nprime_45_omega_45_dimethyl_45_arginine_c + 2.0 h_c
RXN_45_17121,RXN-17121,Unknown,1.2662803343949043,1.2662803343949043,1.0,0.0,MINIMAL,optimal,6,HS13925;G66_46640;HS03381;HS08486;HS11391;HS05019,PRMT4;PRMT3;PRMT8;PRMT2;PRMT6;PRMT1,Protein_45_L_45_Arginines_c + 2.0 amet_c <=> 2.0 ADENOSYL_45_HOMO_45_CYS_c + Protein_45_N_45_omega_45_dimethyl_45_arginine_c + 2.0 h_c
RXN_45_16889,RXN-16889,Unknown,1.2662803343949043,1.2662803343949043,1.0,0.0,MINIMAL,optimal,2,HS05660;HS05019,PRMT7;PRMT1,Protein_45_L_45_Arginines_c + amet_c <=> ADENOSYL_45_HOMO_45_CYS_c + Protein_45_N_45_omega_45_methyl_45_arginine_c + h_c
2_46_4_46_2_46_31_45_RXN,2.4.2.31-RXN,Unknown,1.2662803343949043,1.2662803343949043,1.0,0.0,MINIMAL,optimal,5,HS09538;HS01247;HS03406;HS05308;HS08104,ART5;SIRT6;ART4;ART1;ART3,Protein_45_L_45_Arginines_c + nad_c <=> CPD_45_557_c + NIACINAMIDE_c + h_c
RXN_45_10468,RXN-10468,Unknown,1.2662803343949043,1.2662803343949043,1.0,0.0,MINIMAL,optimal,1,HS03930,TPO,CPD_45_387_c + HYDROGEN_45_PEROXIDE_c + Thyroglobulin_45_L_45_tyrosines_c + h_c <=> Thyroglobulin_45_3_45_iodotyrosines_c + 2.0 WATER_c
PEPTIDE_45_ASPARTATE_45_BETA_45_DIOXYGENASE_45_RXN,PEPTIDE-ASPARTATE-BETA-DIOXYGENASE-RXN,Unknown,1.2662803343949043,1.2662803343949043,1.0,0.0,MINIMAL,optimal,3,HS09135;HS16412;HS05161,ASPH;ASPHD1;ASPHD2,OXYGEN_45_MOLECULE_c + Protein_45_L_45_Aspartates_c + akg_c <=> CARBON_45_DIOXIDE_c + Peptide_45_3_45_hydroxy_45_L_45_Aspartates_c + succ_c
RXN_45_20154,RXN-20154,Unknown,1.2662803343949043,1.2662803343949043,1.0,0.0,MINIMAL,optimal,2,HS04399;HS01167,ACAT2;ACAT1,PROT_45_CYS_c + accoa_c <=> Protein_45_S_45_Acetyl_45_Cysteines_c + coa_c
2_46_1_46_1_46_63_45_RXN,2.1.1.63-RXN,Unknown,1.2662803343949043,1.2662803343949043,1.0,0.0,MINIMAL,optimal,1,HS10127,MGMT,DNA_45_6_45_O_45_Methyl_45_Guanines_c + PROT_45_CYS_c <=> DNA_45_Guanines_c + Protein_45_S_45_methyl_45_L_45_cysteine_c
2_46_3_46_2_46_13_45_RXN,2.3.2.13-RXN,Unknown,1.2662803343949043,1.2662803343949043,1.0,0.0,MINIMAL,optimal,9,HS08407;HS08943;HS02263;HS02541;HS04931;HS09488;HS07018;HS01767;HS04779,TGM7;TGM4;TGM2;TGM5;TGM3;TGM6;F13B;TGM1;F13A1,Protein_45_L_45_glutamine_c + Protein_45_L_45_lysine_c <=> Protein_45_N6_45_5_45_glutamyl_45_lysine_45_crosslinks_c + nh4_c
RXN_45_19236,RXN-19236,Unknown,1.2662803343949043,1.2662803343949043,1.0,0.0,MINIMAL,optimal,8,HS08407;HS08943;HS02263;HS02541;HS04931;HS09488;HS01767;HS04779,TGM7;TGM4;TGM2;TGM5;TGM3;TGM6;TGM1;F13A1,Protein_45_L_45_glutamine_c + SEROTONIN_c <=> Protein_45_N6_45_5_45_glutamyl_45_serotonin_c + nh4_c
RXN_45_17274,RXN-17274,Unknown,1.2662803343949043,1.2662803343949043,1.0,0.0,MINIMAL,optimal,1,HS10491,BPGM,13dpg_c + Protein_45_Histidines_c <=> 3pg_c + Protein_45_pi_45_phospho_45_L_45_histidines_c + h_c
RXN_45_15511,RXN-15511,Unknown,1.2662803343949043,1.2662803343949043,1.0,0.0,MINIMAL,optimal,2,HS00535;HS09121,VCAN;PGAM2,23_45_DIPHOSPHOGLYCERATE_c + Protein_45_Histidines_c <=> 3pg_c + Protein_45_pi_45_phospho_45_L_45_histidines_c
RXN_45_15509,RXN-15509,Unknown,1.2662803343949043,1.2662803343949043,1.0,0.0,MINIMAL,optimal,2,HS00535;HS09121,VCAN;PGAM2,23_45_DIPHOSPHOGLYCERATE_c + Protein_45_Histidines_c <=> CPD_45_16758_c + Protein_45_pi_45_phospho_45_L_45_histidines_c
PROTEIN_45_LYSINE_45_6_45_OXIDASE_45_RXN,PROTEIN-LYSINE-6-OXIDASE-RXN,Unknown,1.2662803343949043,1.2662803343949043,1.0,0.0,MINIMAL,optimal,5,HS03871;HS05239;HS06461;HS03646;HS05803,LOXL3;LOXL1;LOXL4;LOX;LOXL2,OXYGEN_45_MOLECULE_c + Protein_45_L_45_lysine_c + WATER_c <=> CPD_45_8649_c + HYDROGEN_45_PEROXIDE_c + nh4_c
1_46_8_46_4_46_12_45_RXN,1.8.4.12-RXN,Unknown,1.2662803343949043,1.2662803343949043,1.0,0.0,MINIMAL,optimal,4,HS16296;HS07529;G66_47329;HS10977,MSRB3;MSRB2;MSRB1;MSRA,Protein_45_L_45_methionine_45_R_45_S_45_oxides_c + Red_45_Thioredoxin_c <=> Ox_45_Thioredoxin_c + Protein_45_L_45_methionine_c + WATER_c
RXN_45_8668,RXN-8668,Unknown,1.2662803343949043,1.2662803343949043,1.0,0.0,MINIMAL,optimal,0,,,Protein_45_L_45_methionine_45_S_45_S_45_oxides_c + Red_45_Thioredoxin_c <=> Ox_45_Thioredoxin_c + Protein_45_L_45_methionine_c + WATER_c
PEPTIDYLPROLYL_45_ISOMERASE_45_RXN,PEPTIDYLPROLYL-ISOMERASE-RXN,Unknown,1.2662803343949043,1.2662803343949043,1.0,0.0,MINIMAL,optimal,83,HS17101;HS01842;HS16202;HS02860;HS17565;HS04340;HS16827;HS17112;HS02799;HS04107,G_HS17101;FKBP5;G_HS16202;FKBP14;G_HS17565;FKBP1B;G_HS16827;G_HS17112;FKBP8;PPIAL4A,CPD_45_8624_c <=> CPD_45_8625_c
2_46_7_46_12_46_1_45_RXN,2.7.12.1-RXN,Unknown,1.2662803343949043,1.2662803343949043,1.0,0.0,MINIMAL,optimal,16,HS05726;HS02972;HS05086;HS11371;G66_47531;HS03614;HS06968;HS04184;HS07063;HS00275,DSTYK;TESK1;DYRK2;CLK3;CDK11B;TTK;PRKACB;COLEC11;DYRK3;DYRK4,Protein_45_L_45_serines_c + atp_c <=> Protein_45_Phosphoserines_c + adp_c + h_c
RXN_45_11889,RXN-11889,Unknown,1.2662803343949043,1.2662803343949043,1.0,0.0,MINIMAL,optimal,1,HS07403,OGT,Protein_45_L_45_serines_c + uacgam_c <=> Protein_45_N_45_acetyl_45_D_45_glucosamin_45_L_45_serine_c + h_c + udp_c
RXN_45_14906,RXN-14906,Unknown,1.2662803343949043,1.2662803343949043,1.0,0.0,MINIMAL,optimal,3,G66_47531;HS00232;HS04184,CDK11B;CDK11A;COLEC11,Proteins_45_L_45_Threonines_c + atp_c <=> Protein_45_Phosphothreonines_c + adp_c + h_c
RXN_45_10970,RXN-10970,Unknown,1.2662803343949043,1.2662803343949043,1.0,0.0,MINIMAL,optimal,2,HS04604;HS05381,NUDT10;NUDT11,CPD_45_11561_c + WATER_c <=> CPD_45_607_c + h_c + pi_c
PROTEIN_45_TYROSINE_45_SULFOTRANSFERASE_45_RXN,PROTEIN-TYROSINE-SULFOTRANSFERASE-RXN,Unknown,1.2662803343949043,1.2662803343949043,1.0,0.0,MINIMAL,optimal,2,HS05176;HS10030,TPST2;TPST1,Protein_45_Tyrosines_c + paps_c <=> Protein_45_tyrosine_45_O_45_sulfates_c + h_c + pap_c
2_46_7_46_10_46_1_45_RXN,2.7.10.1-RXN,Unknown,1.2662803343949043,1.2662803343949043,1.0,0.0,MINIMAL,optimal,108,HS00010;HS09172;HS01872;HS00838;HS00929;HS01155;HS00578;HS02408;HS01874;HS00769,EPHB1;SYK;JAK2;ERBB3;FGFR3;TXK;EPHA3;FLT1;ABL1;LTK,Protein_45_Tyrosines_c + atp_c <=> Protein_45_tyrosine_45_phosphates_c + adp_c + h_c
PROTEIN_45_TYROSINE_45_PHOSPHATASE_45_RXN,PROTEIN-TYROSINE-PHOSPHATASE-RXN,Unknown,1.2662803343949043,1.2662803343949043,1.0,0.0,MINIMAL,optimal,103,HS10919;HS02045;HS00002;HS04443;HS08898;HS08583;HS04776;HS00747;HS07197;HS16218,PTPN2;MTMR3;PTPRT;DUSP4;PTPN13;DUSP14;DUSP21;PTPRU;PTPRG;PTPRM,Protein_45_tyrosine_45_phosphates_c + WATER_c <=> Protein_45_Tyrosines_c + pi_c
3_46_5_46_1_46_52_45_RXN,3.5.1.52-RXN,Unknown,1.2662803343949043,1.2662803343949043,1.0,0.0,MINIMAL,optimal,1,HS14352,NGLY1,CPD_45_8541_c + WATER_c <=> N_45_ACETYL_45_BETA_45_GLUCOSAMINYLAMINE_c + Protein_45_L_45_Aspartates_c + h_c
2_46_7_46_11_46_2_45_RXN,2.7.11.2-RXN,Unknown,1.2662803343949043,1.2662803343949043,1.0,0.0,MINIMAL,optimal,23,HS07801;HS11340;HS05726;HS05811;HS02972;HS04540;HS05086;HS00113;HS03614;HS11371,PDK1;AURKB;DSTYK;CDK7;TESK1;FLT3;DYRK2;PDK4;TTK;CLK3,Pyruvate_45_dehydrogenase_45_L_45_serine_c + atp_c <=> Pyruvate_45_Dehydrogenase_45_Phosphoserine_c + adp_c + h_c
3_46_1_46_3_46_43_45_RXN,3.1.3.43-RXN,Unknown,1.2662803343949043,1.2662803343949043,1.0,0.0,MINIMAL,optimal,4,HS12332;HS10580;HS09167;HS11977,PDPR;PDP2;PDP1;KIAA1348,Pyruvate_45_Dehydrogenase_45_Phosphoserine_c + WATER_c <=> Pyruvate_45_dehydrogenase_45_L_45_serine_c + pi_c
RXN0_45_1133,RXN0-1133,Unknown,1.2662803343949043,1.2662803343949043,1.0,0.0,MINIMAL,optimal,2,HS09727;HS07688,PDHB;DLAT,Pyruvate_45_dehydrogenase_45_acetylDHlipoyl_m + coa_m <=> Pyruvate_45_dehydrogenase_45_dihydrolipoate_m + accoa_m
RXN0_45_1132,RXN0-1132,Unknown,1.2662803343949043,1.2662803343949043,1.0,0.0,MINIMAL,optimal,1,HS01727,DLD,Pyruvate_45_dehydrogenase_45_dihydrolipoate_m + nad_m <=> Pyruvate_45_dehydrogenase_45_lipoate_m + h_m + nadh_m
RXN0_45_1134,RXN0-1134,Unknown,1.2662803343949043,1.2662803343949043,1.0,0.0,MINIMAL,optimal,3,HS09727;HS05573;HS08790,PDHB;PDHA1;PDHA2,Pyruvate_45_dehydrogenase_45_lipoate_m + h_m + pyr_m <=> CARBON_45_DIOXIDE_m + Pyruvate_45_dehydrogenase_45_acetylDHlipoyl_m
RXN_45_14957,RXN-14957,Unknown,1.2662803343949043,1.2662803343949043,1.0,0.0,MINIMAL,optimal,1,HS04528,LIAS,2.0 Reduced_45_2Fe_45_2S_45_Ferredoxins_c + 2.0 Sulfurated_45_Sulfur_45_Acceptors_c + a_45_pyruvate_45_dehydrogenase_45_E2_45_protein_45_Nsup_c + 2.0 amet_c <=> 2.0 CH33ADO_c + 2.0 MET_c + 2.0 Oxidized_45_2Fe_45_2S_45_Ferredoxins_c + Pyruvate_45_dehydrogenase_45_lipoate_c + 2.0 Unsulfurated_45_Sulfur_45_Acceptors_c
2_46_7_46_11_46_30_45_RXN,2.7.11.30-RXN,Unknown,1.2662803343949043,1.2662803343949043,1.0,0.0,MINIMAL,optimal,7,HS08865;HS00791;HS03844;HS03794;HS02952;HS04680;HS03024,TGFBR2;BMPR2;ACVR1;ACVR2B;TGFBR1;ACVR1C;BMPR1A,Receptor_45_protein_45_Ser_45_or_45_Thr_c + atp_c <=> Receptor_45_Protein_45_Ser_45_or_45_Thr_45_phosphate_c + adp_c + h_c
RXN_45_16226,RXN-16226,Unknown,1.2662803343949043,1.2662803343949043,1.0,0.0,MINIMAL,optimal,1,HS07174,SUMF1,OXYGEN_45_MOLECULE_c + Sulfatase_45_L_45_cysteine_c + 2.0 Thiols_c <=> Disulfides_c + HS_c + Protein_45_formylglycine_c + WATER_c
RXN_45_9787,RXN-9787,Unknown,1.2662803343949043,1.2662803343949043,1.0,0.0,MINIMAL,optimal,1,HS01304,NFS1,CYS_c + Sulfur_45_Carrier_45_Proteins_45_ThiI_c <=> L_45_ALPHA_45_ALANINE_c + Sulfurylated_45_ThiI_c
RXN_45_10470,RXN-10470,Unknown,1.2662803343949043,1.2662803343949043,1.0,0.0,MINIMAL,optimal,1,HS03930,TPO,HYDROGEN_45_PEROXIDE_c + Thyroglobulin_45_3_45_5_45_diiodotyrosines_c + Thyroglobulin_45_3_45_iodotyrosines_c <=> Thyroglobulin_45_aminoacrylates_c + Thyroglobulin_45_triiodothyronines_c + 2.0 WATER_c
RXN_45_10469,RXN-10469,Unknown,1.2662803343949043,1.2662803343949043,1.0,0.0,MINIMAL,optimal,1,HS03930,TPO,CPD_45_387_c + HYDROGEN_45_PEROXIDE_c + Thyroglobulin_45_3_45_iodotyrosines_c + h_c <=> Thyroglobulin_45_3_45_5_45_diiodotyrosines_c + 2.0 WATER_c
RXN0_45_1441,RXN0-1441,Unknown,1.2662803343949043,1.2662803343949043,1.0,0.0,MINIMAL,optimal,4,HS09255;HS10140;HS06903;HS15859,NUDT5;NUDT9;TRPM2;C17orf48,ADENOSINE_DIPHOSPHATE_RIBOSE_c + WATER_c <=> CPD_45_15317_c + amp_c + 2.0 h_c
RXN_45_10474,RXN-10474,Unknown,1.2662803343949043,1.2662803343949043,1.0,0.0,MINIMAL,optimal,1,HS04183,CTSD,Thyroglobulin_45_triiodothyronines_c + WATER_c <=> LIOTHYRONINE_c + Unspecified_45_Degradation_45_Products_c
RXN_45_20881,RXN-20881,Unknown,1.2662803343949043,1.2662803343949043,1.0,0.0,MINIMAL,optimal,8,HS16507;HS13698;HS04401;HS14069;G66_46611;HS05478;HS13545;HS13913,TTLL11;LRRC49;TTLL2;NICN1;TTLL13P;TTLL9;C18orf10;C19orf20,Glutamates_c + Tubulin_45_g_45_glutamyl_45_Glutamate_c + atp_c <=> Tubulin_45_a_45_Glu_45_g_45_Glu_45_Glu_c + adp_c + h_c + pi_c
RXN_45_20882,RXN-20882,Unknown,1.2662803343949043,1.2662803343949043,1.0,0.0,MINIMAL,optimal,8,HS16507;HS13698;HS04401;HS14069;G66_46611;HS05478;HS13545;HS13913,TTLL11;LRRC49;TTLL2;NICN1;TTLL13P;TTLL9;C18orf10;C19orf20,Tubulin_45_a_45_Glu_45_g_45_Glu_45_Glu_c <=> Tubulin_45_n_45_a_45_Glu_45_g_45_Glu_45_Glu_c
RXN_45_20883,RXN-20883,Unknown,1.2662803343949043,1.2662803343949043,1.0,0.0,MINIMAL,optimal,11,HS16507;HS02019;HS13698;HS04401;HS14069;G66_46611;HS05478;HS15910;HS13545;HS04322,TTLL11;TTLL1;LRRC49;TTLL2;NICN1;TTLL13P;TTLL9;TTLL6;C18orf10;TTLL5,Tubulin_45_L_45_Glutamate_c <=> Tubulin_45_n_45_a_45_Glu_45_g_45_Glu_45_Glu_c
RXN_45_20880,RXN-20880,Unknown,1.2662803343949043,1.2662803343949043,1.0,0.0,MINIMAL,optimal,8,HS16507;HS13698;HS04401;HS14069;G66_46611;HS05478;HS13545;HS13913,TTLL11;LRRC49;TTLL2;NICN1;TTLL13P;TTLL9;C18orf10;C19orf20,Glutamates_c + Tubulin_45_L_45_Glutamate_c + atp_c <=> Tubulin_45_g_45_glutamyl_45_Glutamate_c + adp_c + h_c + pi_c
2_46_4_46_1_46_155_45_RXN,2.4.1.155-RXN,Unknown,1.2662803343949043,1.2662803343949043,1.0,0.0,MINIMAL,optimal,3,HS07793;HS14864;HS15606,MGAT5;G_HS14864;MGAT5B,24_45_2_45_N_45_linked_45_Glycan_c + uacgam_c <=> 24_45_26_45_N_45_linked_45_Glycan_c + h_c + udp_c
RXN_45_19001,RXN-19001,Unknown,1.2662803343949043,1.2662803343949043,1.0,0.0,MINIMAL,optimal,1,HS01519,B4GALT1,24_45_26_45_N_45_linked_45_Glycan_c + 4.0 udpgal_c <=> Galactosylated_45_N_45_Glycan_c + 4.0 h_c + 4.0 udp_c
RXN_45_8630,RXN-8630,Unknown,1.2662803343949043,1.2662803343949043,1.0,0.0,MINIMAL,optimal,5,HS08023;HS10343;HS05414;HS09588;HS11946,CYP2U1;CYP2A6;CYP2E1;CYP2S1;CYP4X1,ACETONE_c + OXYGEN_45_MOLECULE_c + Red_45_NADPH_45_Hemoprotein_45_Reductases_c <=> ACETOL_c + Ox_45_NADPH_45_Hemoprotein_45_Reductases_c + WATER_c
RXN18C3_45_61,RXN18C3-61,Unknown,1.2662803343949043,1.2662803343949043,1.0,0.0,MINIMAL,optimal,4,HS10578;HS10576;HS10575;HS08398,CES2;CES3;CES8;CES7,CPD_45_19219_c + WATER_c <=> CPD_45_19221_c + METOH_c
R311_45_RXN,R311-RXN,Unknown,1.2662803343949043,1.2662803343949043,1.0,0.0,MINIMAL,optimal,1,HS11629,SGSH,ACRYLAMIDE_c + WATER_c <=> ACRYLATE_c + nh4_c
MALONYL_45_COA_45_ACP_45_TRANSACYL_45_RXN,MALONYL-COA-ACP-TRANSACYL-RXN,Unknown,1.2662803343949043,1.2662803343949043,1.0,0.0,MINIMAL,optimal,2,HS00112;HS02028,NDUFAB1;MCAT,ACP_c + malcoa_c <=> MALONYL_45_ACP_c + coa_c
RXN_45_11633,RXN-11633,Unknown,1.2662803343949043,1.2662803343949043,1.0,0.0,MINIMAL,optimal,3,HS00472;HS14978;HS01523,TFB1M;TFB2M;DIMT1L,16S_45_rRNA_45_adenine1518_45_adenine1519_c + 4.0 amet_c <=> 16S_45_rRNA_45_N6_45_dimethyladenine1518_45_1519_c + 4.0 ADENOSYL_45_HOMO_45_CYS_c + 4.0 h_c
ADENPHOSPHOR_45_RXN,ADENPHOSPHOR-RXN,Unknown,1.2662803343949043,1.2662803343949043,1.0,0.0,MINIMAL,optimal,1,HS02151,PNP,ADENOSINE_c + pi_c <=> ADENINE_c + r1p_c
ADENODEAMIN_45_RXN,ADENODEAMIN-RXN,Unknown,1.2662803343949043,1.2662803343949043,1.0,0.0,MINIMAL,optimal,5,HS11914;HS06780;G66_47210;HS09018;HS02191,ADAT3;ADAD2;ADAT2;ADAD1;ADA,ADENOSINE_c + WATER_c + h_c <=> INOSINE_c + nh4_c
RXN_45_12057,RXN-12057,Unknown,1.2662803343949043,1.2662803343949043,1.0,0.0,MINIMAL,optimal,1,HS10729,CNP,CPD_45_3707_c + WATER_c <=> CPD_45_3705_c + h_c
RXN66_45_600,RXN66-600,Unknown,1.2662803343949043,1.2662803343949043,1.0,0.0,MINIMAL,optimal,3,HS01997;HS05414;HS10343,CYP2D6;CYP2E1;CYP2A6,CPD_45_20952_c + OXYGEN_45_MOLECULE_c + Red_45_NADPH_45_Hemoprotein_45_Reductases_c <=> CPD_45_20954_c + Ox_45_NADPH_45_Hemoprotein_45_Reductases_c + WATER_c
TRANS_45_RXN66_45_1167,TRANS-RXN66-1167,Unknown,1.2662803343949043,1.2662803343949043,1.0,0.0,MINIMAL,optimal,3,G66_33817;HS10818;HS03616,SLC29A3;SLC29A2;SLC29A1,ADENOSINE_e <=> ADENOSINE_c
RXN_45_19366,RXN-19366,Unknown,1.2662803343949043,1.2662803343949043,1.0,0.0,MINIMAL,optimal,1,HS13779,MMAB,B12_45_Corrinoid_45_Adenosyltranferase_c <=> ADENOSYLCOBALAMIN_c + Corrinoid_45_Adenosyltransferases_c
RXN_45_19365,RXN-19365,Unknown,1.2662803343949043,1.2662803343949043,1.0,0.0,MINIMAL,optimal,1,HS13779,MMAB,Apo_45_Base_45_off_45_His_45_on_45_Enzymes_c + B12_45_Corrinoid_45_Adenosyltranferase_c + h_c <=> Corrinoid_45_Adenosyltransferases_c + Holo_45_Base_45_off_45_His_45_on_45_Enzymes_c
RXN_45_19364,RXN-19364,Unknown,1.2662803343949043,1.2662803343949043,1.0,0.0,MINIMAL,optimal,1,HS13779,MMAB,Apo_45_Methylmalonyl_45_CoA_45_Mutase_c + B12_45_Corrinoid_45_Adenosyltranferase_c + h_c <=> B12_45_Methylmalonyl_45_CoA_45_Mutase_c + Corrinoid_45_Adenosyltransferases_c
COBALAMINSYN_45_RXN,COBALAMINSYN-RXN,Unknown,1.2662803343949043,1.2662803343949043,1.0,0.0,MINIMAL,optimal,6,G66_33077;G66_31102;G66_30765;G66_33850;HS16133;HS13633,CBWD5;CBWD7;CBWD3;CBWD6;CBWD1;CBWD2,ADENOSYLCOBINAMIDE_45_GDP_c + ALPHA_45_RIBAZOLE_c <=> ADENOSYLCOBALAMIN_c + gmp_c + h_c
COBALAMIN5PSYN_45_RXN,COBALAMIN5PSYN-RXN,Unknown,1.2662803343949043,1.2662803343949043,1.0,0.0,MINIMAL,optimal,6,G66_33077;G66_31102;G66_30765;G66_33850;HS16133;HS13633,CBWD5;CBWD7;CBWD3;CBWD6;CBWD1;CBWD2,ADENOSYLCOBINAMIDE_45_GDP_c + ALPHA_45_RIBAZOLE_45_5_45_P_c <=> ADENOSYLCOBALAMIN_45_5_45_P_c + gmp_c + h_c
RXN_45_19318,RXN-19318,Unknown,1.2662803343949043,1.2662803343949043,1.0,0.0,MINIMAL,optimal,6,G66_33077;G66_31102;G66_30765;G66_33850;HS16133;HS13633,CBWD5;CBWD7;CBWD3;CBWD6;CBWD1;CBWD2,ADENOSYLCOBINAMIDE_45_GDP_c + CPD_45_20851_c <=> CPD_45_20852_c + gmp_c + h_c
RXN_45_19297,RXN-19297,Unknown,1.2662803343949043,1.2662803343949043,1.0,0.0,MINIMAL,optimal,6,G66_33077;G66_31102;G66_30765;G66_33850;HS16133;HS13633,CBWD5;CBWD7;CBWD3;CBWD6;CBWD1;CBWD2,ADENOSYLCOBINAMIDE_45_GDP_c + CPD_45_18105_c <=> CPD_45_20828_c + gmp_c + h_c
RXN_45_19303,RXN-19303,Unknown,1.2662803343949043,1.2662803343949043,1.0,0.0,MINIMAL,optimal,6,G66_33077;G66_31102;G66_30765;G66_33850;HS16133;HS13633,CBWD5;CBWD7;CBWD3;CBWD6;CBWD1;CBWD2,ADENOSYLCOBINAMIDE_45_GDP_c + CPD_45_20830_c <=> CPD_45_20855_c + gmp_c + h_c
RXN_45_19305,RXN-19305,Unknown,1.2662803343949043,1.2662803343949043,1.0,0.0,MINIMAL,optimal,6,G66_33077;G66_31102;G66_30765;G66_33850;HS16133;HS13633,CBWD5;CBWD7;CBWD3;CBWD6;CBWD1;CBWD2,ADENOSYLCOBINAMIDE_45_GDP_c + CPD_45_20832_c <=> CPD_45_20836_c + gmp_c + h_c
RXN_45_19304,RXN-19304,Unknown,1.2662803343949043,1.2662803343949043,1.0,0.0,MINIMAL,optimal,6,G66_33077;G66_31102;G66_30765;G66_33850;HS16133;HS13633,CBWD5;CBWD7;CBWD3;CBWD6;CBWD1;CBWD2,ADENOSYLCOBINAMIDE_45_GDP_c + CPD_45_20831_c <=> CPD_45_13940_c + gmp_c + h_c
RXN_45_19307,RXN-19307,Unknown,1.2662803343949043,1.2662803343949043,1.0,0.0,MINIMAL,optimal,6,G66_33077;G66_31102;G66_30765;G66_33850;HS16133;HS13633,CBWD5;CBWD7;CBWD3;CBWD6;CBWD1;CBWD2,ADENOSYLCOBINAMIDE_45_GDP_c + CPD_45_20838_c <=> CPD_45_20839_c + gmp_c + h_c
RXN_45_19308,RXN-19308,Unknown,1.2662803343949043,1.2662803343949043,1.0,0.0,MINIMAL,optimal,6,G66_33077;G66_31102;G66_30765;G66_33850;HS16133;HS13633,CBWD5;CBWD7;CBWD3;CBWD6;CBWD1;CBWD2,ADENOSYLCOBINAMIDE_45_GDP_c + CPD_45_20826_c <=> CPD_45_20856_c + gmp_c + h_c
RXN_45_19302,RXN-19302,Unknown,1.2662803343949043,1.2662803343949043,1.0,0.0,MINIMAL,optimal,6,G66_33077;G66_31102;G66_30765;G66_33850;HS16133;HS13633,CBWD5;CBWD7;CBWD3;CBWD6;CBWD1;CBWD2,ADENOSYLCOBINAMIDE_45_GDP_c + CPD_45_20829_c <=> CPD_45_20833_c + gmp_c + h_c
RXN_45_19296,RXN-19296,Unknown,1.2662803343949043,1.2662803343949043,1.0,0.0,MINIMAL,optimal,6,G66_33077;G66_31102;G66_30765;G66_33850;HS16133;HS13633,CBWD5;CBWD7;CBWD3;CBWD6;CBWD1;CBWD2,ADENOSYLCOBINAMIDE_45_GDP_c + CPD_45_15539_c <=> CPD_45_20827_c + gmp_c + h_c
RXN_45_12551,RXN-12551,Unknown,1.2662803343949043,1.2662803343949043,1.0,0.0,MINIMAL,optimal,3,HS06733;HS13010;HS06003,RLBP1;RDH10;RDH5,11C_45_Retinol_45_RALBPs_c + nad_c <=> 11C_45_Retinal_45_RALBPs_c + h_c + nadh_c
RXN_45_16114,RXN-16114,Unknown,1.2662803343949043,1.2662803343949043,1.0,0.0,MINIMAL,optimal,1,HS01909,TECR,CPD_45_17368_c + NADPH_c + h_c <=> CPD_45_17323_c + nadp_c
RXN_45_11702,RXN-11702,Unknown,1.2662803343949043,1.2662803343949043,1.0,0.0,MINIMAL,optimal,2,HS08006;HS08338,ADAMTS5;ADAMTS4,Aggrecan_c + WATER_c <=> Aggrecan_45_Cleavage_45_products_c
AGMATIN_45_RXN,AGMATIN-RXN,Unknown,1.2662803343949043,1.2662803343949043,1.0,0.0,MINIMAL,optimal,1,HS04051,AGMAT,AGMATHINE_m + WATER_m + agm_m <=> UREA_m + 2.0 ptrc_m + urea_m
RXN_45_19041,RXN-19041,Unknown,1.2662803343949043,1.2662803343949043,1.0,0.0,MINIMAL,optimal,2,HS05902;HS08544,CYP2J2;CYP3A4,ALBENDAZOLE_c + OXYGEN_45_MOLECULE_c + Red_45_NADPH_45_Hemoprotein_45_Reductases_c <=> ALBENDAZOLE_45_S_45_OXIDE_c + Ox_45_NADPH_45_Hemoprotein_45_Reductases_c + WATER_c
RXN_45_19052,RXN-19052,Unknown,1.2662803343949043,1.2662803343949043,1.0,0.0,MINIMAL,optimal,1,HS05902,CYP2J2,ALBENDAZOLE_c + OXYGEN_45_MOLECULE_c + Red_45_NADPH_45_Hemoprotein_45_Reductases_c <=> CPD_45_20523_c + Ox_45_NADPH_45_Hemoprotein_45_Reductases_c + WATER_c
RXN_45_9230,RXN-9230,Unknown,1.2662803343949043,1.2662803343949043,1.0,0.0,MINIMAL,optimal,2,HS10617;HS04454,COQ2;UBIAD1,4_45_hydroxybenzoate_c + CPD_45_9610_c <=> CPD_45_9864_c + ppi_c
RXN_45_9222,RXN-9222,Unknown,1.2662803343949043,1.2662803343949043,1.0,0.0,MINIMAL,optimal,1,HS10617,COQ2,4_45_hydroxybenzoate_c + ALL_45_TRANS_45_HEPTAPRENYL_45_DIPHOSPHATE_c <=> CPD_45_9852_c + ppi_c
RXN_45_9003,RXN-9003,Unknown,1.2662803343949043,1.2662803343949043,1.0,0.0,MINIMAL,optimal,1,HS10617,COQ2,4_45_hydroxybenzoate_c + ALL_45_TRANS_45_HEXAPRENYL_45_DIPHOSPHATE_c <=> 3_45_HEXAPRENYL_45_4_45_HYDROXYBENZOATE_c + ppi_c
4OHBENZOATE_45_OCTAPRENYLTRANSFER_45_RXN,4OHBENZOATE-OCTAPRENYLTRANSFER-RXN,Unknown,1.2662803343949043,1.2662803343949043,1.0,0.0,MINIMAL,optimal,1,HS10617,COQ2,4_45_hydroxybenzoate_c + OCTAPRENYL_45_DIPHOSPHATE_c <=> 3_45_OCTAPRENYL_45_4_45_HYDROXYBENZOATE_c + ppi_c
1_46_1_46_1_46_278_45_RXN,1.1.1.278-RXN,Unknown,1.2662803343949043,1.2662803343949043,1.0,0.0,MINIMAL,optimal,1,HS05604,HSD17B7,3_45_BETA_45_HYDROXY_45_5_45_ALPHA_45_PREGNANE_45_20_45_ONE_c + nadp_c <=> CPD_45_293_c + NADPH_c + h_c
RXN66_45_567,RXN66-567,Unknown,1.2662803343949043,1.2662803343949043,1.0,0.0,MINIMAL,optimal,4,HS07754;HS10741;HS03054;HS10739,AKR1C2;AKR1C1;AKR1C3;AKR1C4,CPD_45_293_c + NADH_45_P_45_OR_45_NOP_c + h_c <=> 3_45_BETA_45_HYDROXY_45_5_45_ALPHA_45_PREGNANE_45_20_45_ONE_c + NAD_45_P_45_OR_45_NOP_c
RXN66_45_570,RXN66-570,Unknown,1.2662803343949043,1.2662803343949043,1.0,0.0,MINIMAL,optimal,1,HS01113,DHRS9,CPD_45_293_c + h_c + nadh_c <=> 3_45_BETA_45_HYDROXY_45_5_45_ALPHA_45_PREGNANE_45_20_45_ONE_c + nad_c
AMINOPARATHION_45_PHOSPHATASE_45_RXN,AMINOPARATHION-PHOSPHATASE-RXN,Unknown,1.2662803343949043,1.2662803343949043,1.0,0.0,MINIMAL,optimal,4,HS09313;HS00141;HS02819;HS02820,PTER;PON1;PON3;PON2,AMINO_45_PARATHION_c + WATER_c <=> CPD_45_259_c + DIETHYLTHIOPHOSPHATE_c + h_c
AMACETOXID_45_RXN,AMACETOXID-RXN,Unknown,1.2662803343949043,1.2662803343949043,1.0,0.0,MINIMAL,optimal,2,HS05537;HS05534,AOC2;AOC3,AMINO_45_ACETONE_c + OXYGEN_45_MOLECULE_c + WATER_c <=> HYDROGEN_45_PEROXIDE_c + METHYL_45_GLYOXAL_c + nh4_c
RXN_45_8016,RXN-8016,Unknown,1.2662803343949043,1.2662803343949043,1.0,0.0,MINIMAL,optimal,1,HS04276,GDA,CPD_45_7399_c + WATER_c <=> CPD_45_7400_c + nh4_c
2_46_4_46_99_46_7_45_RXN,2.4.99.7-RXN,Unknown,1.2662803343949043,1.2662803343949043,1.0,0.0,MINIMAL,optimal,3,HS06223;HS06739;HS04994,ST6GALNAC4;ST8SIA2;ST3GAL3,ALPHA_45_N_45_ACETYLNEURAMINYL_45_ETCETERA_c + CMP_45_N_45_ACETYL_45_NEURAMINATE_c <=> ALPHA_45_N_45_DIACETYLNEURAMINYL_45_23_45_BETA_45_D_45_ETC_c + cmp_c + h_c
RXN_45_19391,RXN-19391,Unknown,1.2662803343949043,1.2662803343949043,1.0,0.0,MINIMAL,optimal,6,HS00295;HS05567;HS01807;HS01205;HS00223;HS04143,FMO1;FMO5;FMO2;FMO4;FMO3;FMO6,CPD_45_20952_c + NADPH_c + OXYGEN_45_MOLECULE_c <=> CPD_45_20958_c + WATER_c + nadp_c
POLYSIALIC_45_ACID_45_O_45_ACETYLTRANSFERASE_45_RXN,POLYSIALIC-ACID-O-ACETYLTRANSFERASE-RXN,Unknown,1.2662803343949043,1.2662803343949043,1.0,0.0,MINIMAL,optimal,1,HS04474,LRAT,CPD_45_10464_c + accoa_c <=> CPD_45_10465_c + coa_c
GAMMA_45_GLUTAMYLCYCLOTRANSFERASE_45_RXN,GAMMA-GLUTAMYLCYCLOTRANSFERASE-RXN,Unknown,1.2662803343949043,1.2662803343949043,1.0,0.0,MINIMAL,optimal,1,HS12014,GGCT,5_45_L_45_GLUTAMYL_45_L_45_AMINO_45_ACID_c <=> 5oxpro_c + L_45_Amino_45_Acids_c
RXN_45_12088,RXN-12088,Unknown,1.2662803343949043,1.2662803343949043,1.0,0.0,MINIMAL,optimal,1,HS02389,GLA,Alpha_45_D_45_Galactosides_c + WATER_c <=> ALPHA_45_D_45_GALACTOSE_c + Non_45_Galactosylated_45_Galactose_45_Acceptors_c
3_46_1_46_4_46_45_45_RXN,3.1.4.45-RXN,Unknown,1.2662803343949043,1.2662803343949043,1.0,0.0,MINIMAL,optimal,1,HS02465,NAGPA,LYSOSOMAL_45_ENZYME_45_N_45_ETCETERA_45_MANNOSE_c + WATER_c <=> GLYCOPROTEIN_45_PHOSPHO_45_D_45_MANNOSE_c + N_45_ACETYL_45_D_45_GLUCOSAMINE_c + h_c
2_46_7_46_8_46_17_45_RXN,2.7.8.17-RXN,Unknown,1.2662803343949043,1.2662803343949043,1.0,0.0,MINIMAL,optimal,1,HS03442,GNPTAB,LYSOSOMAL_45_ENZYME_45_D_45_MANNOSE_c + uacgam_c <=> LYSOSOMAL_45_ENZYME_45_N_45_ETCETERA_45_MANNOSE_c + h_c + ump_c
3_46_2_46_1_46_24_45_RXN,3.2.1.24-RXN,Unknown,1.2662803343949043,1.2662803343949043,1.0,0.0,MINIMAL,optimal,4,HS02616;HS13830;HS16819;HS00341,MAN2B1;MAN2C1;G_HS16819;MAN2B2,Alpha_45_D_45_Mannosides_c + WATER_c <=> CPD_45_13559_c + Non_45_Glycosylated_45_sugar_45_Acceptors_c
RXN_45_9023,RXN-9023,Unknown,1.2662803343949043,1.2662803343949043,1.0,0.0,MINIMAL,optimal,1,HS08717,AGL,CPD0_45_971_c <=> Truncated_45_Limit_45_Dextrins_c
RXN_45_19947,RXN-19947,Unknown,1.2662803343949043,1.2662803343949043,1.0,0.0,MINIMAL,optimal,1,HS08717,AGL,CPD0_45_971_c <=> CPD0_45_1027_c
RXN0_45_5146,RXN0-5146,Unknown,1.2662803343949043,1.2662803343949043,1.0,0.0,MINIMAL,optimal,1,HS08717,AGL,CPD0_45_971_c + WATER_c <=> CPD0_45_1027_c + MALTOTETRAOSE_c
RXN_45_6642,RXN-6642,Unknown,1.2662803343949043,1.2662803343949043,1.0,0.0,MINIMAL,optimal,1,HS09457,ANPEP,CPD_45_6262_c + WATER_c <=> GLY_c + S_45_Substituted_45_L_45_Cysteines_c
RXN_45_20533,RXN-20533,Unknown,1.2662803343949043,1.2662803343949043,1.0,0.0,MINIMAL,optimal,1,HS03439,CHPT1,1_45_Acyl_45_2_45_Arachidonoyl_45_Glycerols_c + cdpchol_c <=> 2_45_arachidonoyl_45_PC_c + cmp_c + h_c
RXN_45_20522,RXN-20522,Unknown,1.2662803343949043,1.2662803343949043,1.0,0.0,MINIMAL,optimal,3,HS01328;HS05911;HS09093,LIPE;DAGLA;DAGLB,1_45_Acyl_45_2_45_Arachidonoyl_45_Glycerols_c + WATER_c <=> CPD_45_12600_c + Fatty_45_Acids_c + h_c
11_45_BETA_45_HYDROXYSTEROID_45_DEHYDROGENASE_45_RXN,11-BETA-HYDROXYSTEROID-DEHYDROGENASE-RXN,Unknown,1.2662803343949043,1.2662803343949043,1.0,0.0,MINIMAL,optimal,3,HS11043;HS04154;HS15594,HSD11B2;HSD11B1;HSD11B1L,11_45_Beta_45_Hydroxysteroids1_c + nadp_c <=> 11_45_Oxosteroids_c + NADPH_c + h_c
RXN_45_12563,RXN-12563,Unknown,1.2662803343949043,1.2662803343949043,1.0,0.0,MINIMAL,optimal,1,HS04474,LRAT,CRPB_45_11_45_Cis_45_Retinol_c + PHOSPHATIDYLCHOLINE_c <=> 11_45_Cis_45_Retinyl_45_Esters_c + 2_45_Acylglycero_45_Phosphocholines_c + Cellular_45_Retinol_45_Binding_45_Proteins_c
RXN_45_13683,RXN-13683,Unknown,1.2662803343949043,1.2662803343949043,1.0,0.0,MINIMAL,optimal,1,HS13441,ACY3,N_45_Acylated_45_Aromatic_45_Amino_45_Acids_c + WATER_c <=> Aromatic_45_L_45_Amino_45_Acids_c + Carboxylates_c
RXN_45_12585,RXN-12585,Unknown,1.2662803343949043,1.2662803343949043,1.0,0.0,MINIMAL,optimal,3,HS05232;HS00013;HS09183,ALDH1A2;ALDH1A3;ALDH1A1,CRPB_45_all_45_trans_45_Retinal_c + WATER_c + nad_c <=> Cellular_45_Retinol_45_Binding_45_Proteins_c + 2.0 h_c + nadh_c + retn_c
RXN_45_12581,RXN-12581,Unknown,1.2662803343949043,1.2662803343949043,1.0,0.0,MINIMAL,optimal,2,HS10180;HS06629,SDR16C5;RDH16,CRPB_45_all_45_trans_45_Retinol_c + nad_c <=> CRPB_45_all_45_trans_45_Retinal_c + h_c + nadh_c
2_46_3_46_1_46_135_45_RXN,2.3.1.135-RXN,Unknown,1.2662803343949043,1.2662803343949043,1.0,0.0,MINIMAL,optimal,1,HS04474,LRAT,CRPB_45_all_45_trans_45_Retinol_c + PHOSPHATIDYLCHOLINE_c <=> 2_45_Acylglycero_45_Phosphocholines_c + All_45_trans_45_Retinyl_45_Esters_c + Cellular_45_Retinol_45_Binding_45_Proteins_c
RXN_45_12575,RXN-12575,Unknown,1.2662803343949043,1.2662803343949043,1.0,0.0,MINIMAL,optimal,5,HS10575;HS08398;HS10576;HS10578;HS11616,CES8;CES7;CES3;CES2;CES1,All_45_trans_45_Retinyl_45_Esters_c + WATER_c <=> CPD_45_13524_c + Fatty_45_Acids_c + h_c
HOLO_45_ACP_45_SYNTH_45_RXN,HOLO-ACP-SYNTH-RXN,Unknown,1.2662803343949043,1.2662803343949043,1.0,0.0,MINIMAL,optimal,1,HS14278,AASDHPPT,All_45_apo_45_ACPs_c + coa_c <=> All_45_holo_45_ACPs_c + h_c + pap_c
6_46_3_46_4_46_9_45_RXN,6.3.4.9-RXN,Unknown,1.2662803343949043,1.2662803343949043,1.0,0.0,MINIMAL,optimal,1,HS08386,HLCS,BIOTIN_c + apo_45_Transcarboxylases_c + atp_c <=> amp_c + holo_45_Transcarboxylases_c + ppi_c
RXN_45_20550,RXN-20550,Unknown,1.2662803343949043,1.2662803343949043,1.0,0.0,MINIMAL,optimal,1,HS14850,NAPEPLD,WATER_c + pNAPE_c <=> 1_45_Alkenyl_45_2_45_Acyl_45_Glycerol_45_3P_c + N_45_Acylethanolamines_c + h_c
RXN_45_20548,RXN-20548,Unknown,1.2662803343949043,1.2662803343949043,1.0,0.0,MINIMAL,optimal,5,HS13847;HS05099;HS05614;HS17140;HS17690,G_HS13847;PLA2G2A;OC90;G_HS17140;G_HS17690,WATER_c + pNAPE_c <=> 2_45_Lyso_45_N_45_Acyl_45_Plasmalogens_c + Fatty_45_Acids_c + h_c
RXN_45_20553,RXN-20553,Unknown,1.2662803343949043,1.2662803343949043,1.0,0.0,MINIMAL,optimal,1,HS14850,NAPEPLD,N_45_Ara_45_Ethanolamine_45_Plasmalogen_c + WATER_c <=> 1_45_Alkenyl_45_2_45_Acyl_45_Glycerol_45_3P_c + CPD_45_7598_c + h_c
RXN_45_20552,RXN-20552,Unknown,1.2662803343949043,1.2662803343949043,1.0,0.0,MINIMAL,optimal,5,HS13847;HS05099;HS05614;HS17140;HS17690,G_HS13847;PLA2G2A;OC90;G_HS17140;G_HS17690,N_45_Ara_45_Ethanolamine_45_Plasmalogen_c + WATER_c <=> 2_45_Lyso_45_N_45_Arachidonoyl_45_Plasmalogens_c + Fatty_45_Acids_c + h_c
2_46_4_46_1_46_122_45_RXN,2.4.1.122-RXN,Unknown,1.2662803343949043,1.2662803343949043,1.0,0.0,MINIMAL,optimal,5,HS08709;HS02901;HS00059;G_54966;HS15955,B3GALT2;C1GALT1;B3GALT4;B3GALT5;C1GALT1C1,D_45_Gal_45_NAc_45__45_Glycoproteins_c + udpgal_c <=> Core1_c + h_c + udp_c
2_46_4_46_1_46_147_45_RXN,2.4.1.147-RXN,Unknown,1.2662803343949043,1.2662803343949043,1.0,0.0,MINIMAL,optimal,1,G66_46669,B3GNT6,Tn_antigen_CCO_45_GOLGI_45_LUM + 2.0 uacgam_CCO_45_GOLGI_45_LUM <=> core3_CCO_45_GOLGI_45_LUM + h_CCO_45_GOLGI_45_LUM + udp_CCO_45_GOLGI_45_LUM
3_46_2_46_1_46_50_45_RXN,3.2.1.50-RXN,Unknown,1.2662803343949043,1.2662803343949043,1.0,0.0,MINIMAL,optimal,1,HS03153,NAGLU,ALPHA_ACETYLGLUCOSAMINIDES_c + WATER_c <=> N_45_acetyl_45_D_45_glucosamine_c + Non_45_Glycosylated_45_sugar_45_Acceptors_c
RXN_45_18254,RXN-18254,Unknown,1.2662803343949043,1.2662803343949043,1.0,0.0,MINIMAL,optimal,3,HS05379;HS08124;HS11506,FUT5;FUT6;FUT7,ALPHA_45_N_45_ACETYLNEURAMINYL_45_23_45_BETA_45_ETCETER_c + CPD_45_13118_c <=> gdp_c + h_c + sLex_45_Antigen_c
2_46_4_46_99_46_8_45_RXN,2.4.99.8-RXN,Unknown,1.2662803343949043,1.2662803343949043,1.0,0.0,MINIMAL,optimal,2,HS11179;HS03456,ST8SIA3;ST8SIA1,ALPHA_45_N_45_ACETYLNEURAMINYL_45_23_45_ETCETERA_c + CMP_45_N_45_ACETYL_45_NEURAMINATE_c <=> ALPHA_45_N_45_ACETYLNEURAMINYL_45_28_45_ETCETERA_c + cmp_c + h_c
RXN_45_17630,RXN-17630,Unknown,1.2662803343949043,1.2662803343949043,1.0,0.0,MINIMAL,optimal,1,HS04006,PARK7,Protein_45_Arginine_45_Aminocarbinol_c + WATER_c <=> Protein_45_L_45_Arginines_c + h_c + lac_DASH_DASH_DASH_D_c
RXN_45_15276,RXN-15276,Unknown,1.2662803343949043,1.2662803343949043,1.0,0.0,MINIMAL,optimal,1,HS01519,B4GALT1,N_45_ACETYL_45_BETA_45_D_45_GLUCOSAMINYL_45_13_45_ETCETERA_c + udpgal_c <=> h_c + i_45_Antigens_c + udp_c
RXN_45_11892,RXN-11892,Unknown,1.2662803343949043,1.2662803343949043,1.0,0.0,MINIMAL,optimal,1,HS03036,MGEA5,Protein_45_N_45_acetyl_45_D_45_glucosamin_45_L_45_serine_c + WATER_c <=> N_45_acetyl_45_D_45_glucosamine_c + Protein_45_L_45_serines_c
RXN_45_11891,RXN-11891,Unknown,1.2662803343949043,1.2662803343949043,1.0,0.0,MINIMAL,optimal,1,HS03036,MGEA5,Protein_45_N_45_acetyl_45_D_45_glucosamine_45_L_45_thr_c + WATER_c <=> N_45_acetyl_45_D_45_glucosamine_c + Proteins_45_L_45_Threonines_c
RXN_45_18259,RXN-18259,Unknown,1.2662803343949043,1.2662803343949043,1.0,0.0,MINIMAL,optimal,2,HS10487;G_54966,B3GALT1;B3GALT5,BETA_45_ACETYLGLUCOSAMINIDE_c + udpgal_c <=> beta_45_Gal_45_13_45_beta_45_GlcNac_45_R_c + h_c + udp_c
2_46_4_46_1_46_38_45_RXN,2.4.1.38-RXN,Unknown,1.2662803343949043,1.2662803343949043,1.0,0.0,MINIMAL,optimal,3,HS04130;HS08336;HS01519,B4GALT2;B4GALT3;B4GALT1,BETA_45_ACETYLGLUCOSAMINIDE_c + udpgal_c <=> B_45_Gal_45_14_45_NacGlc_45_R_c + h_c + udp_c
RXN_45_15215,RXN-15215,Unknown,1.2662803343949043,1.2662803343949043,1.0,0.0,MINIMAL,optimal,1,HS03036,MGEA5,D_45_Glc_45_NAc_45__45_Glycoproteins_c + WATER_c <=> Glycoprotein_45_L_45_serine_45_or_45_L_45_threonine_c + N_45_acetyl_45_D_45_glucosamine_c
3_46_2_46_1_46_52_45_RXN,3.2.1.52-RXN,Unknown,1.2662803343949043,1.2662803343949043,1.0,0.0,MINIMAL,optimal,3,HS00629;HS06726;HS15800,HEXB;HEXA;HEXDC,N_45_Acetyl_45_beta_45_D_45_Hexosaminides_c + WATER_c <=> Alcohols_c + N_45_acetyl_45_beta_45_D_45_hexosamines_c
RXN_45_20554,RXN-20554,Unknown,1.2662803343949043,1.2662803343949043,1.0,0.0,MINIMAL,optimal,5,HS13847;HS05099;HS05614;HS17140;HS17690,G_HS13847;PLA2G2A;OC90;G_HS17140;G_HS17690,N_45_Acyl_45_2_45_lyso_45_PE_c + WATER_c <=> Fatty_45_Acids_c + Glycero_45_3_45_Phospho_45_N_45_Acylethanolamine_c + h_c
RXN_45_20562,RXN-20562,Unknown,1.2662803343949043,1.2662803343949043,1.0,0.0,MINIMAL,optimal,5,HS13847;HS05099;HS05614;HS17140;HS17690,G_HS13847;PLA2G2A;OC90;G_HS17140;G_HS17690,N_45_Acyl_45_1_45_lyso_45_PE_c + WATER_c <=> Fatty_45_Acids_c + Glycero_45_3_45_Phospho_45_N_45_Acylethanolamine_c + h_c
N_45_ACYLGLUCOSAMINE_45_2_45_EPIMERASE_45_RXN,N-ACYLGLUCOSAMINE-2-EPIMERASE-RXN,Unknown,1.2662803343949043,1.2662803343949043,1.0,0.0,MINIMAL,optimal,1,HS02337,RENBP,CPD_45_270_c <=> CPD_45_1109_c
N_45_ACYLMANNOSAMINE_45_KINASE_45_RXN,N-ACYLMANNOSAMINE-KINASE-RXN,Unknown,1.2662803343949043,1.2662803343949043,1.0,0.0,MINIMAL,optimal,1,HS08435,GNE,CPD_45_1109_c + atp_c <=> CPD_45_841_c + adp_c + h_c
ASPARTOACYLASE_45_RXN,ASPARTOACYLASE-RXN,Unknown,1.2662803343949043,1.2662803343949043,1.0,0.0,MINIMAL,optimal,2,HS13441;HS03094,ACY3;ASPA,CPD_45_576_c + WATER_c <=> Carboxylates_c + asp_DASH_DASH_DASH_L_c
N_45_ACYLNEURAMINATE_45_9_45_PHOSPHATASE_45_RXN,N-ACYLNEURAMINATE-9-PHOSPHATASE-RXN,Unknown,1.2662803343949043,1.2662803343949043,1.0,0.0,MINIMAL,optimal,1,HS10082,NANP,CPD_45_624_c + WATER_c <=> CPD_45_1119_c + pi_c
RXN_45_15212,RXN-15212,Unknown,1.2662803343949043,1.2662803343949043,1.0,0.0,MINIMAL,optimal,6,HS09373;G66_32199;HS02449;HS00039;HS06031;HS13634,SMPD1;ENPP7;SMPD3;LOC51190;SMPD2;SMPD4,N_45_acyl_45_sphingosylphosphorylcholine_c + WATER_c <=> N_45_Acylsphingosine_c + cholp_c + h_c
AMINOACYLASE_45_RXN,AMINOACYLASE-RXN,Unknown,1.2662803343949043,1.2662803343949043,1.0,0.0,MINIMAL,optimal,2,HS13441;HS03800,ACY3;ACY1,N_45_Acylated_45_Aliphatic_45_Amino_45_Acids_c + WATER_c <=> Aliphatic_45_L_45_Amino_45_Acids_c + Carboxylates_c
RXN_45_17634,RXN-17634,Unknown,1.2662803343949043,1.2662803343949043,1.0,0.0,MINIMAL,optimal,1,HS04006,PARK7,Protein_45_Cysteine_45_Hemithioacetal_c + WATER_c <=> PROT_45_CYS_c + h_c + lac_DASH_DASH_DASH_D_c
ACYLAMINOACYL_45_PEPTIDASE_45_RXN,ACYLAMINOACYL-PEPTIDASE-RXN,Unknown,1.2662803343949043,1.2662803343949043,1.0,0.0,MINIMAL,optimal,1,HS08997,APEH,N_45_Acyl_45_Peptides_c + WATER_c <=> N_45_Acylated_45_Amino_45_Acids_c + Peptide_45_Holder_45_Alternative_c
RXN_45_20558,RXN-20558,Unknown,1.2662803343949043,1.2662803343949043,1.0,0.0,MINIMAL,optimal,6,HS13847;HS10199;HS05099;HS05614;HS17140;HS17690,G_HS13847;PLA2G1B;PLA2G2A;OC90;G_HS17140;G_HS17690,N_45_Acylphosphatidylethanolamines_c + WATER_c <=> Fatty_45_Acids_c + N_45_Acyl_45_2_45_lyso_45_PE_c + h_c
RXN_45_12116,RXN-12116,Unknown,1.2662803343949043,1.2662803343949043,1.0,0.0,MINIMAL,optimal,1,HS14850,NAPEPLD,N_45_Acylphosphatidylethanolamines_c + WATER_c <=> L_45_PHOSPHATIDATE_c + N_45_Acylethanolamines_c + h_c
RXN_45_20555,RXN-20555,Unknown,1.2662803343949043,1.2662803343949043,1.0,0.0,MINIMAL,optimal,5,HS13847;HS05099;HS05614;HS17140;HS17690,G_HS13847;PLA2G2A;OC90;G_HS17140;G_HS17690,N_45_arachidonoyl_45_2_45_lyso_45_PE_c + WATER_c <=> CPD_45_22238_c + Fatty_45_Acids_c + h_c
RXN_45_20547,RXN-20547,Unknown,1.2662803343949043,1.2662803343949043,1.0,0.0,MINIMAL,optimal,1,HS06258,ENPP2,N_45_arachidonoyl_45_2_45_lyso_45_PE_c + WATER_c <=> ACYL_45_SN_45_GLYCEROL_45_3P_c + CPD_45_7598_c + h_c
RXN_45_20561,RXN-20561,Unknown,1.2662803343949043,1.2662803343949043,1.0,0.0,MINIMAL,optimal,5,HS13847;HS05099;HS05614;HS17140;HS17690,G_HS13847;PLA2G2A;OC90;G_HS17140;G_HS17690,N_45_Arachidonoyl_45_1_45_lyso_45_PE_c + WATER_c <=> CPD_45_22238_c + Fatty_45_Acids_c + h_c
RXN_45_20546,RXN-20546,Unknown,1.2662803343949043,1.2662803343949043,1.0,0.0,MINIMAL,optimal,6,HS13847;HS10199;HS05099;HS05614;HS17140;HS17690,G_HS13847;PLA2G1B;PLA2G2A;OC90;G_HS17140;G_HS17690,N_45_arachidonoyl_45_PE_c + WATER_c <=> Fatty_45_Acids_c + N_45_arachidonoyl_45_2_45_lyso_45_PE_c + h_c
RXN_45_20502,RXN-20502,Unknown,1.2662803343949043,1.2662803343949043,1.0,0.0,MINIMAL,optimal,1,HS14850,NAPEPLD,N_45_arachidonoyl_45_PE_c + WATER_c <=> CPD_45_7598_c + L_45_PHOSPHATIDATE_c + h_c
2_46_3_46_1_46_118_45_RXN,2.3.1.118-RXN,Unknown,1.2662803343949043,1.2662803343949043,1.0,0.0,MINIMAL,optimal,2,HS10301;HS08090,NAT1;NAT2,N_45_Hydroxy_45_Arylamines_c + accoa_c <=> N_45_Acetoxy_45_Arylamines_c + coa_c
RXN_45_20518,RXN-20518,Unknown,1.2662803343949043,1.2662803343949043,1.0,0.0,MINIMAL,optimal,1,HS14850,NAPEPLD,N_45_Linoleoyl_45_PE_c + WATER_c <=> CPD6666_45_4_c + L_45_PHOSPHATIDATE_c + h_c
AMINOCYL_45_TRNA_45_HYDROLASE_45_RXN,AMINOCYL-TRNA-HYDROLASE-RXN,Unknown,1.2662803343949043,1.2662803343949043,1.0,0.0,MINIMAL,optimal,52,HS11854;HS11880;HS11877;HS11894;HS11882;HS11870;HS11893;HS11875;HS11861;HS11855,MTTL1;G_HS11880;TRS1;G_HS11894;G_HS11882;TRP2;G_HS11893;TRSP;TRGL1;MTTN,N_45_Substituted_45_Aminoacyl_45_tRNA_c + WATER_c <=> N_45_Substituted_45_Amino_45_Acids_c + h_c + tRNAs_c
RXN_45_20517,RXN-20517,Unknown,1.2662803343949043,1.2662803343949043,1.0,0.0,MINIMAL,optimal,1,HS14850,NAPEPLD,N_45_Oleoyl_45_PE_c + WATER_c <=> CPD_45_20398_c + L_45_PHOSPHATIDATE_c + h_c
RXN_45_20516,RXN-20516,Unknown,1.2662803343949043,1.2662803343949043,1.0,0.0,MINIMAL,optimal,1,HS14850,NAPEPLD,N_45_Palmitoyl_45_PE_c + WATER_c <=> CPD_45_20399_c + L_45_PHOSPHATIDATE_c + h_c
RXN_45_20515,RXN-20515,Unknown,1.2662803343949043,1.2662803343949043,1.0,0.0,MINIMAL,optimal,1,HS14850,NAPEPLD,N_45_stearoyl_45_PE_c + WATER_c <=> CPD_45_20400_c + L_45_PHOSPHATIDATE_c + h_c
N_45_METHYL_45_L_45_AMINO_45_ACID_45_OXIDASE_45_RXN,N-METHYL-L-AMINO-ACID-OXIDASE-RXN,Unknown,1.2662803343949043,1.2662803343949043,1.0,0.0,MINIMAL,optimal,1,HS05807,MBD2,N_45_Alpha_45_Methyl_45_L_45_Amino_45_Acids_c + OXYGEN_45_MOLECULE_c + WATER_c <=> FORMALDEHYDE_c + HYDROGEN_45_PEROXIDE_c + L_45_Amino_45_Acids_c
CHOLINESTERASE_45_RXN,CHOLINESTERASE-RXN,Unknown,1.2662803343949043,1.2662803343949043,1.0,0.0,MINIMAL,optimal,1,HS03747,BCHE,Acylcholines_c + WATER_c <=> Carboxylates_c + chol_c + h_c
AICARTRANSFORM_45_RXN,AICARTRANSFORM-RXN,Unknown,1.2662803343949043,1.2662803343949043,1.0,0.0,MINIMAL,optimal,1,HS06490,ATIC,FORMYL_45_THF_45_GLU_45_N_c + aicar_c <=> THF_45_GLU_45_N_c + fprica_c
RXN_45_13909,RXN-13909,Unknown,1.2662803343949043,1.2662803343949043,1.0,0.0,MINIMAL,optimal,1,HS07746,QDPR,10_45_FORMYL_45_DIHYDROFOLATE_45_GLU_45_N_c + h_c + nadh_c <=> FORMYL_45_THF_45_GLU_45_N_c + nad_c
GART_45_RXN,GART-RXN,Unknown,1.2662803343949043,1.2662803343949043,1.0,0.0,MINIMAL,optimal,1,HS08358,GART,5_45_PHOSPHO_45_RIBOSYL_45_GLYCINEAMIDE_c + FORMYL_45_THF_45_GLU_45_N_c <=> 5_45_P_45_RIBOSYL_45_N_45_FORMYLGLYCINEAMIDE_c + THF_45_GLU_45_N_c + h_c
METHIONYL_45_TRNA_45_FORMYLTRANSFERASE_45_RXN,METHIONYL-TRNA-FORMYLTRANSFERASE-RXN,Unknown,1.2662803343949043,1.2662803343949043,1.0,0.0,MINIMAL,optimal,1,HS02529,MTFMT,FORMYL_45_THF_45_GLU_45_N_c + L_45_methionyl_45_tRNAfmet_c <=> N_45_formyl_45_L_45_methionyl_45_tRNAfmet_c + THF_45_GLU_45_N_c + h_c
FORMYLTHFDEFORMYL_45_RXN,FORMYLTHFDEFORMYL-RXN,Unknown,1.2662803343949043,1.2662803343949043,1.0,0.0,MINIMAL,optimal,2,HS06100;HS07217,ALDH1L2;ALDH1L1,FORMYL_45_THF_45_GLU_45_N_c + WATER_c <=> THF_45_GLU_45_N_c + for_c + h_c
FORMYLTETRAHYDROFOLATE_45_DEHYDROGENASE_45_RXN,FORMYLTETRAHYDROFOLATE-DEHYDROGENASE-RXN,Unknown,1.2662803343949043,1.2662803343949043,1.0,0.0,MINIMAL,optimal,2,HS06100;HS07217,ALDH1L2;ALDH1L1,FORMYL_45_THF_45_GLU_45_N_c + WATER_c + nadp_c <=> CARBON_45_DIOXIDE_c + NADPH_c + THF_45_GLU_45_N_c + h_c
RXN0_45_986,RXN0-986,Unknown,1.2662803343949043,1.2662803343949043,1.0,0.0,MINIMAL,optimal,5,HS13172;HS02120;HS14842;HS12338;HS15415,ALKBH7;ALKBH1;ALKBH4;ALKBH5;ALKBH3,OXYGEN_45_MOLECULE_c + akg_c + an_45_iNisup1sup_45_ethyladenine_45_in_45_DNA_c <=> ACETALD_c + CARBON_45_DIOXIDE_c + DNA_45_Adenines_c + succ_c
RXN_45_18737,RXN-18737,Unknown,1.2662803343949043,1.2662803343949043,1.0,0.0,MINIMAL,optimal,7,G66_46859;G66_46473;HS13172;HS02120;HS14842;HS12338;HS15415,ALKBH2;ALKBH6;ALKBH7;ALKBH1;ALKBH4;ALKBH5;ALKBH3,OXYGEN_45_MOLECULE_c + akg_c + an_45_Nsup1sup_45_methyladenine_45_in_45_DNA_c <=> CARBON_45_DIOXIDE_c + DNA_45_Adenines_c + FORMALDEHYDE_c + succ_c
RXN_45_14516,RXN-14516,Unknown,1.2662803343949043,1.2662803343949043,1.0,0.0,MINIMAL,optimal,1,G66_33053,TYW1,amet_c + pyr_c + tRNAPhe_45_Containing_45_N1_45_Methylguanine_45_37_c <=> CARBON_45_DIOXIDE_c + CH33ADO_c + MET_c + WATER_c + tRNAPhe_45_Containing_45_4_45_demethylwyosine_45_37_c
RXN_45_12372,RXN-12372,Unknown,1.2662803343949043,1.2662803343949043,1.0,0.0,MINIMAL,optimal,1,HS02653,TRMT1,amet_c + tRNA_45_Containing_45_N2_45_Methylguanine_45_10_c <=> ADENOSYL_45_HOMO_45_CYS_c + h_c + tRNA_45_Containing_45_N2_45_dimethylguanine_45_10_c
RXN_45_18738,RXN-18738,Unknown,1.2662803343949043,1.2662803343949043,1.0,0.0,MINIMAL,optimal,7,G66_46859;G66_46473;HS13172;HS02120;HS14842;HS12338;HS15415,ALKBH2;ALKBH6;ALKBH7;ALKBH1;ALKBH4;ALKBH5;ALKBH3,OXYGEN_45_MOLECULE_c + akg_c + an_45_Nsup3sup_45_methylcytosine_45_in_45_DNA_c <=> CARBON_45_DIOXIDE_c + DNA_45_Cytosines_c + FORMALDEHYDE_c + h_c + succ_c
RXN_45_17632,RXN-17632,Unknown,1.2662803343949043,1.2662803343949043,1.0,0.0,MINIMAL,optimal,1,HS04006,PARK7,Protein_45_Lysine_45_Aminocarbinol_c + WATER_c <=> Protein_45_L_45_lysine_c + lac_DASH_DASH_DASH_D_c
RXN_45_17811,RXN-17811,Unknown,1.2662803343949043,1.2662803343949043,1.0,0.0,MINIMAL,optimal,1,HS13846,FTO,N6_45_Methyladenine_45_containing_45_mRNAs_c + OXYGEN_45_MOLECULE_c + akg_c <=> CARBON_45_DIOXIDE_c + FORMALDEHYDE_c + mRNA_45_Adenines_c + succ_c
TRANS_45_RXN66_45_1282,TRANS-RXN66-1282,Unknown,1.2662803343949043,1.2662803343949043,1.0,0.0,MINIMAL,optimal,3,HS01121;HS09259;HS01294,VDAC1;VDAC2;VDAC3,O_45_Acyl_45_L_45_Carnitines_m <=> O_45_Acyl_45_L_45_Carnitines_c
RXN_45_10039,RXN-10039,Unknown,1.2662803343949043,1.2662803343949043,1.0,0.0,MINIMAL,optimal,1,HS03243,SEPSECS,O_45_phospho_45_L_45_seryl_45_tRNASecs_c + SEPO3_c + WATER_c <=> Charged_45_SEC_45_tRNAs_c + 2.0 pi_c
DIAMACTRANS_45_RXN,DIAMACTRANS-RXN,Unknown,1.2662803343949043,1.2662803343949043,1.0,0.0,MINIMAL,optimal,2,HS06837;HS05339,SAT2;SAT1,Aliphatic_45_Alpha_45_Omega_45_Diamines_c + accoa_c <=> Aliphatic_45_N_45_Acetyl_45_Diamines_c + coa_c + h_c
RXN_45_20557,RXN-20557,Unknown,1.2662803343949043,1.2662803343949043,1.0,0.0,MINIMAL,optimal,7,HS00157;HS04929;HS02422;HS07938;HS08308;HS05338;HS17131,GDE1;GDE5;GDPD3;GDPD1;GDPD5;GDPD2;GDPD4,Glycero_45_3_45_Phospho_45_N_45_Acylethanolamine_c + WATER_c <=> N_45_Acylethanolamines_c + glyc3p_c + h_c
RXN66_45_613,RXN66-613,Unknown,1.2662803343949043,1.2662803343949043,1.0,0.0,MINIMAL,optimal,1,HS09992,FASN,Acetyl_45_TYPE_45_I_45_FAS_45_ACP_c + h_c + malcoa_c <=> Acetoacetyl_45_TYPE_45_I_45_FAS_45_ACP_c + CARBON_45_DIOXIDE_c + coa_c
ACYLPHOSPHATASE_45_RXN,ACYLPHOSPHATASE-RXN,Unknown,1.2662803343949043,1.2662803343949043,1.0,0.0,MINIMAL,optimal,2,HS04315;HS10161,ACYP1;ACYP2,Acyl_45_Phosphates_c + WATER_c <=> Carboxylates_c + h_c + pi_c
RXN_45_1381,RXN-1381,Unknown,1.2662803343949043,1.2662803343949043,1.0,0.0,MINIMAL,optimal,4,HS06534;HS08315;G66_32105;HS04350,AGPAT9;AGPAT6;GPAT2;GPAM,ACYL_45_COA_c + glyc3p_c <=> ACYL_45_SN_45_GLYCEROL_45_3P_c + coa_c
RXN_45_20512,RXN-20512,Unknown,1.2662803343949043,1.2662803343949043,1.0,0.0,MINIMAL,optimal,4,HS09762;HS10599;HS00306;HS13986,AGPAT1;LCLAT1;ABHD5;MBOAT2,ACYL_45_COA_c + CPD_45_22222_c <=> 1_45_Arachidonoyl_45_2_45_Acyl_45_Glycerol_45_P_c + coa_c
RXN_45_20565,RXN-20565,Unknown,1.2662803343949043,1.2662803343949043,1.0,0.0,MINIMAL,optimal,4,HS09762;HS10599;HS00306;HS13986,AGPAT1;LCLAT1;ABHD5;MBOAT2,1_45_PALMITOYLGLYCEROL_45_3_45_PHOSPHATE_c + ACYL_45_COA_c <=> 1_45_Palmitoyl_45_2_45_Acyl_45_Glycerol_45_P_c + coa_c
2_46_3_46_1_46_23_45_RXN,2.3.1.23-RXN,Unknown,1.2662803343949043,1.2662803343949043,1.0,0.0,MINIMAL,optimal,5,HS02357;HS12746;HS01567;HS07906;HS16664,TAZ;LPCAT3;LPCAT2;LPCAT1;LPCAT4,2_45_Lysophosphatidylcholines_c + ACYL_45_COA_c <=> PHOSPHATIDYLCHOLINE_c + coa_c
RXN_45_1623,RXN-1623,Unknown,1.2662803343949043,1.2662803343949043,1.0,0.0,MINIMAL,optimal,12,HS09762;HS13986;HS00306;HS09990;HS12746;HS08034;HS16664;HS16061;HS08470;HS04897,AGPAT1;MBOAT2;ABHD5;AGPAT2;LPCAT3;AGPAT5;LPCAT4;MBOAT1;AGPAT3;MBOAT7,ACYL_45_COA_c + ACYL_45_SN_45_GLYCEROL_45_3P_c <=> L_45_PHOSPHATIDATE_c + coa_c
RXN_45_17729,RXN-17729,Unknown,1.2662803343949043,1.2662803343949043,1.0,0.0,MINIMAL,optimal,4,HS09762;HS10599;HS00306;HS13986,AGPAT1;LCLAT1;ABHD5;MBOAT2,1_45_Alkyl_45_sn_45_glycerol_45_3_45_phosphates_c + ACYL_45_COA_c <=> 1_45_Alkyl_45_2_45_acyl_45_glycerol_45_3_45_phosphate_c + coa_c
ACYL_45_COA_45_HYDROLASE_45_RXN,ACYL-COA-HYDROLASE-RXN,Unknown,1.2662803343949043,1.2662803343949043,1.0,0.0,MINIMAL,optimal,4,HS07821;HS04631;G66_47266;HS01875,OLAH;ACOT9;ACOT6;ACOT7,ACYL_45_COA_c + WATER_c <=> Carboxylates_c + coa_c + h_c
RXN66_45_647,RXN66-647,Unknown,1.2662803343949043,1.2662803343949043,1.0,0.0,MINIMAL,optimal,1,HS09992,FASN,NADPH_c + Trans_45_23_45_Dehydroacyl_45_TYPE_45_I_45_FAS_45_ACPs_c + h_c <=> Acyl_45_TYPE_45_I_45_FAS_45_ACPs_c + nadp_c
RXN66_45_648,RXN66-648,Unknown,1.2662803343949043,1.2662803343949043,1.0,0.0,MINIMAL,optimal,1,HS09992,FASN,Acyl_45_TYPE_45_I_45_FAS_45_ACPs_c + h_c + malcoa_c <=> 3_45_Oxo_45_Acyl_45_TYPE_45_I_45_FAS_45_ACPs_c + CARBON_45_DIOXIDE_c + coa_c
RXN_45_10462,RXN-10462,Unknown,1.2662803343949043,1.2662803343949043,1.0,0.0,MINIMAL,optimal,5,HS06534;HS08315;G66_32105;HS04350;HS00112,AGPAT9;AGPAT6;GPAT2;GPAM;NDUFAB1,ACYL_45_ACP_c + glyc3p_c <=> ACP_c + ACYL_45_SN_45_GLYCEROL_45_3P_c
RXN_45_16067,RXN-16067,Unknown,1.2662803343949043,1.2662803343949043,1.0,0.0,MINIMAL,optimal,2,HS13986;HS00112,MBOAT2;NDUFAB1,ACYL_45_ACP_c + CPD0_45_2113_c <=> 1_45_Stearoyl_45_L_45_Phosphatidate_c + ACP_c
2_46_3_46_1_46_41_45_RXN,2.3.1.41-RXN,Unknown,1.2662803343949043,1.2662803343949043,1.0,0.0,MINIMAL,optimal,2,HS07707;HS00112,OXSM;NDUFAB1,ACYL_45_ACP_c + MALONYL_45_ACP_c + h_c <=> ACP_c + B_45_KETOACYL_45_ACP_c + CARBON_45_DIOXIDE_c
2_46_4_46_1_46_150_45_RXN,2.4.1.150-RXN,Unknown,1.2662803343949043,1.2662803343949043,1.0,0.0,MINIMAL,optimal,2,HS03475;HS06698,GCNT2;GCNT3,i_45_Antigens_c + uacgam_c <=> CPD_45_16494_c + h_c + udp_c
RXN_45_13992,RXN-13992,Unknown,1.2662803343949043,1.2662803343949043,1.0,0.0,MINIMAL,optimal,1,HS08523,ADAR,Adenine_45_In_45_Double_45_Stranded_45_RNAs_c + WATER_c + h_c <=> Hypoxanthine_45_In_45_Double_45_Stranded_45_RNAs_c + nh4_c
RXN_45_19346,RXN-19346,Unknown,1.2662803343949043,1.2662803343949043,1.0,0.0,MINIMAL,optimal,2,HS09289;HS14088,METTL3;METTL14,amet_c + mRNA_45_Adenines_c <=> ADENOSYL_45_HOMO_45_CYS_c + N6_45_Methyladenine_45_containing_45_mRNAs_c + h_c
RXN_45_11634,RXN-11634,Unknown,1.2662803343949043,1.2662803343949043,1.0,0.0,MINIMAL,optimal,3,HS00472;HS14978;HS01523,TFB1M;TFB2M;DIMT1L,18S_45_rRNA_45_adenine1779_45_adenine1780_c + 4.0 amet_c <=> 18S_45_rRNA_45_N6_45_dimethyladenine1779_45_1780_c + 4.0 ADENOSYL_45_HOMO_45_CYS_c + 4.0 h_c
RXN_45_12466,RXN-12466,Unknown,1.2662803343949043,1.2662803343949043,1.0,0.0,MINIMAL,optimal,3,HS12320;HS09345;HS10243,TRMT6;TRMT61A;TRMT61B,amet_c + tRNA_45_Adenine_45_58_c <=> ADENOSYL_45_HOMO_45_CYS_c + h_c + tRNA_45_Containing_45_N1_45_MethylAdenine_45_58_c
RXN_45_17913,RXN-17913,Unknown,1.2662803343949043,1.2662803343949043,1.0,0.0,MINIMAL,optimal,1,HS13658,APTX,A_45_5_45_prime_45_PP_45_5_45_prime_45_DNA_c + WATER_c <=> 5_45_Phospho_45_terminated_45_DNAs_c
RXN0_45_1081,RXN0-1081,Unknown,1.2662803343949043,1.2662803343949043,1.0,0.0,MINIMAL,optimal,1,HS00841,ADAT1,WATER_c + h_c + tRNA_45_Arg_45_adenosine34_c <=> nh4_c + tRNA_45_Arg_45_inosine34_c
RXN0_45_6274,RXN0-6274,Unknown,1.2662803343949043,1.2662803343949043,1.0,0.0,MINIMAL,optimal,1,HS00571,TRIT1,dmpp_c + tRNA_45_Adenosines_45_37_c <=> 6_45_Dimethylallyladenosine37_45_tRNAs_c + ppi_c
ADPSUGPPHOSPHAT_45_RXN,ADPSUGPPHOSPHAT-RXN,Unknown,1.2662803343949043,1.2662803343949043,1.0,0.0,MINIMAL,optimal,1,HS09255,NUDT5,ADP_45_SUGARS_c + WATER_c <=> Alpha_45_D_45_aldose_45_1_45_phosphates_c + amp_c + 2.0 h_c
ALCOHOL_45_DEHYDROGENASE_45_NADPORNOP_43__45_RXN,ALCOHOL-DEHYDROGENASE-NADPORNOP+-RXN,Unknown,1.2662803343949043,1.2662803343949043,1.0,0.0,MINIMAL,optimal,4,HS08983;HS11440;HS04133;HS06681,ADH1B;ZADH2;AKR1A1;PTGR2,Aldehydes_c + NADPH_c <=> Alcohols_c
ALCOHOL_45_SULFOTRANSFERASE_45_RXN,ALCOHOL-SULFOTRANSFERASE-RXN,Unknown,1.2662803343949043,1.2662803343949043,1.0,0.0,MINIMAL,optimal,3,HS03210;G66_33247;HS01587,SULT1E1;SULT1C3;SULT2B1,Alcohols_c + paps_c <=> Organo_45_Sulfates_c + h_c + pap_c
ALCOHOL_45_DEHYDROGENASE_45_NADP_43__45_RXN,ALCOHOL-DEHYDROGENASE-NADP+-RXN,Unknown,1.2662803343949043,1.2662803343949043,1.0,0.0,MINIMAL,optimal,1,HS04133,AKR1A1,Aldehydes_c + NADH_45_P_45_OR_45_NOP_c <=> Alcohols_c + NAD_45_P_45_OR_45_NOP_c
ALDHDEHYDROG_45_RXN,ALDHDEHYDROG-RXN,Unknown,1.2662803343949043,1.2662803343949043,1.0,0.0,MINIMAL,optimal,7,HS03395;HS00182;HS06992;HS06276;HS01061;HS03133;HS05686,ALDH2;ALDH3B1;ALDH9A1;ALDH1B1;ALDH3A2;ALDH3A1;ALDH3B2,Aldehydes_c + WATER_c + nad_c <=> Carboxylates_c + 2.0 h_c + nadh_c
ALDEHYDE_45_DEHYDROGENASE_45_NADP_43__45_RXN,ALDEHYDE-DEHYDROGENASE-NADP+-RXN,Unknown,1.2662803343949043,1.2662803343949043,1.0,0.0,MINIMAL,optimal,4,HS06276;HS00182;HS03133;HS05686,ALDH1B1;ALDH3B1;ALDH3A1;ALDH3B2,Aldehydes_c + WATER_c <=> Carboxylates_c + NADPH_c
ALDEHYDE_45_DEHYDROGENASE_45_NADORNOP_43__45_RXN,ALDEHYDE-DEHYDROGENASE-NADORNOP+-RXN,Unknown,1.2662803343949043,1.2662803343949043,1.0,0.0,MINIMAL,optimal,3,HS00182;HS03133;HS05686,ALDH3B1;ALDH3A1;ALDH3B2,Aldehydes_c + NAD_45_P_45_OR_45_NOP_c + WATER_c <=> Carboxylates_c + NADH_45_P_45_OR_45_NOP_c
ALDEHYDE_45_OXIDASE_45_RXN,ALDEHYDE-OXIDASE-RXN,Unknown,1.2662803343949043,1.2662803343949043,1.0,0.0,MINIMAL,optimal,2,HS06489;HS11927,AOX1;AOX2,Aldehydes_c + OXYGEN_45_MOLECULE_c + WATER_c <=> Carboxylates_c + HYDROGEN_45_PEROXIDE_c + h_c
RXN_45_16637,RXN-16637,Unknown,1.2662803343949043,1.2662803343949043,1.0,0.0,MINIMAL,optimal,3,HS11924;HS11887;HS06818,PTRH1;G_HS11887;PTRH2,Charged_45_CYS_45_tRNAs_c + WATER_c <=> CYS_45_tRNAs_c + CYS_c + h_c
AMINEOXID_45_RXN,AMINEOXID-RXN,Unknown,1.2662803343949043,1.2662803343949043,1.0,0.0,MINIMAL,optimal,3,HS16666;HS05537;HS05534,G_HS16666;AOC2;AOC3,Aliphatic_45_Amines_c + OXYGEN_45_MOLECULE_c + WATER_c <=> Aldehydes_c + HYDROGEN_45_PEROXIDE_c + nh4_c
3_46_2_46_2_46_21_45_RXN,3.2.2.21-RXN,Unknown,1.2662803343949043,1.2662803343949043,1.0,0.0,MINIMAL,optimal,1,HS02461,MPG,Alkylated_45_DNAs_c + WATER_c <=> Alkylated_45_Bases_c + DNA_45_containing_45_abasic_45_Sites_c
AMINE_45_N_45_METHYLTRANSFERASE_45_RXN,AMINE-N-METHYLTRANSFERASE-RXN,Unknown,1.2662803343949043,1.2662803343949043,1.0,0.0,MINIMAL,optimal,1,HS00305,INMT,All_45_Amines_c + amet_c <=> ADENOSYL_45_HOMO_45_CYS_c + A_45_METHYLATED_45_AMINE_c
RXN0_45_5052,RXN0-5052,Unknown,1.2662803343949043,1.2662803343949043,1.0,0.0,MINIMAL,optimal,3,HS07492;HS16295;HS17340,ONPEP;G_HS16295;G_HS17340,Aminopeptidase_45_Substrates_c + WATER_c <=> Amino_45_Acids_45_20_c + Peptides_45_holder_c + 2.0 h_c
3_46_4_46_23_46_15_45_RXN,3.4.23.15-RXN,Unknown,1.2662803343949043,1.2662803343949043,1.0,0.0,MINIMAL,optimal,1,HS07113,REN,Angiotensinogens_c + WATER_c <=> CPD_45_13004_c + Cleaved_45_Angiotensinogen_c
3_46_6_46_3_46_43_45_RXN,3.6.3.43-RXN,Unknown,1.2662803343949043,1.2662803343949043,1.0,0.0,MINIMAL,optimal,0,,,Antigen_45_Peptides_CCO_45_IN + WATER_CCO_45_IN + atp_CCO_45_IN <=> Antigen_45_Peptides_CCO_45_OUT + adp_CCO_45_OUT + h_CCO_45_OUT + pi_CCO_45_OUT
ARYLDIALKYLPHOSPHATASE_45_RXN,ARYLDIALKYLPHOSPHATASE-RXN,Unknown,1.2662803343949043,1.2662803343949043,1.0,0.0,MINIMAL,optimal,4,HS09313;HS00141;HS02819;HS02820,PTER;PON1;PON3;PON2,Aryl_45_Dialkyl_45_Phosphate_c + WATER_c <=> Dialkyl_45_phosphates_c + Phenols_c
ARYLSULFAT_45_RXN,ARYLSULFAT-RXN,Unknown,1.2662803343949043,1.2662803343949043,1.0,0.0,MINIMAL,optimal,9,HS00765;G66_46634;G66_46694;HS17567;HS06363;HS08210;HS00195;HS09053;HS06814,ARSF;ARSH;ARSI;ARSJ;SULF1;ARSE;ARSD;ARSK;ARSG,Aryl_45_sulfates_c + WATER_c <=> Phenols_c + h_c + so4_c
ARYLAMINE_45_N_45_ACETYLTRANSFERASE_45_RXN,ARYLAMINE-N-ACETYLTRANSFERASE-RXN,Unknown,1.2662803343949043,1.2662803343949043,1.0,0.0,MINIMAL,optimal,3,HS10301;HS05303;HS08090,NAT1;AANAT;NAT2,Aryl_45_Amines_c + accoa_c <=> N_45_acetylarylamines_c + coa_c
RXN_45_14971,RXN-14971,Unknown,1.2662803343949043,1.2662803343949043,1.0,0.0,MINIMAL,optimal,2,HS04095;HS15619,SDHB;PGL2,ETR_45_Quinones_c + succ_c <=> ETR_45_Quinols_c + fum_c
RXN_45_15745,RXN-15745,Unknown,1.2662803343949043,1.2662803343949043,1.0,0.0,MINIMAL,optimal,1,HS03841,GPD2,ETR_45_Quinones_c + glyc3p_c <=> ETR_45_Quinols_c + dhap_c
RXN0_45_5259,RXN0-5259,Unknown,1.2662803343949043,1.2662803343949043,1.0,0.0,MINIMAL,optimal,2,HS15490;HS03841,LDHD;GPD2,ETR_45_Quinones_c + 2.0 E_45__c + 2.0 h_c <=> ETR_45_Quinols_c
NQOR_45_RXN,NQOR-RXN,Unknown,1.2662803343949043,1.2662803343949043,1.0,0.0,MINIMAL,optimal,6,HS03836;HS04055;HS04802;G66_47564;HS07256;HS01604,TP53I3;CRYZ;NQO2;CRYZL1;CBR4;NQO1,ETR_45_Quinones_c + NADH_45_P_45_OR_45_NOP_CCO_45_IN <=> ETR_45_Quinols_c + NAD_45_P_45_OR_45_NOP_CCO_45_IN
DIHYDROOROTATE_45_DEHYDROGENASE_45_RXN,DIHYDROOROTATE-DEHYDROGENASE-RXN,Unknown,1.2662803343949043,1.2662803343949043,1.0,0.0,MINIMAL,optimal,1,HS02434,DHODH,ETR_45_Quinones_CCO_45_MIT_45_IMEM + dhor_DASH_DASH_DASH_S_CCO_45_MIT_45_IMEM <=> ETR_45_Quinols_CCO_45_MIT_45_IMEM + orot_CCO_45_MIT_45_IMEM
3_46_3_46_2_46_10_45_RXN,3.3.2.10-RXN,Unknown,1.2662803343949043,1.2662803343949043,1.0,0.0,MINIMAL,optimal,1,HS04452,EPHX2,WATER_c + epoxides_c <=> glycols_c
RXN_45_17863,RXN-17863,Unknown,1.2662803343949043,1.2662803343949043,1.0,0.0,MINIMAL,optimal,2,HS09025;HS02336,NAA15;NAA10,N_45_terminal_45_L_45_Serine_c + accoa_c <=> N_45_terminal_45_N_45_Ac_45_L_45_Serine_c + coa_c + h_c
2_46_7_46_11_46_10_45_RXN,2.7.11.10-RXN,Unknown,1.2662803343949043,1.2662803343949043,1.0,0.0,MINIMAL,optimal,3,G66_47582;HS02571;HS07060,CHUK;IKBKB;IKBKE,IkB_45_proteins_c + atp_c <=> Phosphorylated_45_IkB_45_proteins_c + adp_c
3_46_2_46_1_46_127_45_RXN,3.2.1.127-RXN,Unknown,1.2662803343949043,1.2662803343949043,1.0,0.0,MINIMAL,optimal,2,HS00070;HS11358,FUCA2;FUCA1,Immunoglobulin_45_G_45_Glycopeptides_c + WATER_c <=> CPD_45_10329_c + Immunoglobulin_45_G_45_Glycopeptides_45_fragments_c
RXN_45_11688,RXN-11688,Unknown,1.2662803343949043,1.2662803343949043,1.0,0.0,MINIMAL,optimal,2,HS06869;HS04290,IGFBP4;PAPPA,IGFBP4_c + WATER_c <=> 2.0 Peptides_45_holder_c
RXN_45_11692,RXN-11692,Unknown,1.2662803343949043,1.2662803343949043,1.0,0.0,MINIMAL,optimal,2,HS03892;HS04290,IGFBP5;PAPPA,IGFBP5_c + WATER_c <=> 2.0 Peptides_45_holder_c
3_46_4_46_24_46_56_45_RXN,3.4.24.56-RXN,Unknown,1.2662803343949043,1.2662803343949043,1.0,0.0,MINIMAL,optimal,1,HS04345,IDE,Insulysin_45_Substrates_c + WATER_c <=> 2.0 Peptides_45_holder_c + 2.0 h_c
RXN_45_11368,RXN-11368,Unknown,1.2662803343949043,1.2662803343949043,1.0,0.0,MINIMAL,optimal,1,HS10617,COQ2,4_45_hydroxybenzoate_c + Polyisoprenyl_45_Diphosphates_c <=> 4_45_Hydroxy_45_3_45_polyprenylbenzoates_c + ppi_c
2_46_1_46_1_46_17_45_RXN,2.1.1.17-RXN,Unknown,1.2662803343949043,1.2662803343949043,1.0,0.0,MINIMAL,optimal,1,HS05721,PEMT,L_45_1_45_PHOSPHATIDYL_45_ETHANOLAMINE_c + amet_c <=> ADENOSYL_45_HOMO_45_CYS_c + CPD_45_405_c + h_c
RXN0_45_6725,RXN0-6725,Unknown,1.2662803343949043,1.2662803343949043,1.0,0.0,MINIMAL,optimal,6,HS13847;HS10199;HS05099;HS05614;HS17140;HS17690,G_HS13847;PLA2G1B;PLA2G2A;OC90;G_HS17140;G_HS17690,L_45_1_45_PHOSPHATIDYL_45_ETHANOLAMINE_c + WATER_c <=> 2_45_LYSOPHOSPHATIDYLETHANOLAMINES_c + Fatty_45_Acids_c + h_c
RXN_45_1382,RXN-1382,Unknown,1.2662803343949043,1.2662803343949043,1.0,0.0,MINIMAL,optimal,1,HS10846,PTDSS2,L_45_1_45_PHOSPHATIDYL_45_ETHANOLAMINE_c + SER_c <=> L_45_1_45_PHOSPHATIDYL_45_SERINE_c + etha_c
RXN_45_17890,RXN-17890,Unknown,1.2662803343949043,1.2662803343949043,1.0,0.0,MINIMAL,optimal,4,HS11874;HS11873;HS03017;HS11893,TRR3;TRR1;ATE1;G_HS11893,Charged_45_ARG_45_tRNAs_c + N_45_terminal_45_L_45_cysteine_45_sulfinate_c <=> ARG_45_tRNAs_c + L_45_arginyl_45_3_45_sulfino_45_L_45_alaninyl_45_Peptides_c + h_c
RXN_45_17891,RXN-17891,Unknown,1.2662803343949043,1.2662803343949043,1.0,0.0,MINIMAL,optimal,4,HS11874;HS11873;HS03017;HS11893,TRR3;TRR1;ATE1;G_HS11893,Charged_45_ARG_45_tRNAs_c + N_45_terminal_45_L_45_cysteine_45_sulfonate_c <=> ARG_45_tRNAs_c + L_45_arginyl_45_3_45_sulfo_45_L_45_alaninyl_45_Peptides_c + h_c
RXN_45_17889,RXN-17889,Unknown,1.2662803343949043,1.2662803343949043,1.0,0.0,MINIMAL,optimal,4,HS11874;HS11873;HS03017;HS11893,TRR3;TRR1;ATE1;G_HS11893,Charged_45_ARG_45_tRNAs_c + Proteins_45_With_45_N_45_Terminal_45_Asp_c <=> ARG_45_tRNAs_c + L_45_arginyl_45_L_45_aspartyl_45_Peptides_c + h_c
RXN_45_17888,RXN-17888,Unknown,1.2662803343949043,1.2662803343949043,1.0,0.0,MINIMAL,optimal,4,HS11874;HS11873;HS03017;HS11893,TRR3;TRR1;ATE1;G_HS11893,Charged_45_ARG_45_tRNAs_c + L_45_Glutamyl_45_Peptides_c <=> ARG_45_tRNAs_c + L_45_arginyl_45_L_45_Glutamyl_45_Peptides_c + h_c
RXN_45_12460,RXN-12460,Unknown,1.2662803343949043,1.2662803343949043,1.0,0.0,MINIMAL,optimal,3,HS06818;HS11924;HS11886,PTRH2;PTRH1;G_HS11886,Charged_45_ASN_45_tRNAs_c + WATER_c <=> ASN_45_tRNAs_c + ASN_c + h_c
RXN_45_6763,RXN-6763,Unknown,1.2662803343949043,1.2662803343949043,1.0,0.0,MINIMAL,optimal,2,G_11453;HS06422,CCBL1;CCBL2,S_45_Substituted_45_L_45_Cysteines_c + WATER_c <=> Thiols_c + nh4_c + pyr_c
RXN_45_17856,RXN-17856,Unknown,1.2662803343949043,1.2662803343949043,1.0,0.0,MINIMAL,optimal,4,HS13557;HS04505;G66_33018;HS13809,NAA35;NAA50;NAA38;NAA30,L_45_methionyl_45_L_45_phenylalanyl_45_Protein_c + accoa_c <=> N_45_Ac_45_L_45_methionyl_45_L_45_phenylalanyl_45_Protein_c + coa_c + h_c
RXN_45_11371,RXN-11371,Unknown,1.2662803343949043,1.2662803343949043,1.0,0.0,MINIMAL,optimal,2,HS03183;HS13443,DPH1;DPH2,amet_c + eEF_45_2_45_Histidines_c <=> 2_45_3_45_CARBOXY_45_3_45_AMINOPROPYL_45_L_45_HISTIDINE_c + 5_45_METHYLTHIOADENOSINE_c + h_c
RXN_45_10038,RXN-10038,Unknown,1.2662803343949043,1.2662803343949043,1.0,0.0,MINIMAL,optimal,1,HS17405,PSTK,L_45_seryl_45_SEC_45_tRNAs_c + atp_c <=> O_45_phospho_45_L_45_seryl_45_tRNASecs_c + adp_c + h_c
3_46_4_46_24_46_59_45_RXN,3.4.24.59-RXN,Unknown,1.2662803343949043,1.2662803343949043,1.0,0.0,MINIMAL,optimal,1,HS00455,MIPEP,MPP_45_processed_45_mitochonrial_45_proteins_c + WATER_c <=> Octapeptides_c + Processed_45_Mitochondrial_45_Proteins_c
RXN0_45_5509,RXN0-5509,Unknown,1.2662803343949043,1.2662803343949043,1.0,0.0,MINIMAL,optimal,4,HS06069;HS09938;HS09945;HS09939,RNASEL;RNASE2;ANG;RNASE3,WATER_c + mRNAs_c <=> 2.0 mRNA_45_Fragments_c
RXN0_45_4701,RXN0-4701,Unknown,1.2662803343949043,1.2662803343949043,1.0,0.0,MINIMAL,optimal,4,HS06069;HS09938;HS09945;HS09939,RNASEL;RNASE2;ANG;RNASE3,WATER_c + mRNAs_c <=> ssRNA_45_with_45_3phosphate_c + ssRNA_45_with_45_5OH_c
RXN_45_13224,RXN-13224,Unknown,1.2662803343949043,1.2662803343949043,1.0,0.0,MINIMAL,optimal,1,HS07515,NTMT1,NN_45_dimethyl_45_terminal_45_XPK_c + amet_c <=> ADENOSYL_45_HOMO_45_CYS_c + NNN_45_trimethyl_45_terminal_45_XPK_c + h_c
RXN_45_12890,RXN-12890,Unknown,1.2662803343949043,1.2662803343949043,1.0,0.0,MINIMAL,optimal,1,HS07515,NTMT1,N_45_methyl_45_terminal_45_XPK_c + amet_c <=> ADENOSYL_45_HOMO_45_CYS_c + NN_45_dimethyl_45_terminal_45_XPK_c + h_c
RXN_45_13228,RXN-13228,Unknown,1.2662803343949043,1.2662803343949043,1.0,0.0,MINIMAL,optimal,1,HS07515,NTMT1,N_45_methyl_45_terminal_45_PPK_c + amet_c <=> ADENOSYL_45_HOMO_45_CYS_c + NN_45_dimethyl_45_terminal_45_PPK_c + h_c
RXN_45_17893,RXN-17893,Unknown,1.2662803343949043,1.2662803343949043,1.0,0.0,MINIMAL,optimal,1,HS08997,APEH,N_45_Ac_45_L_45_methionyl_45_L_45_glutaminyl_45_Protein_c + WATER_c <=> CPD0_45_2015_c + L_45_Glutaminyl_45_Peptides_c
RXN_45_17849,RXN-17849,Unknown,1.2662803343949043,1.2662803343949043,1.0,0.0,MINIMAL,optimal,1,HS14648,NTAN1,N_45_terminal_45_asparagine_c + WATER_c <=> Proteins_45_With_45_N_45_Terminal_45_Asp_c + nh4_c
RXN_45_17862,RXN-17862,Unknown,1.2662803343949043,1.2662803343949043,1.0,0.0,MINIMAL,optimal,2,HS09025;HS02336,NAA15;NAA10,N_45_terminal_45_glycine_c + accoa_c <=> N_45_terminal_45_N_45_Ac_45_glycine_c + coa_c + h_c
RXN_45_17860,RXN-17860,Unknown,1.2662803343949043,1.2662803343949043,1.0,0.0,MINIMAL,optimal,2,HS09025;HS02336,NAA15;NAA10,N_45_terminal_45_L_45_alanine_c + accoa_c <=> N_45_terminal_45_N_45_Ac_45_L_45_alanine_c + coa_c + h_c
RXN_45_17861,RXN-17861,Unknown,1.2662803343949043,1.2662803343949043,1.0,0.0,MINIMAL,optimal,2,HS09025;HS02336,NAA15;NAA10,N_45_terminal_45_L_45_cysteine_c + accoa_c <=> N_45_terminal_45_N_45_Ac_45_L_45_cysteine_c + coa_c + h_c
RXN_45_17879,RXN-17879,Unknown,1.2662803343949043,1.2662803343949043,1.0,0.0,MINIMAL,optimal,1,HS14634,NTAQ1,L_45_Glutaminyl_45_Peptides_c + WATER_c <=> L_45_Glutamyl_45_Peptides_c + nh4_c
RXN_45_17867,RXN-17867,Unknown,1.2662803343949043,1.2662803343949043,1.0,0.0,MINIMAL,optimal,1,HS04505,NAA50,L_45_methionyl_45_L_45_lysyl_45_Protein_c + accoa_c <=> N_45_Ac_45_L_45_methionyl_45_L_45_lysyl_45_Protein_c + coa_c + h_c
RXN_45_9651,RXN-9651,Unknown,1.2662803343949043,1.2662803343949043,1.0,0.0,MINIMAL,optimal,2,HS07707;HS00112,OXSM;NDUFAB1,Octanoyl_45_ACPs_c + h_c + malcoa_c <=> 3_45_oxo_45_decanoyl_45_ACPs_c + CARBON_45_DIOXIDE_c + coa_c
RXN_45_17864,RXN-17864,Unknown,1.2662803343949043,1.2662803343949043,1.0,0.0,MINIMAL,optimal,2,HS09025;HS02336,NAA15;NAA10,Protein_45_N_45_terminal_45_L_45_threonine_c + accoa_c <=> Protein_45_N_45_terminal_45_N_45_Ac_45_L_45_threonine_c + coa_c + h_c
RXN_45_17859,RXN-17859,Unknown,1.2662803343949043,1.2662803343949043,1.0,0.0,MINIMAL,optimal,2,HS09025;HS02336,NAA15;NAA10,N_45_terminal_45_L_45_valine_c + accoa_c <=> N_45_Ac_45_N_45_terminal_45_L_45_valine_c + coa_c + h_c
RXN_45_13225,RXN-13225,Unknown,1.2662803343949043,1.2662803343949043,1.0,0.0,MINIMAL,optimal,1,HS07515,NTMT1,N_45_terminal_45_XPK_c + 3.0 amet_c <=> 3.0 ADENOSYL_45_HOMO_45_CYS_c + NNN_45_trimethyl_45_terminal_45_XPK_c + 3.0 h_c
RXN_45_12889,RXN-12889,Unknown,1.2662803343949043,1.2662803343949043,1.0,0.0,MINIMAL,optimal,1,HS07515,NTMT1,N_45_terminal_45_XPK_c + amet_c <=> ADENOSYL_45_HOMO_45_CYS_c + N_45_methyl_45_terminal_45_XPK_c + h_c
RXN_45_17892,RXN-17892,Unknown,1.2662803343949043,1.2662803343949043,1.0,0.0,MINIMAL,optimal,1,HS08997,APEH,N_45_Ac_45_L_45_methionyl_45_L_45_asparaginyl_45_Protein_c + WATER_c <=> CPD0_45_2015_c + N_45_terminal_45_asparagine_c
RXN_45_17875,RXN-17875,Unknown,1.2662803343949043,1.2662803343949043,1.0,0.0,MINIMAL,optimal,3,HS06918;HS03371;HS08982,RNPEPL1;METAP2;METAP1,L_45_methionyl_45_glycyl_45_Protein_c + WATER_c <=> MET_c + N_45_terminal_45_glycine_c
RXN_45_17869,RXN-17869,Unknown,1.2662803343949043,1.2662803343949043,1.0,0.0,MINIMAL,optimal,1,HS04505,NAA50,L_45_methionyl_45_L_45_alanyl_45_Protein_c + accoa_c <=> N_45_Ac_45_L_45_methionyl_45_L_45_alanyl_45_Protein_c + coa_c + h_c
RXN_45_17873,RXN-17873,Unknown,1.2662803343949043,1.2662803343949043,1.0,0.0,MINIMAL,optimal,3,HS06918;HS03371;HS08982,RNPEPL1;METAP2;METAP1,L_45_methionyl_45_L_45_alanyl_45_Protein_c + WATER_c <=> MET_c + N_45_terminal_45_L_45_alanine_c
RXN_45_17850,RXN-17850,Unknown,1.2662803343949043,1.2662803343949043,1.0,0.0,MINIMAL,optimal,2,HS10662;HS12737,NAA20;NAA25,L_45_methionyl_45_L_45_asparaginyl_45_Protein_c + accoa_c <=> N_45_Ac_45_L_45_methionyl_45_L_45_asparaginyl_45_Protein_c + coa_c + h_c
RXN_45_17852,RXN-17852,Unknown,1.2662803343949043,1.2662803343949043,1.0,0.0,MINIMAL,optimal,2,HS10662;HS12737,NAA20;NAA25,L_45_methionyl_45_L_45_aspartyl_45_Protein_c + accoa_c <=> N_45_Ac_45_L_45_methionyl_45_L_45_aspartyl_45_Protein_c + coa_c + h_c
RXN_45_17874,RXN-17874,Unknown,1.2662803343949043,1.2662803343949043,1.0,0.0,MINIMAL,optimal,3,HS06918;HS03371;HS08982,RNPEPL1;METAP2;METAP1,L_45_methionyl_45_L_45_cysteinyl_45_Protein_c + WATER_c <=> MET_c + N_45_terminal_45_L_45_cysteine_c
RXN_45_17851,RXN-17851,Unknown,1.2662803343949043,1.2662803343949043,1.0,0.0,MINIMAL,optimal,2,HS10662;HS12737,NAA20;NAA25,L_45_methionyl_45_L_45_glutaminyl_45_Protein_c + accoa_c <=> N_45_Ac_45_L_45_methionyl_45_L_45_glutaminyl_45_Protein_c + coa_c + h_c
RXN_45_17853,RXN-17853,Unknown,1.2662803343949043,1.2662803343949043,1.0,0.0,MINIMAL,optimal,2,HS10662;HS12737,NAA20;NAA25,L_45_methionyl_45_L_45_glutamyl_45_Protein_c + accoa_c <=> N_45_Ac_45_L_45_methionyl_45_L_45_glutamyl_45_Protein_c + coa_c + h_c
RXN_45_17855,RXN-17855,Unknown,1.2662803343949043,1.2662803343949043,1.0,0.0,MINIMAL,optimal,3,HS13557;G66_33018;HS13809,NAA35;NAA38;NAA30,L_45_methionyl_45_L_45_isoleucyl_45_Protein_c + accoa_c <=> N_45_Ac_45_L_45_methionyl_45_L_45_isoleucyl_45_Protein_c + coa_c + h_c
RXN_45_17854,RXN-17854,Unknown,1.2662803343949043,1.2662803343949043,1.0,0.0,MINIMAL,optimal,4,HS13557;HS04505;G66_33018;HS13809,NAA35;NAA50;NAA38;NAA30,L_45_methionyl_45_L_45_leucyl_45_Protein_c + accoa_c <=> N_45_Ac_45_L_45_methionyl_45_L_45_leucyl_45_Protein_c + coa_c + h_c
RXN0_45_748,RXN0-748,Unknown,1.2662803343949043,1.2662803343949043,1.0,0.0,MINIMAL,optimal,2,HS00602;HS10398,RRM2B;RRM2,Reduced_45_NrdH_45_Proteins_c + gdp_c <=> Oxidized_45_NrdH_45_Proteins_c + WATER_c + dgdp_c
RXN_45_17870,RXN-17870,Unknown,1.2662803343949043,1.2662803343949043,1.0,0.0,MINIMAL,optimal,1,HS04505,NAA50,L_45_methionyl_45_L_45_seryl_45_Protein_c + accoa_c <=> N_45_Ac_45_L_45_methionyl_45_L_45_seryl_45_Protein_c + coa_c + h_c
RXN_45_17876,RXN-17876,Unknown,1.2662803343949043,1.2662803343949043,1.0,0.0,MINIMAL,optimal,3,HS06918;HS03371;HS08982,RNPEPL1;METAP2;METAP1,L_45_methionyl_45_L_45_seryl_45_Protein_c + WATER_c <=> MET_c + N_45_terminal_45_L_45_Serine_c
RXN_45_17871,RXN-17871,Unknown,1.2662803343949043,1.2662803343949043,1.0,0.0,MINIMAL,optimal,1,HS04505,NAA50,L_45_methionyl_45_L_45_threonyl_45_Protein_c + accoa_c <=> N_45_Ac_45_L_45_methionyl_45_L_45_threonyl_45_Protein_c + coa_c + h_c
RXN_45_17877,RXN-17877,Unknown,1.2662803343949043,1.2662803343949043,1.0,0.0,MINIMAL,optimal,3,HS06918;HS03371;HS08982,RNPEPL1;METAP2;METAP1,L_45_methionyl_45_L_45_threonyl_45_Protein_c + WATER_c <=> MET_c + Protein_45_N_45_terminal_45_L_45_threonine_c
RXN_45_17857,RXN-17857,Unknown,1.2662803343949043,1.2662803343949043,1.0,0.0,MINIMAL,optimal,3,HS13557;G66_33018;HS13809,NAA35;NAA38;NAA30,L_45_methionyl_45_L_45_tryptophanyl_45_Protein_c + accoa_c <=> N_45_Ac_45_L_45_methionyl_45_L_45_tryptophanyl_45_Protein_c + coa_c + h_c
RXN_45_17858,RXN-17858,Unknown,1.2662803343949043,1.2662803343949043,1.0,0.0,MINIMAL,optimal,4,HS13557;HS04505;G66_33018;HS13809,NAA35;NAA50;NAA38;NAA30,L_45_methionyl_45_L_45_tyrosinyl_45_Protein_c + accoa_c <=> N_45_Ac_45_L_45_methionyl_45_L_45_tyrosinyl_45_Protein_c + coa_c + h_c
RXN_45_17868,RXN-17868,Unknown,1.2662803343949043,1.2662803343949043,1.0,0.0,MINIMAL,optimal,1,HS04505,NAA50,L_45_methionyl_45_L_45_valyl_45_Protein_c + accoa_c <=> N_45_Ac_45_L_45_methionyl_45_L_45_valyl_45_Protein_c + coa_c + h_c
RXN_45_17878,RXN-17878,Unknown,1.2662803343949043,1.2662803343949043,1.0,0.0,MINIMAL,optimal,3,HS06918;HS03371;HS08982,RNPEPL1;METAP2;METAP1,L_45_methionyl_45_L_45_valyl_45_Protein_c + WATER_c <=> MET_c + N_45_terminal_45_L_45_valine_c
RXN_45_17865,RXN-17865,Unknown,1.2662803343949043,1.2662803343949043,1.0,0.0,MINIMAL,optimal,1,HS03320,NAA40,N_45_terminal_45_L_45_Serine_45_Histone_45_H2A_c + accoa_c <=> N_45_terminal_45_N_45_Ac_45_L_45_Serine_45_Histone_45_2A_c + coa_c + h_c
RXN_45_17866,RXN-17866,Unknown,1.2662803343949043,1.2662803343949043,1.0,0.0,MINIMAL,optimal,1,HS03320,NAA40,N_45_terminal_45_L_45_Serine_45_Histone_45_H4_c + accoa_c <=> N_45_terminal_45_N_45_Ac_45_L_45_Serine_45_Histone_45_4_c + coa_c + h_c
RXN_45_13226,RXN-13226,Unknown,1.2662803343949043,1.2662803343949043,1.0,0.0,MINIMAL,optimal,1,HS07515,NTMT1,N_45_terminal_45_PPK_c + 2.0 amet_c <=> 2.0 ADENOSYL_45_HOMO_45_CYS_c + NN_45_dimethyl_45_terminal_45_PPK_c + 2.0 h_c
RXN_45_13227,RXN-13227,Unknown,1.2662803343949043,1.2662803343949043,1.0,0.0,MINIMAL,optimal,1,HS07515,NTMT1,N_45_terminal_45_PPK_c + amet_c <=> ADENOSYL_45_HOMO_45_CYS_c + N_45_methyl_45_terminal_45_PPK_c + h_c
RXN66_45_625,RXN66-625,Unknown,1.2662803343949043,1.2662803343949043,1.0,0.0,MINIMAL,optimal,1,HS09992,FASN,2_45_Octenoyl_45_TYPE_45_I_45_FAS_45_ACPs_c + NADPH_c + h_c <=> Octanoyl_45_TYPE_45_I_45_FAS_45_ACPs_c + nadp_c
RXN66_45_626,RXN66-626,Unknown,1.2662803343949043,1.2662803343949043,1.0,0.0,MINIMAL,optimal,1,HS09992,FASN,Octanoyl_45_TYPE_45_I_45_FAS_45_ACPs_c + h_c + malcoa_c <=> 3_45_oxo_45_decanoyl_45_TYPE_45_I_45_FAS_45_ACPs_c + CARBON_45_DIOXIDE_c + coa_c
RXN_45_9526,RXN-9526,Unknown,1.2662803343949043,1.2662803343949043,1.0,0.0,MINIMAL,optimal,2,HS04010;HS00112,MECR;NDUFAB1,2_45_Octenoyl_45_ACPs_c + NADPH_c + h_c <=> Octanoyl_45_ACPs_c + nadp_c
ISOVALERYLCOA_45_DHLIPOAMIDE_45_RXN,ISOVALERYLCOA-DHLIPOAMIDE-RXN,Unknown,1.2662803343949043,1.2662803343949043,1.0,0.0,MINIMAL,optimal,1,HS06432,DBT,BCAA_45_dehydrogenase_45_DH_45_lipoyl_c + ivcoa_c <=> BCAA_45_dehydrogenase_45_3MB_45_DH_45_lipoyl_c + coa_c
RXN0_45_947,RXN0-947,Unknown,1.2662803343949043,1.2662803343949043,1.0,0.0,MINIMAL,optimal,3,G66_33937;HS07153;HS00112,LIPT2;LIPT1;NDUFAB1,Lipoyl_45_Protein_45_L_45_Lysine_CCI_45_MIT_45_LUM_45_AN + Octanoyl_45_ACPs_CCI_45_MIT_45_LUM_45_AN <=> ACP_CCI_45_MIT_45_LUM_45_AN + Octanoylated_45_domains_CCI_45_MIT_45_LUM_45_AN + h_CCI_45_MIT_45_LUM_45_AN
RXN_45_13037,RXN-13037,Unknown,1.2662803343949043,1.2662803343949043,1.0,0.0,MINIMAL,optimal,3,HS07153;G66_33937;HS00112,LIPT1;LIPT2;NDUFAB1,Gcv_45_H_CCI_45_MIT_45_LUM_45_AN + Octanoyl_45_ACPs_CCI_45_MIT_45_LUM_45_AN <=> ACP_CCI_45_MIT_45_LUM_45_AN + Octanoylated_45_Gcv_45_H_CCI_45_MIT_45_LUM_45_AN + h_CCI_45_MIT_45_LUM_45_AN
RXN66_45_477,RXN66-477,Unknown,1.2662803343949043,1.2662803343949043,1.0,0.0,MINIMAL,optimal,16,HS02532;HS11921;G66_31311;HS11936;HS00935;HS07766;HS01349;HS06695;HS11973;HS16174,ACSBG1;ACSM2A;ACSM4;FACL6;ACSL4;ACSL1;ACSL5;SLC27A2;ACSM5;ACSM6,Odd_45_Straight_45_Chain_45_234_45_Sat_45_FA_c + atp_c + coa_c <=> Odd_45_Saturated_45_Fatty_45_Acyl_45_CoA_c + amp_c + ppi_c
RXN66_45_476,RXN66-476,Unknown,1.2662803343949043,1.2662803343949043,1.0,0.0,MINIMAL,optimal,8,HS00182;HS03133;HS11927;HS03395;HS05686;HS06992;HS06276;HS01061,ALDH3B1;ALDH3A1;AOX2;ALDH2;ALDH3B2;ALDH9A1;ALDH1B1;ALDH3A2,Odd_45_Straight_45_Chain_45_234_45_Sat_45_FALD_c + WATER_c + nad_c <=> Odd_45_Straight_45_Chain_45_234_45_Sat_45_FA_c + 2.0 h_c + nadh_c
RXN_45_16077,RXN-16077,Unknown,1.2662803343949043,1.2662803343949043,1.0,0.0,MINIMAL,optimal,5,HS10599;HS00306;HS00112;HS16664;HS13986,LCLAT1;ABHD5;NDUFAB1;LPCAT4;MBOAT2,CPD0_45_2113_c + Oleoyl_45_ACPs_c <=> ACP_c + CPD_45_17319_c
3_46_1_46_2_46_14_45_RXN,3.1.2.14-RXN,Unknown,1.2662803343949043,1.2662803343949043,1.0,0.0,MINIMAL,optimal,2,HS07821;HS00112,OLAH;NDUFAB1,Oleoyl_45_ACPs_c + WATER_c <=> ACP_c + h_c + ocdcea_c
RXN_45_20868,RXN-20868,Unknown,1.2662803343949043,1.2662803343949043,1.0,0.0,MINIMAL,optimal,0,,,CPD_45_11926_CCO_45_IN + WATER_CCO_45_IN + atp_CCO_45_IN <=> CPD_45_11926_CCO_45_OUT + adp_CCO_45_OUT + pi_CCO_45_OUT
3_46_4_46_24_46_16_45_RXN,3.4.24.16-RXN,Unknown,1.2662803343949043,1.2662803343949043,1.0,0.0,MINIMAL,optimal,1,HS04642,NLN,OLIGOPEPTIDES_c + WATER_c <=> 2.0 Peptides_45_holder_c
RXN_45_20693,RXN-20693,Unknown,1.2662803343949043,1.2662803343949043,1.0,0.0,MINIMAL,optimal,1,HS04152,PRDX6,Alkyl_45_Hydro_45_Peroxides_c + 2.0 gthrd_c <=> Alcohols_c + WATER_c + gthox_c
RXN_45_12615,RXN-12615,Unknown,1.2662803343949043,1.2662803343949043,1.0,0.0,MINIMAL,optimal,1,HS08270,XDH,2.0 OXYGEN_45_MOLECULE_c + RH_45_Group_c + WATER_c <=> Alcohols_c + 2.0 h_c + 2.0 o2s_c
RXN0_45_2301,RXN0-2301,Unknown,1.2662803343949043,1.2662803343949043,1.0,0.0,MINIMAL,optimal,1,HS05233,IVD,ETF_45_Oxidized_c + h_c + ivcoa_c <=> 3mb2coa_c + ETF_45_Reduced_c
2_45_METHYLACYL_45_COA_45_DEHYDROGENASE_45_RXN,2-METHYLACYL-COA-DEHYDROGENASE-RXN,Unknown,1.2662803343949043,1.2662803343949043,1.0,0.0,MINIMAL,optimal,1,HS10828,ACADSB,2mbcoa_c + ETF_45_Oxidized_c + h_c <=> 2mb2coa_c + ETF_45_Reduced_c
RXN0_45_722,RXN0-722,Unknown,1.2662803343949043,1.2662803343949043,1.0,0.0,MINIMAL,optimal,2,HS00602;HS10398,RRM2B;RRM2,Reduced_45_NrdH_45_Proteins_c + udp_c <=> Oxidized_45_NrdH_45_Proteins_c + WATER_c + dudp_c
RIBONUCLEOSIDE_45_DIP_45_REDUCTII_45_RXN,RIBONUCLEOSIDE-DIP-REDUCTII-RXN,Unknown,1.2662803343949043,1.2662803343949043,1.0,0.0,MINIMAL,optimal,2,HS00602;HS10398,RRM2B;RRM2,Reduced_45_NrdH_45_Proteins_c + cdp_c <=> Oxidized_45_NrdH_45_Proteins_c + WATER_c + dcdp_c
RXN0_45_747,RXN0-747,Unknown,1.2662803343949043,1.2662803343949043,1.0,0.0,MINIMAL,optimal,2,HS00602;HS10398,RRM2B;RRM2,Reduced_45_NrdH_45_Proteins_c + adp_c <=> Oxidized_45_NrdH_45_Proteins_c + WATER_c + dadp_c
RXN_45_17512,RXN-17512,Unknown,1.2662803343949043,1.2662803343949043,1.0,0.0,MINIMAL,optimal,1,HS06032,MICAL1,F_45_actin_45_L_45_methionine_45_44_c + NADPH_c + OXYGEN_45_MOLECULE_c + h_c <=> F_45_actin_45_L_45_methionine_45_S_45_Oxide_45_44_c + WATER_c + nadp_c
CDPREDUCT_45_RXN,CDPREDUCT-RXN,Unknown,1.2662803343949043,1.2662803343949043,1.0,0.0,MINIMAL,optimal,3,HS00602;HS09541;HS10398,RRM2B;RRM1;RRM2,Red_45_Thioredoxin_c + cdp_c <=> Ox_45_Thioredoxin_c + WATER_c + dcdp_c
ADPREDUCT_45_RXN,ADPREDUCT-RXN,Unknown,1.2662803343949043,1.2662803343949043,1.0,0.0,MINIMAL,optimal,3,HS00602;HS09541;HS10398,RRM2B;RRM1;RRM2,Red_45_Thioredoxin_c + adp_c <=> Ox_45_Thioredoxin_c + WATER_c + dadp_c
GDPREDUCT_45_RXN,GDPREDUCT-RXN,Unknown,1.2662803343949043,1.2662803343949043,1.0,0.0,MINIMAL,optimal,3,HS00602;HS09541;HS10398,RRM2B;RRM1;RRM2,Red_45_Thioredoxin_c + gdp_c <=> Ox_45_Thioredoxin_c + WATER_c + dgdp_c
UDPREDUCT_45_RXN,UDPREDUCT-RXN,Unknown,1.2662803343949043,1.2662803343949043,1.0,0.0,MINIMAL,optimal,3,HS00602;HS09541;HS10398,RRM2B;RRM1;RRM2,Red_45_Thioredoxin_c + udp_c <=> Ox_45_Thioredoxin_c + WATER_c + dudp_c
NADH_45_DEHYDROGENASE_45_RXN,NADH-DEHYDROGENASE-RXN,Unknown,1.2662803343949043,1.2662803343949043,1.0,0.0,MINIMAL,optimal,27,HS11253;HS16080;HS16828;HS03332;HS16463;HS17771;HS16135;HS17072;HS17779;HS16554,NDUFV2;G_HS16080;G_HS16828;NDUFS8;G_HS16463;ND1;G_HS16135;G_HS17072;ND5;G_HS16554,Acceptor_c <=> Donor_45_H2_c
CHD_45_RXN,CHD-RXN,Unknown,1.2662803343949043,1.2662803343949043,1.0,0.0,MINIMAL,optimal,1,HS00375,CHDH,Acceptor_c + chol_c <=> BETAINE_ALDEHYDE_c + Donor_45_H2_c
2_45_MEBUCOA_45_FAD_45_RXN,2-MEBUCOA-FAD-RXN,Unknown,1.2662803343949043,1.2662803343949043,1.0,0.0,MINIMAL,optimal,1,HS10828,ACADSB,Acceptor_c <=> Donor_45_H2_c
RXN_45_20390,RXN-20390,Unknown,1.2662803343949043,1.2662803343949043,1.0,0.0,MINIMAL,optimal,8,HS00888;HS11973;HS09515;HS16174;HS00131;HS11921;G66_31311;HS09445,ACSM2B;ACSM5;SLC27A4;ACSM6;ACSM3;ACSM2A;ACSM4;ACSM1,UCL_45_Omega_45_Hydroxy_45_Fatty_45_Acids_c + atp_c + coa_c <=> Omega_45_hydroxylated_45_ULC_45_Fatty_45_Acyl_45_CoA_c + amp_c + ppi_c
RXN_45_20395,RXN-20395,Unknown,1.2662803343949043,1.2662803343949043,1.0,0.0,MINIMAL,optimal,1,HS07961,CERS3,Omega_45_hydroxylated_45_ULC_45_Fatty_45_Acyl_45_CoA_c + Sphingoids_c <=> Omega_45_OH_45_UCL_45_Ceramides_c + coa_c + h_c
RXN_45_20365,RXN-20365,Unknown,1.2662803343949043,1.2662803343949043,1.0,0.0,MINIMAL,optimal,1,HS07961,CERS3,Sphingoids_c + Ultra_45_Long_45_Chain_45_Acyl_45_CoAs_c <=> ULC_45_Cermaides_c + coa_c + h_c
TUBULIN_45_N_45_ACETYLTRANSFERASE_45_RXN,TUBULIN-N-ACETYLTRANSFERASE-RXN,Unknown,1.2662803343949043,1.2662803343949043,1.0,0.0,MINIMAL,optimal,1,HS13675,ATAT1,Tubulin_45_L_45_Lysine_c + accoa_c <=> Tubulin_45_acetyl_45_L_45_lysine_c + coa_c + h_c
RXN_45_16313,RXN-16313,Unknown,1.2662803343949043,1.2662803343949043,1.0,0.0,MINIMAL,optimal,1,HS10987,UBE2O,Protein_45_L_45_lysine_c + S_45_ubiquitinyl_45_E3_45_independent_45_E2_45_Cys_c <=> E3_45_independent_45_Ubiquitin_45_E2_45_L_45_cysteine_c + PROTEIN_45_N_45_UBIQUITYL_45_LYSINE_c + h_c
MBCOA_45_DHLIPOAMIDE_45_RXN,MBCOA-DHLIPOAMIDE-RXN,Unknown,1.2662803343949043,1.2662803343949043,1.0,0.0,MINIMAL,optimal,1,HS06432,DBT,2mbcoa_c + BCAA_45_dehydrogenase_45_DH_45_lipoyl_c <=> BCAA_45_dehydrogenase_45_2MB_45_DH_45_lipoyl_c + coa_c
RXN_45_7719,RXN-7719,Unknown,1.2662803343949043,1.2662803343949043,1.0,0.0,MINIMAL,optimal,1,HS01727,DLD,BCAA_45_dehydrogenase_45_DH_45_lipoyl_c + nad_c <=> BCAA_45_dehydrogenase_45_lipoyl_c + h_c + nadh_c
2_46_3_46_1_46_168_45_RXN,2.3.1.168-RXN,Unknown,1.2662803343949043,1.2662803343949043,1.0,0.0,MINIMAL,optimal,1,HS06432,DBT,BCAA_45_dehydrogenase_45_DH_45_lipoyl_c + ibcoa_c <=> BCAA_45_dehydrogenase_45_2MP_45_DH_45_lipoyl_c + coa_c
RXN66_45_344,RXN66-344,Unknown,1.2662803343949043,1.2662803343949043,1.0,0.0,MINIMAL,optimal,0,,,ANDROST4ENE_c + OXYGEN_45_MOLECULE_c + Red_45_NADPH_45_Hemoprotein_45_Reductases_c <=> CPD66_45_26_c + Ox_45_NADPH_45_Hemoprotein_45_Reductases_c + WATER_c
1_46_2_46_4_46_4_45_RXN,1.2.4.4-RXN,Unknown,1.2662803343949043,1.2662803343949043,1.0,0.0,MINIMAL,optimal,2,HS11695;HS11696,BCKDHA;BCKDHB,3mob_c + BCAA_45_dehydrogenase_45_lipoyl_c + h_c <=> BCAA_45_dehydrogenase_45_2MP_45_DH_45_lipoyl_c + CARBON_45_DIOXIDE_c
RXN_45_18741,RXN-18741,Unknown,1.2662803343949043,1.2662803343949043,1.0,0.0,MINIMAL,optimal,1,HS05432,UBE2M,NEDD8_45_conjugating_45_proteins_45_E2_45_L_45_cys_c + S_45_NEDD8_45_yl_45_NEDD8_45_E1_45_L_45_cysteine_c <=> NEDD8_45_Activating_45_Enzyme_45_E1_45_L_45_cys_c + S_45_NEDD8_45_yl_45_NEDD8_45_E2_45_L_45_cysteine_c
RXN_45_18742,RXN-18742,Unknown,1.2662803343949043,1.2662803343949043,1.0,0.0,MINIMAL,optimal,2,HS08411;HS07200,NAE1;UBA3,NEDD8_45_Activating_45_Enzyme_45_E1_45_L_45_cys_c + NEDD8_45_C_45_Terminal_45_Glycine_c + atp_c <=> S_45_NEDD8_45_yl_45_NEDD8_45_E1_45_L_45_cysteine_c + amp_c + ppi_c
RXN_45_16302,RXN-16302,Unknown,1.2662803343949043,1.2662803343949043,1.0,0.0,MINIMAL,optimal,1,HS10987,UBE2O,Protein_45_L_45_lysine_c + S_45_ubiquitinyl_45_UAP_45_E1_45_L_45_cysteine_c <=> PROTEIN_45_N_45_UBIQUITYL_45_LYSINE_c + Ubiquitin_45_activating_45_protein_45_E1_45_L_45_cys_c + h_c
RXN_45_15565,RXN-15565,Unknown,1.2662803343949043,1.2662803343949043,1.0,0.0,MINIMAL,optimal,1,HS11901,UBE2W,N_45_terminal_45_Amino_45_Acids_c + S_45_ubiquitinyl_45_UAP_45_E1_45_L_45_cysteine_c <=> N_45_terminal_45_ubiquitinyl_45_proteins_c + Ubiquitin_45_activating_45_protein_45_E1_45_L_45_cys_c
RXN_45_16314,RXN-16314,Unknown,1.2662803343949043,1.2662803343949043,1.0,0.0,MINIMAL,optimal,1,HS10987,UBE2O,E3_45_independent_45_Ubiquitin_45_E2_45_L_45_cysteine_c + S_45_ubiquitinyl_45_UAP_45_E1_45_L_45_cysteine_c <=> S_45_ubiquitinyl_45_E3_45_independent_45_E2_45_Cys_c + Ubiquitin_45_activating_45_protein_45_E1_45_L_45_cys_c
RXN_45_15556,RXN-15556,Unknown,1.2662803343949043,1.2662803343949043,1.0,0.0,MINIMAL,optimal,34,HS01066;HS08525;HS04736;HS11164;HS03065;HS03220;HS08445;HS01274;HS10072;HS02485,UBE2D1;UBE2Q1;UBE2V1;UBE2U;UBE2S;UBE2D3;UBE2J2;UBE2K;UBE2E1;UBE2I,S_45_ubiquitinyl_45_UAP_45_E1_45_L_45_cysteine_c + Ubiquitin_45_carrier_45_protein_45_E2_45_L_45_cysteine_c <=> S_45_ubiquitinyl_45_UCP_45_E2_45_L_45_cysteine_c + Ubiquitin_45_activating_45_protein_45_E1_45_L_45_cys_c
RXN_45_15563,RXN-15563,Unknown,1.2662803343949043,1.2662803343949043,1.0,0.0,MINIMAL,optimal,1,HS11901,UBE2W,N_45_terminal_45_specific_45_UCP_45_E2_45_L_45_cysteine_c + S_45_ubiquitinyl_45_UAP_45_E1_45_L_45_cysteine_c <=> S_45_ubi_45_N_45_term_45_specific_45_UCP_45_E2_45_L_45_cysteine_c + Ubiquitin_45_activating_45_protein_45_E1_45_L_45_cys_c
UBIQUITIN_45__45_PROTEIN_45_LIGASE_45_RXN,UBIQUITIN--PROTEIN-LIGASE-RXN,Unknown,1.2662803343949043,1.2662803343949043,1.0,0.0,MINIMAL,optimal,5,HS01393;HS00492;HS00051;HS07200;HS05465,UBA5;UBA6;UBA7;UBA3;UBA1,Ubiquitin_45_C_45_Terminal_45_Glycine_c + Ubiquitin_45_activating_45_protein_45_E1_45_L_45_cys_c + atp_c <=> S_45_ubiquitinyl_45_UAP_45_E1_45_L_45_cysteine_c + amp_c + ppi_c
RXN_45_18740,RXN-18740,Unknown,1.2662803343949043,1.2662803343949043,1.0,0.0,MINIMAL,optimal,3,HS12099;HS02070;HS00681,DCUN1D1;RBX1;CUL1,Cullin_45_L_45_Lysine_c + S_45_NEDD8_45_yl_45_NEDD8_45_E2_45_L_45_cysteine_c <=> Cullin_45_N_45_NEDD8_45_yl_45_L_45_Lysine_c + NEDD8_45_conjugating_45_proteins_45_E2_45_L_45_cys_c + h_c
RXN_45_15559,RXN-15559,Unknown,1.2662803343949043,1.2662803343949043,1.0,0.0,MINIMAL,optimal,3,HS00626;HS00973;G66_46288,NEDD4L;NEDD4;WWP2,HECT_45_Ubiquitin_45_carrier_45_protein_45_E3_45_L_45_cys_c + S_45_ubiquitinyl_45_UCP_45_E2_45_L_45_cysteine_c <=> S_45_ubiquitinyl_45_HECT_45_E3_45_UCP_45_L_45_cysteine_c + Ubiquitin_45_carrier_45_protein_45_E2_45_L_45_cysteine_c
RXN_45_15561,RXN-15561,Unknown,1.2662803343949043,1.2662803343949043,1.0,0.0,MINIMAL,optimal,21,HS04943;G66_46529;G66_46158;HS03245;HS07978;HS00681;G66_46402;HS00309;HS05078;G66_47541,UBOX5;RNF133;DZIP3;TRIM2;TRIM11;CUL1;TRIM33;RNF216;TRAF2;TRIM6,Protein_45_L_45_lysine_c + S_45_ubiquitinyl_45_UCP_45_E2_45_L_45_cysteine_c <=> PROTEIN_45_N_45_UBIQUITYL_45_LYSINE_c + Ubiquitin_45_carrier_45_protein_45_E2_45_L_45_cysteine_c + h_c
DEOXYHYPUSINE_45_MONOOXYGENASE_45_RXN,DEOXYHYPUSINE-MONOOXYGENASE-RXN,Unknown,1.2662803343949043,1.2662803343949043,1.0,0.0,MINIMAL,optimal,1,HS05318,DOHH,CPD_45_9973_c + Donor_45_H2_c + OXYGEN_45_MOLECULE_c <=> Acceptor_c + EIF5A_45_HYPUSINE_c + WATER_c
2_46_5_46_1_46_46_45_RXN,2.5.1.46-RXN,Unknown,1.2662803343949043,1.2662803343949043,1.0,0.0,MINIMAL,optimal,1,HS01810,DHPS,EIF5A_45_LYSINE_c + spmd_c <=> CPD_45_9973_c + h_c
RXN_45_13417,RXN-13417,Unknown,1.2662803343949043,1.2662803343949043,1.0,0.0,MINIMAL,optimal,1,HS01810,DHPS,N_45_4_45_aminobutylidene_45_eIF5A_45_lysine_c + h_c + nadh_c <=> CPD_45_9973_c + nad_c
BENZALDEHYDE_45_DEHYDROGENASE_45_NAD_43__45_RXN,BENZALDEHYDE-DEHYDROGENASE-NAD+-RXN,Unknown,1.2662803343949043,1.2662803343949043,1.0,0.0,MINIMAL,optimal,8,HS00182;HS03133;HS11927;HS03395;HS05686;HS06992;HS06276;HS01061,ALDH3B1;ALDH3A1;AOX2;ALDH2;ALDH3B2;ALDH9A1;ALDH1B1;ALDH3A2,BENZALDEHYDE_c + WATER_c <=> BENZOATE_c
RXN_45_17513,RXN-17513,Unknown,1.2662803343949043,1.2662803343949043,1.0,0.0,MINIMAL,optimal,1,HS06032,MICAL1,F_45_actin_45_L_45_methionine_45_47_c + NADPH_c + OXYGEN_45_MOLECULE_c + h_c <=> F_45_actin_45_L_45_methionine_45_S_45_Oxide_45_47_c + WATER_c + nadp_c
RXN_45_12621,RXN-12621,Unknown,1.2662803343949043,1.2662803343949043,1.0,0.0,MINIMAL,optimal,1,HS01304,NFS1,Adenylated_45_ThiS_45_Proteins_c + Donor_45_H2_c + L_45_Cysteine_45_Desulfurase_45_persulfide_c <=> Acceptor_c + Cysteine_45_Desulfurase_45_L_45_cysteine_c + Thiocarboxyadenylated_45_ThiS_45_Proteins_c + amp_c + 2.0 h_c
RXN_45_18705,RXN-18705,Unknown,1.2662803343949043,1.2662803343949043,1.0,0.0,MINIMAL,optimal,1,HS05177,MPST,L_45_Cysteine_45_Desulfurase_45_persulfide_c + TUM1_45_L_45_cysteine_c <=> Cysteine_45_Desulfurase_45_L_45_cysteine_c + TUM1_45_S_45_sulfanylcysteine_c
RXN_45_14382,RXN-14382,Unknown,1.2662803343949043,1.2662803343949043,1.0,0.0,MINIMAL,optimal,1,HS01304,NFS1,L_45_Cysteine_45_Desulfurase_45_persulfide_c + Sulfur_45_Carrier_45_Proteins_45_ThiI_c <=> Cysteine_45_Desulfurase_45_L_45_cysteine_c + Sulfurylated_45_ThiI_c
RXN0_45_308,RXN0-308,Unknown,1.2662803343949043,1.2662803343949043,1.0,0.0,MINIMAL,optimal,1,HS01304,NFS1,CYS_c + Cysteine_45_Desulfurase_45_L_45_cysteine_c <=> L_45_ALPHA_45_ALANINE_c + L_45_Cysteine_45_Desulfurase_45_persulfide_c
RXN_45_15564,RXN-15564,Unknown,1.2662803343949043,1.2662803343949043,1.0,0.0,MINIMAL,optimal,1,HS11901,UBE2W,N_45_terminal_45_Amino_45_Acids_c + S_45_ubi_45_N_45_term_45_specific_45_UCP_45_E2_45_L_45_cysteine_c <=> N_45_terminal_45_specific_45_UCP_45_E2_45_L_45_cysteine_c + N_45_terminal_45_ubiquitinyl_45_proteins_c
RXN_45_19934,RXN-19934,Unknown,1.2662803343949043,1.2662803343949043,1.0,0.0,MINIMAL,optimal,7,HS10663;HS09939;HS09938;HS11659;HS09945;HS05292;HS09286,RNASE8;RNASE3;RNASE2;RNASE4;ANG;RNASE1;RNASE7,RNA_45_Containing_45_Cytidine_c <=> 5Prime_45_OH_45_Terminated_45_RNAs_c + RNA_45_3_45_Cytidine_45_23_45_Cyclophosphate_c
RXN_45_19932,RXN-19932,Unknown,1.2662803343949043,1.2662803343949043,1.0,0.0,MINIMAL,optimal,7,HS10663;HS09939;HS09938;HS11659;HS09945;HS05292;HS09286,RNASE8;RNASE3;RNASE2;RNASE4;ANG;RNASE1;RNASE7,RNA_45_Containing_45_Cytidine_c + WATER_c <=> 5Prime_45_OH_45_Terminated_45_RNAs_c + RNA_45_3prime_45_Cytidine_45_3prime_45_P_c + h_c
RXN_45_19936,RXN-19936,Unknown,1.2662803343949043,1.2662803343949043,1.0,0.0,MINIMAL,optimal,7,HS10663;HS09939;HS09938;HS11659;HS09945;HS05292;HS09286,RNASE8;RNASE3;RNASE2;RNASE4;ANG;RNASE1;RNASE7,RNA_45_Containing_45_Uridine_c <=> 5Prime_45_OH_45_Terminated_45_RNAs_c + RNA_45_3_45_Uridine_45_23_45_Cyclophosphate_c
RXN_45_19933,RXN-19933,Unknown,1.2662803343949043,1.2662803343949043,1.0,0.0,MINIMAL,optimal,7,HS10663;HS09939;HS09938;HS11659;HS09945;HS05292;HS09286,RNASE8;RNASE3;RNASE2;RNASE4;ANG;RNASE1;RNASE7,RNA_45_Containing_45_Uridine_c + WATER_c <=> 5Prime_45_OH_45_Terminated_45_RNAs_c + RNA_45_3prime_45_Uridine_45_3prime_45_P_c + h_c
RXN_45_19935,RXN-19935,Unknown,1.2662803343949043,1.2662803343949043,1.0,0.0,MINIMAL,optimal,7,HS10663;HS09939;HS09938;HS11659;HS09945;HS05292;HS09286,RNASE8;RNASE3;RNASE2;RNASE4;ANG;RNASE1;RNASE7,RNA_45_3_45_Cytidine_45_23_45_Cyclophosphate_c + WATER_c <=> RNA_45_3prime_45_Cytidine_45_3prime_45_P_c + h_c
RNA_45_3_45_PHOSPHATE_45_CYCLASE_45_RXN,RNA-3-PHOSPHATE-CYCLASE-RXN,Unknown,1.2662803343949043,1.2662803343949043,1.0,0.0,MINIMAL,optimal,2,HS06433;HS04375,RTCA;RCL1,3_45_Prime_45_Phosphate_45_Terminated_45_RNAs_c + atp_c <=> Cyclic_45_Phosphate_45_Terminated_45_RNAs_c + amp_c + ppi_c
RXN_45_19937,RXN-19937,Unknown,1.2662803343949043,1.2662803343949043,1.0,0.0,MINIMAL,optimal,7,HS10663;HS09939;HS09938;HS11659;HS09945;HS05292;HS09286,RNASE8;RNASE3;RNASE2;RNASE4;ANG;RNASE1;RNASE7,RNA_45_3_45_Uridine_45_23_45_Cyclophosphate_c + WATER_c <=> RNA_45_3prime_45_Uridine_45_3prime_45_P_c + h_c
RXN_45_20575,RXN-20575,Unknown,1.2662803343949043,1.2662803343949043,1.0,0.0,MINIMAL,optimal,2,HS08621;HS11395,ALOX15;ALOX15B,CPD_45_7598_c + OXYGEN_45_MOLECULE_c <=> CPD_45_22255_c
RXN_45_20571,RXN-20571,Unknown,1.2662803343949043,1.2662803343949043,1.0,0.0,MINIMAL,optimal,1,HS00336,ALOX5,CPD_45_7598_c + OXYGEN_45_MOLECULE_c <=> CPD_45_22251_c
ENZRXN_45_201_45_RXN,ENZRXN-201-RXN,Unknown,1.2662803343949043,1.2662803343949043,1.0,0.0,MINIMAL,optimal,4,HS06681;HS11440;HS04133;HS08983,PTGR2;ZADH2;AKR1A1;ADH1B,BUTANOL_c + nadp_c <=> BUTANAL_c + NADPH_c + h_c
RXN_45_20216,RXN-20216,Unknown,1.2662803343949043,1.2662803343949043,1.0,0.0,MINIMAL,optimal,1,HS02732,SULT2A1,ANDROSTERONE_c + paps_c <=> CPD_45_21812_c + h_c + pap_c
1_46_1_46_1_46_209_45_RXN,1.1.1.209-RXN,Unknown,1.2662803343949043,1.2662803343949043,1.0,0.0,MINIMAL,optimal,3,HS07754;HS10739;HS03054,AKR1C2;AKR1C4;AKR1C3,ANDROSTERONE_c + NAD_45_P_45_OR_45_NOP_c <=> CPD_45_342_c + NADH_45_P_45_OR_45_NOP_c + h_c
RXN_45_19946,RXN-19946,Unknown,1.2662803343949043,1.2662803343949043,1.0,0.0,MINIMAL,optimal,2,HS05358;HS08412,ACE2;ACE,CPD_45_13004_c + WATER_c <=> CPD_45_12082_c + CPD_45_21539_c
X_45_METHYL_45_HIS_45_DIPEPTIDASE_45_RXN,X-METHYL-HIS-DIPEPTIDASE-RXN,Unknown,1.2662803343949043,1.2662803343949043,1.0,0.0,MINIMAL,optimal,1,HS07681,CNDP1,CPD_45_401_c + WATER_c <=> B_45_ALANINE_c + CPD_45_1823_c
RXN_45_12000,RXN-12000,Unknown,1.2662803343949043,1.2662803343949043,1.0,0.0,MINIMAL,optimal,4,HS06276;HS00182;HS03133;HS05686,ALDH1B1;ALDH3B1;ALDH3A1;ALDH3B2,CPD_45_12936_c + NAD_45_P_45_OR_45_NOP_c + WATER_c <=> CPD_45_12937_c + NADPH_c + h_c
RXN_45_16079,RXN-16079,Unknown,1.2662803343949043,1.2662803343949043,1.0,0.0,MINIMAL,optimal,1,HS09036,ELOVL7,ARACHIDONYL_45_COA_c + h_c + malcoa_c <=> CARBON_45_DIOXIDE_c + CPD_45_17324_c + coa_c
RXN_45_20513,RXN-20513,Unknown,1.2662803343949043,1.2662803343949043,1.0,0.0,MINIMAL,optimal,4,HS08315;HS06534;G66_32105;HS04350,AGPAT6;AGPAT9;GPAT2;GPAM,ARACHIDONYL_45_COA_c + glyc3p_c <=> CPD_45_22222_c + coa_c
RXN_45_20528,RXN-20528,Unknown,1.2662803343949043,1.2662803343949043,1.0,0.0,MINIMAL,optimal,4,HS09762;HS10599;HS00306;HS13986,AGPAT1;LCLAT1;ABHD5;MBOAT2,ACYL_45_SN_45_GLYCEROL_45_3P_c + ARACHIDONYL_45_COA_c <=> 1_45_Acyl_45_2_45_Arachidonoyl_45_Glycerol_45_P_c + coa_c
RXN_45_20232,RXN-20232,Unknown,1.2662803343949043,1.2662803343949043,1.0,0.0,MINIMAL,optimal,2,HS00706;HS09636,SOAT1;SOAT2,ARACHIDONYL_45_COA_c + CHOLESTEROL_c <=> CPD_45_21830_c + coa_c
RXN_45_982,RXN-982,Unknown,1.2662803343949043,1.2662803343949043,1.0,0.0,MINIMAL,optimal,2,HS04268;HS07564,GLRX;GSTO1,ARSENATE_c + Red_45_Glutaredoxins_c + gthrd_c + 2.0 h_c <=> CPD_45_763_c + Ox_45_Glutaredoxins_c + WATER_c
RXN_45_16156,RXN-16156,Unknown,1.2662803343949043,1.2662803343949043,1.0,0.0,MINIMAL,optimal,1,HS01909,TECR,CPD_45_17403_c + NADPH_c + h_c <=> CPD_45_15367_c + nadp_c
RXN_45_16157,RXN-16157,Unknown,1.2662803343949043,1.2662803343949043,1.0,0.0,MINIMAL,optimal,4,HS16664;HS07906;HS01567;HS12746,LPCAT4;LPCAT1;LPCAT2;LPCAT3,CPD_45_15367_c + Glycerolipids_c <=> CPD_45_17399_c + coa_c
RXN_45_11939,RXN-11939,Unknown,1.2662803343949043,1.2662803343949043,1.0,0.0,MINIMAL,optimal,1,HS05604,HSD17B7,CPD_45_12915_c + NADPH_c + h_c <=> CPD_45_4125_c + nadp_c
RXN_45_4209,RXN-4209,Unknown,1.2662803343949043,1.2662803343949043,1.0,0.0,MINIMAL,optimal,1,HS03271,SC5DL,CPD_45_4125_c + 2.0 FERROCYTOCHROME_45_B5_c + OXYGEN_45_MOLECULE_c + 2.0 h_c <=> CPD_45_4126_c + 2.0 FERRICYTOCHROME_45_B5_c + 2.0 WATER_c
RXN_45_14240,RXN-14240,Unknown,1.2662803343949043,1.2662803343949043,1.0,0.0,MINIMAL,optimal,1,HS09558,LPO,CPD_45_12724_c + HYDROGEN_45_PEROXIDE_c <=> CPD_45_15172_c + 2.0 WATER_c
RXN_45_9830,RXN-9830,Unknown,1.2662803343949043,1.2662803343949043,1.0,0.0,MINIMAL,optimal,1,HS00395,CYP24A1,CALCITRIOL_c + OXYGEN_45_MOLECULE_c + 2.0 Reduced_45_adrenal_45_ferredoxins_c + 2.0 h_c <=> CPD_45_10577_c + 2.0 Oxidized_45_adrenal_45_ferredoxins_c + WATER_c
BENZALDEHYDE_45_DEHYDROGENASE_45_NADP_43__45_RXN,BENZALDEHYDE-DEHYDROGENASE-NADP+-RXN,Unknown,1.2662803343949043,1.2662803343949043,1.0,0.0,MINIMAL,optimal,4,HS06276;HS00182;HS03133;HS05686,ALDH1B1;ALDH3B1;ALDH3A1;ALDH3B2,BENZALDEHYDE_c + WATER_c <=> BENZOATE_c + NADPH_c
RXN_45_12253,RXN-12253,Unknown,1.2662803343949043,1.2662803343949043,1.0,0.0,MINIMAL,optimal,4,HS10578;HS11616;HS10575;HS08398,CES2;CES1;CES8;CES7,BENZYL_45_ALCOHOL_c + CPD_45_13172_c + h_c <=> CPD_45_13175_c + WATER_c
RXN_45_18951,RXN-18951,Unknown,1.2662803343949043,1.2662803343949043,1.0,0.0,MINIMAL,optimal,5,HS03871;HS05239;HS06461;HS03646;HS05803,LOXL3;LOXL1;LOXL4;LOX;LOXL2,BENZYLAMINE_c + OXYGEN_45_MOLECULE_c + WATER_c <=> BENZALDEHYDE_c + HYDROGEN_45_PEROXIDE_c + nh4_c
BADH_45_RXN,BADH-RXN,Unknown,1.2662803343949043,1.2662803343949043,1.0,0.0,MINIMAL,optimal,1,HS09157,ALDH7A1,BETAINE_ALDEHYDE_m + WATER_m + nad_m <=> BETAINE_m + 2.0 h_m + nadh_m
RXN_45_8635,RXN-8635,Unknown,1.2662803343949043,1.2662803343949043,1.0,0.0,MINIMAL,optimal,1,HS09558,LPO,CPD_45_8653_c + HYDROGEN_45_PEROXIDE_c <=> CPD_45_8890_c + 2.0 WATER_c
3_46_4_46_24_46_71_45_RXN,3.4.24.71-RXN,Unknown,1.2662803343949043,1.2662803343949043,1.0,0.0,MINIMAL,optimal,2,HS07232;HS04115,ECE2;ECE1,WATER_c + big_45_endothelin_c <=> Peptides_45_holder_c + endothelin_45_1_c
RXN_45_18345,RXN-18345,Unknown,1.2662803343949043,1.2662803343949043,1.0,0.0,MINIMAL,optimal,1,HS01670,BLVRB,CPD_45_19713_c + NADH_45_P_45_OR_45_NOP_c + h_c <=> CPD_45_19722_c + NAD_45_P_45_OR_45_NOP_c
RXN_45_16474,RXN-16474,Unknown,1.2662803343949043,1.2662803343949043,1.0,0.0,MINIMAL,optimal,1,HS10012,BTD,CPD_45_17700_c + WATER_c <=> BIOTIN_c + lys_DASH_DASH_DASH_L_c
RXN0_45_7192,RXN0-7192,Unknown,1.2662803343949043,1.2662803343949043,1.0,0.0,MINIMAL,optimal,1,HS08386,HLCS,BIOTIN_c + atp_c + h_c <=> BIO_45_5_45_AMP_c + ppi_c
6_46_3_46_4_46_10_45_RXN,6.3.4.10-RXN,Unknown,1.2662803343949043,1.2662803343949043,1.0,0.0,MINIMAL,optimal,1,HS08386,HLCS,Apo_45_Propionyl_45_CoA_45_CO2_45_ligases_c + BIOTIN_c + atp_c <=> Propionyl_45_CoA_45_CO2_45_ligases_c + amp_c + ppi_c
BIOTINIDASE_45_RXN,BIOTINIDASE-RXN,Unknown,1.2662803343949043,1.2662803343949043,1.0,0.0,MINIMAL,optimal,1,HS10012,BTD,CPD_45_574_c + WATER_c <=> BIOTIN_c + nh4_c
RXN66_45_34,RXN66-34,Unknown,1.2662803343949043,1.2662803343949043,1.0,0.0,MINIMAL,optimal,0,,,CPLX66_45_190_CCO_45_PM_45_ANIMAL <=> CPLX66_45_195_CCO_45_PM_45_ANIMAL
TRANS_45_RXN66_45_567,TRANS-RXN66-567,Unknown,1.2662803343949043,1.2662803343949043,1.0,0.0,MINIMAL,optimal,1,HS01612,SLC4A11,BORATE_e + 2.0 NA_43__e <=> BORATE_c + 2.0 NA_43__c
RXN66_45_181,RXN66-181,Unknown,1.2662803343949043,1.2662803343949043,1.0,0.0,MINIMAL,optimal,6,HS11946;HS10343;HS05414;HS09588;HS08023;HS09587,CYP4X1;CYP2A6;CYP2E1;CYP2S1;CYP2U1;CYP2B6,CPD_45_3481_c + OXYGEN_45_MOLECULE_c + Red_45_NADPH_45_Hemoprotein_45_Reductases_c <=> CPD_45_3483_c + Ox_45_NADPH_45_Hemoprotein_45_Reductases_c + WATER_c
RXN_45_161,RXN-161,Unknown,1.2662803343949043,1.2662803343949043,1.0,0.0,MINIMAL,optimal,6,HS11440;HS10598;HS06569;HS10600;HS08983;HS06681,ZADH2;ADH7;ADH4;ADH6;ADH1B;PTGR2,BUTANOL_c + nad_c <=> BUTANAL_c + h_c + nadh_c
3_46_2_46_1_46_14_45_RXN,3.2.1.14-RXN,Unknown,1.2662803343949043,1.2662803343949043,1.0,0.0,MINIMAL,optimal,3,HS05835;HS05727;HS11219,CHIA;CHIT1;CHID1,CHITIN_c + WATER_c <=> 2.0 Chitodextrins_c
RXN_45_19193,RXN-19193,Unknown,1.2662803343949043,1.2662803343949043,1.0,0.0,MINIMAL,optimal,16,HS02532;HS11921;G66_31311;HS11936;HS00935;HS07766;HS01349;HS06695;HS11973;HS16174,ACSBG1;ACSM2A;ACSM4;FACL6;ACSL4;ACSL1;ACSL5;SLC27A2;ACSM5;ACSM6,BUTYRIC_ACID_c + atp_c + coa_c <=> BUTYRYL_45_COA_c + amp_c + ppi_c
2_46_8_46_3_46_9_45_RXN,2.8.3.9-RXN,Unknown,1.2662803343949043,1.2662803343949043,1.0,0.0,MINIMAL,optimal,6,HS05242;HS01812;HS11663;HS04554;HS12794;G66_47146,COPB1;ARCN1;COPG;COPA;GOLPH3;COPB2,BUTYRYL_45_COA_c + acac_c <=> BUTYRIC_ACID_c + aacoa_c
RXN_45_20228,RXN-20228,Unknown,1.2662803343949043,1.2662803343949043,1.0,0.0,MINIMAL,optimal,2,HS00706;HS09636,SOAT1;SOAT2,BUTYRYL_45_COA_c + CHOLESTEROL_c <=> CPD_45_21825_c + coa_c
BUTYRYL_45_COA_45_DEHYDROGENASE_45_RXN,BUTYRYL-COA-DEHYDROGENASE-RXN,Unknown,1.2662803343949043,1.2662803343949043,1.0,0.0,MINIMAL,optimal,2,HS03876;HS04619,ACADL;ACADS,BUTYRYL_45_COA_m + ETF_45_Oxidized_m + h_m <=> CROTONYL_45_COA_m + ETF_45_Reduced_m
RXN_45_19361,RXN-19361,Unknown,1.2662803343949043,1.2662803343949043,1.0,0.0,MINIMAL,optimal,9,G66_47652;G66_47591;HS03557;HS09519;HS17724;HS03272;G66_47559;HS16233;HS11970,UGT1A1;UGT1A6;B3GAT2;UGT1A5;G_HS17724;B3GAT1;UGT1A3;G_HS16233;UGT1A4,BILIRUBIN_45_GLUCURONOSIDE_c + udpglcur_c <=> BILIRUBIN_45_BISGLUCURONOSIDE_c + udp_c
RXN_45_19360,RXN-19360,Unknown,1.2662803343949043,1.2662803343949043,1.0,0.0,MINIMAL,optimal,9,G66_47652;G66_47591;HS03557;HS09519;HS17724;HS03272;G66_47559;HS16233;HS11970,UGT1A1;UGT1A6;B3GAT2;UGT1A5;G_HS17724;B3GAT1;UGT1A3;G_HS16233;UGT1A4,CPD_45_20932_c + udpglcur_c <=> BILIRUBIN_45_BISGLUCURONOSIDE_c + udp_c
TRANS_45_RXN66_45_982,TRANS-RXN66-982,Unknown,1.2662803343949043,1.2662803343949043,1.0,0.0,MINIMAL,optimal,1,HS01145,SLC24A1,CA_43_2_c + K_43__c + 4.0 NA_43__e <=> CA_43_2_e + K_43__e + 4.0 NA_43__c
TRANS_45_RXN66_45_1100,TRANS-RXN66-1100,Unknown,1.2662803343949043,1.2662803343949043,1.0,0.0,MINIMAL,optimal,7,HS13815;G66_30813;HS02135;HS04194;G66_32021;G66_31047;HS08076,SLC24A4;SLC24A3;SLC8A3;SLC8A2;SLC24A5;SLC8A1;SLC24A2,CA_43_2_c + NA_43__e <=> CA_43_2_e + NA_43__c
TRANS_45_RXN66_45_559,TRANS-RXN66-559,Unknown,1.2662803343949043,1.2662803343949043,1.0,0.0,MINIMAL,optimal,41,HS15967;HS05388;HS03175;HS07526;HS03350;G66_32411;HS02331;HS17464;HS01619;G66_32618,TMEM37;CACNG6;CACNG1;CACNA1B;ACCN2;ORAI1;CACNA1F;G_HS17464;TPCN1;CACNA1E,CA_43_2_e <=> CA_43_2_c
RXN_45_6981,RXN-6981,Unknown,1.2662803343949043,1.2662803343949043,1.0,0.0,MINIMAL,optimal,1,HS07564,GSTO1,DIMETHYLARSINATE_c + Donor_45_H2_c <=> Acceptor_c + DIMETHYLARSINOUS_45_ACID_c + WATER_c
RXN_45_11784,RXN-11784,Unknown,1.2662803343949043,1.2662803343949043,1.0,0.0,MINIMAL,optimal,6,HS05537;HS03871;HS05239;HS06461;HS03646;HS05803,AOC2;LOXL3;LOXL1;LOXL4;LOX;LOXL2,CADAVERINE_c + OXYGEN_45_MOLECULE_c + WATER_c <=> CPD_45_12763_c + HYDROGEN_45_PEROXIDE_c + nh4_c
RXN_45_20735,RXN-20735,Unknown,1.2662803343949043,1.2662803343949043,1.0,0.0,MINIMAL,optimal,4,HS09313;HS00141;HS02819;HS02820,PTER;PON1;PON3;PON2,CPD_45_22346_c + WATER_c <=> CPD_45_22352_c + ETOH_c + h_c
RXN66_45_598,RXN66-598,Unknown,1.2662803343949043,1.2662803343949043,1.0,0.0,MINIMAL,optimal,3,HS05414;HS10343;HS06728,CYP2E1;CYP2A6;CYP1A2,1_45_3_45_7_45_TRIMETHYLXANTHINE_c + OXYGEN_45_MOLECULE_c + Red_45_NADPH_45_Hemoprotein_45_Reductases_c <=> 1_45_7_45_DIMETHYLXANTHINE_c + FORMALDEHYDE_c + Ox_45_NADPH_45_Hemoprotein_45_Reductases_c + WATER_c
CALCIDIOL_45_1_45_MONOOXYGENASE_45_RXN,CALCIDIOL-1-MONOOXYGENASE-RXN,Unknown,1.2662803343949043,1.2662803343949043,1.0,0.0,MINIMAL,optimal,1,HS03361,CYP27B1,CALCIDIOL_c + OXYGEN_45_MOLECULE_c + 2.0 Reduced_45_adrenal_45_ferredoxins_c + 2.0 h_c <=> CALCITRIOL_c + 2.0 Oxidized_45_adrenal_45_ferredoxins_c + WATER_c
RXN_45_12069,RXN-12069,Unknown,1.2662803343949043,1.2662803343949043,1.0,0.0,MINIMAL,optimal,1,HS00395,CYP24A1,CALCIDIOL_c + OXYGEN_45_MOLECULE_c + 2.0 Reduced_45_adrenal_45_ferredoxins_c + 2.0 h_c <=> CPD_45_13032_c + 2.0 Oxidized_45_adrenal_45_ferredoxins_c + WATER_c
BAIAEUBSP_45_RXN,BAIAEUBSP-RXN,Unknown,1.2662803343949043,1.2662803343949043,1.0,0.0,MINIMAL,optimal,2,HS07754;HS01113,AKR1C2;DHRS9,CPD_45_202_c + nad_c <=> 3_45_OXO_45_CHOLYL_45_COA_c + h_c + nadh_c
RXN_45_15378,RXN-15378,Unknown,1.2662803343949043,1.2662803343949043,1.0,0.0,MINIMAL,optimal,3,HS04095;HS15619;HS03841,SDHB;PGL2;GPD2,CPD_45_9612_c + succ_c <=> CPD_45_15301_c + fum_c
RXN_45_14451,RXN-14451,Unknown,1.2662803343949043,1.2662803343949043,1.0,0.0,MINIMAL,optimal,2,HS15490;HS03841,LDHD;GPD2,CPD_45_9612_c + 2.0 E_45__c + 2.0 h_c <=> CPD_45_15301_c
RXN_45_22,RXN-22,Unknown,1.2662803343949043,1.2662803343949043,1.0,0.0,MINIMAL,optimal,1,HS10034,ASL,CANAVANINOSUCCINATE_c <=> CANAVANINE_c + fum_c
CARBODEHYDRAT_45_RXN,CARBODEHYDRAT-RXN,Unknown,1.2662803343949043,1.2662803343949043,1.0,0.0,MINIMAL,optimal,16,HS09910;HS09814;HS11294;HS09559;HS09151;HS00778;HS02558;HS05785;HS04211;HS02974,CA5B;CA7;CA8;CA4;CA3;CA11;CA2;CA1;CA14;CA9,hco3_m <=> CARBON_45_DIOXIDE_m + WATER_m
3_46_4_46_13_46_20_45_RXN,3.4.13.20-RXN,Unknown,1.2662803343949043,1.2662803343949043,1.0,0.0,MINIMAL,optimal,1,HS07681,CNDP1,CARNOSINE_c + WATER_c <=> B_45_ALANINE_c + HIS_c
RXN18C3_45_60,RXN18C3-60,Unknown,1.2662803343949043,1.2662803343949043,1.0,0.0,MINIMAL,optimal,3,G66_31611;HS01791;HS09260,LRTOMT;COMT;COMTD1,CATECHOL_c + amet_c <=> ADENOSYL_45_HOMO_45_CYS_c + CPD_45_400_c + h_c
RXN_45_19400,RXN-19400,Unknown,1.2662803343949043,1.2662803343949043,1.0,0.0,MINIMAL,optimal,1,HS02944,FKTN,CPD_45_1111_c + bGalNAc_45_13_45_bGlucNAc_45_14_45_Man6P_45_R_c <=> Rbo5P_45_bGalNAc_45_13_45_bGlucNAc_45_14_45_Man6P_45_R_c + cmp_c + h_c
RXN_45_19401,RXN-19401,Unknown,1.2662803343949043,1.2662803343949043,1.0,0.0,MINIMAL,optimal,1,HS17614,FKRP,CPD_45_1111_c + Rbo5P_45_bGalNAc_45_13_45_bGlucNAc_45_14_45_Man6P_45_R_c <=> Rbo5P_45_Rbo5P_45_GalNAc_45_GlucNAc_45_Man6P_45_R_c + cmp_c + h_c
TRANS_45_RXN_45_366,TRANS-RXN-366,Unknown,1.2662803343949043,1.2662803343949043,1.0,0.0,MINIMAL,optimal,0,,,CPD_45_19953_CCO_45_IN + WATER_CCO_45_IN + atp_CCO_45_IN <=> CPD_45_19953_CCO_45_OUT + adp_CCO_45_OUT + h_CCO_45_OUT + pi_CCO_45_OUT
RXN_45_13309,RXN-13309,Unknown,1.2662803343949043,1.2662803343949043,1.0,0.0,MINIMAL,optimal,1,HS01909,TECR,CPD_45_14283_c + NADPH_c + h_c <=> CPD1G_45_277_c + nadp_c
RXN1G_45_4355,RXN1G-4355,Unknown,1.2662803343949043,1.2662803343949043,1.0,0.0,MINIMAL,optimal,1,HS03736,PCCB,CPD1G_45_277_c + H2CO3_c + atp_c <=> CPD1G_45_332_c + adp_c + h_c + pi_c
RXN_45_20332,RXN-20332,Unknown,1.2662803343949043,1.2662803343949043,1.0,0.0,MINIMAL,optimal,5,HS04216;HS10142;HS09036;HS00873;HS04346,ELOVL4;ELOVL6;ELOVL7;ELOVL1;ELOVL3,CPD1G_45_277_c + h_c + malcoa_c <=> CARBON_45_DIOXIDE_c + CPD_45_22005_c + coa_c
RXN_45_20372,RXN-20372,Unknown,1.2662803343949043,1.2662803343949043,1.0,0.0,MINIMAL,optimal,2,HS07050;G66_37868,CERS2;CERS1,CPD1G_45_277_c + sphgn_c <=> CPD_45_16353_c + coa_c + h_c
RXN_45_18316,RXN-18316,Unknown,1.2662803343949043,1.2662803343949043,1.0,0.0,MINIMAL,optimal,1,HS10812,UGT8,CPD_45_15189_c + udpgal_c <=> CPD_45_19690_c + udp_c
RXN_45_9850,RXN-9850,Unknown,1.2662803343949043,1.2662803343949043,1.0,0.0,MINIMAL,optimal,2,HS03991;HS09539,SCP2;ACAA2,CPD_45_10591_c + coa_c <=> CPD_45_10556_c + ppcoa_c
RXN_45_18296,RXN-18296,Unknown,1.2662803343949043,1.2662803343949043,1.0,0.0,MINIMAL,optimal,1,HS04994,ST3GAL3,CMP_45_N_45_ACETYL_45_NEURAMINATE_c + Ganglioside_45_GT1c_c <=> Ganglioside_45_GQ1c_c + cmp_c + h_c
RXN_45_7679,RXN-7679,Unknown,1.2662803343949043,1.2662803343949043,1.0,0.0,MINIMAL,optimal,1,HS07993,CXADR,CPD_45_7016_c + 2.0 Reduced_45_ferredoxins_c + 2.0 h_c <=> CHLOROPHYLL_45_A_c + 2.0 Oxidized_45_ferredoxins_c + WATER_c
RXN_45_20725,RXN-20725,Unknown,1.2662803343949043,1.2662803343949043,1.0,0.0,MINIMAL,optimal,4,HS09313;HS00141;HS02819;HS02820,PTER;PON1;PON3;PON2,CPD_45_8963_c + WATER_c <=> CPD_45_16801_c + DIETHYLTHIOPHOSPHATE_c + h_c
RXN_45_18317,RXN-18317,Unknown,1.2662803343949043,1.2662803343949043,1.0,0.0,MINIMAL,optimal,1,HS10812,UGT8,CHOLATE_c + udpgal_c <=> CPD_45_19691_c + udp_c
CHOLATE_45__45_COA_45_LIGASE_45_RXN,CHOLATE--COA-LIGASE-RXN,Unknown,1.2662803343949043,1.2662803343949043,1.0,0.0,MINIMAL,optimal,5,HS06695;HS13326;HS07077;HS03679;HS01451,SLC27A2;SLC27A1;SLC27A3;SLC27A6;SLC27A5,CHOLATE_c + atp_c + coa_c <=> CPD_45_202_c + amp_c + ppi_c
RXN_45_11471,RXN-11471,Unknown,1.2662803343949043,1.2662803343949043,1.0,0.0,MINIMAL,optimal,2,HS07754;HS01113,AKR1C2;DHRS9,CHOLATE_c + nad_c <=> CPD_45_12452_c + h_c + nadh_c
RXN66_45_323,RXN66-323,Unknown,1.2662803343949043,1.2662803343949043,1.0,0.0,MINIMAL,optimal,1,HS10588,DHCR7,CPD_45_4187_c + NADPH_c + h_c <=> CHOLESTEROL_c + nadp_c
RXN66_45_28,RXN66-28,Unknown,1.2662803343949043,1.2662803343949043,1.0,0.0,MINIMAL,optimal,1,HS03985,DHCR24,DESMOSTEROL_45_CPD_c + NADPH_c + h_c <=> CHOLESTEROL_c + nadp_c
RXN66_45_602,RXN66-602,Unknown,1.2662803343949043,1.2662803343949043,1.0,0.0,MINIMAL,optimal,1,HS01587,SULT2B1,CHOLESTEROL_c + paps_c <=> CPD_45_21802_c + h_c + pap_c
RXN_45_20229,RXN-20229,Unknown,1.2662803343949043,1.2662803343949043,1.0,0.0,MINIMAL,optimal,2,HS00706;HS09636,SOAT1;SOAT2,CHOLESTEROL_c <=> CPD_45_21816_c + coa_c
RXN_45_20231,RXN-20231,Unknown,1.2662803343949043,1.2662803343949043,1.0,0.0,MINIMAL,optimal,2,HS00706;HS09636,SOAT1;SOAT2,CHOLESTEROL_c + pmtcoa_c <=> CPD_45_21814_c + coa_c
RXN_45_20219,RXN-20219,Unknown,1.2662803343949043,1.2662803343949043,1.0,0.0,MINIMAL,optimal,2,HS00706;HS09636,SOAT1;SOAT2,CHOLESTEROL_c + ppcoa_c <=> CPD_45_21821_c + coa_c
1_46_14_46_99_46_38_45_RXN,1.14.99.38-RXN,Unknown,1.2662803343949043,1.2662803343949043,1.0,0.0,MINIMAL,optimal,1,HS06462,CH25H,CHOLESTEROL_c + Donor_45_H2_c + OXYGEN_45_MOLECULE_c <=> Acceptor_c + CPD_45_7285_c + WATER_c
1_46_14_46_13_46_98_45_RXN,1.14.13.98-RXN,Unknown,1.2662803343949043,1.2662803343949043,1.0,0.0,MINIMAL,optimal,1,HS00517,CYP46A1,CHOLESTEROL_c + OXYGEN_45_MOLECULE_c + Red_45_NADPH_45_Hemoprotein_45_Reductases_c <=> CPD_45_7239_c + Ox_45_NADPH_45_Hemoprotein_45_Reductases_c + WATER_c
CHOLESTEROL_45_7_45_ALPHA_45_MONOOXYGENASE_45_RXN,CHOLESTEROL-7-ALPHA-MONOOXYGENASE-RXN,Unknown,1.2662803343949043,1.2662803343949043,1.0,0.0,MINIMAL,optimal,2,HS09659;HS05140,CYP7A1;POR,CHOLESTEROL_c + OXYGEN_45_MOLECULE_c + Red_45_NADPH_45_Hemoprotein_45_Reductases_c <=> CPD_45_266_c + Ox_45_NADPH_45_Hemoprotein_45_Reductases_c + WATER_c
2_46_3_46_1_46_176_45_RXN,2.3.1.176-RXN,Unknown,1.2662803343949043,1.2662803343949043,1.0,0.0,MINIMAL,optimal,2,HS03991;HS09539,SCP2;ACAA2,CPD_45_7257_c + coa_c <=> CPD_45_202_c + ppcoa_c
RXN_45_19340,RXN-19340,Unknown,1.2662803343949043,1.2662803343949043,1.0,0.0,MINIMAL,optimal,1,HS13779,MMAB,CPD_45_1829_c + Corrinoid_45_Adenosyltransferases_c <=> CPD_45_20904_c
3_46_1_46_2_46_27_45_RXN,3.1.2.27-RXN,Unknown,1.2662803343949043,1.2662803343949043,1.0,0.0,MINIMAL,optimal,1,HS02282,ACOT8,CPD_45_202_c + WATER_c <=> CHOLATE_c + coa_c + h_c
RXN_45_11620,RXN-11620,Unknown,1.2662803343949043,1.2662803343949043,1.0,0.0,MINIMAL,optimal,3,HS03763;HS02884;HS02883,HYAL1;SPAM1;HYAL4,Chondroitin_45_sulfates_c + WATER_c <=> Chondroitin_45_sulfate_45_disaccharides_c
RXN_45_18268,RXN-18268,Unknown,1.2662803343949043,1.2662803343949043,1.0,0.0,MINIMAL,optimal,2,HS01118;HS07144,ST6GAL1;ST6GAL2,Beta_45_D_45_Galactosides_c + CMP_45_N_45_ACETYL_45_NEURAMINATE_c <=> ALPHA_45_N_45_ACETYLNEURAMINYL_45_26_45_BETA_45_D_45_GALA_c + cmp_c + h_c
RXN_45_18291,RXN-18291,Unknown,1.2662803343949043,1.2662803343949043,1.0,0.0,MINIMAL,optimal,2,HS07235;HS03904,SLC26A1;ST3GAL5, <=> 
RXN_45_18310,RXN-18310,Unknown,1.2662803343949043,1.2662803343949043,1.0,0.0,MINIMAL,optimal,2,HS01118;HS07144,ST6GAL1;ST6GAL2,CMP_45_N_45_ACETYL_45_NEURAMINATE_c + sLc4Cer_c <=> 36_45_isoLD1_c + cmp_c + h_c
RXN_45_18290,RXN-18290,Unknown,1.2662803343949043,1.2662803343949043,1.0,0.0,MINIMAL,optimal,2,HS07235;HS03904,SLC26A1;ST3GAL5,CMP_45_N_45_ACETYL_45_NEURAMINATE_c + CPD_45_19631_c <=> CPD_45_7188_c + cmp_c + h_c
RXN_45_18292,RXN-18292,Unknown,1.2662803343949043,1.2662803343949043,1.0,0.0,MINIMAL,optimal,2,HS07235;HS03904,SLC26A1;ST3GAL5,CMP_45_N_45_ACETYL_45_NEURAMINATE_c + CPD_45_19630_c <=> CPD_45_1100_c + cmp_c + h_c
RXN_45_18280,RXN-18280,Unknown,1.2662803343949043,1.2662803343949043,1.0,0.0,MINIMAL,optimal,2,HS11179;HS03456,ST8SIA3;ST8SIA1,CMP_45_N_45_ACETYL_45_NEURAMINATE_c + N_45_ACETYLNEURAMINYL_45_ETCETERA_45_GLUCOSYLCERA_c <=> Ganglioside_45_GT1a_c + cmp_c + h_c
RXN_45_18279,RXN-18279,Unknown,1.2662803343949043,1.2662803343949043,1.0,0.0,MINIMAL,optimal,1,HS04994,ST3GAL3,CMP_45_N_45_ACETYL_45_NEURAMINATE_c + Ganglioside_45_GD1b_c <=> Ganglioside_45_GT1b_c + cmp_c + h_c
RXN_45_18285,RXN-18285,Unknown,1.2662803343949043,1.2662803343949043,1.0,0.0,MINIMAL,optimal,2,HS11179;HS03456,ST8SIA3;ST8SIA1,CMP_45_N_45_ACETYL_45_NEURAMINATE_c + Ganglioside_45_GD3_c <=> Ganglioside_45_GT3_c + cmp_c + h_c
RXN_45_18286,RXN-18286,Unknown,1.2662803343949043,1.2662803343949043,1.0,0.0,MINIMAL,optimal,2,HS11179;HS03456,ST8SIA3;ST8SIA1,CMP_45_N_45_ACETYL_45_NEURAMINATE_c + Ganglioside_45_GM1b_c <=> Ganglioside_45_GD1c_c + cmp_c + h_c
RXN_45_18284,RXN-18284,Unknown,1.2662803343949043,1.2662803343949043,1.0,0.0,MINIMAL,optimal,2,HS11179;HS03456,ST8SIA3;ST8SIA1,CMP_45_N_45_ACETYL_45_NEURAMINATE_c + CPD_45_1100_c <=> Ganglioside_45_GD2_c + cmp_c + h_c
RXN_45_18275,RXN-18275,Unknown,1.2662803343949043,1.2662803343949043,1.0,0.0,MINIMAL,optimal,2,HS11179;HS03456,ST8SIA3;ST8SIA1,CMP_45_N_45_ACETYL_45_NEURAMINATE_c + CPD_45_7181_c <=> Ganglioside_45_GD3_c + cmp_c + h_c
RXN_45_18297,RXN-18297,Unknown,1.2662803343949043,1.2662803343949043,1.0,0.0,MINIMAL,optimal,2,HS11179;HS03456,ST8SIA3;ST8SIA1,CMP_45_N_45_ACETYL_45_NEURAMINATE_c + Ganglioside_45_GQ1c_c <=> Ganglioside_45_GP1c_c + cmp_c + h_c
RXN_45_18281,RXN-18281,Unknown,1.2662803343949043,1.2662803343949043,1.0,0.0,MINIMAL,optimal,2,HS11179;HS03456,ST8SIA3;ST8SIA1,CMP_45_N_45_ACETYL_45_NEURAMINATE_c + Ganglioside_45_GT1b_c <=> Ganglioside_45_GQ1b_c + cmp_c + h_c
2_46_4_46_1_46_102_45_RXN,2.4.1.102-RXN,Unknown,1.2662803343949043,1.2662803343949043,1.0,0.0,MINIMAL,optimal,5,G66_46530;HS06698;HS11108;HS05939;HS04710,GCNT6;GCNT3;GCNT4;GCNT1;GCNT7,T_antigen_CCO_45_GOLGI_45_LUM + 2.0 uacgam_CCO_45_GOLGI_45_LUM <=> core2_CCO_45_GOLGI_45_LUM + h_CCO_45_GOLGI_45_LUM + udp_CCO_45_GOLGI_45_LUM
RXN_45_18309,RXN-18309,Unknown,1.2662803343949043,1.2662803343949043,1.0,0.0,MINIMAL,optimal,2,HS07235;HS03904,SLC26A1;ST3GAL5,13_45_BETA_45_D_45_GALACTOSYL_45_N_45_ACETYL_45_D_45_GLU_c + CMP_45_N_45_ACETYL_45_NEURAMINATE_c <=> cmp_c + h_c + sLc4Cer_c
RXN_45_18312,RXN-18312,Unknown,1.2662803343949043,1.2662803343949043,1.0,0.0,MINIMAL,optimal,1,HS00798,ST3GAL6,CMP_45_N_45_ACETYL_45_NEURAMINATE_c + Neolactohexaosylceramides_c <=> Sialyl_45_23_45_neolactohexaosylceramides_c + cmp_c + h_c
RXN_45_18311,RXN-18311,Unknown,1.2662803343949043,1.2662803343949043,1.0,0.0,MINIMAL,optimal,1,HS00798,ST3GAL6,CMP_45_N_45_ACETYL_45_NEURAMINATE_c + Neolactooctaosylceramides_c <=> Neu_45_23_45_neolactoheptaosylceramides_c + cmp_c + h_c
RXN_45_18313,RXN-18313,Unknown,1.2662803343949043,1.2662803343949043,1.0,0.0,MINIMAL,optimal,2,HS01118;HS07144,ST6GAL1;ST6GAL2,CMP_45_N_45_ACETYL_45_NEURAMINATE_c + Neolactotetraosylceramides_c <=> Ganglioside_45_6_45_LM1_c + cmp_c + h_c
2_46_4_46_99_46_10_45_RXN,2.4.99.10-RXN,Unknown,1.2662803343949043,1.2662803343949043,1.0,0.0,MINIMAL,optimal,4,HS00798;HS11179;HS03285;HS06739,ST3GAL6;ST8SIA3;ST3GAL4;ST8SIA2,CMP_45_N_45_ACETYL_45_NEURAMINATE_c + Neolactotetraosylceramides_c <=> ACETYLNEURAMINYL_45_23_45_BETA_45_D_45_GALACTOSYL_45_ET_c + cmp_c + h_c
2_46_4_46_99_46_6_45_RXN,2.4.99.6-RXN,Unknown,1.2662803343949043,1.2662803343949043,1.0,0.0,MINIMAL,optimal,3,HS06739;HS03285;HS04994,ST8SIA2;ST3GAL4;ST3GAL3,B_45_Gal_45_14_45_NacGlc_45_R_c + CMP_45_N_45_ACETYL_45_NEURAMINATE_c <=> ALPHA_45_N_45_ACETYLNEURAMINYL_45_23_45_BETA_45_ETCETER_c + cmp_c + h_c
RXN_45_15271,RXN-15271,Unknown,1.2662803343949043,1.2662803343949043,1.0,0.0,MINIMAL,optimal,2,HS07144;HS01118,ST6GAL2;ST6GAL1,B_45_Gal_45_14_45_NacGlc_45_R_c + CMP_45_N_45_ACETYL_45_NEURAMINATE_c <=> CPD_45_16483_c + cmp_c + h_c
RXN_45_15270,RXN-15270,Unknown,1.2662803343949043,1.2662803343949043,1.0,0.0,MINIMAL,optimal,5,HS04090;HS11944;HS00998;HS01005;HS08498,ST6GALNAC5;ST6GALNAC3;ST6GALNAC1;ST6GALNAC2;ST6GALNAC6,CMP_45_N_45_ACETYL_45_NEURAMINATE_c + beta_45_Gal_45_13_45_alpha_45_GalNac_45_R_c <=> CPD_45_16485_c + cmp_c + h_c
2_46_4_46_99_46_3_45_RXN,2.4.99.3-RXN,Unknown,1.2662803343949043,1.2662803343949043,1.0,0.0,MINIMAL,optimal,7,HS08498;HS04090;HS11944;HS01005;HS04994;HS08206;HS00250,ST6GALNAC6;ST6GALNAC5;ST6GALNAC3;ST6GALNAC2;ST3GAL3;ST3GAL2;ST3GAL1,CMP_45_N_45_ACETYL_45_NEURAMINATE_c + beta_45_Gal_45_13_45_alpha_45_GalNac_45_R_c <=> ALPHA_45_N_45_ACETYLNEURAMINYL_45_ETCETERA_c + cmp_c + h_c
RXN_45_19003,RXN-19003,Unknown,1.2662803343949043,1.2662803343949043,1.0,0.0,MINIMAL,optimal,2,HS01118;HS07144,ST6GAL1;ST6GAL2,13_45_Sial_45_Gal_45_N_45_glycans_c + CMP_45_N_45_ACETYL_45_NEURAMINATE_c <=> 13_45_and_45_16_45_Sial_45_Gal_45_N_45_glycans_c + cmp_c + h_c
RXN_45_19002,RXN-19002,Unknown,1.2662803343949043,1.2662803343949043,1.0,0.0,MINIMAL,optimal,1,HS04994,ST3GAL3,CMP_45_N_45_ACETYL_45_NEURAMINATE_c + Galactosylated_45_N_45_Glycan_c <=> 13_45_Sial_45_Gal_45_N_45_glycans_c + cmp_c + h_c
RXN_45_18288,RXN-18288,Unknown,1.2662803343949043,1.2662803343949043,1.0,0.0,MINIMAL,optimal,5,HS04090;HS11944;HS00998;HS01005;HS08498,ST6GALNAC5;ST6GALNAC3;ST6GALNAC1;ST6GALNAC2;ST6GALNAC6,CMP_45_N_45_ACETYL_45_NEURAMINATE_c + D_45_Gal_45_NAc_45__45_Glycoproteins_c <=> Sialyl_45_Tn_45_Antigen_c + cmp_c + h_c
RXN_45_18299,RXN-18299,Unknown,1.2662803343949043,1.2662803343949043,1.0,0.0,MINIMAL,optimal,1,HS08206,ST3GAL2,CMP_45_N_45_ACETYL_45_NEURAMINATE_c + SSEA3_c <=> SSEA4_c + cmp_c + h_c
QUINOPRIBOTRANS_45_RXN,QUINOPRIBOTRANS-RXN,Unknown,1.2662803343949043,1.2662803343949043,1.0,0.0,MINIMAL,optimal,1,HS02508,QPRT,QUINOLINATE_c + 2.0 h_c + prpp_c <=> CARBON_45_DIOXIDE_c + nicrnt_c + ppi_c
COBALADENOSYLTRANS_45_RXN,COBALADENOSYLTRANS-RXN,Unknown,1.2662803343949043,1.2662803343949043,1.0,0.0,MINIMAL,optimal,1,HS13779,MMAB,CPD_45_20905_c + atp_c <=> B12_45_Corrinoid_45_Adenosyltranferase_c + P3I_c
CYTIDEAM2_45_RXN,CYTIDEAM2-RXN,Unknown,1.2662803343949043,1.2662803343949043,1.0,0.0,MINIMAL,optimal,2,HS08334;G66_46830,CDA;APOBEC3G,CYTIDINE_c + WATER_c + h_c <=> URIDINE_c + nh4_c
RXN_45_19349,RXN-19349,Unknown,1.2662803343949043,1.2662803343949043,1.0,0.0,MINIMAL,optimal,3,HS13442;HS13779;HS15658,MMACHC;MMAB;MMADHC,CPD_45_20918_c + Corrinoid_45_Adenosyltransferases_c <=> CPD_45_20904_c + CblC_c + CblD_c
RXN_45_19363,RXN-19363,Unknown,1.2662803343949043,1.2662803343949043,1.0,0.0,MINIMAL,optimal,2,HS13442;HS15658,MMACHC;MMADHC,Apo_45_Methionine_45_synthase_c + CPD_45_20918_c + h_c <=> CblC_c + CblD_c + Methionine_45_synthase_45_cob_45_II_45_alamins_c
RXN_45_19348,RXN-19348,Unknown,1.2662803343949043,1.2662803343949043,1.0,0.0,MINIMAL,optimal,1,HS15658,MMADHC,CPD_45_20917_c + CblD_c <=> CPD_45_20918_c
RXN_45_19342,RXN-19342,Unknown,1.2662803343949043,1.2662803343949043,1.0,0.0,MINIMAL,optimal,1,HS13779,MMAB,CPD_45_20903_c + Corrinoid_45_Adenosyltransferases_c <=> CPD_45_20906_c
RXN_45_19344,RXN-19344,Unknown,1.2662803343949043,1.2662803343949043,1.0,0.0,MINIMAL,optimal,1,HS13779,MMAB,CPD_45_689_c + Corrinoid_45_Adenosyltransferases_c <=> CPD_45_20908_c
RXN_45_7940,RXN-7940,Unknown,1.2662803343949043,1.2662803343949043,1.0,0.0,MINIMAL,optimal,3,HS00050;HS06588;HS08400,C1S;C1RL;C1R,C2_45_Proteins_c + WATER_c <=> C2a_45_Proteins_c + C2b_45_Proteins_c
RXN_45_7943,RXN-7943,Unknown,1.2662803343949043,1.2662803343949043,1.0,0.0,MINIMAL,optimal,3,HS00265;G66_46275;HS01599,MASP2;PMEL;TPX2,C2_45_Proteins_c + WATER_c <=> C2a_45_Proteins_c + C2b_45_Proteins_c
RXN_45_12909,RXN-12909,Unknown,1.2662803343949043,1.2662803343949043,1.0,0.0,MINIMAL,optimal,1,HS06565,CFI,C3b_45_Proteins_c + WATER_c <=> C3c_45_Proteins_c + C3d_45_Proteins_c
3_46_4_46_21_46_42_45_RXN,3.4.21.42-RXN,Unknown,1.2662803343949043,1.2662803343949043,1.0,0.0,MINIMAL,optimal,3,HS00050;HS06588;HS08400,C1S;C1RL;C1R,C4_45_Proteins_c + WATER_c <=> C4a_45_Proteins_c + C4b_45_Proteins_c
3_46_4_46_21_46_104_45_RXN,3.4.21.104-RXN,Unknown,1.2662803343949043,1.2662803343949043,1.0,0.0,MINIMAL,optimal,3,HS00265;G66_46275;HS01599,MASP2;PMEL;TPX2,C4_45_Proteins_c + WATER_c <=> C4a_45_Proteins_c + C4b_45_Proteins_c
3_46_4_46_21_46_45_45_RXN,3.4.21.45-RXN,Unknown,1.2662803343949043,1.2662803343949043,1.0,0.0,MINIMAL,optimal,1,HS06565,CFI,C4b_45_Proteins_c + WATER_c <=> C4c_45_Proteins_c + C4d_45_Proteins_c
3_46_4_46_21_46_46_45_RXN,3.4.21.46-RXN,Unknown,1.2662803343949043,1.2662803343949043,1.0,0.0,MINIMAL,optimal,1,HS11198,CFD,WATER_c + complement_45_factor_45_B_c <=> complement_45_factor_45_Ba_c + complement_45_factor_45_bb_c
3_46_4_46_21_46_41_45_RXN,3.4.21.41-RXN,Unknown,1.2662803343949043,1.2662803343949043,1.0,0.0,MINIMAL,optimal,1,HS08400,C1R,WATER_c + complement_45_subcomponent_45_C1s_c <=> Activated_45_Complement_45_C1s_c
RXN0_45_1461,RXN0-1461,Unknown,1.2662803343949043,1.2662803343949043,1.0,0.0,MINIMAL,optimal,1,HS01369,CPOX,COPROPORPHYRINOGEN_III_c + OXYGEN_45_MOLECULE_c + 2.0 h_c <=> 2.0 CARBON_45_DIOXIDE_c + PROTOPORPHYRINOGEN_c + 2.0 WATER_c
CHOLESTENONE_45_5_45_ALPHA_45_REDUCTASE_45_RXN,CHOLESTENONE-5-ALPHA-REDUCTASE-RXN,Unknown,1.2662803343949043,1.2662803343949043,1.0,0.0,MINIMAL,optimal,2,HS07261;HS00619,SRD5A1;SRD5A2,CPD_45_323_c + NADPH_c + h_c <=> CPD_45_1081_c + nadp_c
2_46_7_46_1_46_134_45_RXN,2.7.1.134-RXN,Unknown,1.2662803343949043,1.2662803343949043,1.0,0.0,MINIMAL,optimal,1,HS02123,ITPK1,CPD_45_178_c + atp_c <=> CPD_45_1107_c + adp_c + h_c
2_46_4_46_99_46_4_45_RXN,2.4.99.4-RXN,Unknown,1.2662803343949043,1.2662803343949043,1.0,0.0,MINIMAL,optimal,2,HS00250;HS08206,ST3GAL1;ST3GAL2,CMP_45_N_45_ACETYL_45_NEURAMINATE_c + Core1_c <=> ALPHA_45_N_45_ACETYLNEURAMINYL_45_ETCETERA_45_GALACT_c + cmp_c + h_c
2_46_4_46_1_46_146_45_RXN,2.4.1.146-RXN,Unknown,1.2662803343949043,1.2662803343949043,1.0,0.0,MINIMAL,optimal,1,HS11426,B3GNT3,Core2_c + uacgam_c <=> N_45_ACETYL_45_ETCETERA_45_GALACTOSAMINYL_45_R_c + h_c + udp_c
CORTISOL_45_SULFOTRANSFERASE_45_RXN,CORTISOL-SULFOTRANSFERASE-RXN,Unknown,1.2662803343949043,1.2662803343949043,1.0,0.0,MINIMAL,optimal,1,HS02732,SULT2A1,CORTISOL_c + paps_c <=> CPD_45_517_c + h_c + pap_c
RXN66_45_168,RXN66-168,Unknown,1.2662803343949043,1.2662803343949043,1.0,0.0,MINIMAL,optimal,10,G66_47652;G66_47591;HS03557;HS09519;HS17724;HS10271;HS03272;G66_47559;HS16233;HS11970,UGT1A1;UGT1A6;B3GAT2;UGT1A5;G_HS17724;UGT2B11;B3GAT1;UGT1A3;G_HS16233;UGT1A4,CPD_45_2742_c + udpglcur_c <=> CPD_45_2747_c + udp_c
RXN66_45_163,RXN66-163,Unknown,1.2662803343949043,1.2662803343949043,1.0,0.0,MINIMAL,optimal,6,HS10336;HS10343;HS05414;HS09588;HS11946;HS08023,CYP2G1P;CYP2A6;CYP2E1;CYP2S1;CYP4X1;CYP2U1,CPD_45_2742_c + OXYGEN_45_MOLECULE_c + Red_45_NADPH_45_Hemoprotein_45_Reductases_c <=> CPD_45_2751_c + Ox_45_NADPH_45_Hemoprotein_45_Reductases_c + WATER_c
RXN66_45_169,RXN66-169,Unknown,1.2662803343949043,1.2662803343949043,1.0,0.0,MINIMAL,optimal,6,HS10336;HS10343;HS05414;HS09588;HS11946;HS08023,CYP2G1P;CYP2A6;CYP2E1;CYP2S1;CYP4X1;CYP2U1,CPD_45_2742_c + OXYGEN_45_MOLECULE_c + Red_45_NADPH_45_Hemoprotein_45_Reductases_c <=> CPD_45_3188_c + Ox_45_NADPH_45_Hemoprotein_45_Reductases_c + WATER_c
RXN66_45_161,RXN66-161,Unknown,1.2662803343949043,1.2662803343949043,1.0,0.0,MINIMAL,optimal,6,HS10336;HS10343;HS05414;HS09588;HS11946;HS08023,CYP2G1P;CYP2A6;CYP2E1;CYP2S1;CYP4X1;CYP2U1,CPD_45_2742_c + OXYGEN_45_MOLECULE_c + Red_45_NADPH_45_Hemoprotein_45_Reductases_c <=> CPD_45_2750_c + Ox_45_NADPH_45_Hemoprotein_45_Reductases_c + WATER_c
RXN_45_20732,RXN-20732,Unknown,1.2662803343949043,1.2662803343949043,1.0,0.0,MINIMAL,optimal,4,HS09313;HS00141;HS02819;HS02820,PTER;PON1;PON3;PON2,CPD_45_8964_c + WATER_c <=> CPD_45_22345_c + DIETHYLTHIOPHOSPHATE_c + h_c
TRANS_45_RXN66_45_1169,TRANS-RXN66-1169,Unknown,1.2662803343949043,1.2662803343949043,1.0,0.0,MINIMAL,optimal,1,HS05450,SLC6A8,CREATINE_e + NA_43__e <=> CREATINE_c + NA_43__c
TRANS_45_RXN66_45_1175,TRANS-RXN66-1175,Unknown,1.2662803343949043,1.2662803343949043,1.0,0.0,MINIMAL,optimal,3,HS06230;HS11186;HS06231,SLC31A2;ATOX1;SLC31A1,CU_43_2_e <=> CU_43_2_c
RXN_45_13873,RXN-13873,Unknown,1.2662803343949043,1.2662803343949043,1.0,0.0,MINIMAL,optimal,1,HS00103,CD38,CPD_45_14880_c + WATER_c <=> ADENOSINE_DIPHOSPHATE_RIBOSE_c + h_c
RXN_45_18694,RXN-18694,Unknown,1.2662803343949043,1.2662803343949043,1.0,0.0,MINIMAL,optimal,1,HS09033,MOCS2,PRECURSOR_45_Z_c + 2.0 SAMP_45_C_45_Terminal_45_thiol_c + WATER_c <=> CPD_45_4_c + 2.0 SAMP_45_C_45_Terminal_45_Glycine_c + 4.0 h_c
RXN_45_8342,RXN-8342,Unknown,1.2662803343949043,1.2662803343949043,1.0,0.0,MINIMAL,optimal,1,HS09033,MOCS2,PRECURSOR_45_Z_c + 2.0 Thiocarboxylated_45_MPT_45_synthases_c + WATER_c <=> CPD_45_4_c + 2.0 MPT_45_Synthase_45_small_45_subunits_c + 4.0 h_c
RXN_45_11929,RXN-11929,Unknown,1.2662803343949043,1.2662803343949043,1.0,0.0,MINIMAL,optimal,1,HS05604,HSD17B7,CPD_45_12868_c + NADPH_c + h_c <=> CYCLOEUCALENOL_c + nadp_c
CYSTEAMINE_45_DIOXYGENASE_45_RXN,CYSTEAMINE-DIOXYGENASE-RXN,Unknown,1.2662803343949043,1.2662803343949043,1.0,0.0,MINIMAL,optimal,1,HS17749,ADO,CPD_45_239_c + OXYGEN_45_MOLECULE_c <=> HYPOTAURINE_c + h_c
GLU6PDEHYDROG_45_RXN,GLU6PDEHYDROG-RXN,Unknown,1.2662803343949043,1.2662803343949043,1.0,0.0,MINIMAL,optimal,1,HS08467,G6PD,g6p_r + nadp_r <=> 2.0 6pgl_r + h_r + nadph_r
RXN_45_12059,RXN-12059,Unknown,1.2662803343949043,1.2662803343949043,1.0,0.0,MINIMAL,optimal,1,HS10729,CNP,CPD_45_3713_c + WATER_c <=> CPD_45_3710_c + h_c
RXN_45_7246,RXN-7246,Unknown,1.2662803343949043,1.2662803343949043,1.0,0.0,MINIMAL,optimal,1,HS03025,MINPP1,CPD_45_6747_c + WATER_c <=> CPD_45_6746_c + pi_c
RXN_45_7250,RXN-7250,Unknown,1.2662803343949043,1.2662803343949043,1.0,0.0,MINIMAL,optimal,1,HS03025,MINPP1,CPD_45_6745_c + WATER_c <=> CPD_45_6747_c + pi_c
RXN_45_7302,RXN-7302,Unknown,1.2662803343949043,1.2662803343949043,1.0,0.0,MINIMAL,optimal,1,HS03025,MINPP1,CPD_45_6781_c + WATER_c <=> CPD_45_6745_c + pi_c
RXN_45_7303,RXN-7303,Unknown,1.2662803343949043,1.2662803343949043,1.0,0.0,MINIMAL,optimal,1,HS03025,MINPP1,CPD_45_6781_c + WATER_c <=> CPD_45_6782_c + pi_c
RXN_45_7301,RXN-7301,Unknown,1.2662803343949043,1.2662803343949043,1.0,0.0,MINIMAL,optimal,1,HS03025,MINPP1,MI_45_PENTAKISPHOSPHATE_c + WATER_c <=> CPD_45_6781_c + pi_c
RXN_45_17495,RXN-17495,Unknown,1.2662803343949043,1.2662803343949043,1.0,0.0,MINIMAL,optimal,1,HS03025,MINPP1,MI_45_PENTAKISPHOSPHATE_c + WATER_c <=> CPD_45_18901_c + pi_c
2_46_7_46_1_46_140_45_RXN,2.7.1.140-RXN,Unknown,1.2662803343949043,1.2662803343949043,1.0,0.0,MINIMAL,optimal,1,HS07712,IPMK,CPD_45_505_c + atp_c <=> CPD_45_1107_c + adp_c + h_c
3_46_1_46_3_46_57_45_RXN,3.1.3.57-RXN,Unknown,1.2662803343949043,1.2662803343949043,1.0,0.0,MINIMAL,optimal,1,HS07761,INPP1,INOSITOL_45_1_45_4_45_BISPHOSPHATE_c + WATER_c <=> D_45_MYO_45_INOSITOL_45_4_45_PHOSPHATE_c + pi_c
RXN_45_7162,RXN-7162,Unknown,1.2662803343949043,1.2662803343949043,1.0,0.0,MINIMAL,optimal,1,HS07712,IPMK,INOSITOL_45_1456_45_TETRAKISPHOSPHATE_c + atp_c <=> CPD_45_1107_c + adp_c + h_c
RXN_45_7304,RXN-7304,Unknown,1.2662803343949043,1.2662803343949043,1.0,0.0,MINIMAL,optimal,1,HS03025,MINPP1,CPD_45_6782_c + WATER_c <=> CPD_45_6783_c + pi_c
RXN_45_17489,RXN-17489,Unknown,1.2662803343949043,1.2662803343949043,1.0,0.0,MINIMAL,optimal,1,HS03025,MINPP1,CPD_45_18901_c + WATER_c <=> CPD_45_18902_c + pi_c
RXN_45_7305,RXN-7305,Unknown,1.2662803343949043,1.2662803343949043,1.0,0.0,MINIMAL,optimal,1,HS03025,MINPP1,CPD_45_6783_c + WATER_c <=> CPD_45_6746_c + pi_c
RXN_45_17490,RXN-17490,Unknown,1.2662803343949043,1.2662803343949043,1.0,0.0,MINIMAL,optimal,1,HS03025,MINPP1,CPD_45_18902_c + WATER_c <=> CPD_45_18903_c + pi_c
RXN_45_17493,RXN-17493,Unknown,1.2662803343949043,1.2662803343949043,1.0,0.0,MINIMAL,optimal,1,HS03025,MINPP1,CPD_45_18903_c + WATER_c <=> CPD_45_6746_c + pi_c
RXN_45_20227,RXN-20227,Unknown,1.2662803343949043,1.2662803343949043,1.0,0.0,MINIMAL,optimal,2,HS00706;HS09636,SOAT1;SOAT2,CHOLESTEROL_c + CPD_45_10267_c <=> CPD_45_21826_c + coa_c
RXN_45_4941,RXN-4941,Unknown,1.2662803343949043,1.2662803343949043,1.0,0.0,MINIMAL,optimal,6,HS07712;HS09822;HS08619;HS00942;HS10997;HS07278,IPMK;HISPPD2A;IP6K3;IP6K2;IP6K1;HISPPD1,CPD_45_1107_c + atp_c <=> DIPHOSPHO_45_1D_45_MYO_45_INOSITOL_45_TETRAKISPHOSPH_c + adp_c
RXN_45_7163,RXN-7163,Unknown,1.2662803343949043,1.2662803343949043,1.0,0.0,MINIMAL,optimal,2,HS02123;HS05071,ITPK1;IPPK,CPD_45_1107_c + atp_c <=> MI_45_HEXAKISPHOSPHATE_c + adp_c + h_c
RXN_45_10945,RXN-10945,Unknown,1.2662803343949043,1.2662803343949043,1.0,0.0,MINIMAL,optimal,1,HS03025,MINPP1,CPD_45_1107_c + WATER_c <=> INOSITOL_45_1456_45_TETRAKISPHOSPHATE_c + pi_c
RXN_45_10955,RXN-10955,Unknown,1.2662803343949043,1.2662803343949043,1.0,0.0,MINIMAL,optimal,1,HS02123,ITPK1,CPD_45_1107_c + WATER_c <=> CPD_45_178_c + pi_c
ISOCITDEH_45_RXN,ISOCITDEH-RXN,Unknown,1.2662803343949043,1.2662803343949043,1.0,0.0,MINIMAL,optimal,3,HS09852;HS06502;HS00021,G_HS09852;IDH1;IDH2,icit_c + nadp_c <=> CARBON_45_DIOXIDE_c + NADPH_c + akg_c
RXN_45_9951,RXN-9951,Unknown,1.2662803343949043,1.2662803343949043,1.0,0.0,MINIMAL,optimal,2,HS06502;HS00021,IDH1;IDH2,icit_c + nadp_c <=> NADPH_c + OXALO_45_SUCCINATE_c + h_c
ISOCITRATE_45_DEHYDROGENASE_45_NAD_43__45_RXN,ISOCITRATE-DEHYDROGENASE-NAD+-RXN,Unknown,1.2662803343949043,1.2662803343949043,1.0,0.0,MINIMAL,optimal,3,HS02254;HS00919;HS09394,IDH3B;IDH3G;IDH3A,icit_m + nad_m <=> CARBON_45_DIOXIDE_m + akg_m + nadh_m
D_45_ASPARTATE_45_OXIDASE_45_RXN,D-ASPARTATE-OXIDASE-RXN,Unknown,1.2662803343949043,1.2662803343949043,1.0,0.0,MINIMAL,optimal,1,G66_47678,DDO,CPD_45_302_x + OXYGEN_45_MOLECULE_x + WATER_x + asp__D_x <=> HYDROGEN_45_PEROXIDE_x + 2.0 nh4_x + oaa_x
4_46_1_46_1_46_84_45_RXN,4.1.1.84-RXN,Unknown,1.2662803343949043,1.2662803343949043,1.0,0.0,MINIMAL,optimal,1,HS01942,DDT,CPD_45_7272_c + h_c <=> CARBON_45_DIOXIDE_c + DIHYDROXYINDOLE_c
GALACTONOLACTONASE_45_RXN,GALACTONOLACTONASE-RXN,Unknown,1.2662803343949043,1.2662803343949043,1.0,0.0,MINIMAL,optimal,1,HS02819,PON3,D_45_GALACTONO_45_1_45_4_45_LACTONE_c + WATER_c <=> D_45_GALACTONATE_c + h_c
GLUCONOLACT_45_RXN,GLUCONOLACT-RXN,Unknown,1.2662803343949043,1.2662803343949043,1.0,0.0,MINIMAL,optimal,1,HS02819,PON3,GLC_45_D_45_LACTONE_c + WATER_c <=> GLUCONATE_c + h_c
LACTOSE_45_SYNTHASE_45_RXN,LACTOSE-SYNTHASE-RXN,Unknown,1.2662803343949043,1.2662803343949043,1.0,0.0,MINIMAL,optimal,3,HS04130;HS01519;HS09571,B4GALT2;B4GALT1;LALBA,glc__D_CCO_45_GOLGI_45_LUM + udpgal_CCO_45_GOLGI_45_LUM <=> h_CCO_45_GOLGI_45_LUM + lcts_CCO_45_GOLGI_45_LUM + udp_CCO_45_GOLGI_45_LUM
RXN_45_17001,RXN-17001,Unknown,1.2662803343949043,1.2662803343949043,1.0,0.0,MINIMAL,optimal,1,HS08387,ADPGK,Glucopyranose_c + adp_c <=> D_45_glucopyranose_45_6_45_phosphate_c + amp_c + h_c
GLUCOKIN_45_RXN,GLUCOKIN-RXN,Unknown,1.2662803343949043,1.2662803343949043,1.0,0.0,MINIMAL,optimal,5,HS08548;HS02935;HS08135;HS08399;HS08136,HK3;GCK;HKDC1;HK2;HK1,Glucopyranose_c + atp_c <=> D_45_glucopyranose_45_6_45_phosphate_c + adp_c + h_c
GLUCOSE_45_1_45_DEHYDROGENASE_45_RXN,GLUCOSE-1-DEHYDROGENASE-RXN,Unknown,1.2662803343949043,1.2662803343949043,1.0,0.0,MINIMAL,optimal,1,HS00614,H6PD,Glucopyranose_c + NAD_45_P_45_OR_45_NOP_c <=> GLC_45_D_45_LACTONE_c + NADH_45_P_45_OR_45_NOP_c + h_c
RXN_45_15068,RXN-15068,Unknown,1.2662803343949043,1.2662803343949043,1.0,0.0,MINIMAL,optimal,5,HS13847;HS05099;HS05614;HS17140;HS17690,G_HS13847;PLA2G2A;OC90;G_HS17140;G_HS17690,CPD_45_8268_c + WATER_c <=> L_45_1_45_LYSOPHOSPHATIDATE_c + h_c + ocdcea_c
RXN66_45_526,RXN66-526,Unknown,1.2662803343949043,1.2662803343949043,1.0,0.0,MINIMAL,optimal,3,HS05538;HS14422;HS13873,G6PC;G6PC2;G6PC3,g6p_r + h2o_r <=> glc_DASH_DASH_DASH_D_r + pi_r
TRANS_45_RXN66_45_1155,TRANS-RXN66-1155,Unknown,1.2662803343949043,1.2662803343949043,1.0,0.0,MINIMAL,optimal,9,HS04123;HS07348;HS08490;HS06226;HS10639;G66_31784;HS08885;HS03246;HS11675,SLC2A1;SLC2A12;SLC2A6;SLC2A8;SLC2A14;SLC2A7;SLC2A2;SLC2A9;SLC2A4,D_45_Glucose_e <=> D_45_Glucose_c
TRANS_45_RXN66_45_1098,TRANS-RXN66-1098,Unknown,1.2662803343949043,1.2662803343949043,1.0,0.0,MINIMAL,optimal,6,HS07942;HS04174;HS16184;HS06748;HS01992;HS01995,SLC5A10;SLC5A9;NAGLT1;SLC5A2;SLC5A1;SLC5A4,D_45_Glucose_e + 2.0 NA_43__e <=> D_45_Glucose_c + 2.0 NA_43__c
MANNKIN_45_RXN,MANNKIN-RXN,Unknown,1.2662803343949043,1.2662803343949043,1.0,0.0,MINIMAL,optimal,4,HS08136;HS08399;HS08135;HS08548,HK1;HK2;HKDC1;HK3,D_45_mannopyranose_c + atp_c <=> CPD_45_15979_c + adp_c + h_c
2_46_7_46_7_46_40_45_RXN,2.7.7.40-RXN,Unknown,1.2662803343949043,1.2662803343949043,1.0,0.0,MINIMAL,optimal,1,G66_47246,ISPD,CPD_45_372_c + ctp_c + h_c <=> CPD_45_1111_c + ppi_c
RIBOKIN_45_RXN,RIBOKIN-RXN,Unknown,1.2662803343949043,1.2662803343949043,1.0,0.0,MINIMAL,optimal,1,HS10260,RBKS,D_45_Ribofuranose_c + atp_c <=> CPD_45_15317_c + adp_c + h_c
RXN0_45_5398,RXN0-5398,Unknown,1.2662803343949043,1.2662803343949043,1.0,0.0,MINIMAL,optimal,3,HS12710;HS09292;HS01721,PUS3;TRUB1;PUS7,CPD_45_15317_c + URACIL_c <=> PSEUDOURIDINE_45_5_45_P_c + WATER_c
RXN_45_17997,RXN-17997,Unknown,1.2662803343949043,1.2662803343949043,1.0,0.0,MINIMAL,optimal,1,HS09255,NUDT5,ADENOSINE_DIPHOSPHATE_RIBOSE_c + ppi_c <=> RIBOSE_45_5P_c + atp_c + h_c
RXN_45_19916,RXN-19916,Unknown,1.2662803343949043,1.2662803343949043,1.0,0.0,MINIMAL,optimal,2,HS06234;HS07647,ALDOB;ALDOA,CPD_45_21527_c <=> ERYTHROSE_c + dhap_c
RXN_45_7644,RXN-7644,Unknown,1.2662803343949043,1.2662803343949043,1.0,0.0,MINIMAL,optimal,3,HS14782;HS06691;HS16030,G_HS14782;SORD;G_HS16030,SORBITOL_c + nad_c <=> CPD_45_15382_c + h_c + nadh_c
RXN_45_8664,RXN-8664,Unknown,1.2662803343949043,1.2662803343949043,1.0,0.0,MINIMAL,optimal,2,G66_37884;HS05502,IDO2;IDO1,D_45_TRYPTOPHAN_c + OXYGEN_45_MOLECULE_c <=> CPD_45_10488_c
D_45_XYLOSE_45_1_45_DEHYDROGENASE_45_NADP_43__45_RXN,D-XYLOSE-1-DEHYDROGENASE-NADP+-RXN,Unknown,1.2662803343949043,1.2662803343949043,1.0,0.0,MINIMAL,optimal,1,HS02621,DHDH,D_45_Xylopyranose_c <=> CPD_45_360_c + NADPH_c
RXN_45_13614,RXN-13614,Unknown,1.2662803343949043,1.2662803343949043,1.0,0.0,MINIMAL,optimal,16,HS02532;HS11921;G66_31311;HS11936;HS00935;HS07766;HS01349;HS06695;HS11973;HS16174,ACSBG1;ACSM2A;ACSM4;FACL6;ACSL4;ACSL1;ACSL5;SLC27A2;ACSM5;ACSM6,CPD_45_3617_c + atp_c + coa_c <=> CPD_45_10267_c + amp_c + ppi_c
RXN_45_14274,RXN-14274,Unknown,1.2662803343949043,1.2662803343949043,1.0,0.0,MINIMAL,optimal,2,HS09539;HS06436,ACAA2;HADHB,CPD0_45_2105_c + coa_c <=> CPD_45_10267_c + accoa_c
RXN_45_13615,RXN-13615,Unknown,1.2662803343949043,1.2662803343949043,1.0,0.0,MINIMAL,optimal,1,HS04089,ACADM,CPD_45_10267_c + ETF_45_Oxidized_c + h_c <=> ETF_45_Reduced_c + T2_45_DECENOYL_45_COA_c
ALCOHOL_45_DEHYDROG_45_RXN,ALCOHOL-DEHYDROG-RXN,Unknown,1.2662803343949043,1.2662803343949043,1.0,0.0,MINIMAL,optimal,8,HS10598;HS11440;G66_47139;HS06681;HS08983;G66_46401;HS06569;HS10600,ADH7;ZADH2;ADH1A;PTGR2;ADH1B;ADH1C;ADH4;ADH6,ETOH_c + nad_c <=> ACETALD_c + h_c + nadh_c
RXN_45_9628,RXN-9628,Unknown,1.2662803343949043,1.2662803343949043,1.0,0.0,MINIMAL,optimal,0,,,CPD_45_10267_c + WATER_c <=> CPD_45_3617_c + coa_c + h_c
RXN_45_18371,RXN-18371,Unknown,1.2662803343949043,1.2662803343949043,1.0,0.0,MINIMAL,optimal,3,HS03286;HS09892;HS08187,CPT1A;CPT1C;CPT2,CARNITINE_c + CPD_45_10267_c <=> CPD_45_19741_c + coa_c
RXN_45_11663,RXN-11663,Unknown,1.2662803343949043,1.2662803343949043,1.0,0.0,MINIMAL,optimal,7,HS01512;HS01468;HS01846;G_10221;HS00245;HS07009;HS02868,MGST2;GSTP1;GSTA2;GSTA1;MGST1;MGST3;GSTK1,CPD_45_21440_c + gthrd_c <=> CPD_45_12634_c
RXN_45_13415,RXN-13415,Unknown,1.2662803343949043,1.2662803343949043,1.0,0.0,MINIMAL,optimal,1,HS01810,DHPS,CPD_45_14378_c + Deoxyhypusine_45_Synthase_45_Lysine_c <=> N_45_4_45_aminobutylidene_45_enzyme_45_lysine_c
RXN_45_16150,RXN-16150,Unknown,1.2662803343949043,1.2662803343949043,1.0,0.0,MINIMAL,optimal,4,HS16664;HS07906;HS01567;HS12746,LPCAT4;LPCAT1;LPCAT2;LPCAT3,CPD_45_15365_c + Glycerolipids_c <=> CPD_45_17397_c + coa_c
RXN_45_18315,RXN-18315,Unknown,1.2662803343949043,1.2662803343949043,1.0,0.0,MINIMAL,optimal,1,HS10812,UGT8,DEOXYCHOLATE_c + udpgal_c <=> CPD_45_19689_c + udp_c
3_46_2_46_1_46_76_45_RXN,3.2.1.76-RXN,Unknown,1.2662803343949043,1.2662803343949043,1.0,0.0,MINIMAL,optimal,1,HS05096,IDUA,Dermatan_45_Sulfate_c + WATER_c <=> CPD_45_12515_c + Dermatan_45_NacGal_c
RXN_45_11618,RXN-11618,Unknown,1.2662803343949043,1.2662803343949043,1.0,0.0,MINIMAL,optimal,2,HS03763;HS02884,HYAL1;SPAM1,Dermatan_45_Sulfate_c + WATER_c <=> Dermatan_45_sulfate_45_disaccharides_c
RXN66_45_27,RXN66-27,Unknown,1.2662803343949043,1.2662803343949043,1.0,0.0,MINIMAL,optimal,1,HS10588,DHCR7,CPD_45_8646_c + NADPH_c + h_c <=> DESMOSTEROL_45_CPD_c + nadp_c
6_46_3_46_2_46_25_45_RXN,6.3.2.25-RXN,Unknown,1.2662803343949043,1.2662803343949043,1.0,0.0,MINIMAL,optimal,1,HS03822,TTL,Detyrosinated_45_alpha_45__45_tubulins_c + TYR_c + atp_c <=> Alpha_45_tubulins_c + adp_c + h_c + pi_c
RXN_45_20731,RXN-20731,Unknown,1.2662803343949043,1.2662803343949043,1.0,0.0,MINIMAL,optimal,4,HS09313;HS00141;HS02819;HS02820,PTER;PON1;PON3;PON2,CPD_45_8965_c + WATER_c <=> CPD_45_22344_c + DIETHYLTHIOPHOSPHATE_c + h_c
RXN66_45_599,RXN66-599,Unknown,1.2662803343949043,1.2662803343949043,1.0,0.0,MINIMAL,optimal,3,HS05414;HS06458;HS10343,CYP2E1;CYP2C9;CYP2A6,CPD_45_20606_c + OXYGEN_45_MOLECULE_c + Red_45_NADPH_45_Hemoprotein_45_Reductases_c <=> CPD_45_20607_c + Ox_45_NADPH_45_Hemoprotein_45_Reductases_c + WATER_c
RXN_45_16064,RXN-16064,Unknown,1.2662803343949043,1.2662803343949043,1.0,0.0,MINIMAL,optimal,1,HS07617,FADS1,CPD_45_14407_c + 2.0 FERROCYTOCHROME_45_B5_c + OXYGEN_45_MOLECULE_c + 2.0 h_c <=> ARACHIDONYL_45_COA_c + 2.0 FERRICYTOCHROME_45_B5_c + 2.0 WATER_c
RXN_45_16044,RXN-16044,Unknown,1.2662803343949043,1.2662803343949043,1.0,0.0,MINIMAL,optimal,4,HS16664;HS07906;HS01567;HS12746,LPCAT4;LPCAT1;LPCAT2;LPCAT3,CPD_45_14407_c + Glycerolipids_c <=> CPD_45_17283_c + coa_c
DIHYDLIPACETRANS_45_RXN,DIHYDLIPACETRANS-RXN,Unknown,1.2662803343949043,1.2662803343949043,1.0,0.0,MINIMAL,optimal,1,HS07688,DLAT,DIHYDROLIPOAMIDE_m + accoa_m <=> S_45_ACETYLDIHYDROLIPOAMIDE_m + coa_m
GDPMANDEHYDRA_45_RXN,GDPMANDEHYDRA-RXN,Unknown,1.2662803343949043,1.2662803343949043,1.0,0.0,MINIMAL,optimal,1,HS03608,GMDS,GDP_45_MANNOSE_c <=> GDP_45_4_45_DEHYDRO_45_6_45_DEOXY_45_D_45_MANNOSE_c + WATER_c
RXN0_45_5234,RXN0-5234,Unknown,1.2662803343949043,1.2662803343949043,1.0,0.0,MINIMAL,optimal,1,HS00049,SHMT2,ALLO_45_THR_c <=> ACETALD_c + GLY_c
RXN0_45_4961,RXN0-4961,Unknown,1.2662803343949043,1.2662803343949043,1.0,0.0,MINIMAL,optimal,12,HS06166;HS02300;HS00262;HS00643;HS10936;HS03874;HS10171;HS02933;HS06732;HS07503,POLG2;POLI;REV3L;POLQ;POLD4;POLE4;POLH;POLD2;POLG;POLE3,DNA_45_N_c + WATER_c <=> Nucleoside_45_Monophosphates_c
RXN_45_13307,RXN-13307,Unknown,1.2662803343949043,1.2662803343949043,1.0,0.0,MINIMAL,optimal,1,HS01909,TECR,CPD_45_14281_c + NADPH_c + h_c <=> CPD_45_10279_c + nadp_c
RXN_45_20369,RXN-20369,Unknown,1.2662803343949043,1.2662803343949043,1.0,0.0,MINIMAL,optimal,2,HS07050;G66_37868,CERS2;CERS1,CPD_45_10279_c + sphgn_c <=> CPD_45_22035_c + coa_c + h_c
RXN_45_16761,RXN-16761,Unknown,1.2662803343949043,1.2662803343949043,1.0,0.0,MINIMAL,optimal,7,HS08962;G66_31373;HS04108;HS05930;HS05294;HS08872;HS04244,RPN1;OST4;DDOST;STT3A;DAD1;STT3B;RPN2,OLIGOSACCHARIDE_45_DIPHOSPHODOLICHOL_CCO_45_IN + Protein_45_L_45_Asparagine_CCO_45_IN <=> Dolichol_45_PP_c + Glycoprotein_45_Asn_45_oligosaccharides_CCO_45_IN + h_c
RXN_45_20343,RXN-20343,Unknown,1.2662803343949043,1.2662803343949043,1.0,0.0,MINIMAL,optimal,1,HS01909,TECR,CPD_45_22014_c + NADPH_c + h_c <=> CPD_45_22011_c + nadp_c
RXN_45_20344,RXN-20344,Unknown,1.2662803343949043,1.2662803343949043,1.0,0.0,MINIMAL,optimal,5,HS04216;HS10142;HS09036;HS00873;HS04346,ELOVL4;ELOVL6;ELOVL7;ELOVL1;ELOVL3,CPD_45_22011_c + h_c + malcoa_c <=> CARBON_45_DIOXIDE_c + CPD_45_22016_c + coa_c
DTDPGLUCDEHYDRAT_45_RXN,DTDPGLUCDEHYDRAT-RXN,Unknown,1.2662803343949043,1.2662803343949043,1.0,0.0,MINIMAL,optimal,1,HS01603,TGDS,DTDP_45_D_45_GLUCOSE_c <=> DTDP_45_DEOH_45_DEOXY_45_GLUCOSE_c + WATER_c
3_46_4_46_21_46_120_45_RXN,3.4.21.120-RXN,Unknown,1.2662803343949043,1.2662803343949043,1.0,0.0,MINIMAL,optimal,2,G66_46982;HS01496,OVCH2;OVGP1,Egg_45_glycoprotein_45_Gp43_c + WATER_c <=> Egg_45_glycoprotein_45_Gp41_c + Peptides_45_holder_c
2_46_7_46_11_46_20_45_RXN,2.7.11.20-RXN,Unknown,1.2662803343949043,1.2662803343949043,1.0,0.0,MINIMAL,optimal,1,HS02489,EEF2K,Elongation_45_factor_45_2_c + atp_c <=> Elongation_45_factor_45_2_45_P_c + adp_c
METHIONINE_45__45_TRNA_45_LIGASE_45_RXN,METHIONINE--TRNA-LIGASE-RXN,Unknown,1.2662803343949043,1.2662803343949043,1.0,0.0,MINIMAL,optimal,6,HS07813;HS09496;HS11866;HS11865;HS11867;HS11883,MARS2;MARS;TRMI1;TRM1;TRMI2;G_HS11883,Elongation_45_tRNAMet_c + MET_c + atp_c <=> Charged_45_MET_45_tRNAs_c + amp_c + ppi_c
RXN3O_45_218,RXN3O-218,Unknown,1.2662803343949043,1.2662803343949043,1.0,0.0,MINIMAL,optimal,1,HS03271,SC5DL,EPISTEROL_c + 2.0 FERROCYTOCHROME_45_B5_c + OXYGEN_45_MOLECULE_c + 2.0 h_c <=> CPD_45_700_c + 2.0 FERRICYTOCHROME_45_B5_c + 2.0 WATER_c
RXN_45_13883,RXN-13883,Unknown,1.2662803343949043,1.2662803343949043,1.0,0.0,MINIMAL,optimal,1,HS03271,SC5DL,CPD_45_14893_c + 2.0 FERROCYTOCHROME_45_B5_c + OXYGEN_45_MOLECULE_c + 2.0 h_c <=> CPD_45_14894_c + 2.0 FERRICYTOCHROME_45_B5_c + 2.0 WATER_c
RXN_45_15135,RXN-15135,Unknown,1.2662803343949043,1.2662803343949043,1.0,0.0,MINIMAL,optimal,3,HS10190;HS03027;HS11616,CEL;LIPA;CES1,CPD_45_16017_c + WATER_c <=> ERGOSTEROL_c + h_c + ocdcea_c
4_45_HYDROXYGLUTAMATE_45_AMINOTRANSFERASE_45_RXN,4-HYDROXYGLUTAMATE-AMINOTRANSFERASE-RXN,Unknown,1.2662803343949043,1.2662803343949043,1.0,0.0,MINIMAL,optimal,1,HS04858,GOT2,akg_m + e4hglu_m <=> 4h2oglt_m + glu_DASH_DASH_DASH_L_m
2_46_4_46_1_46_68_45_RXN,2.4.1.68-RXN,Unknown,1.2662803343949043,1.2662803343949043,1.0,0.0,MINIMAL,optimal,3,HS10249;HS00491;HS10559,FUT3;FUT8;FUT10,2_45_2_45_N_45_linked_45_Glycan_c + CPD_45_13118_c <=> N4_45_N_45_ACETYL_45_BETA_45_D_45_GLUCOSAMINYL_45_F6_c + gdp_c + h_c
RXN_45_12484,RXN-12484,Unknown,1.2662803343949043,1.2662803343949043,1.0,0.0,MINIMAL,optimal,4,HS06681;HS11440;HS04133;HS08983,PTGR2;ZADH2;AKR1A1;ADH1B,ETOH_c + nadp_c <=> ACETALD_c + NADPH_c + h_c
RXN66_45_2,RXN66-2,Unknown,1.2662803343949043,1.2662803343949043,1.0,0.0,MINIMAL,optimal,2,HS05414;HS10336,CYP2E1;CYP2G1P,ETOH_c + OXYGEN_45_MOLECULE_c + Red_45_NADPH_45_Hemoprotein_45_Reductases_c <=> ACETALD_c + Ox_45_NADPH_45_Hemoprotein_45_Reductases_c + 2.0 WATER_c
RXN66_45_1,RXN66-1,Unknown,1.2662803343949043,1.2662803343949043,1.0,0.0,MINIMAL,optimal,1,HS04513,CAT,ETOH_x + HYDROGEN_45_PEROXIDE_x <=> ACETALD_x + 2.0 WATER_x
RXN_45_20734,RXN-20734,Unknown,1.2662803343949043,1.2662803343949043,1.0,0.0,MINIMAL,optimal,4,HS09313;HS00141;HS02819;HS02820,PTER;PON1;PON3;PON2,CPD_45_22347_c + WATER_c <=> CPD_45_22351_c + ETOH_c + h_c
2_46_7_46_11_46_8_45_RXN,2.7.11.8-RXN,Unknown,1.2662803343949043,1.2662803343949043,1.0,0.0,MINIMAL,optimal,2,HS09155;HS08560,FASTK;FOXH1,Fas_45_activated_45_ser_45_thre_45_protein_c + atp_c <=> Fas_45_activated_45_ser_45_thre_45_protein_45_P_c + adp_c
RXN_45_15598,RXN-15598,Unknown,1.2662803343949043,1.2662803343949043,1.0,0.0,MINIMAL,optimal,0,,,FE_43_3_CCO_45_OUT + ascb_DASH_DASH_DASH_L_CCO_45_OUT <=> CPD_45_318_CCO_45_IN + FE_43_2_CCO_45_IN
RXN_45_20733,RXN-20733,Unknown,1.2662803343949043,1.2662803343949043,1.0,0.0,MINIMAL,optimal,4,HS09313;HS00141;HS02819;HS02820,PTER;PON1;PON3;PON2,CPD_45_22348_c + WATER_c <=> CPD_45_22349_c + CPD_45_22350_c + h_c
RXN_45_19600,RXN-19600,Unknown,1.2662803343949043,1.2662803343949043,1.0,0.0,MINIMAL,optimal,7,HS01512;HS01468;HS01846;G_10221;HS00245;HS07009;HS02868,MGST2;GSTP1;GSTA2;GSTA1;MGST1;MGST3;GSTK1,CPD_45_21168_c + gthrd_c <=> CPD_45_21192_c + cl_c + h_c
RXN_45_18399,RXN-18399,Unknown,1.2662803343949043,1.2662803343949043,1.0,0.0,MINIMAL,optimal,1,HS00363,COX15,2.0 Acceptor_c + CPD_45_17063_c + WATER_c <=> CPD_45_13734_c + 2.0 Donor_45_H2_c
RXN_45_12444,RXN-12444,Unknown,1.2662803343949043,1.2662803343949043,1.0,0.0,MINIMAL,optimal,1,HS01670,BLVRB,NADPH_c + fmn_c + 2.0 h_c <=> FMNH2_c + nadp_c
FMNREDUCT_45_RXN,FMNREDUCT-RXN,Unknown,1.2662803343949043,1.2662803343949043,1.0,0.0,MINIMAL,optimal,1,HS01670,BLVRB,NADH_45_P_45_OR_45_NOP_c + fmn_c + 2.0 h_c <=> FMNH2_c + NAD_45_P_45_OR_45_NOP_c
3_46_4_46_17_46_11_45_RXN,3.4.17.11-RXN,Unknown,1.2662803343949043,1.2662803343949043,1.0,0.0,MINIMAL,optimal,1,HS01525,FOLH1,CPD_45_12826_c + WATER_c <=> Glutamates_c + PTEROATE_c
TRANS_45_RXN66_45_1258,TRANS-RXN66-1258,Unknown,1.2662803343949043,1.2662803343949043,1.0,0.0,MINIMAL,optimal,1,HS01208,SLC46A1,CPD_45_12826_e <=> CPD_45_12826_c
RXN_45_12078,RXN-12078,Unknown,1.2662803343949043,1.2662803343949043,1.0,0.0,MINIMAL,optimal,6,HS02925;HS04133;HS11440;HS01502;HS08983;HS06681,AKR1B10;AKR1A1;ZADH2;AKR1B1;ADH1B;PTGR2,D_45_galactopyranose_c + NADPH_c + h_c <=> GALACTITOL_c + nadp_c
RXN66_45_595,RXN66-595,Unknown,1.2662803343949043,1.2662803343949043,1.0,0.0,MINIMAL,optimal,4,HS05414;HS06458;HS10343;HS06728,CYP2E1;CYP2C9;CYP2A6;CYP1A2,CPD_45_13502_c + OXYGEN_45_MOLECULE_c + Red_45_NADPH_45_Hemoprotein_45_Reductases_c <=> CPD1F_45_90_c + Ox_45_NADPH_45_Hemoprotein_45_Reductases_c + WATER_c
AKBLIG_45_RXN,AKBLIG-RXN,Unknown,1.2662803343949043,1.2662803343949043,1.0,0.0,MINIMAL,optimal,1,HS01980,GCAT,GLY_m + accoa_m <=> AMINO_45_OXOBUT_m + coa_m
1_46_1_46_1_46_271_45_RXN,1.1.1.271-RXN,Unknown,1.2662803343949043,1.2662803343949043,1.0,0.0,MINIMAL,optimal,1,HS02591,TSTA3,GDP_45_4_45_DEHYDRO_45_6_45_DEOXY_45_D_45_MANNOSE_c + NADPH_c + h_c <=> CPD_45_13118_c + nadp_c
RXN_45_18246,RXN-18246,Unknown,1.2662803343949043,1.2662803343949043,1.0,0.0,MINIMAL,optimal,1,HS10249,FUT3,CPD_45_13118_c + Type_45_1_45_B_45_antigen_c <=> Type_45_BLeb_45_antigen_c + gdp_c + h_c
RXN_45_18251,RXN-18251,Unknown,1.2662803343949043,1.2662803343949043,1.0,0.0,MINIMAL,optimal,1,HS10249,FUT3,CPD_45_13118_c + Type_45_2_45_B_45_antigen_c <=> Antigen_45_BLey_c + gdp_c + h_c
2_46_4_46_1_46_65_45_RXN,2.4.1.65-RXN,Unknown,1.2662803343949043,1.2662803343949043,1.0,0.0,MINIMAL,optimal,1,HS10249,FUT3,CPD_45_13118_c + beta_45_Gal_45_13_45_beta_45_GlcNac_45_R_c <=> Lewis_45_a_45_epitope_c + gdp_c + h_c
RXN_45_18234,RXN-18234,Unknown,1.2662803343949043,1.2662803343949043,1.0,0.0,MINIMAL,optimal,1,HS11104,FUT2,CPD_45_13118_c + beta_45_Gal_45_13_45_beta_45_GlcNac_45_R_c <=> Type_45_1_45_H_45_Antigen_c + gdp_c + h_c
GALACTOSIDE_45_3_45_FUCOSYLTRANSFERASE_45_RXN,GALACTOSIDE-3-FUCOSYLTRANSFERASE-RXN,Unknown,1.2662803343949043,1.2662803343949043,1.0,0.0,MINIMAL,optimal,4,HS10249;HS10520;HS07593;HS08124,FUT3;FUT9;FUT4;FUT6,B_45_Gal_45_14_45_NacGlc_45_R_c + CPD_45_13118_c <=> CPD_45_8594_c + gdp_c + h_c
RXN_45_18235,RXN-18235,Unknown,1.2662803343949043,1.2662803343949043,1.0,0.0,MINIMAL,optimal,1,HS10855,FUT1,B_45_Gal_45_14_45_NacGlc_45_R_c + CPD_45_13118_c <=> Type_45_2_45_H_45_Antigen_c + gdp_c + h_c
2_46_4_46_1_46_221_45_RXN,2.4.1.221-RXN,Unknown,1.2662803343949043,1.2662803343949043,1.0,0.0,MINIMAL,optimal,2,HS12371;HS02249,POFUT2;POFUT1,CPD_45_13118_c + Protein_45_L_45_serines_c <=> L_45_fucose_45_protein_45_serine_c + gdp_c
RXN_45_18257,RXN-18257,Unknown,1.2662803343949043,1.2662803343949043,1.0,0.0,MINIMAL,optimal,1,HS10249,FUT3,CPD_45_13118_c + aNeuAc_45_23_45_bGal_45_13_45_bGlcNAC_45_R_c <=> gdp_c + h_c + sLea_45_Antigen_c
RXN_45_18247,RXN-18247,Unknown,1.2662803343949043,1.2662803343949043,1.0,0.0,MINIMAL,optimal,1,HS10249,FUT3,CPD_45_13118_c + Type_45_1_45_A_45_antigen_c <=> Type_45_ALeb_45_antigen_c + gdp_c + h_c
RXN_45_18250,RXN-18250,Unknown,1.2662803343949043,1.2662803343949043,1.0,0.0,MINIMAL,optimal,1,HS10249,FUT3,CPD_45_13118_c + Type_45_2_45_A_45_antigen_c <=> Antigen_45_ALey_c + gdp_c + h_c
RXN_45_18252,RXN-18252,Unknown,1.2662803343949043,1.2662803343949043,1.0,0.0,MINIMAL,optimal,1,HS10249,FUT3,CPD_45_13118_c + Type_45_1_45_H_45_Antigen_c <=> Antigen_45_Leb_c + gdp_c + h_c
RXN_45_18249,RXN-18249,Unknown,1.2662803343949043,1.2662803343949043,1.0,0.0,MINIMAL,optimal,2,HS10249;HS10520,FUT3;FUT9,CPD_45_13118_c + Type_45_2_45_H_45_Antigen_c <=> Antigen_45_Ley_c + gdp_c + h_c
RXN_45_9463,RXN-9463,Unknown,1.2662803343949043,1.2662803343949043,1.0,0.0,MINIMAL,optimal,2,HS10855;HS11104,FUT1;FUT2,CPD_45_13118_c + Xyloglucans_45_Galactose_45_23_c <=> XLFG_45_Xyloglucans_c + gdp_c + h_c
2_46_4_46_1_46_214_45_RXN,2.4.1.214-RXN,Unknown,1.2662803343949043,1.2662803343949043,1.0,0.0,MINIMAL,optimal,2,HS11506;HS07593,FUT7;FUT4,2_45_2_45_N_45_linked_45_Glycan_c + CPD_45_13118_c <=> N4_45_N_45_ACETYL_45_BETA_45_D_45_GLUCOSAMINYL_45_F_c + gdp_c + h_c
RXN_45_18092,RXN-18092,Unknown,1.2662803343949043,1.2662803343949043,1.0,0.0,MINIMAL,optimal,7,HS09617;HS05767;HS05482;HS07611;G66_33327;HS01949;G66_32539,GGT6;GGT2;GGT7;GGTLC1;GGTLC3;GGT5;GGT3P,GLYCYLGLYCINE_c + gthrd_c <=> CPD_45_19395_c + CYS_45_GLY_c
RXN_45_18300,RXN-18300,Unknown,1.2662803343949043,1.2662803343949043,1.0,0.0,MINIMAL,optimal,2,HS10855;HS11104,FUT1;FUT2,CPD_45_13118_c + SSEA3_c <=> Globo_45_H_c + gdp_c + h_c
TRANS_45_RXN66_45_1211,TRANS-RXN66-1211,Unknown,1.2662803343949043,1.2662803343949043,1.0,0.0,MINIMAL,optimal,1,HS11671,SLC35C1,GUANOSINE_DIPHOSPHATE_FUCOSE_c <=> GUANOSINE_DIPHOSPHATE_FUCOSE_CCO_45_GOLGI_45_LUM
RXN_45_3701,RXN-3701,Unknown,1.2662803343949043,1.2662803343949043,1.0,0.0,MINIMAL,optimal,5,HS09041;HS06425;HS09779;HS02171;HS16914,PGGT1B;RABGGTB;FNTA;RABGGTA;G_HS16914,CAAL_45_proteins_c + GERANYLGERANYL_45_PP_c <=> Geranylgeranylated_45_CAAL_45_proteins_c + ppi_c
RXN_45_19669,RXN-19669,Unknown,1.2662803343949043,1.2662803343949043,1.0,0.0,MINIMAL,optimal,1,HS04454,UBIAD1,GERANYLGERANYL_45_PP_c + MENADIOL_c <=> CPD_45_21305_c + ppi_c
RXN_45_18907,RXN-18907,Unknown,1.2662803343949043,1.2662803343949043,1.0,0.0,MINIMAL,optimal,2,HS05346;HS01658,PRKCSH;GANAB,Glc2Man9GlcNAc2_45_proteins_c + WATER_c <=> ALPHA_45_GLUCOSE_c + GlcMan9GlcNAc2_45_proteins_c
3_46_2_46_1_46_106_45_RXN,3.2.1.106-RXN,Unknown,1.2662803343949043,1.2662803343949043,1.0,0.0,MINIMAL,optimal,1,HS03863,MOGS,CPD_45_18077_c + WATER_c <=> GLC_c + Glc2Man9GlcNAc2_45_proteins_c
3_46_2_46_1_46_130_45_RXN,3.2.1.130-RXN,Unknown,1.2662803343949043,1.2662803343949043,1.0,0.0,MINIMAL,optimal,1,HS16090,MANEA,GlcMan9GlcNAc2_45_proteins_c + WATER_c <=> CPD_45_13557_c + Man8_45_GlcNAc2_45_protein_45_A123B12_c
RXN_45_18908,RXN-18908,Unknown,1.2662803343949043,1.2662803343949043,1.0,0.0,MINIMAL,optimal,2,HS05346;HS01658,PRKCSH;GANAB,GlcMan9GlcNAc2_45_proteins_c + WATER_c <=> ALPHA_45_GLUCOSE_c + Man9GlcNAc2_45_proteins_c
RXN0_45_5225,RXN0-5225,Unknown,1.2662803343949043,1.2662803343949043,1.0,0.0,MINIMAL,optimal,1,HS08567,PGLYRP2,CPD0_45_1080_c + WATER_c <=> CPD0_45_1081_c + CPD0_45_1082_c
RXN_45_14361,RXN-14361,Unknown,1.2662803343949043,1.2662803343949043,1.0,0.0,MINIMAL,optimal,9,G66_47652;G66_47591;HS03557;HS09519;HS17724;HS03272;G66_47559;HS16233;HS11970,UGT1A1;UGT1A6;B3GAT2;UGT1A5;G_HS17724;B3GAT1;UGT1A3;G_HS16233;UGT1A4,CPD0_45_934_c + udpglcur_c <=> CPD_45_15237_c + h_c + udp_c
TRANS_45_RXN_45_220,TRANS-RXN-220,Unknown,1.2662803343949043,1.2662803343949043,1.0,0.0,MINIMAL,optimal,0,,,CPD_45_13949_CCO_45_IN + WATER_CCO_45_IN + atp_CCO_45_IN <=> CPD_45_13949_CCO_45_OUT + adp_CCO_45_OUT + h_CCO_45_OUT + pi_CCO_45_OUT
GLUTARYL_45_COA_45_DEHYDROG_45_RXN,GLUTARYL-COA-DEHYDROG-RXN,Unknown,1.2662803343949043,1.2662803343949043,1.0,0.0,MINIMAL,optimal,1,HS02769,GCDH,ETF_45_Oxidized_c + GLUTARYL_45_COA_c + h_c <=> ETF_45_Reduced_c + GLUTACONYL_45_COA_c
GLUTARYL_45_COA_45_DEHYDROGENASE_45_RXN,GLUTARYL-COA-DEHYDROGENASE-RXN,Unknown,1.2662803343949043,1.2662803343949043,1.0,0.0,MINIMAL,optimal,1,HS02769,GCDH,ETF_45_Oxidized_c + GLUTARYL_45_COA_c + 2.0 h_c <=> CARBON_45_DIOXIDE_c + CROTONYL_45_COA_c + ETF_45_Reduced_c
RXN_45_14073,RXN-14073,Unknown,1.2662803343949043,1.2662803343949043,1.0,0.0,MINIMAL,optimal,7,HS00157;HS04929;HS02422;HS07938;HS08308;HS05338;HS17131,GDE1;GDE5;GDPD3;GDPD1;GDPD5;GDPD2;GDPD4,GLYCEROPHOSPHOGLYCEROL_c + WATER_c <=> GLYCEROL_c + glyc3p_c + h_c
RXN_45_14136,RXN-14136,Unknown,1.2662803343949043,1.2662803343949043,1.0,0.0,MINIMAL,optimal,7,HS00157;HS04929;HS02422;HS07938;HS08308;HS05338;HS17131,GDE1;GDE5;GDPD3;GDPD1;GDPD5;GDPD2;GDPD4,CPD0_45_2030_c + WATER_c <=> SER_c + glyc3p_c + h_c
RXN_45_11553,RXN-11553,Unknown,1.2662803343949043,1.2662803343949043,1.0,0.0,MINIMAL,optimal,2,HS10616;HS10603,HPSE;HPSE2,GlcA_45_n_45_3_45_O_45_sulfoGlcNS_c + WATER_c <=> Short_45_Heparan_45_Fragments_c
GLYRIBONUCSYN_45_RXN,GLYRIBONUCSYN-RXN,Unknown,1.2662803343949043,1.2662803343949043,1.0,0.0,MINIMAL,optimal,1,HS08358,GART,GLY_c + atp_c + pram_c <=> 5_45_PHOSPHO_45_RIBOSYL_45_GLYCINEAMIDE_c + adp_c + h_c + pi_c
GLYCINE_45_N_45_METHYLTRANSFERASE_45_RXN,GLYCINE-N-METHYLTRANSFERASE-RXN,Unknown,1.2662803343949043,1.2662803343949043,1.0,0.0,MINIMAL,optimal,1,HS04819,GNMT,GLY_c + amet_c <=> ADENOSYL_45_HOMO_45_CYS_c + SARCOSINE_c + h_c
5_45_AMINOLEVULINIC_45_ACID_45_SYNTHASE_45_RXN,5-AMINOLEVULINIC-ACID-SYNTHASE-RXN,Unknown,1.2662803343949043,1.2662803343949043,1.0,0.0,MINIMAL,optimal,2,HS00424;HS08311,ALAS1;ALAS2,GLY_m + h_m + succoa_m <=> 5_45_AMINO_45_LEVULINATE_m + CARBON_45_DIOXIDE_m + coa_m
GLYCINE_45_AMIDINOTRANSFERASE_45_RXN,GLYCINE-AMIDINOTRANSFERASE-RXN,Unknown,1.2662803343949043,1.2662803343949043,1.0,0.0,MINIMAL,optimal,1,HS10376,GATM,GLY_c + arg_DASH_DASH_DASH_L_c <=> GUANIDOACETIC_ACID_c + L_45_ORNITHINE_c
RXN_45_20401,RXN-20401,Unknown,1.2662803343949043,1.2662803343949043,1.0,0.0,MINIMAL,optimal,1,HS02174,GSS,CPD_45_22077_c + GLY_c + atp_c <=> CPD_45_20340_c + adp_c + h_c + pi_c
RXN_45_20407,RXN-20407,Unknown,1.2662803343949043,1.2662803343949043,1.0,0.0,MINIMAL,optimal,1,HS02174,GSS,CPD_45_407_c + GLY_c + atp_c <=> CPD0_45_2056_c + adp_c + h_c + pi_c
GCVMULTI_45_RXN,GCVMULTI-RXN,Unknown,1.2662803343949043,1.2662803343949043,1.0,0.0,MINIMAL,optimal,2,HS06771;HS17059,GCSH;GLDC,GLY_m + THF_45_GLU_45_N_m + nad_m <=> CARBON_45_DIOXIDE_m + METHYLENE_45_THF_45_GLU_45_N_m + nadh_m + nh4_m
GCVP_45_RXN,GCVP-RXN,Unknown,1.2662803343949043,1.2662803343949043,1.0,0.0,MINIMAL,optimal,3,HS00622;HS02540;HS17059,GLDC;OCA2;GLDC,gly_m + h_m + lpro_m <=> CARBON_45_DIOXIDE_m + alpro_m
GLYCINE_45_N_45_ACYLTRANSFERASE_45_RXN,GLYCINE-N-ACYLTRANSFERASE-RXN,Unknown,1.2662803343949043,1.2662803343949043,1.0,0.0,MINIMAL,optimal,3,HS14631;HS15495;HS07585,GLYATL2;GLYATL1;GLYAT,ACYL_45_COA_c + GLY_c <=> CPD_45_426_c + coa_c + h_c
TRANS_45_RXN66_45_1230,TRANS-RXN66-1230,Unknown,1.2662803343949043,1.2662803343949043,1.0,0.0,MINIMAL,optimal,1,HS04682,SLC36A1,GLY_e <=> GLY_c
RXN66_45_452,RXN66-452,Unknown,1.2662803343949043,1.2662803343949043,1.0,0.0,MINIMAL,optimal,3,HS09071;HS05853;HS02705,SLC6A18;SLC38A2;SLC1A5,GLY_e + NA_43__e <=> GLY_c + NA_43__c
RXN66_45_429,RXN66-429,Unknown,1.2662803343949043,1.2662803343949043,1.0,0.0,MINIMAL,optimal,3,HS00382;HS05853;HS02705,SLC38A5;SLC38A2;SLC1A5,GLY_e + NA_43__e <=> GLY_c + NA_43__c
TRANS_45_RXN66_45_1209,TRANS-RXN66-1209,Unknown,1.2662803343949043,1.2662803343949043,1.0,0.0,MINIMAL,optimal,4,G66_31595;HS09311;HS05853;HS02705,SLC6A9;SLC6A5;SLC38A2;SLC1A5,GLY_e + NA_43__e <=> GLY_c + NA_43__c
RXN_45_8729,RXN-8729,Unknown,1.2662803343949043,1.2662803343949043,1.0,0.0,MINIMAL,optimal,1,HS02732,SULT2A1,GLYCOLITHOCHOLATE_c + paps_c <=> GLYCOLITHOCHOLATE_45_3_45_SULFATES_c + h_c + pap_c
GLYCOSYLCERAMIDASE_45_RXN,GLYCOSYLCERAMIDASE-RXN,Unknown,1.2662803343949043,1.2662803343949043,1.0,0.0,MINIMAL,optimal,3,G66_32683;HS03945;HS11014,LCTL;LCT;GBA3,GLYCOSYL_45_N_45_ACYLSPHINGOSINE_c + WATER_c <=> D_45_aldohexoses_c + N_45_Acylsphingosine_c
RXN_45_17627,RXN-17627,Unknown,1.2662803343949043,1.2662803343949043,1.0,0.0,MINIMAL,optimal,2,HS05414;HS10343,CYP2E1;CYP2A6,ACETOL_c + OXYGEN_45_MOLECULE_c + Red_45_NADPH_45_Hemoprotein_45_Reductases_c <=> METHYL_45_GLYOXAL_c + Ox_45_NADPH_45_Hemoprotein_45_Reductases_c + 2.0 WATER_c
RXN0_45_6982,RXN0-6982,Unknown,1.2662803343949043,1.2662803343949043,1.0,0.0,MINIMAL,optimal,1,HS01144,DPP8,CPD_45_13395_c + WATER_c <=> ASN_c + GLY_c
RXN0_45_6987,RXN0-6987,Unknown,1.2662803343949043,1.2662803343949043,1.0,0.0,MINIMAL,optimal,1,HS01144,DPP8,CPD_45_13406_c + WATER_c <=> GLY_c + asp_DASH_DASH_DASH_L_c
RXN0_45_6984,RXN0-6984,Unknown,1.2662803343949043,1.2662803343949043,1.0,0.0,MINIMAL,optimal,1,HS01144,DPP8,CPD_45_3569_c + WATER_c <=> GLY_c + Glutamates_c
RXN0_45_6983,RXN0-6983,Unknown,1.2662803343949043,1.2662803343949043,1.0,0.0,MINIMAL,optimal,1,HS01144,DPP8,CPD_45_13394_c + WATER_c <=> GLN_c + GLY_c
RXN0_45_6974,RXN0-6974,Unknown,1.2662803343949043,1.2662803343949043,1.0,0.0,MINIMAL,optimal,1,HS01144,DPP8,CPD_45_13393_c + WATER_c <=> GLY_c + MET_c
RXN0_45_6988,RXN0-6988,Unknown,1.2662803343949043,1.2662803343949043,1.0,0.0,MINIMAL,optimal,1,HS01144,DPP8,CPD_45_10814_c + WATER_c <=> GLY_c + PRO_c
GUANIDINOACETATE_45_N_45_METHYLTRANSFERASE_45_RXN,GUANIDINOACETATE-N-METHYLTRANSFERASE-RXN,Unknown,1.2662803343949043,1.2662803343949043,1.0,0.0,MINIMAL,optimal,1,HS05327,GAMT,GUANIDOACETIC_ACID_c + amet_c <=> ADENOSYL_45_HOMO_45_CYS_c + CREATINE_c + h_c
GUANINE_45_DEAMINASE_45_RXN,GUANINE-DEAMINASE-RXN,Unknown,1.2662803343949043,1.2662803343949043,1.0,0.0,MINIMAL,optimal,1,HS04276,GDA,GUANINE_c + WATER_c + h_c <=> XANTHINE_c + nh4_c
RXN_45_14517,RXN-14517,Unknown,1.2662803343949043,1.2662803343949043,1.0,0.0,MINIMAL,optimal,1,HS13218,TRMT5,Guanine37_45_in_45_tRNAPhe_c + amet_c <=> ADENOSYL_45_HOMO_45_CYS_c + h_c + tRNAPhe_45_Containing_45_N1_45_Methylguanine_45_37_c
RXN0_45_5199,RXN0-5199,Unknown,1.2662803343949043,1.2662803343949043,1.0,0.0,MINIMAL,optimal,1,HS02151,PNP,GUANOSINE_c + pi_c <=> GUANINE_c + r1p_c
RXN_45_12058,RXN-12058,Unknown,1.2662803343949043,1.2662803343949043,1.0,0.0,MINIMAL,optimal,1,HS10729,CNP,CPD_45_3709_c + WATER_c <=> CPD_45_13025_c + h_c
RXN6666_45_4,RXN6666-4,Unknown,1.2662803343949043,1.2662803343949043,1.0,0.0,MINIMAL,optimal,2,HS01798;HS00966,MAOA;MAOB,OXYGEN_45_MOLECULE_c + WATER_c + dopa_c <=> 34_45_DIHYDROXYPHENYLACETALDEHYDE_c + HYDROGEN_45_PEROXIDE_c + nh4_c
RXN_45_10908,RXN-10908,Unknown,1.2662803343949043,1.2662803343949043,1.0,0.0,MINIMAL,optimal,2,HS01798;HS00966,MAOA;MAOB,OXYGEN_45_MOLECULE_c + WATER_c <=> DIHYDROXYPHENYLGLYCOLALDEHYDE_c + HYDROGEN_45_PEROXIDE_c + mma_c
RXN_45_10907,RXN-10907,Unknown,1.2662803343949043,1.2662803343949043,1.0,0.0,MINIMAL,optimal,2,HS01798;HS00966,MAOA;MAOB,OXYGEN_45_MOLECULE_c + WATER_c + nrpphr_c <=> DIHYDROXYPHENYLGLYCOLALDEHYDE_c + HYDROGEN_45_PEROXIDE_c + nh4_c
RXN_45_9015,RXN-9015,Unknown,1.2662803343949043,1.2662803343949043,1.0,0.0,MINIMAL,optimal,1,HS01609,SMOX,OXYGEN_45_MOLECULE_c + WATER_c + sprm_c <=> CPD_45_6082_c + HYDROGEN_45_PEROXIDE_c + spmd_c
ISOCHORMAT_45_RXN,ISOCHORMAT-RXN,Unknown,1.2662803343949043,1.2662803343949043,1.0,0.0,MINIMAL,optimal,2,HS00779;HS00883,ISOC2;ISOC1, <=> 
RXN_45_11554,RXN-11554,Unknown,1.2662803343949043,1.2662803343949043,1.0,0.0,MINIMAL,optimal,2,HS10616;HS10603,HPSE;HPSE2,GlcA_45_n_45_6_45_O_45_sulfoGlcNS_c + WATER_c <=> Short_45_Heparan_45_Fragments_c
RXN_45_13805,RXN-13805,Unknown,1.2662803343949043,1.2662803343949043,1.0,0.0,MINIMAL,optimal,4,HS08315;HS06534;G66_32105;HS04350,AGPAT6;AGPAT9;GPAT2;GPAM,CPD_45_14772_c + glyc3p_c <=> CPD_45_14828_c + coa_c
RXN_45_14172,RXN-14172,Unknown,1.2662803343949043,1.2662803343949043,1.0,0.0,MINIMAL,optimal,16,HS02532;HS11921;G66_31311;HS11936;HS00935;HS07766;HS01349;HS06695;HS11973;HS16174,ACSBG1;ACSM2A;ACSM4;FACL6;ACSL4;ACSL1;ACSL5;SLC27A2;ACSM5;ACSM6,HEXANOATE_c + atp_c + coa_c <=> HEXANOYL_45_COA_c + amp_c + ppi_c
RXN_45_14277,RXN-14277,Unknown,1.2662803343949043,1.2662803343949043,1.0,0.0,MINIMAL,optimal,2,HS09539;HS06436,ACAA2;HADHB,CPD0_45_2106_c + coa_c <=> HEXANOYL_45_COA_c + accoa_c
RXN_45_14278,RXN-14278,Unknown,1.2662803343949043,1.2662803343949043,1.0,0.0,MINIMAL,optimal,1,HS04089,ACADM,ETF_45_Oxidized_c + HEXANOYL_45_COA_c + h_c <=> CPD0_45_2121_c + ETF_45_Reduced_c
RXN_45_20224,RXN-20224,Unknown,1.2662803343949043,1.2662803343949043,1.0,0.0,MINIMAL,optimal,2,HS00706;HS09636,SOAT1;SOAT2,CHOLESTEROL_c + HEXANOYL_45_COA_c <=> CPD_45_21820_c + coa_c
RXN_45_18369,RXN-18369,Unknown,1.2662803343949043,1.2662803343949043,1.0,0.0,MINIMAL,optimal,1,HS00143,CROT,CARNITINE_c + HEXANOYL_45_COA_c <=> CPD_45_19739_c + coa_c
RXN_45_20351,RXN-20351,Unknown,1.2662803343949043,1.2662803343949043,1.0,0.0,MINIMAL,optimal,1,HS01909,TECR,CPD_45_22023_c + NADPH_c + h_c <=> CPD_45_22020_c + nadp_c
RXN_45_19944,RXN-19944,Unknown,1.2662803343949043,1.2662803343949043,1.0,0.0,MINIMAL,optimal,1,HS07681,CNDP1,CPD_45_12185_c + WATER_c <=> 4_45_AMINO_45_BUTYRATE_c + HIS_c
HOMOGENTISATE_45_12_45_DIOXYGENASE_45_RXN,HOMOGENTISATE-12-DIOXYGENASE-RXN,Unknown,1.2662803343949043,1.2662803343949043,1.0,0.0,MINIMAL,optimal,1,HS03728,HGD,HOMOGENTISATE_c + OXYGEN_45_MOLECULE_c <=> 4_45_MALEYL_45_ACETOACETATE_c + h_c
RXN_45_11217,RXN-11217,Unknown,1.2662803343949043,1.2662803343949043,1.0,0.0,MINIMAL,optimal,6,HS07755;HS03707;HS01785;HS08246;HS01085;HS07460,DPYSL4;DPYSL3;DPYSL2;DPYSL5;CRMP1;DPYS,HYDANTOIN_c + WATER_c <=> N_45_CARBAMOYLGLYCINE_c + h_c
THIOSULFATE_45_SULFURTRANSFERASE_45_RXN,THIOSULFATE-SULFURTRANSFERASE-RXN,Unknown,1.2662803343949043,1.2662803343949043,1.0,0.0,MINIMAL,optimal,3,G66_46939;HS05179;G66_46901,TSTD3;TST;TSTD1,HCN_m + S2O3_m <=> HSCN_m + SO3_m + 2.0 h_m
IODIDE_45_PEROXIDASE_45_RXN,IODIDE-PEROXIDASE-RXN,Unknown,1.2662803343949043,1.2662803343949043,1.0,0.0,MINIMAL,optimal,1,HS03930,TPO,2.0 CPD_45_387_c + HYDROGEN_45_PEROXIDE_c + 2.0 h_c <=> IODINE_45_MOLECULE_c + 2.0 WATER_c
RXN_45_19036,RXN-19036,Unknown,1.2662803343949043,1.2662803343949043,1.0,0.0,MINIMAL,optimal,1,HS06393,SQRDL,ETR_45_Quinones_c + HS_c + gthrd_c <=> CPD_45_11281_c + ETR_45_Quinols_c
RXN_45_17625,RXN-17625,Unknown,1.2662803343949043,1.2662803343949043,1.0,0.0,MINIMAL,optimal,2,HS05414;HS10343,CYP2E1;CYP2A6,ACETOL_c + OXYGEN_45_MOLECULE_c + Red_45_NADPH_45_Hemoprotein_45_Reductases_c <=> CPD_45_19065_c + Ox_45_NADPH_45_Hemoprotein_45_Reductases_c + WATER_c
RXN0_45_6975,RXN0-6975,Unknown,1.2662803343949043,1.2662803343949043,1.0,0.0,MINIMAL,optimal,2,HS01144;HS05755,DPP8;CNDP2,CPD_45_13404_c + WATER_c <=> L_45_ALPHA_45_ALANINE_c + asp_DASH_DASH_DASH_L_c
RXN0_45_305,RXN0-305,Unknown,1.2662803343949043,1.2662803343949043,1.0,0.0,MINIMAL,optimal,1,HS17157,HYI,OH_45_PYR_c <=> TARTRONATE_45_S_45_ALD_c
RXN_45_9157,RXN-9157,Unknown,1.2662803343949043,1.2662803343949043,1.0,0.0,MINIMAL,optimal,6,HS09617;HS05482;HS07611;G66_33327;HS01949;G66_32539,GGT6;GGT7;GGTLC1;GGTLC3;GGT5;GGT3P,CPD_45_9699_c + gthrd_c <=> CPD_45_9700_c + CYS_45_GLY_c
RXN_45_7682,RXN-7682,Unknown,1.2662803343949043,1.2662803343949043,1.0,0.0,MINIMAL,optimal,1,HS08270,XDH,HYPOXANTHINE_c + WATER_c + nad_c <=> XANTHINE_c + h_c + nadh_c
RXN_45_13306,RXN-13306,Unknown,1.2662803343949043,1.2662803343949043,1.0,0.0,MINIMAL,optimal,1,HS01909,TECR,CPD_45_14280_c + NADPH_c + h_c <=> CPD_45_9965_c + nadp_c
RXN_45_20370,RXN-20370,Unknown,1.2662803343949043,1.2662803343949043,1.0,0.0,MINIMAL,optimal,2,HS01702;G66_37868,CERS4;CERS1,CPD_45_9965_c + sphgn_c <=> CPD_45_22036_c + coa_c + h_c
RXN_45_20397,RXN-20397,Unknown,1.2662803343949043,1.2662803343949043,1.0,0.0,MINIMAL,optimal,1,HS15665,DEGS2,CPD_45_13611_c + 2.0 FERROCYTOCHROME_45_B5_c + OXYGEN_45_MOLECULE_c + 2.0 h_c <=> CPD_45_22075_c + 2.0 FERRICYTOCHROME_45_B5_c + WATER_c
RXN_45_14713,RXN-14713,Unknown,1.2662803343949043,1.2662803343949043,1.0,0.0,MINIMAL,optimal,1,HS05414,CYP2E1,INDOLE_c + OXYGEN_45_MOLECULE_c + h_c + nadh_c <=> INDOXYL_c + WATER_c + nad_c
RXN_45_5424,RXN-5424,Unknown,1.2662803343949043,1.2662803343949043,1.0,0.0,MINIMAL,optimal,2,HS08983;HS10600,ADH1B;ADH6,3_45_INDOLYLGLYCOLALDEHYDE_c + h_c + nadh_c <=> INDOLE_45_3_45_GLYCOL_c + nad_c
RXNQT_45_4363,RXNQT-4363,Unknown,1.2662803343949043,1.2662803343949043,1.0,0.0,MINIMAL,optimal,7,HS01512;HS01468;HS01846;G_10221;HS00245;HS07009;HS02868,MGST2;GSTP1;GSTA2;GSTA1;MGST1;MGST3;GSTK1,CPDQT_45_429_c + gthrd_c <=> CPDQT_45_434_c
RXN_45_15587,RXN-15587,Unknown,1.2662803343949043,1.2662803343949043,1.0,0.0,MINIMAL,optimal,2,HS09898;HS11091,SULT1A1;SULT1A2,INDOXYL_c + paps_c <=> CPD_45_16817_c + h_c + pap_c
RXN_45_16165,RXN-16165,Unknown,1.2662803343949043,1.2662803343949043,1.0,0.0,MINIMAL,optimal,2,HS07813;HS09496,MARS2;MARS,Initiation_45_tRNAmet_c + MET_c + atp_c <=> L_45_methionyl_45_tRNAfmet_c + amp_c + ppi_c
INOPHOSPHOR_45_RXN,INOPHOSPHOR-RXN,Unknown,1.2662803343949043,1.2662803343949043,1.0,0.0,MINIMAL,optimal,1,HS02151,PNP,INOSINE_c + pi_c <=> HYPOXANTHINE_c + r1p_c
TRANS_45_RXN66_45_1151,TRANS-RXN66-1151,Unknown,1.2662803343949043,1.2662803343949043,1.0,0.0,MINIMAL,optimal,1,HS02776,SLC5A5,CPD_45_387_e + NA_43__e <=> CPD_45_387_c + NA_43__c
RXN_45_7657,RXN-7657,Unknown,1.2662803343949043,1.2662803343949043,1.0,0.0,MINIMAL,optimal,2,HS08983;HS10600,ADH1B;ADH6,ISOBUTANOL_c + nad_c <=> CPD_45_7000_c + h_c + nadh_c
RXN_45_19386,RXN-19386,Unknown,1.2662803343949043,1.2662803343949043,1.0,0.0,MINIMAL,optimal,1,HS13524,IAH1,CPD_45_19628_c + WATER_c <=> ISOBUTANOL_c + ac_c + h_c
RXN_45_20037,RXN-20037,Unknown,1.2662803343949043,1.2662803343949043,1.0,0.0,MINIMAL,optimal,1,HS01304,NFS1,Adenylated_45_ThiS_45_Proteins_c + CYS_c + Donor_45_H2_c <=> Acceptor_c + L_45_ALPHA_45_ALANINE_c + Thiocarboxyadenylated_45_ThiS_45_Proteins_c + amp_c + 2.0 h_c
RXN_45_4210,RXN-4210,Unknown,1.2662803343949043,1.2662803343949043,1.0,0.0,MINIMAL,optimal,1,HS10588,DHCR7,CPD_45_4126_c + NADPH_c + h_c <=> CPD_45_4127_c + nadp_c
TRANS_45_RXN66_45_557,TRANS-RXN66-557,Unknown,1.2662803343949043,1.2662803343949043,1.0,0.0,MINIMAL,optimal,97,HS01157;HS08098;HS01423;HS09946;HS07924;HS05249;HS09110;HS10173;HS11218;HS07787,KCNQ2;KCNMA1;KCNK2;KCNK9;KCNJ16;KCNC1;KCNK5;KCNS3;KCNJ10;KCNE4,K_43__e <=> K_43__c
3_46_6_46_3_46_10_45_RXN,3.6.3.10-RXN,Unknown,1.2662803343949043,1.2662803343949043,1.0,0.0,MINIMAL,optimal,3,HS01186;G66_33511;HS02790,ATP12A;ATP4B;ATP4A,K_43__e + WATER_c + atp_c + atp_e + h_e <=> K_43__c + adp_c + h_c + pi_c
TRANS_45_RXN_45_2,TRANS-RXN-2,Unknown,1.2662803343949043,1.2662803343949043,1.0,0.0,MINIMAL,optimal,0,,,WATER_c + atp_c <=> K_43__c + adp_c + h_c + pi_c
RXN66_45_596,RXN66-596,Unknown,1.2662803343949043,1.2662803343949043,1.0,0.0,MINIMAL,optimal,4,HS05414;HS06458;HS10343;HS06728,CYP2E1;CYP2C9;CYP2A6;CYP1A2,CPD_45_7252_c + OXYGEN_45_MOLECULE_c + Red_45_NADPH_45_Hemoprotein_45_Reductases_c <=> CPD1F_45_90_c + FORMALDEHYDE_c + Ox_45_NADPH_45_Hemoprotein_45_Reductases_c + WATER_c
PSERPHOSPHA_45_RXN,PSERPHOSPHA-RXN,Unknown,1.2662803343949043,1.2662803343949043,1.0,0.0,MINIMAL,optimal,1,HS07370,PSPH,Phosphoserines_c + WATER_c + h_c <=> Serines_c + pi_c
2_45_AMINOADIPATE_45_AMINOTRANSFERASE_45_RXN,2-AMINOADIPATE-AMINOTRANSFERASE-RXN,Unknown,1.2662803343949043,1.2662803343949043,1.0,0.0,MINIMAL,optimal,1,HS03239,AADAT,2K_45_ADIPATE_c + Glutamates_c <=> CPD_45_468_c + akg_c
RXN_45_17832,RXN-17832,Unknown,1.2662803343949043,1.2662803343949043,1.0,0.0,MINIMAL,optimal,5,HS08137;HS10703;HS00287;HS09010;G66_47588,TYSND1;PRSS2;PRSS3;PRSS12;PRSS3P2,CPD_45_19202_c + WATER_c <=> CPD_45_19203_c + CPD_45_19205_c
SEPIAPTERIN_45_REDUCTASE_45_RXN,SEPIAPTERIN-REDUCTASE-RXN,Unknown,1.2662803343949043,1.2662803343949043,1.0,0.0,MINIMAL,optimal,1,HS03979,SPR,CPD_45_374_c + NADPH_c + h_c <=> CPD_45_14202_c + nadp_c
RXN_45_13222,RXN-13222,Unknown,1.2662803343949043,1.2662803343949043,1.0,0.0,MINIMAL,optimal,1,HS03979,SPR,CPD_45_374_c + NADPH_c + h_c <=> CPD_45_14203_c + nadp_c
RXN_45_20406,RXN-20406,Unknown,1.2662803343949043,1.2662803343949043,1.0,0.0,MINIMAL,optimal,1,HS00071,GCLC,Glutamates_c + L_45_ALPHA_45_ALANINE_c + atp_c <=> CPD_45_407_c + adp_c + h_c + pi_c
RXN66_45_450,RXN66-450,Unknown,1.2662803343949043,1.2662803343949043,1.0,0.0,MINIMAL,optimal,1,HS04682,SLC36A1,L_45_ALPHA_45_ALANINE_e <=> L_45_ALPHA_45_ALANINE_c
RXN66_45_453,RXN66-453,Unknown,1.2662803343949043,1.2662803343949043,1.0,0.0,MINIMAL,optimal,4,HS02705;HS09071;HS05853;HS03950,SLC1A5;SLC6A18;SLC38A2;SLC1A4,L_45_ALPHA_45_ALANINE_e + NA_43__e <=> L_45_ALPHA_45_ALANINE_c + NA_43__c
RXN66_45_431,RXN66-431,Unknown,1.2662803343949043,1.2662803343949043,1.0,0.0,MINIMAL,optimal,3,HS00382;HS05853;HS02705,SLC38A5;SLC38A2;SLC1A5,L_45_ALPHA_45_ALANINE_e + NA_43__e <=> L_45_ALPHA_45_ALANINE_c + NA_43__c
RXN0_45_6977,RXN0-6977,Unknown,1.2662803343949043,1.2662803343949043,1.0,0.0,MINIMAL,optimal,1,HS01144,DPP8,ALA_45_GLY_c + WATER_c <=> GLY_c + L_45_ALPHA_45_ALANINE_c
RXN_45_15650,RXN-15650,Unknown,1.2662803343949043,1.2662803343949043,1.0,0.0,MINIMAL,optimal,1,G_11453,CCBL1,2kmb_c + GLN_c <=> 2_45_KETO_45_GLUTARAMATE_c + MET_c
RXN0_45_6981,RXN0-6981,Unknown,1.2662803343949043,1.2662803343949043,1.0,0.0,MINIMAL,optimal,2,HS01144;HS05755,DPP8;CNDP2,CPD0_45_1445_c + WATER_c <=> Glutamates_c + L_45_ALPHA_45_ALANINE_c
RXN0_45_6976,RXN0-6976,Unknown,1.2662803343949043,1.2662803343949043,1.0,0.0,MINIMAL,optimal,1,HS01144,DPP8,CPD_45_13403_c + WATER_c <=> GLN_c + L_45_ALPHA_45_ALANINE_c
RXN0_45_6978,RXN0-6978,Unknown,1.2662803343949043,1.2662803343949043,1.0,0.0,MINIMAL,optimal,2,HS01144;HS05755,DPP8;CNDP2,CPD_45_13401_c + WATER_c <=> HIS_c + L_45_ALPHA_45_ALANINE_c
RXN0_45_6979,RXN0-6979,Unknown,1.2662803343949043,1.2662803343949043,1.0,0.0,MINIMAL,optimal,1,HS01144,DPP8,CPD_45_13398_c + WATER_c <=> LEU_c + L_45_ALPHA_45_ALANINE_c
RXN0_45_6980,RXN0-6980,Unknown,1.2662803343949043,1.2662803343949043,1.0,0.0,MINIMAL,optimal,1,HS01144,DPP8,CPD_45_13397_c + WATER_c <=> L_45_ALPHA_45_ALANINE_c + THR_c
RXN_45_14102,RXN-14102,Unknown,1.2662803343949043,1.2662803343949043,1.0,0.0,MINIMAL,optimal,2,HS02925;HS01502,AKR1B10;AKR1B1,L_45_ARABITOL_c + nad_c <=> CPD_45_15699_c + h_c + nadh_c
RXN_45_8772,RXN-8772,Unknown,1.2662803343949043,1.2662803343949043,1.0,0.0,MINIMAL,optimal,6,HS02925;HS04133;HS11440;HS01502;HS08983;HS06681,AKR1B10;AKR1A1;ZADH2;AKR1B1;ADH1B;PTGR2,L_45_ARABITOL_c + nadp_c <=> L_45_arabinopyranose_c + NADPH_c + h_c
RXN66_45_430,RXN66-430,Unknown,1.2662803343949043,1.2662803343949043,1.0,0.0,MINIMAL,optimal,1,HS00382,SLC38A5,ASN_e + NA_43__e <=> ASN_c + NA_43__c
CARNITINE_45_O_45_ACETYLTRANSFERASE_45_RXN,CARNITINE-O-ACETYLTRANSFERASE-RXN,Unknown,1.2662803343949043,1.2662803343949043,1.0,0.0,MINIMAL,optimal,1,HS01816,CRAT,CARNITINE_m + accoa_m <=> O_45_ACETYLCARNITINE_m + coa_m
RXN_45_18373,RXN-18373,Unknown,1.2662803343949043,1.2662803343949043,1.0,0.0,MINIMAL,optimal,3,HS03286;HS09892;HS08187,CPT1A;CPT1C;CPT2,CARNITINE_c + ddcacoa_c <=> CPD_45_19743_c + coa_c
CARNITINE_45_O_45_OCTANOYLTRANSFERASE_45_RXN,CARNITINE-O-OCTANOYLTRANSFERASE-RXN,Unknown,1.2662803343949043,1.2662803343949043,1.0,0.0,MINIMAL,optimal,1,HS00143,CROT,CARNITINE_c + occoa_c <=> L_45_OCTANOYLCARNITINE_c + coa_c
CRNtuIR,CRNtuIR,Unknown,1.2662803343949043,1.2662803343949043,1.0,0.0,MINIMAL,optimal,0,,,CARNITINE_e <=> CARNITINE_c
TRANS_45_RXN66_45_1283,TRANS-RXN66-1283,Unknown,1.2662803343949043,1.2662803343949043,1.0,0.0,MINIMAL,optimal,3,HS01121;HS09259;HS01294,VDAC1;VDAC2;VDAC3,CARNITINE_m <=> CARNITINE_c
ARGSUCCINSYN_45_RXN,ARGSUCCINSYN-RXN,Unknown,1.2662803343949043,1.2662803343949043,1.0,0.0,MINIMAL,optimal,1,HS05425,ASS1,L_45_CITRULLINE_c + asp_DASH_DASH_DASH_L_c + atp_c <=> L_45_ARGININO_45_SUCCINATE_c + amp_c + h_c + ppi_c
RXN_45_15130,RXN-15130,Unknown,1.2662803343949043,1.2662803343949043,1.0,0.0,MINIMAL,optimal,1,HS04050,CTH,L_45_CYSTATHIONINE_c + WATER_c <=> 2obut_c + CYS_c + nh4_c
KYNURENINE_45_3_45_MONOOXYGENASE_45_RXN,KYNURENINE-3-MONOOXYGENASE-RXN,Unknown,1.2662803343949043,1.2662803343949043,1.0,0.0,MINIMAL,optimal,1,HS04082,KMO,CPD_45_14736_c + NADPH_c + OXYGEN_45_MOLECULE_c + h_c <=> 3_45_HYDROXY_45_L_45_KYNURENINE_c + WATER_c + nadp_c
RXN_45_12588,RXN-12588,Unknown,1.2662803343949043,1.2662803343949043,1.0,0.0,MINIMAL,optimal,1,HS01304,NFS1,CYS_c + Unsulfurated_45_Sulfur_45_Acceptors_c <=> L_45_ALPHA_45_ALANINE_c + Sulfurated_45_Sulfur_45_Acceptors_c
LCYSDESULF_45_RXN,LCYSDESULF-RXN,Unknown,1.2662803343949043,1.2662803343949043,1.0,0.0,MINIMAL,optimal,1,HS04050,CTH,CYS_c + WATER_c <=> HS_c + nh4_c + pyr_c
RXN_45_19038,RXN-19038,Unknown,1.2662803343949043,1.2662803343949043,1.0,0.0,MINIMAL,optimal,2,HS08461;G66_47166,CBS;CBSL,CYS_c + WATER_c <=> HS_c + SER_c
RXN66_45_562,RXN66-562,Unknown,1.2662803343949043,1.2662803343949043,1.0,0.0,MINIMAL,optimal,3,HS08461;HS04050;G66_47166,CBS;CTH;CBSL,CYS_c + HOMO_45_CYS_c <=> HS_c + L_45_CYSTATHIONINE_c
RXN_45_8351,RXN-8351,Unknown,1.2662803343949043,1.2662803343949043,1.0,0.0,MINIMAL,optimal,1,HS12240,MOCOS,CPD_45_8123_c + CYS_c + Donor_45_H2_c <=> Acceptor_c + CPD_45_8124_c + L_45_ALPHA_45_ALANINE_c + WATER_c
CYSTEINE_45_DIOXYGENASE_45_RXN,CYSTEINE-DIOXYGENASE-RXN,Unknown,1.2662803343949043,1.2662803343949043,1.0,0.0,MINIMAL,optimal,1,HS05299,CDO1,CYS_c + OXYGEN_45_MOLECULE_c <=> 3_45_SULFINOALANINE_c + h_c
RXN_45_15881,RXN-15881,Unknown,1.2662803343949043,1.2662803343949043,1.0,0.0,MINIMAL,optimal,1,HS01304,NFS1,CYS_c + L_45_Cysteine_45_Desulfurases_c <=> L_45_ALPHA_45_ALANINE_c + Persulfurated_45_L_45_cysteine_45_desulfurases_c
RXN_45_6622,RXN-6622,Unknown,1.2662803343949043,1.2662803343949043,1.0,0.0,MINIMAL,optimal,2,HS01144;HS05755,DPP8;CNDP2,CYS_45_GLY_c + WATER_c <=> CYS_c + GLY_c
TRANS_45_RXN66_45_556,TRANS-RXN66-556,Unknown,1.2662803343949043,1.2662803343949043,1.0,0.0,MINIMAL,optimal,2,HS06450;HS00410,SLC3A1;SLC7A9,CYSTINE_e <=> CYSTINE_c
TRANS_45_RXN_45_211,TRANS-RXN-211,Unknown,1.2662803343949043,1.2662803343949043,1.0,0.0,MINIMAL,optimal,0,,,CYSTINE_e + Glutamates_c <=> CYSTINE_c + glu_DASH_DASH_DASH_L_e
RXN_45_10870,RXN-10870,Unknown,1.2662803343949043,1.2662803343949043,1.0,0.0,MINIMAL,optimal,3,G66_31611;HS01791;HS09260,LRTOMT;COMT;COMTD1,L_45_DIHYDROXY_45_PHENYLALANINE_c + amet_c <=> ADENOSYL_45_HOMO_45_CYS_c + CPD_45_11496_c + h_c
DOPACHROME_45_DELTA_45_ISOMERASE_45_RXN,DOPACHROME-DELTA-ISOMERASE-RXN,Unknown,1.2662803343949043,1.2662803343949043,1.0,0.0,MINIMAL,optimal,2,HS01347;HS07219,DCT;TRPC1,L_45_DOPACHROME_c <=> 56_45_DIHYDROXYINDOLE_45_2_45_CARBOXYLATE_c
FUCOKINASE_45_RXN,FUCOKINASE-RXN,Unknown,1.2662803343949043,1.2662803343949043,1.0,0.0,MINIMAL,optimal,1,HS08207,FUK,L_45_Fucopyranoses_c + atp_c <=> CPD_45_488_c + adp_c + h_c
GLUTSEMIALDEHYDROG_45_RXN,GLUTSEMIALDEHYDROG-RXN,Unknown,1.2662803343949043,1.2662803343949043,1.0,0.0,MINIMAL,optimal,1,HS00730,ALDH18A1,NADPH_m + glu5p_m + h_m <=> L_45_GLUTAMATE_GAMMA_45_SEMIALDEHYDE_m + nadp_m + pi_m
GLUTAMINE_45__45_PYRUVATE_45_AMINOTRANSFERASE_45_RXN,GLUTAMINE--PYRUVATE-AMINOTRANSFERASE-RXN,Unknown,1.2662803343949043,1.2662803343949043,1.0,0.0,MINIMAL,optimal,1,HS06001,GLS2,GLN_c + pyr_c <=> 2_45_KETO_45_GLUTARAMATE_c + L_45_ALPHA_45_ALANINE_c
RXN66_45_451,RXN66-451,Unknown,1.2662803343949043,1.2662803343949043,1.0,0.0,MINIMAL,optimal,1,HS04682,SLC36A1,PRO_e <=> PRO_c
6_46_3_46_5_46_6_45_RXN,6.3.5.6-RXN,Unknown,1.2662803343949043,1.2662803343949043,1.0,0.0,MINIMAL,optimal,3,HS00732;HS11886;HS05375,PET112L;G_HS11886;QRSL1,GLN_c + L_45_aspartyl_45_tRNAAsn_c + WATER_c + atp_c <=> Charged_45_ASN_45_tRNAs_c + Glutamates_c + adp_c + h_c + pi_c
6_46_3_46_5_46_7_45_RXN,6.3.5.7-RXN,Unknown,1.2662803343949043,1.2662803343949043,1.0,0.0,MINIMAL,optimal,3,HS11882;HS00732;HS05375,G_HS11882;PET112L;QRSL1,GLN_c + L_45_glutamyl_45_tRNAGln_c + WATER_c + atp_c <=> Charged_45_GLN_45_tRNAs_c + Glutamates_c + adp_c + h_c + pi_c
ASNSYNB_45_RXN,ASNSYNB-RXN,Unknown,1.2662803343949043,1.2662803343949043,1.0,0.0,MINIMAL,optimal,2,HS06495;HS01002,ASNSD1;ASNS,GLN_c + WATER_c + asp_DASH_DASH_DASH_L_c + atp_c <=> ASN_c + Glutamates_c + amp_c + h_c + ppi_c
TRANS_45_RXN66_45_1231,TRANS-RXN66-1231,Unknown,1.2662803343949043,1.2662803343949043,1.0,0.0,MINIMAL,optimal,2,HS02450;HS09679,SLC7A6;SLC3A2,GLN_c + arg_DASH_DASH_DASH_L_e <=> GLN_e + arg_DASH_DASH_DASH_L_c
RXN66_45_433,RXN66-433,Unknown,1.2662803343949043,1.2662803343949043,1.0,0.0,MINIMAL,optimal,3,HS00382;HS05853;HS02705,SLC38A5;SLC38A2;SLC1A5,GLN_e + NA_43__e <=> GLN_c + NA_43__c
HISTIDINE_45_DECARBOXYLASE_45_RXN,HISTIDINE-DECARBOXYLASE-RXN,Unknown,1.2662803343949043,1.2662803343949043,1.0,0.0,MINIMAL,optimal,1,HS06697,HDC,HIS_c + h_c <=> CARBON_45_DIOXIDE_c + hista_c
HISTIDINE_45_AMMONIA_45_LYASE_45_RXN,HISTIDINE-AMMONIA-LYASE-RXN,Unknown,1.2662803343949043,1.2662803343949043,1.0,0.0,MINIMAL,optimal,1,HS01466,HAL,HIS_c <=> UROCANATE_c + nh4_c
RXN66_45_434,RXN66-434,Unknown,1.2662803343949043,1.2662803343949043,1.0,0.0,MINIMAL,optimal,1,HS00382,SLC38A5,HIS_e + NA_43__e <=> HIS_c + NA_43__c
HOMOCYSMET_45_RXN,HOMOCYSMET-RXN,Unknown,1.2662803343949043,1.2662803343949043,1.0,0.0,MINIMAL,optimal,3,HS05931;HS04076;HS08005,ADAMTS8;MTR;ADAMTS1,CPD_45_1302_c + HOMO_45_CYS_c <=> CPD_45_1301_c + MET_c
HOMOCYSMETB12_45_RXN,HOMOCYSMETB12-RXN,Unknown,1.2662803343949043,1.2662803343949043,1.0,0.0,MINIMAL,optimal,3,HS05931;HS08005;HS04076,ADAMTS8;ADAMTS1;MTR,5_45_METHYL_45_THF_45_GLU_45_N_c + HOMO_45_CYS_c <=> MET_c + THF_45_GLU_45_N_c
HOMOCYSTEINE_45_DESULFHYDRASE_45_RXN,HOMOCYSTEINE-DESULFHYDRASE-RXN,Unknown,1.2662803343949043,1.2662803343949043,1.0,0.0,MINIMAL,optimal,1,HS04050,CTH,HOMO_45_CYS_c + WATER_c <=> 2obut_c + HS_c + nh4_c
CYSTATHIONINE_45_BETA_45_SYNTHASE_45_RXN,CYSTATHIONINE-BETA-SYNTHASE-RXN,Unknown,1.2662803343949043,1.2662803343949043,1.0,0.0,MINIMAL,optimal,2,HS08461;G66_47166,CBS;CBSL,HOMO_45_CYS_c + SER_c <=> L_45_CYSTATHIONINE_c + WATER_c
L_45_IDITOL_45_2_45_DEHYDROGENASE_45_RXN,L-IDITOL-2-DEHYDROGENASE-RXN,Unknown,1.2662803343949043,1.2662803343949043,1.0,0.0,MINIMAL,optimal,3,HS14782;HS06691;HS16030,G_HS14782;SORD;G_HS16030,CPD_45_369_c + nad_c <=> CPD_45_15616_c + h_c + nadh_c
2_46_6_46_1_46_7_45_RXN,2.6.1.7-RXN,Unknown,1.2662803343949043,1.2662803343949043,1.0,0.0,MINIMAL,optimal,4,G_11453;HS03239;HS06422;HS04858,CCBL1;AADAT;CCBL2;GOT2,CPD_45_14736_c + akg_c <=> CPD_45_476_c + Glutamates_c
KYNURENINASE_45_RXN,KYNURENINASE-RXN,Unknown,1.2662803343949043,1.2662803343949043,1.0,0.0,MINIMAL,optimal,1,HS03952,KYNU,CPD_45_14736_c + WATER_c <=> ANTHRANILATE_c + L_45_ALPHA_45_ALANINE_c + h_c
RXN_45_10614,RXN-10614,Unknown,1.2662803343949043,1.2662803343949043,1.0,0.0,MINIMAL,optimal,2,HS09898;HS11091,SULT1A1;SULT1A2,L_45_THYROXINE_c + paps_c <=> CPD_45_11407_c + h_c + pap_c
RXN66_45_447,RXN66-447,Unknown,1.2662803343949043,1.2662803343949043,1.0,0.0,MINIMAL,optimal,3,HS02481;HS02450;HS09679,SLC7A5;SLC7A6;SLC3A2,LEU_e <=> 
UMPK4n,"UMP kinase (GTP),nuclear",Unknown,1.2662803343949043,1.2662803343949043,1.0,0.0,MINIMAL,optimal,1,51727_AT1,CMPK1,gtp_n + ump_n <=> gdp_n + udp_n
UMPK5,UMP kinase (dATP),Unknown,1.2662803343949043,1.2662803343949043,1.0,0.0,MINIMAL,optimal,1,51727_AT1,CMPK1,datp_c + ump_c <=> dadp_c + udp_c
1_46_8_46_4_46_14_45_RXN,1.8.4.14-RXN,Unknown,1.2662803343949043,1.2662803343949043,1.0,0.0,MINIMAL,optimal,2,HS07529;HS16296,MSRB2;MSRB3,CPD_45_8990_c + Red_45_Thioredoxin_c <=> MET_c + Ox_45_Thioredoxin_c + WATER_c
1_46_8_46_4_46_13_45_RXN,1.8.4.13-RXN,Unknown,1.2662803343949043,1.2662803343949043,1.0,0.0,MINIMAL,optimal,1,HS10977,MSRA,CPD_45_8989_c + Red_45_Thioredoxin_c <=> MET_c + Ox_45_Thioredoxin_c + WATER_c
RXN0_45_6985,RXN0-6985,Unknown,1.2662803343949043,1.2662803343949043,1.0,0.0,MINIMAL,optimal,1,HS01144,DPP8,CPD_45_13390_c + WATER_c <=> L_45_ALPHA_45_ALANINE_c + MET_c
ORNDECARBOX_45_RXN,ORNDECARBOX-RXN,Unknown,1.2662803343949043,1.2662803343949043,1.0,0.0,MINIMAL,optimal,1,HS03935,ODC1,L_45_ORNITHINE_c + h_c <=> CARBON_45_DIOXIDE_c + ptrc_c
ORNITHINE_45_GLU_45_AMINOTRANSFERASE_45_RXN,ORNITHINE-GLU-AMINOTRANSFERASE-RXN,Unknown,1.2662803343949043,1.2662803343949043,1.0,0.0,MINIMAL,optimal,1,HS00832,OAT,L_45_ORNITHINE_m + akg_m <=> L_45_GLUTAMATE_GAMMA_45_SEMIALDEHYDE_m + glu_DASH_DASH_DASH_L_m
ORNITHINE_45__45_OXO_45_ACID_45_AMINOTRANSFERASE_45_RXN,ORNITHINE--OXO-ACID-AMINOTRANSFERASE-RXN,Unknown,1.2662803343949043,1.2662803343949043,1.0,0.0,MINIMAL,optimal,1,HS00832,OAT,2_45_Oxo_45_carboxylates_c + L_45_ORNITHINE_c <=> Amino_45_Acids_45_20_c + L_45_GLUTAMATE_GAMMA_45_SEMIALDEHYDE_c
TRANS_45_RXN66_45_1103,TRANS-RXN66-1103,Unknown,1.2662803343949043,1.2662803343949043,1.0,0.0,MINIMAL,optimal,2,HS04394;HS02406,SLC25A2;SLC25A15,L_45_ORNITHINE_c <=> L_45_ORNITHINE_m
RXN_45_10814,RXN-10814,Unknown,1.2662803343949043,1.2662803343949043,1.0,0.0,MINIMAL,optimal,3,HS09890;G_9928;HS04858,GOT1L1;GOT1;GOT2,akg_m + phe__L_m <=> glu_DASH_DASH_DASH_L_m + phpyr_m
RXN66_45_445,RXN66-445,Unknown,1.2662803343949043,1.2662803343949043,1.0,0.0,MINIMAL,optimal,2,HS02481;HS09679,SLC7A5;SLC3A2,PHE_e <=> 
RXN_45_8166,RXN-8166,Unknown,1.2662803343949043,1.2662803343949043,1.0,0.0,MINIMAL,optimal,1,HS02488,CRYM,DELTA1_45_PIPERIDEINE_45_2_45_CARBOXYLATE_c + NADH_45_P_45_OR_45_NOP_c + 2.0 h_c <=> L_45_PIPECOLATE_c + NAD_45_P_45_OR_45_NOP_c
L_45_PIPECOLATE_45_OXIDASE_45_RXN,L-PIPECOLATE-OXIDASE-RXN,Unknown,1.2662803343949043,1.2662803343949043,1.0,0.0,MINIMAL,optimal,1,HS11411,PIPOX,Lpipecol_x + OXYGEN_45_MOLECULE_x <=> HYDROGEN_45_PEROXIDE_x + h_x + thp2c_x
PYRROLINECARBREDUCT_45_RXN,PYRROLINECARBREDUCT-RXN,Unknown,1.2662803343949043,1.2662803343949043,1.0,0.0,MINIMAL,optimal,3,HS06848;HS02592;HS07109,PYCR1;PYCRL;P5CR2,1pyr5c_m + NADPH_m + 2.0 h_m <=> nadp_m + pro_DASH_DASH_DASH_L_m
1_46_14_46_21_46_6_45_RXN,1.14.21.6-RXN,Unknown,1.2662803343949043,1.2662803343949043,1.0,0.0,MINIMAL,optimal,1,HS03271,SC5DL,CPD_45_4186_c + 2.0 FERROCYTOCHROME_45_B5_c + OXYGEN_45_MOLECULE_c + 2.0 h_c <=> CPD_45_4187_c + 2.0 FERRICYTOCHROME_45_B5_c + 2.0 WATER_c
TRANS_45_RXN66_45_564,TRANS-RXN66-564,Unknown,1.2662803343949043,1.2662803343949043,1.0,0.0,MINIMAL,optimal,3,HS02705;HS05853;HS00301,SLC1A5;SLC38A2;SLC6A7,NA_43__e + PRO_e <=> NA_43__c + PRO_c
RXN0_45_7008,RXN0-7008,Unknown,1.2662803343949043,1.2662803343949043,1.0,0.0,MINIMAL,optimal,0,,,PRO_CCO_45_IN + Ubiquinones_CCO_45_IN <=> L_45_DELTA1_45_PYRROLINE_5_45_CARBOXYLATE_CCO_45_IN + Ubiquinols_CCO_45_IN + h_CCO_45_IN
RXN_45_14903,RXN-14903,Unknown,1.2662803343949043,1.2662803343949043,1.0,0.0,MINIMAL,optimal,2,HS01958;G66_37887,PRODH;PRODH2,ETR_45_Quinones_c + PRO_CCO_45_IN <=> ETR_45_Quinols_c + L_45_DELTA1_45_PYRROLINE_5_45_CARBOXYLATE_CCO_45_IN + h_c
1_46_5_46_1_46_9_45_RXN,1.5.1.9-RXN,Unknown,1.2662803343949043,1.2662803343949043,1.0,0.0,MINIMAL,optimal,0,,,SACCHAROPINE_m + WATER_m + nad_m <=> ALLYSINE_m + glu_DASH_DASH_DASH_L_m + h_m + nadh_m
1_46_5_46_1_46_8_45_RXN,1.5.1.8-RXN,Unknown,1.2662803343949043,1.2662803343949043,1.0,0.0,MINIMAL,optimal,1,HS00244,AASS,NADPH_m + akg_m + h_m + lys_DASH_DASH_DASH_L_m <=> SACCHAROPINE_m + WATER_m + nadp_m
SELENOCYSTEINE_45_LYASE_45_RXN,SELENOCYSTEINE-LYASE-RXN,Unknown,1.2662803343949043,1.2662803343949043,1.0,0.0,MINIMAL,optimal,1,HS05620,SCLY,Donor_45_H2_c + L_45_SELENOCYSTEINE_c <=> Acceptor_c + L_45_ALPHA_45_ALANINE_c + SE_45_2_c + 2.0 h_c
RXN_45_15125,RXN-15125,Unknown,1.2662803343949043,1.2662803343949043,1.0,0.0,MINIMAL,optimal,2,HS05952;HS06616,SDS;SDSL,SER_c <=> 2_45_AMINOACRYLATE_c + WATER_c
SERINE_45_C_45_PALMITOYLTRANSFERASE_45_RXN,SERINE-C-PALMITOYLTRANSFERASE-RXN,Unknown,1.2662803343949043,1.2662803343949043,1.0,0.0,MINIMAL,optimal,5,HS01673;HS16070;G66_37872;G66_37871;HS02117,SPTLC1;SPTLC3;SPTSSB;SPTSSA;SPTLC2,SER_c + h_c + pmtcoa_c <=> 3dsphgn_c + CARBON_45_DIOXIDE_c + coa_c
5_46_1_46_1_46_18_45_RXN,5.1.1.18-RXN,Unknown,1.2662803343949043,1.2662803343949043,1.0,0.0,MINIMAL,optimal,1,HS09614,SRR,SER_c <=> D_45_SERINE_c
GLYOHMETRANS_45_RXN,GLYOHMETRANS-RXN,Unknown,1.2662803343949043,1.2662803343949043,1.0,0.0,MINIMAL,optimal,2,HS00049;HS01069,SHMT2;SHMT1,SER_m + THF_45_GLU_45_N_m <=> GLY_m + METHYLENE_45_THF_45_GLU_45_N_m + WATER_m
RXN66_45_455,RXN66-455,Unknown,1.2662803343949043,1.2662803343949043,1.0,0.0,MINIMAL,optimal,4,HS02705;HS09071;HS05853;HS03950,SLC1A5;SLC6A18;SLC38A2;SLC1A4,NA_43__e + SER_e <=> NA_43__c + SER_c
RXN66_45_432,RXN66-432,Unknown,1.2662803343949043,1.2662803343949043,1.0,0.0,MINIMAL,optimal,3,HS00382;HS05853;HS02705,SLC38A5;SLC38A2;SLC1A5,NA_43__e + SER_e <=> NA_43__c + SER_c
RXN_45_15122,RXN-15122,Unknown,1.2662803343949043,1.2662803343949043,1.0,0.0,MINIMAL,optimal,1,HS05952,SDS,THR_c <=> CPD_45_15056_c + WATER_c + h_c
RXN_45_10608,RXN-10608,Unknown,1.2662803343949043,1.2662803343949043,1.0,0.0,MINIMAL,optimal,10,G66_47652;G66_47591;HS03557;HS09519;HS17724;HS10271;HS03272;G66_47559;HS16233;HS11970,UGT1A1;UGT1A6;B3GAT2;UGT1A5;G_HS17724;UGT2B11;B3GAT1;UGT1A3;G_HS16233;UGT1A4,L_45_THYROXINE_c + udpglcur_c <=> CPD_45_11401_c + h_c + udp_c
RXN_45_10606,RXN-10606,Unknown,1.2662803343949043,1.2662803343949043,1.0,0.0,MINIMAL,optimal,10,G66_47652;G66_47591;HS03557;HS09519;HS17724;HS10271;HS03272;G66_47559;HS16233;HS11970,UGT1A1;UGT1A6;B3GAT2;UGT1A5;G_HS17724;UGT2B11;B3GAT1;UGT1A3;G_HS16233;UGT1A4,L_45_THYROXINE_c + udpglcur_c <=> CPD_45_11398_c + h_c + udp_c
RXN_45_20223,RXN-20223,Unknown,1.2662803343949043,1.2662803343949043,1.0,0.0,MINIMAL,optimal,2,HS00706;HS09636,SOAT1;SOAT2,CHOLESTEROL_c + CPD_45_18_c <=> CPD_45_21815_c + coa_c
TRYPTOPHAN_45_5_45_MONOOXYGENASE_45_RXN,TRYPTOPHAN-5-MONOOXYGENASE-RXN,Unknown,1.2662803343949043,1.2662803343949043,1.0,0.0,MINIMAL,optimal,2,HS05250;HS06603,TPH1;TPH2,CPD_45_14053_c + OXYGEN_45_MOLECULE_c + TRP_c <=> 5_45_HYDROXY_45_TRYPTOPHAN_c + CPD_45_5881_c
TRYPTOPHAN_45__45_TRNA_45_LIGASE_45_RXN,TRYPTOPHAN--TRNA-LIGASE-RXN,Unknown,1.2662803343949043,1.2662803343949043,1.0,0.0,MINIMAL,optimal,3,HS04065;HS11884;HS06685,WARS2;G_HS11884;WARS,TRP_45_tRNAs_c + TRP_c + atp_c <=> Charged_45_TRP_45_tRNAs_c + amp_c + ppi_c
RXN_45_10922,RXN-10922,Unknown,1.2662803343949043,1.2662803343949043,1.0,0.0,MINIMAL,optimal,1,HS02660,IL4I1,OXYGEN_45_MOLECULE_c + TRP_c <=> CPD_45_11890_c + HYDROGEN_45_PEROXIDE_c + h_c
RXN_45_8665,RXN-8665,Unknown,1.2662803343949043,1.2662803343949043,1.0,0.0,MINIMAL,optimal,3,G66_37884;HS05502;HS07771,IDO2;IDO1;TDO2,OXYGEN_45_MOLECULE_c + TRP_c <=> N_45_FORMYLKYNURENINE_c
RXN66_45_449,RXN66-449,Unknown,1.2662803343949043,1.2662803343949043,1.0,0.0,MINIMAL,optimal,3,HS02481;HS01756;HS09679,SLC7A5;SLC7A8;SLC3A2,TRP_e <=> TRP_c
TYROSINE_45_AMINOTRANSFERASE_45_RXN,TYROSINE-AMINOTRANSFERASE-RXN,Unknown,1.2662803343949043,1.2662803343949043,1.0,0.0,MINIMAL,optimal,1,HS06761,TAT,TYR_c + akg_c <=> Glutamates_c + P_45_HYDROXY_45_PHENYLPYRUVATE_c
RXN_45_13402,RXN-13402,Unknown,1.2662803343949043,1.2662803343949043,1.0,0.0,MINIMAL,optimal,1,HS00266,IYD,DIIODO_45_L_45_TYROSINE_c + 2.0 NADPH_c + h_c <=> 2.0 CPD_45_387_c + TYR_c + 2.0 nadp_c
RXN66_45_446,RXN66-446,Unknown,1.2662803343949043,1.2662803343949043,1.0,0.0,MINIMAL,optimal,2,HS02481;HS09679,SLC7A5;SLC3A2,TYR_e <=> 
RXN66_45_440,RXN66-440,Unknown,1.2662803343949043,1.2662803343949043,1.0,0.0,MINIMAL,optimal,3,HS01990;HS04236;HS08049,SLC16A8;SLC16A7;SLC16A1,Lactate_e <=> Lactate_c
BETAGALACTOSID_45_RXN,BETAGALACTOSID-RXN,Unknown,1.2662803343949043,1.2662803343949043,1.0,0.0,MINIMAL,optimal,5,HS03838;G66_32683;HS03945;HS09328;HS10092,POMC;LCTL;LCT;G_HS09328;GLB1,CPD_45_15972_e + WATER_e <=> GALACTOSE_e + glc_DASH_DASH_DASH_D_e
RXN3O_45_130,RXN3O-130,Unknown,1.2662803343949043,1.2662803343949043,1.0,0.0,MINIMAL,optimal,1,HS00076,CYP51A1,LANOSTEROL_c + 3.0 OXYGEN_45_MOLECULE_c + 3.0 Red_45_NADPH_45_Hemoprotein_45_Reductases_c <=> 44_45_DIMETHYL_45_CHOLESTA_45_814_45_24_45_TRIENOL_c + 3.0 Ox_45_NADPH_45_Hemoprotein_45_Reductases_c + 4.0 WATER_c + for_c + h_c
RXN66_45_303,RXN66-303,Unknown,1.2662803343949043,1.2662803343949043,1.0,0.0,MINIMAL,optimal,1,HS00076,CYP51A1,LANOSTEROL_c + OXYGEN_45_MOLECULE_c + Red_45_NADPH_45_Hemoprotein_45_Reductases_c <=> CPD_45_4568_c + Ox_45_NADPH_45_Hemoprotein_45_Reductases_c + WATER_c
RXN_45_15133,RXN-15133,Unknown,1.2662803343949043,1.2662803343949043,1.0,0.0,MINIMAL,optimal,3,HS10190;HS03027;HS11616,CEL;LIPA;CES1,CPD_45_16016_c + WATER_c <=> LANOSTEROL_c + h_c + ocdcea_c
RXN_45_20442,RXN-20442,Unknown,1.2662803343949043,1.2662803343949043,1.0,0.0,MINIMAL,optimal,1,HS05604,HSD17B7,CPD_45_22137_c + NADPH_c + h_c <=> CPD_45_4186_c + nadp_c
RXN66_45_321,RXN66-321,Unknown,1.2662803343949043,1.2662803343949043,1.0,0.0,MINIMAL,optimal,1,HS03985,DHCR24,5_45_ALPHA_45_CHOLESTA_45_724_45_DIEN_45_3_45_BETA_45_OL_c + NADPH_c + h_c <=> CPD_45_4186_c + nadp_c
2_46_4_46_1_46_144_45_RXN,2.4.1.144-RXN,Unknown,1.2662803343949043,1.2662803343949043,1.0,0.0,MINIMAL,optimal,1,HS05168,MGAT3,2_45_2_45_N_45_linked_45_Glycan_c + uacgam_c <=> 2_45_4_45_2_45_N_45_linked_45_Glycan_c + h_c + udp_c
RXN66_45_25,RXN66-25,Unknown,1.2662803343949043,1.2662803343949043,1.0,0.0,MINIMAL,optimal,1,HS07402,EBP,CPD_45_8621_r <=> CPD_45_4186_r
RXN_45_16152,RXN-16152,Unknown,1.2662803343949043,1.2662803343949043,1.0,0.0,MINIMAL,optimal,4,HS16664;HS07906;HS01567;HS12746,LPCAT4;LPCAT1;LPCAT2;LPCAT3,CPD_45_15366_c + Glycerolipids_c <=> CPD_45_17400_c + coa_c
LEUKOTRIENE_45_A4_45_HYDROLASE_45_RXN,LEUKOTRIENE-A4-HYDROLASE-RXN,Unknown,1.2662803343949043,1.2662803343949043,1.0,0.0,MINIMAL,optimal,1,HS03372,LTA4H,CPD_45_8892_c + WATER_c <=> 6Z8E10E14Z_45_5S12R_45_512_45_DIHYDROXYI_c
LEUKOTRIENE_45_C4_45_SYNTHASE_45_RXN,LEUKOTRIENE-C4-SYNTHASE-RXN,Unknown,1.2662803343949043,1.2662803343949043,1.0,0.0,MINIMAL,optimal,1,HS08566,LTC4S,gthrd_r + leuktrA4_r <=> leuktrC4_r
RXN66_45_336,RXN66-336,Unknown,1.2662803343949043,1.2662803343949043,1.0,0.0,MINIMAL,optimal,6,HS09617;HS05482;HS07611;G66_33327;HS01949;G66_32539,GGT6;GGT7;GGTLC1;GGTLC3;GGT5;GGT3P,Amino_45_Acids_45_20_c + LEUKOTRIENE_45_C4_c <=> 5_45_L_45_GLUTAMYL_45_L_45_AMINO_45_ACID_c + CPD66_45_21_c
RXN_45_12825,RXN-12825,Unknown,1.2662803343949043,1.2662803343949043,1.0,0.0,MINIMAL,optimal,2,HS01949;HS01957,GGT5;GGT1,LEUKOTRIENE_45_C4_c + WATER_c <=> CPD66_45_21_c + Glutamates_c
RXN66_45_337,RXN66-337,Unknown,1.2662803343949043,1.2662803343949043,1.0,0.0,MINIMAL,optimal,2,HS09532;HS00367,DPEP2;DPEP1,CPD66_45_21_c + WATER_c <=> 7E9E11Z14Z_45_5S6R_45_6_45_CYSTEIN_45_S_45_YL_c + GLY_c
RXN_45_13308,RXN-13308,Unknown,1.2662803343949043,1.2662803343949043,1.0,0.0,MINIMAL,optimal,1,HS01909,TECR,CPD_45_14282_c + NADPH_c + h_c <=> CPD_45_10280_c + nadp_c
RXN_45_13296,RXN-13296,Unknown,1.2662803343949043,1.2662803343949043,1.0,0.0,MINIMAL,optimal,4,HS09036;HS10142;HS00873;HS04346,ELOVL7;ELOVL6;ELOVL1;ELOVL3,CPD_45_10280_c + h_c + malcoa_c <=> CARBON_45_DIOXIDE_c + CPD_45_14274_c + coa_c
RXN_45_20371,RXN-20371,Unknown,1.2662803343949043,1.2662803343949043,1.0,0.0,MINIMAL,optimal,2,HS07050;G66_37868,CERS2;CERS1,CPD_45_10280_c + sphgn_c <=> CPD_45_16352_c + coa_c + h_c
RXN_45_9673,RXN-9673,Unknown,1.2662803343949043,1.2662803343949043,1.0,0.0,MINIMAL,optimal,19,HS02532;HS07077;HS11921;G66_31311;HS11936;HS13326;HS00935;HS06695;HS11973;HS00888,ACSBG1;SLC27A3;ACSM2A;ACSM4;FACL6;SLC27A1;ACSL4;SLC27A2;ACSM5;ACSM2B,LINOLEIC_ACID_c + atp_c + coa_c <=> CPD_45_18_c + amp_c + ppi_c
RXN_45_20509,RXN-20509,Unknown,1.2662803343949043,1.2662803343949043,1.0,0.0,MINIMAL,optimal,1,HS04139,FAAH,CPD6666_45_4_c + WATER_c <=> LINOLEIC_ACID_c + etha_c
RXN_45_16094,RXN-16094,Unknown,1.2662803343949043,1.2662803343949043,1.0,0.0,MINIMAL,optimal,1,HS09036,ELOVL7,CPD_45_18_c + h_c + malcoa_c <=> CARBON_45_DIOXIDE_c + CPD_45_17346_c + coa_c
1_46_14_46_19_46_3_45_RXN,1.14.19.3-RXN,Unknown,1.2662803343949043,1.2662803343949043,1.0,0.0,MINIMAL,optimal,1,HS05918,FADS2,CPD_45_18_c + 2.0 FERROCYTOCHROME_45_B5_c + OXYGEN_45_MOLECULE_c + 2.0 h_c <=> 2.0 FERRICYTOCHROME_45_B5_c + 2.0 WATER_c
RXN_45_16045,RXN-16045,Unknown,1.2662803343949043,1.2662803343949043,1.0,0.0,MINIMAL,optimal,4,HS16664;HS07906;HS01567;HS12746,LPCAT4;LPCAT1;LPCAT2;LPCAT3,Linoleoyl_45_groups_c + coa_c <=> CPD_45_18_c + Glycerolipids_c
RXN_45_18916,RXN-18916,Unknown,1.2662803343949043,1.2662803343949043,1.0,0.0,MINIMAL,optimal,3,HS03480;HS05820;HS05846,MAN1A1;EDEM1;MAN1A2,Man8GlcNAc2_45_protein_45_A123B13_c + WATER_c <=> CPD_45_12601_c + Man7GlcNAc2_45_protein_45_A123B3_c
RXN_45_15289,RXN-15289,Unknown,1.2662803343949043,1.2662803343949043,1.0,0.0,MINIMAL,optimal,8,HS17067;HS15240;HS10035;HS14721;HS16630;HS16190;HS17083;HS15769,G_HS17067;G_HS15240;GUSB;G_HS14721;G_HS16630;G_HS16190;G_HS17083;G_HS15769,LUTEOLIN_45_7_45_O_45_BETA_45_D_45_GLUCURONOSYL_45_1_45_2_c + WATER_c <=> CPD_45_12521_c + LUTEOLIN_45_7_45_O_45_BETA_45_D_45_DIGLUCURONIDE_c
RXN_45_15291,RXN-15291,Unknown,1.2662803343949043,1.2662803343949043,1.0,0.0,MINIMAL,optimal,8,HS17067;HS15240;HS10035;HS14721;HS16630;HS16190;HS17083;HS15769,G_HS17067;G_HS15240;GUSB;G_HS14721;G_HS16630;G_HS16190;G_HS17083;G_HS15769,LUTEOLIN_45_7_45_O_45_BETA_45_D_45_GLUCURONIDE_c + WATER_c <=> 5734_45_TETRAHYDROXYFLAVONE_c + CPD_45_12521_c + h_c
RXN_45_14286,RXN-14286,Unknown,1.2662803343949043,1.2662803343949043,1.0,0.0,MINIMAL,optimal,2,HS00949;HS02099,PYGM;PYGL,CPD0_45_1133_c + pi_c <=> GLC_45_1_45_P_c + MALTOHEXAOSE_c
RXN_45_14283,RXN-14283,Unknown,1.2662803343949043,1.2662803343949043,1.0,0.0,MINIMAL,optimal,3,HS14744;G66_47002;HS01658,G_HS14744;MGAM2;GANAB,CPD0_45_1133_e + WATER_e <=> MALTOHEXAOSE_e + glc_DASH_DASH_DASH_D_e
RXN_45_14285,RXN-14285,Unknown,1.2662803343949043,1.2662803343949043,1.0,0.0,MINIMAL,optimal,2,HS00949;HS02099,PYGM;PYGL,MALTOHEXAOSE_c + pi_c <=> GLC_45_1_45_P_c + MALTOPENTAOSE_c
RXN_45_14261,RXN-14261,Unknown,1.2662803343949043,1.2662803343949043,1.0,0.0,MINIMAL,optimal,1,HS08717,AGL,Glucopyranose_c + MALTOHEXAOSE_c <=> MALTOPENTAOSE_c + MALTOSE_c
RXN_45_14282,RXN-14282,Unknown,1.2662803343949043,1.2662803343949043,1.0,0.0,MINIMAL,optimal,3,HS14744;G66_47002;HS01658,G_HS14744;MGAM2;GANAB,MALTOHEXAOSE_e + WATER_e <=> MALTOPENTAOSE_e + glc_DASH_DASH_DASH_D_e
RXN_45_14284,RXN-14284,Unknown,1.2662803343949043,1.2662803343949043,1.0,0.0,MINIMAL,optimal,2,HS00949;HS02099,PYGM;PYGL,MALTOPENTAOSE_c + pi_c <=> GLC_45_1_45_P_c + MALTOTETRAOSE_c
RXN_45_14260,RXN-14260,Unknown,1.2662803343949043,1.2662803343949043,1.0,0.0,MINIMAL,optimal,1,HS08717,AGL,Glucopyranose_c + MALTOPENTAOSE_c <=> MALTOSE_c + MALTOTETRAOSE_c
RXN_45_14281,RXN-14281,Unknown,1.2662803343949043,1.2662803343949043,1.0,0.0,MINIMAL,optimal,3,HS14744;G66_47002;HS01658,G_HS14744;MGAM2;GANAB,MALTOPENTAOSE_e + WATER_e <=> MALTOTETRAOSE_e + glc_DASH_DASH_DASH_D_e
RXN_45_15910,RXN-15910,Unknown,1.2662803343949043,1.2662803343949043,1.0,0.0,MINIMAL,optimal,4,HS14744;HS08394;G66_47002;HS01658,G_HS14744;GANC;MGAM2;GANAB,MALTOSE_e + WATER_e <=> 2.0 glc_DASH_DASH_DASH_D_e
RXN0_45_5182,RXN0-5182,Unknown,1.2662803343949043,1.2662803343949043,1.0,0.0,MINIMAL,optimal,2,HS00949;HS02099,PYGM;PYGL,MALTOTETRAOSE_c + pi_c <=> GLC_45_1_45_P_c + MALTOTRIOSE_c
AMYLOMALT_45_RXN,AMYLOMALT-RXN,Unknown,1.2662803343949043,1.2662803343949043,1.0,0.0,MINIMAL,optimal,1,HS08717,AGL,Glucopyranose_c + MALTOTETRAOSE_c <=> MALTOSE_c + MALTOTRIOSE_c
RXN0_45_5183,RXN0-5183,Unknown,1.2662803343949043,1.2662803343949043,1.0,0.0,MINIMAL,optimal,4,HS14744;HS08394;G66_47002;HS01658,G_HS14744;GANC;MGAM2;GANAB,MALTOTRIOSE_c + WATER_c <=> Glucopyranose_c + MALTOSE_c
2_46_4_46_1_46_143_45_RXN,2.4.1.143-RXN,Unknown,1.2662803343949043,1.2662803343949043,1.0,0.0,MINIMAL,optimal,1,HS09725,MGAT2,2_45_N_45_linked_45_Glycan_c + uacgam_c <=> 2_45_2_45_N_45_linked_45_Glycan_c + h_c + udp_c
1_46_20_46_4_46_2_45_RXN,1.20.4.2-RXN,Unknown,1.2662803343949043,1.2662803343949043,1.0,0.0,MINIMAL,optimal,1,HS07564,GSTO1,METHYLARSONATE_c + 2.0 gthrd_c + h_c <=> METHYLARSONITE_c + WATER_c + gthox_c
2_46_4_46_1_46_145_45_RXN,2.4.1.145-RXN,Unknown,1.2662803343949043,1.2662803343949043,1.0,0.0,MINIMAL,optimal,3,HS00017;HS01024;HS08564,MGAT4C;MGAT4A;MGAT4B,2_45_2_45_N_45_linked_45_Glycan_c + uacgam_c <=> 24_45_2_45_N_45_linked_45_Glycan_c + h_c + udp_c
2_46_4_46_1_46_101_45_RXN,2.4.1.101-RXN,Unknown,1.2662803343949043,1.2662803343949043,1.0,0.0,MINIMAL,optimal,1,HS05528,MGAT1,Mannosyl5_45_N_45_Glycans_c + uacgam_c <=> Mannosyl5_45_N_45_acetyl_45_glucosamine2_45_R_c + h_c + udp_c
3_46_2_46_1_46_114_45_RXN,3.2.1.114-RXN,Unknown,1.2662803343949043,1.2662803343949043,1.0,0.0,MINIMAL,optimal,2,HS03629;HS11961,MAN2A1;MAN2A2,Mannosyl5_45_N_45_acetyl_45_glucosamine2_45_R_c + 2.0 WATER_c <=> 2_45_N_45_linked_45_Glycan_c + 2.0 CPD_45_13559_c
RXN_45_18918,RXN-18918,Unknown,1.2662803343949043,1.2662803343949043,1.0,0.0,MINIMAL,optimal,4,HS03480;HS16873;HS04162;HS05846,MAN1A1;G_HS16873;MAN1C1;MAN1A2,Man6GlcNAc2_45_protein_45_A123_c + WATER_c <=> CPD_45_12601_c + Mannosyl5_45_N_45_Glycans_c
RXN_45_18928,RXN-18928,Unknown,1.2662803343949043,1.2662803343949043,1.0,0.0,MINIMAL,optimal,3,HS03480;HS16873;HS04162,MAN1A1;G_HS16873;MAN1C1,Man6GlcNAc2_45_protein_45_A12B1_c + WATER_c <=> CPD_45_12601_c + Mannosyl5_45_N_45_Glycans_c
RXN_45_18921,RXN-18921,Unknown,1.2662803343949043,1.2662803343949043,1.0,0.0,MINIMAL,optimal,3,HS03480;HS16873;HS04162,MAN1A1;G_HS16873;MAN1C1,Man6_45_GlcNAc2_45_protein_45_A12B2_c + WATER_c <=> CPD_45_12601_c + Mannosyl5_45_N_45_Glycans_c
RXN_45_18929,RXN-18929,Unknown,1.2662803343949043,1.2662803343949043,1.0,0.0,MINIMAL,optimal,4,HS03480;HS16873;HS04162;HS05846,MAN1A1;G_HS16873;MAN1C1;MAN1A2,Man7GlcNAc2_45_protein_45_A123B1_c + WATER_c <=> CPD_45_12601_c + Man6GlcNAc2_45_protein_45_A123_c
RXN_45_18927,RXN-18927,Unknown,1.2662803343949043,1.2662803343949043,1.0,0.0,MINIMAL,optimal,3,HS03480;HS16873;HS04162,MAN1A1;G_HS16873;MAN1C1,Man7GlcNAc2_45_protein_45_A123B1_c + WATER_c <=> CPD_45_12601_c + Man6GlcNAc2_45_protein_45_A12B1_c
RXN_45_18920,RXN-18920,Unknown,1.2662803343949043,1.2662803343949043,1.0,0.0,MINIMAL,optimal,4,HS03480;HS16873;HS04162;HS05846,MAN1A1;G_HS16873;MAN1C1;MAN1A2,Man7GlcNAc2_45_protein_45_A123B2_c + WATER_c <=> CPD_45_12601_c + Man6_45_GlcNAc2_45_protein_45_A12B2_c
RXN_45_18917,RXN-18917,Unknown,1.2662803343949043,1.2662803343949043,1.0,0.0,MINIMAL,optimal,3,HS16873;HS03480;HS05846,G_HS16873;MAN1A1;MAN1A2,Man7GlcNAc2_45_protein_45_A123B3_c + WATER_c <=> CPD_45_12601_c + Man6GlcNAc2_45_protein_45_A123_c
RXN_45_18931,RXN-18931,Unknown,1.2662803343949043,1.2662803343949043,1.0,0.0,MINIMAL,optimal,3,HS03480;HS16873;HS04162,MAN1A1;G_HS16873;MAN1C1,Man7GlcNAc2_45_protein_45_A12B12_c + WATER_c <=> CPD_45_12601_c + Man6_45_GlcNAc2_45_protein_45_A12B2_c
RXN_45_18919,RXN-18919,Unknown,1.2662803343949043,1.2662803343949043,1.0,0.0,MINIMAL,optimal,4,HS03480;HS16873;HS04162;HS05846,MAN1A1;G_HS16873;MAN1C1;MAN1A2,Man8_45_GlcNAc2_45_protein_45_A123B12_c + WATER_c <=> CPD_45_12601_c + Man7GlcNAc2_45_protein_45_A123B2_c
RXN_45_18930,RXN-18930,Unknown,1.2662803343949043,1.2662803343949043,1.0,0.0,MINIMAL,optimal,3,HS03480;HS16873;HS04162,MAN1A1;G_HS16873;MAN1C1,Man8_45_GlcNAc2_45_protein_45_A123B12_c + WATER_c <=> CPD_45_12601_c + Man7GlcNAc2_45_protein_45_A12B12_c
RXN_45_18910,RXN-18910,Unknown,1.2662803343949043,1.2662803343949043,1.0,0.0,MINIMAL,optimal,2,HS16873;HS03480,G_HS16873;MAN1A1,Man8GlcNAc2_45_protein_45_A123B13_c + 3.0 WATER_c <=> 3.0 CPD_45_12601_c + Mannosyl5_45_N_45_Glycans_c
RXN_45_18926,RXN-18926,Unknown,1.2662803343949043,1.2662803343949043,1.0,0.0,MINIMAL,optimal,4,HS03480;HS16873;HS04162;HS05846,MAN1A1;G_HS16873;MAN1C1;MAN1A2,Man8GlcNAc2_45_protein_45_A123B13_c + WATER_c <=> CPD_45_12601_c + Man7GlcNAc2_45_protein_45_A123B1_c
RXN_45_17021,RXN-17021,Unknown,1.2662803343949043,1.2662803343949043,1.0,0.0,MINIMAL,optimal,2,HS09762;HS13986,AGPAT1;MBOAT2,CPD_45_18379_c + TETRADECANOYL_45_COA_c <=> CPD0_45_1425_c + coa_c
RXN_45_18924,RXN-18924,Unknown,1.2662803343949043,1.2662803343949043,1.0,0.0,MINIMAL,optimal,3,HS16873;HS03480;HS05846,G_HS16873;MAN1A1;MAN1A2,Man8GlcNAc2_45_protein_45_A123B23_c + WATER_c <=> CPD_45_12601_c + Man7GlcNAc2_45_protein_45_A123B2_c
RXN_45_18911,RXN-18911,Unknown,1.2662803343949043,1.2662803343949043,1.0,0.0,MINIMAL,optimal,2,HS16873;HS03480,G_HS16873;MAN1A1,Man9GlcNAc2_45_proteins_c + 4.0 WATER_c <=> 4.0 CPD_45_12601_c + Mannosyl5_45_N_45_Glycans_c
RXN_45_18912,RXN-18912,Unknown,1.2662803343949043,1.2662803343949043,1.0,0.0,MINIMAL,optimal,1,HS14352,NGLY1,Man9GlcNAc2_45_proteins_c + WATER_c <=> CPD_45_20273_c + Protein_45_L_45_Aspartates_c
RXN_45_18922,RXN-18922,Unknown,1.2662803343949043,1.2662803343949043,1.0,0.0,MINIMAL,optimal,3,HS03480;HS16873;HS04162,MAN1A1;G_HS16873;MAN1C1,Man9GlcNAc2_45_proteins_c + WATER_c <=> CPD_45_12601_c + Man8_45_GlcNAc2_45_protein_45_A123B12_c
RXN_45_18909,RXN-18909,Unknown,1.2662803343949043,1.2662803343949043,1.0,0.0,MINIMAL,optimal,1,HS11144,MAN1B1,Man9GlcNAc2_45_proteins_c + WATER_c <=> CPD_45_12601_c + Man8GlcNAc2_45_protein_45_A123B13_c
RXN_45_18923,RXN-18923,Unknown,1.2662803343949043,1.2662803343949043,1.0,0.0,MINIMAL,optimal,2,HS16873;HS03480,G_HS16873;MAN1A1,Man9GlcNAc2_45_proteins_c + WATER_c <=> CPD_45_12601_c + Man8GlcNAc2_45_protein_45_A123B23_c
RXN66_45_55,RXN66-55,Unknown,1.2662803343949043,1.2662803343949043,1.0,0.0,MINIMAL,optimal,4,HS09869;HS09479;HS05600;HS05062,MAP2K1;YWHAB;RAF1;MAP2K2,MAP_45_kinase_45_MEK_c <=> Phospho_45_MEK_c
RXN_45_11056,RXN-11056,Unknown,1.2662803343949043,1.2662803343949043,1.0,0.0,MINIMAL,optimal,7,HS06443;HS10343;HS05414;HS09588;HS11946;HS08023;HS06728,CYP1B1;CYP2A6;CYP2E1;CYP2S1;CYP4X1;CYP2U1;CYP1A2,N_45_ACETYL_45_5_45_METHOXY_45_TRYPTAMINE_c + OXYGEN_45_MOLECULE_c + Red_45_NADPH_45_Hemoprotein_45_Reductases_c <=> CPD_45_12014_c + Ox_45_NADPH_45_Hemoprotein_45_Reductases_c + WATER_c
RXN_45_11057,RXN-11057,Unknown,1.2662803343949043,1.2662803343949043,1.0,0.0,MINIMAL,optimal,7,HS09293;HS10343;HS05414;HS09588;HS11946;HS08023;HS05140,CYP2C19;CYP2A6;CYP2E1;CYP2S1;CYP4X1;CYP2U1;POR,N_45_ACETYL_45_5_45_METHOXY_45_TRYPTAMINE_c + OXYGEN_45_MOLECULE_c + Red_45_NADPH_45_Hemoprotein_45_Reductases_c <=> FORMALDEHYDE_c + N_45_ACETYL_45_SEROTONIN_c + Ox_45_NADPH_45_Hemoprotein_45_Reductases_c + WATER_c
ALPHAGALACTOSID_45_RXN,ALPHAGALACTOSID-RXN,Unknown,1.2662803343949043,1.2662803343949043,1.0,0.0,MINIMAL,optimal,1,HS02389,GLA,MELIBIOSE_c + WATER_c <=> D_45_galactopyranose_c + Glucopyranose_c
RXN_45_10913,RXN-10913,Unknown,1.2662803343949043,1.2662803343949043,1.0,0.0,MINIMAL,optimal,2,HS01798;HS00966,MAOA;MAOB,CPD_45_11877_c + OXYGEN_45_MOLECULE_c + WATER_c <=> CPD_45_11876_c + HYDROGEN_45_PEROXIDE_c + mma_c
RXN_45_19393,RXN-19393,Unknown,1.2662803343949043,1.2662803343949043,1.0,0.0,MINIMAL,optimal,6,HS00295;HS05567;HS01807;HS01205;HS00223;HS04143,FMO1;FMO5;FMO2;FMO4;FMO3;FMO6,CPD_45_20960_c + NADPH_c + OXYGEN_45_MOLECULE_c <=> CPD_45_20961_c + WATER_c + nadp_c
RXN_45_7706,RXN-7706,Unknown,1.2662803343949043,1.2662803343949043,1.0,0.0,MINIMAL,optimal,2,HS08983;HS10600,ADH1B;ADH6,CPD_45_7036_c + h_c + nadh_c <=> CPD_45_7037_c + nad_c
RXN_45_10711,RXN-10711,Unknown,1.2662803343949043,1.2662803343949043,1.0,0.0,MINIMAL,optimal,5,HS10575;HS08398;HS10576;HS10578;HS11616,CES8;CES7;CES3;CES2;CES1,CPD_45_10546_c + WATER_c <=> INDOLE_ACETATE_AUXIN_c + METOH_c + h_c
RXN_45_8743,RXN-8743,Unknown,1.2662803343949043,1.2662803343949043,1.0,0.0,MINIMAL,optimal,4,HS09313;HS00141;HS02819;HS02820,PTER;PON1;PON3;PON2,CPD_45_8973_c + WATER_c <=> CPD_45_8974_c + 2.0 h_c
TRANS_45_RXN66_45_1179,TRANS-RXN66-1179,Unknown,1.2662803343949043,1.2662803343949043,1.0,0.0,MINIMAL,optimal,11,HS10096;HS03142;G66_33190;HS07154;HS06917;HS09448;G66_32073;HS03350;HS13501;HS10906,CNGB3;ACCN1;CNGA1;CNGA3;SLC6A3;CATSPER2;ACCN3;ACCN2;CATSPERB;CATSPER1,NA_43__e <=> NA_43__c
RXN0_45_4281,RXN0-4281,Unknown,1.2662803343949043,1.2662803343949043,1.0,0.0,MINIMAL,optimal,3,HS05414;HS02925;HS01502,CYP2E1;AKR1B10;AKR1B1,METHYL_45_GLYOXAL_c + NADPH_c + h_c <=> ACETOL_c + nadp_c
RXN_45_19601,RXN-19601,Unknown,1.2662803343949043,1.2662803343949043,1.0,0.0,MINIMAL,optimal,7,HS01512;HS01468;HS01846;G_10221;HS00245;HS07009;HS02868,MGST2;GSTP1;GSTA2;GSTA1;MGST1;MGST3;GSTK1,CPD_45_21193_c + gthrd_c <=> CPD_45_21194_c + h_c
RXNQT_45_4366,RXNQT-4366,Unknown,1.2662803343949043,1.2662803343949043,1.0,0.0,MINIMAL,optimal,5,HS10575;HS08398;HS10576;HS10578;HS11616,CES8;CES7;CES3;CES2;CES1,CPD_45_6442_c + WATER_c <=> CPD_45_110_c + METOH_c + h_c
TRANS_45_RXN66_45_1102,TRANS-RXN66-1102,Unknown,1.2662803343949043,1.2662803343949043,1.0,0.0,MINIMAL,optimal,2,HS15776;HS02361,MMGT1;MAGT1,MG_43_2_e <=> MG_43_2_c
RXN_45_12497,RXN-12497,Unknown,1.2662803343949043,1.2662803343949043,1.0,0.0,MINIMAL,optimal,1,HS09513,TRUB2,Mitochondrial_45_tRNA_45_Uridines_45_27_45_28_c <=> Mitochondrial_45_tRNA_45_Pseudouridines_45_27_45_28_c
RXN_45_8344,RXN-8344,Unknown,1.2662803343949043,1.2662803343949043,1.0,0.0,MINIMAL,optimal,1,HS10371,GPHN,CPD_45_4_c + atp_c + h_c <=> CPD_45_8122_c + ppi_c
RXN_45_8348,RXN-8348,Unknown,1.2662803343949043,1.2662803343949043,1.0,0.0,MINIMAL,optimal,1,HS10371,GPHN,CPD_45_3_c + CPD_45_8122_c + h_c <=> CPD_45_8123_c + WATER_c + amp_c
RXN_45_19573,RXN-19573,Unknown,1.2662803343949043,1.2662803343949043,1.0,0.0,MINIMAL,optimal,7,HS01512;HS01468;HS01846;G_10221;HS00245;HS07009;HS02868,MGST2;GSTP1;GSTA2;GSTA1;MGST1;MGST3;GSTK1,CPD_45_21167_c + gthrd_c <=> CPD_45_21160_c + cl_c + h_c
RXN_45_13607,RXN-13607,Unknown,1.2662803343949043,1.2662803343949043,1.0,0.0,MINIMAL,optimal,10,G66_47652;G66_47591;HS03557;HS09519;HS17724;HS10271;HS03272;G66_47559;HS16233;HS11970,UGT1A1;UGT1A6;B3GAT2;UGT1A5;G_HS17724;UGT2B11;B3GAT1;UGT1A3;G_HS16233;UGT1A4,CPD_45_14601_c + udpglcur_c <=> CPD_45_14602_c + udp_c
RXN_45_13608,RXN-13608,Unknown,1.2662803343949043,1.2662803343949043,1.0,0.0,MINIMAL,optimal,10,G66_47652;G66_47591;HS03557;HS09519;HS17724;HS10271;HS03272;G66_47559;HS16233;HS11970,UGT1A1;UGT1A6;B3GAT2;UGT1A5;G_HS17724;UGT2B11;B3GAT1;UGT1A3;G_HS16233;UGT1A4,CPD_45_14601_c + udpglcur_c <=> CPD_45_14604_c + h_c + udp_c
RXN_45_13605,RXN-13605,Unknown,1.2662803343949043,1.2662803343949043,1.0,0.0,MINIMAL,optimal,1,HS07207,ABHD10,CPD_45_14602_c + WATER_c <=> CPD_45_14601_c + D_45_Glucopyranuronate_c + h_c
2_46_3_46_1_46_155_45_RXN,2.3.1.155-RXN,Unknown,1.2662803343949043,1.2662803343949043,1.0,0.0,MINIMAL,optimal,0,,,3_45_OXOPALMITOYL_45_COA_m + coa_m <=> accoa_m + tdcoa_m
RXN_45_9647,RXN-9647,Unknown,1.2662803343949043,1.2662803343949043,1.0,0.0,MINIMAL,optimal,1,HS10142,ELOVL6,TETRADECANOYL_45_COA_c + h_c + malcoa_c <=> 3_45_OXOPALMITOYL_45_COA_c + CARBON_45_DIOXIDE_c + coa_c
RXN_45_20368,RXN-20368,Unknown,1.2662803343949043,1.2662803343949043,1.0,0.0,MINIMAL,optimal,2,HS16068;G66_37868,CERS6;CERS1,TETRADECANOYL_45_COA_c + sphgn_c <=> CPD_45_22034_c + coa_c + h_c
RXN_45_16560,RXN-16560,Unknown,1.2662803343949043,1.2662803343949043,1.0,0.0,MINIMAL,optimal,0,,,accoa_m + tdcoa_m <=> 3_45_OXOPALMITOYL_45_COA_m + coa_m
RXN0_45_271,RXN0-271,Unknown,1.2662803343949043,1.2662803343949043,1.0,0.0,MINIMAL,optimal,5,HS06400;HS00225;HS01151;HS09192;HS01546,NOX5;NOX1;NOX3;CYBB;NOX4,ETR_45_Quinones_c + NADPH_c + h_c <=> ETR_45_Quinols_c + nadp_c
RXN_45_17023,RXN-17023,Unknown,1.2662803343949043,1.2662803343949043,1.0,0.0,MINIMAL,optimal,2,HS09762;HS13986,AGPAT1;MBOAT2,1_45_PALMITOYLGLYCEROL_45_3_45_PHOSPHATE_c + TETRADECANOYL_45_COA_c <=> CPD_45_18390_c + coa_c
2_46_3_46_1_46_97_45_RXN,2.3.1.97-RXN,Unknown,1.2662803343949043,1.2662803343949043,1.0,0.0,MINIMAL,optimal,2,HS07823;HS06161,NMT2;NMT1,N_45_terminal_45_glycine_c + TETRADECANOYL_45_COA_c <=> Myristoylated_45_Glycine_45_in_45_Proteins_c + coa_c + h_c
RXN_45_9626,RXN-9626,Unknown,1.2662803343949043,1.2662803343949043,1.0,0.0,MINIMAL,optimal,0,,,TETRADECANOYL_45_COA_c + WATER_c <=> CPD_45_7836_c + coa_c + h_c
RXN_45_18370,RXN-18370,Unknown,1.2662803343949043,1.2662803343949043,1.0,0.0,MINIMAL,optimal,4,HS09892;G66_37885;HS03286;HS08187,CPT1C;CPT1B;CPT1A;CPT2,CARNITINE_c + TETRADECANOYL_45_COA_c <=> coa_c + ttdcrn_c
RXN_45_14372,RXN-14372,Unknown,1.2662803343949043,1.2662803343949043,1.0,0.0,MINIMAL,optimal,1,HS03772,GBE1,Alpha_45_Amyloses_c <=> CPD_45_7043_c
RXN_45_7710,RXN-7710,Unknown,1.2662803343949043,1.2662803343949043,1.0,0.0,MINIMAL,optimal,1,HS03772,GBE1,1_45_4_45_alpha_45_D_45_Glucan_c <=> Starch_c
1_46_14_46_13_46_8_45_RXN,1.14.13.8-RXN,Unknown,1.2662803343949043,1.2662803343949043,1.0,0.0,MINIMAL,optimal,6,HS00295;HS05567;HS01807;HS01205;HS00223;HS04143,FMO1;FMO5;FMO2;FMO4;FMO3;FMO6,NADPH_c + NN_45_DIMETHYLANILINE_c + OXYGEN_45_MOLECULE_c + h_c <=> NN_45_DIMETHYLANILINE_45_N_45_OXIDE_c + WATER_c + nadp_c
RXN_45_14267,RXN-14267,Unknown,1.2662803343949043,1.2662803343949043,1.0,0.0,MINIMAL,optimal,1,HS08567,PGLYRP2,CPD_45_15184_c + WATER_c <=> L_45_ALPHA_45_ALANINE_c + NACMUR_c
SUCCGLUALDDEHYD_45_RXN,SUCCGLUALDDEHYD-RXN,Unknown,1.2662803343949043,1.2662803343949043,1.0,0.0,MINIMAL,optimal,4,HS06276;HS00182;HS03133;HS05686,ALDH1B1;ALDH3B1;ALDH3A1;ALDH3B2,CPD_45_822_c + WATER_c + nad_c <=> N2_45_SUCCINYLGLUTAMATE_c + 2.0 h_c + nadh_c
TRANS_45_RXN66_45_1214,TRANS-RXN66-1214,Unknown,1.2662803343949043,1.2662803343949043,1.0,0.0,MINIMAL,optimal,11,G66_32365;HS10096;HS03142;G66_33190;HS07154;HS09448;G66_32073;HS03350;HS13501;HS10906,SLC4A5;CNGB3;ACCN1;CNGA1;CNGA3;CATSPER2;ACCN3;ACCN2;CATSPERB;CATSPER1,NA_43__e <=> NA_43__c
TRANS_45_RXN66_45_919,TRANS-RXN66-919,Unknown,1.2662803343949043,1.2662803343949043,1.0,0.0,MINIMAL,optimal,11,HS00634;HS10096;HS03142;G66_33190;HS07154;HS09448;G66_32073;HS03350;HS13501;HS10906,SLC4A8;CNGB3;ACCN1;CNGA1;CNGA3;CATSPER2;ACCN3;ACCN2;CATSPERB;CATSPER1,NA_43__e <=> NA_43__c
TRANS_45_RXN66_45_1180,TRANS-RXN66-1180,Unknown,1.2662803343949043,1.2662803343949043,1.0,0.0,MINIMAL,optimal,11,HS10096;HS03142;HS07164;G66_33190;HS07154;HS09448;G66_32073;HS03350;HS13501;HS10906,CNGB3;ACCN1;SLC4A10;CNGA1;CNGA3;CATSPER2;ACCN3;ACCN2;CATSPERB;CATSPER1,NA_43__e <=> NA_43__c
RXN66_45_427,RXN66-427,Unknown,1.2662803343949043,1.2662803343949043,1.0,0.0,MINIMAL,optimal,13,HS10096;HS03311;HS03142;G66_33190;HS07154;HS02942;HS09448;HS02681;G66_32073;HS03350,CNGB3;SLC1A2;ACCN1;CNGA1;CNGA3;SLC1A1;CATSPER2;SLC1A6;ACCN3;ACCN2,NA_43__e <=> NA_43__c
TRANS_45_RXN66_45_1218,TRANS-RXN66-1218,Unknown,1.2662803343949043,1.2662803343949043,1.0,0.0,MINIMAL,optimal,13,HS10096;HS03311;HS03142;G66_33190;HS07154;HS02942;HS09448;HS02681;G66_32073;HS03350,CNGB3;SLC1A2;ACCN1;CNGA1;CNGA3;SLC1A1;CATSPER2;SLC1A6;ACCN3;ACCN2,NA_43__e <=> NA_43__c
TRANS_45_RXN66_45_980,TRANS-RXN66-980,Unknown,1.2662803343949043,1.2662803343949043,1.0,0.0,MINIMAL,optimal,12,HS03925;HS10096;HS03142;G66_33190;HS07154;HS09448;HS00990;G66_32073;HS03350;HS13501,SLC5A7;CNGB3;ACCN1;CNGA1;CNGA3;CATSPER2;SLC44A1;ACCN3;ACCN2;CATSPERB,NA_43__e <=> NA_43__c
RXN_45_9670,RXN-9670,Unknown,1.2662803343949043,1.2662803343949043,1.0,0.0,MINIMAL,optimal,4,HS16664;HS07906;HS01567;HS12746,LPCAT4;LPCAT1;LPCAT2;LPCAT3,Glycerolipids_c + OLEOYL_45_COA_c <=> Oleoyl_45_lipid_c + coa_c
TRANS_45_RXN66_45_1159,TRANS-RXN66-1159,Unknown,1.2662803343949043,1.2662803343949043,1.0,0.0,MINIMAL,optimal,18,G66_33190;HS05499;HS04796;G66_31912;G66_32073;HS03350;HS07149;G66_31009;HS03562;HS10906,CNGA1;SLC34A1;SLC17A1;SLC34A3;ACCN3;ACCN2;SLC20A1;CATSPER4;SLC17A2;CATSPER1,NA_43__e <=> NA_43__c
TRANS_45_RXN66_45_1105,TRANS-RXN66-1105,Unknown,1.2662803343949043,1.2662803343949043,1.0,0.0,MINIMAL,optimal,11,HS02521;HS10096;HS03142;G66_33190;HS07154;HS09448;G66_32073;HS03350;HS13501;HS10906,SLC6A2;CNGB3;ACCN1;CNGA1;CNGA3;CATSPER2;ACCN3;ACCN2;CATSPERB;CATSPER1,NA_43__e <=> NA_43__c
TRANS_45_RXN66_45_985,TRANS-RXN66-985,Unknown,1.2662803343949043,1.2662803343949043,1.0,0.0,MINIMAL,optimal,11,HS10096;HS03142;G66_33190;HS07154;HS09448;HS01315;G66_32073;HS03350;HS13501;HS10906,CNGB3;ACCN1;CNGA1;CNGA3;CATSPER2;SLC1A3;ACCN3;ACCN2;CATSPERB;CATSPER1,NA_43__e <=> NA_43__c
TRANS_45_RXN66_45_922,TRANS-RXN66-922,Unknown,1.2662803343949043,1.2662803343949043,1.0,0.0,MINIMAL,optimal,21,HS14963;HS16057;G66_33153;G66_33190;HS11666;G66_32073;HS00859;G66_31009;HS10906;HS03142,SLC9A11;SLC9A10;SLC9A6;CNGA1;SLC9A9;ACCN3;SLC9A7;CATSPER4;CATSPER1;ACCN1,NA_43__e <=> NA_43__c
TRANS_45_RXN66_45_566,TRANS-RXN66-566,Unknown,1.2662803343949043,1.2662803343949043,1.0,0.0,MINIMAL,optimal,22,G66_31820;HS09738;HS09362;HS14368;HS07629;HS01916;HS03398;HS09097;HS08694;HS06181,SCN10A;SCN11A;SCN3B;SCLT1;SCN2B;HCN2;SCNN1A;HCN1;SCNN1D;SCN7A,NA_43__e <=> NA_43__c
TRANS_45_RXN66_45_1156,TRANS-RXN66-1156,Unknown,1.2662803343949043,1.2662803343949043,1.0,0.0,MINIMAL,optimal,1,HS03374,SLC6A12,BETAINE_e + NA_43__e <=> BETAINE_c + NA_43__c
TRANS_45_RXN66_45_1256,TRANS-RXN66-1256,Unknown,1.2662803343949043,1.2662803343949043,1.0,0.0,MINIMAL,optimal,1,HS03950,SLC1A4,CYS_e + NA_43__e <=> CYS_c + NA_43__c
TRANS_45_RXN66_45_1255,TRANS-RXN66-1255,Unknown,1.2662803343949043,1.2662803343949043,1.0,0.0,MINIMAL,optimal,3,HS02705;HS05853;HS03413,SLC1A5;SLC38A2;SLC38A1,GLN_e + NA_43__e <=> GLN_c + NA_43__c
RXN66_45_462,RXN66-462,Unknown,1.2662803343949043,1.2662803343949043,1.0,0.0,MINIMAL,optimal,1,HS03950,SLC1A4,NA_43__e + THR_e <=> NA_43__c + THR_c
BILIVERDIN_45_REDUCTASE_45_RXN,BILIVERDIN-REDUCTASE-RXN,Unknown,1.2662803343949043,1.2662803343949043,1.0,0.0,MINIMAL,optimal,1,HS02928,BLVRA,BILIVERDINE_c + NADPH_c + h_c <=> bilirub_c + nadp_c
RXN_45_9958,RXN-9958,Unknown,1.2662803343949043,1.2662803343949043,1.0,0.0,MINIMAL,optimal,1,HS04328,ALDH6A1,NAD_45_P_45_OR_45_NOP_c + coa_c + msa_c <=> CARBON_45_DIOXIDE_c + NADH_45_P_45_OR_45_NOP_c + accoa_c
GLUTAMATE_45_DEHYDROGENASE_45_NADP_43__45_RXN,GLUTAMATE-DEHYDROGENASE-NADP+-RXN,Unknown,1.2662803343949043,1.2662803343949043,1.0,0.0,MINIMAL,optimal,2,HS00018;HS07548,GLUD2;GLUD1,NAD_45_P_45_OR_45_NOP_m + WATER_m <=> NADH_45_P_45_OR_45_NOP_m
RXN_45_13162,RXN-13162,Unknown,1.2662803343949043,1.2662803343949043,1.0,0.0,MINIMAL,optimal,1,HS01329,FDFT1,2.0 frdp_r + h_r + nadph_r <=> nadp_r + 2.0 ppi_r + sql_r
RXN_45_10745,RXN-10745,Unknown,1.2662803343949043,1.2662803343949043,1.0,0.0,MINIMAL,optimal,7,HS06400;HS01151;HS00225;HS06694;HS06411;HS09192;HS01546,NOX5;NOX3;NOX1;DUOX2;DUOX1;CYBB;NOX4,NADPH_c + OXYGEN_45_MOLECULE_c + h_c <=> HYDROGEN_45_PEROXIDE_c + nadp_c
RXN_45_19671,RXN-19671,Unknown,1.2662803343949043,1.2662803343949043,1.0,0.0,MINIMAL,optimal,2,HS01604;HS07256,NQO1;CBR4,2_45_METHYL_45_3_45_PHYTYL_45_14_45_NAPHTHOQUINONE_c + NADH_45_P_45_OR_45_NOP_c + h_c <=> CPD_45_12831_c + NAD_45_P_45_OR_45_NOP_c
RXN_45_10967,RXN-10967,Unknown,1.2662803343949043,1.2662803343949043,1.0,0.0,MINIMAL,optimal,4,HS03602;HS04604;HS10696;HS05381,NUDT3;NUDT10;NUDT4;NUDT11,CPD_45_11932_c + WATER_c <=> CPD_45_11561_c + amp_c + 2.0 h_c
NICOTINAMIDE_45_N_45_METHYLTRANSFERASE_45_RXN,NICOTINAMIDE-N-METHYLTRANSFERASE-RXN,Unknown,1.2662803343949043,1.2662803343949043,1.0,0.0,MINIMAL,optimal,1,HS09444,NNMT,NIACINAMIDE_c + amet_c <=> ADENOSYL_45_HOMO_45_CYS_c + CPD_45_396_c
RXN_45_13973,RXN-13973,Unknown,1.2662803343949043,1.2662803343949043,1.0,0.0,MINIMAL,optimal,1,HS00103,CD38,NIACINE_c + nadp_c <=> CPD_45_15009_c + NIACINAMIDE_c
RXN66_45_62,RXN66-62,Unknown,1.2662803343949043,1.2662803343949043,1.0,0.0,MINIMAL,optimal,1,HS06489,AOX1,CPD_45_3186_c + OXYGEN_45_MOLECULE_c + WATER_c <=> CPD_45_2742_c + HYDROGEN_45_PEROXIDE_c + h_c
RXN_45_10910,RXN-10910,Unknown,1.2662803343949043,1.2662803343949043,1.0,0.0,MINIMAL,optimal,2,HS01798;HS00966,MAOA;MAOB,CPD_45_11875_c + OXYGEN_45_MOLECULE_c + WATER_c <=> CPD_45_11876_c + HYDROGEN_45_PEROXIDE_c + nh4_c
RXN_45_10464,RXN-10464,Unknown,1.2662803343949043,1.2662803343949043,1.0,0.0,MINIMAL,optimal,1,HS01609,SMOX,CPD_45_10689_c + OXYGEN_45_MOLECULE_c + WATER_c <=> CPD_45_6082_c + HYDROGEN_45_PEROXIDE_c + NORSPERMIDINE_c
RXN_45_10,RXN-10,Unknown,1.2662803343949043,1.2662803343949043,1.0,0.0,MINIMAL,optimal,1,HS05425,ASS1,O_45_UREIDOHOMOSERINE_c + asp_DASH_DASH_DASH_L_c + atp_c <=> CANAVANINOSUCCINATE_c + amp_c + h_c + ppi_c
1_46_14_46_13_46_70_45_RXN,1.14.13.70-RXN,Unknown,1.2662803343949043,1.2662803343949043,1.0,0.0,MINIMAL,optimal,1,HS00076,CYP51A1,OBTUSIFOLIOL_c + 3.0 OXYGEN_45_MOLECULE_c + 3.0 Red_45_NADPH_45_Hemoprotein_45_Reductases_c <=> ALPHA_45_METHYL_45_5_45_ALPHA_45_ERGOSTA_c + 3.0 Ox_45_NADPH_45_Hemoprotein_45_Reductases_c + 4.0 WATER_c + for_c + h_c
RXN_45_20335,RXN-20335,Unknown,1.2662803343949043,1.2662803343949043,1.0,0.0,MINIMAL,optimal,1,HS01909,TECR,CPD_45_22006_c + NADPH_c + h_c <=> CPD_45_22003_c + nadp_c
RXN_45_20336,RXN-20336,Unknown,1.2662803343949043,1.2662803343949043,1.0,0.0,MINIMAL,optimal,5,HS04216;HS10142;HS09036;HS00873;HS04346,ELOVL4;ELOVL6;ELOVL7;ELOVL1;ELOVL3,CPD_45_22003_c + h_c + malcoa_c <=> CARBON_45_DIOXIDE_c + CPD_45_22008_c + coa_c
RXN_45_9000,RXN-9000,Unknown,1.2662803343949043,1.2662803343949043,1.0,0.0,MINIMAL,optimal,10,G66_47652;G66_47591;HS03557;HS09519;HS17724;HS10271;HS03272;G66_47559;HS16233;HS11970,UGT1A1;UGT1A6;B3GAT2;UGT1A5;G_HS17724;UGT2B11;B3GAT1;UGT1A3;G_HS16233;UGT1A4,CPD_45_9459_c + udpglcur_c <=> CPD_45_9460_c + h_c + udp_c
RXN_45_13322,RXN-13322,Unknown,1.2662803343949043,1.2662803343949043,1.0,0.0,MINIMAL,optimal,1,HS09036,ELOVL7,OLEOYL_45_COA_c + h_c + malcoa_c <=> CARBON_45_DIOXIDE_c + CPD_45_14300_c + coa_c
RXN_45_15044,RXN-15044,Unknown,1.2662803343949043,1.2662803343949043,1.0,0.0,MINIMAL,optimal,1,HS04068,GNPAT,OLEOYL_45_COA_c + dhap_c <=> CPD_45_15924_c + coa_c
RXN_45_15045,RXN-15045,Unknown,1.2662803343949043,1.2662803343949043,1.0,0.0,MINIMAL,optimal,4,HS08315;HS06534;G66_32105;HS04350,AGPAT6;AGPAT9;GPAT2;GPAM,OLEOYL_45_COA_c + glyc3p_c <=> L_45_1_45_LYSOPHOSPHATIDATE_c + coa_c
RXN_45_15036,RXN-15036,Unknown,1.2662803343949043,1.2662803343949043,1.0,0.0,MINIMAL,optimal,4,HS16664;HS07906;HS01567;HS12746,LPCAT4;LPCAT1;LPCAT2;LPCAT3,CPD_45_8355_c + OLEOYL_45_COA_c <=> CPD_45_8291_c + coa_c
RXN_45_15043,RXN-15043,Unknown,1.2662803343949043,1.2662803343949043,1.0,0.0,MINIMAL,optimal,2,HS09762;HS13986,AGPAT1;MBOAT2,L_45_1_45_LYSOPHOSPHATIDATE_c + OLEOYL_45_COA_c <=> CPD_45_8268_c + coa_c
RXN_45_13313,RXN-13313,Unknown,1.2662803343949043,1.2662803343949043,1.0,0.0,MINIMAL,optimal,1,HS03319,PTPMT1,CPDQT_45_520_c + WATER_c <=> CPD_45_2183_c + pi_c
RXN_45_20221,RXN-20221,Unknown,1.2662803343949043,1.2662803343949043,1.0,0.0,MINIMAL,optimal,2,HS00706;HS09636,SOAT1;SOAT2,CHOLESTEROL_c + OLEOYL_45_COA_c <=> CPD_45_15951_c + coa_c
RXN_45_15134,RXN-15134,Unknown,1.2662803343949043,1.2662803343949043,1.0,0.0,MINIMAL,optimal,2,HS00706;HS09636,SOAT1;SOAT2,ERGOSTEROL_c + OLEOYL_45_COA_c <=> CPD_45_16017_c + coa_c
RXN_45_15132,RXN-15132,Unknown,1.2662803343949043,1.2662803343949043,1.0,0.0,MINIMAL,optimal,2,HS00706;HS09636,SOAT1;SOAT2,LANOSTEROL_c + OLEOYL_45_COA_c <=> CPD_45_16016_c + coa_c
RXN_45_9017,RXN-9017,Unknown,1.2662803343949043,1.2662803343949043,1.0,0.0,MINIMAL,optimal,3,G66_31611;HS01791;HS09260,LRTOMT;COMT;COMTD1,ORCINOL_45_CPD_c + amet_c <=> ADENOSYL_45_HOMO_45_CYS_c + CPD_45_9501_c + h_c
RXN_45_8642,RXN-8642,Unknown,1.2662803343949043,1.2662803343949043,1.0,0.0,MINIMAL,optimal,2,HS06502;HS00021,IDH1;IDH2,HC01434_m + h_m <=> CARBON_45_DIOXIDE_m + akg_m
ARACHIDONATE_45_15_45_LIPOXYGENASE_45_RXN,ARACHIDONATE-15-LIPOXYGENASE-RXN,Unknown,1.2662803343949043,1.2662803343949043,1.0,0.0,MINIMAL,optimal,2,HS08621;HS11395,ALOX15;ALOX15B,OXYGEN_45_MOLECULE_c <=> 5Z8Z11Z13E_45_15S_45_15_45_HYDROPEROXYICOS_c
ARACHIDONATE_45_5_45_LIPOXYGENASE_45_RXN,ARACHIDONATE-5-LIPOXYGENASE-RXN,Unknown,1.2662803343949043,1.2662803343949043,1.0,0.0,MINIMAL,optimal,1,HS00336,ALOX5,OXYGEN_45_MOLECULE_c <=> 6E8Z11Z14Z_45_5S_45_5_45_HYDROPEROXYCOSA_45_6_c
PNPOXI_45_RXN,PNPOXI-RXN,Unknown,1.2662803343949043,1.2662803343949043,1.0,0.0,MINIMAL,optimal,1,HS03105,PNPO,OXYGEN_45_MOLECULE_c + pdx5p_c <=> HYDROGEN_45_PEROXIDE_c + pydx5p_c
RXN_45_5821,RXN-5821,Unknown,1.2662803343949043,1.2662803343949043,1.0,0.0,MINIMAL,optimal,2,HS01798;HS00966,MAOA;MAOB,OXYGEN_45_MOLECULE_c + WATER_c + tym_c <=> HYDROGEN_45_PEROXIDE_c + HYDRPHENYLAC_45_CPD_c + nh4_c
RXN_45_6421,RXN-6421,Unknown,1.2662803343949043,1.2662803343949043,1.0,0.0,MINIMAL,optimal,1,HS01609,SMOX,OXYGEN_45_MOLECULE_c + WATER_c + sprm_c <=> CPD_45_6121_c + HYDROGEN_45_PEROXIDE_c
RXN_45_12089,RXN-12089,Unknown,1.2662803343949043,1.2662803343949043,1.0,0.0,MINIMAL,optimal,1,HS07563,PAOX,OXYGEN_45_MOLECULE_c + WATER_c + spmd_c <=> CPD_45_6082_c + HYDROGEN_45_PEROXIDE_c + ptrc_c
ARG_45_OXIDATION_45_RXN,ARG-OXIDATION-RXN,Unknown,1.2662803343949043,1.2662803343949043,1.0,0.0,MINIMAL,optimal,1,HS02660,IL4I1,OXYGEN_45_MOLECULE_c + WATER_c + arg_DASH_DASH_DASH_L_c <=> CPD_45_824_c + HYDROGEN_45_PEROXIDE_c + nh4_c
PMPOXI_45_RXN,PMPOXI-RXN,Unknown,1.2662803343949043,1.2662803343949043,1.0,0.0,MINIMAL,optimal,1,HS03105,PNPO,OXYGEN_45_MOLECULE_c + WATER_c + pyam5p_c <=> HYDROGEN_45_PEROXIDE_c + nh4_c + pydx5p_c
AMINEPHEN_45_RXN,AMINEPHEN-RXN,Unknown,1.2662803343949043,1.2662803343949043,1.0,0.0,MINIMAL,optimal,2,HS05537;HS05534,AOC2;AOC3,OXYGEN_45_MOLECULE_c + WATER_c + peamn_c <=> HYDROGEN_45_PEROXIDE_c + PHENYLACETALDEHYDE_c + nh4_c
RXN_45_10817,RXN-10817,Unknown,1.2662803343949043,1.2662803343949043,1.0,0.0,MINIMAL,optimal,2,HS01798;HS00966,MAOA;MAOB,OXYGEN_45_MOLECULE_c + WATER_c + peamn_c <=> HYDROGEN_45_PEROXIDE_c + PHENYLACETALDEHYDE_c + nh4_c
RXN_45_13892,RXN-13892,Unknown,1.2662803343949043,1.2662803343949043,1.0,0.0,MINIMAL,optimal,1,HS03271,SC5DL,CPD_45_14901_c + 2.0 FERROCYTOCHROME_45_B5_c + OXYGEN_45_MOLECULE_c + 2.0 h_c <=> CPD_45_14900_c + 2.0 FERRICYTOCHROME_45_B5_c + 2.0 WATER_c
RXN_45_14169,RXN-14169,Unknown,1.2662803343949043,1.2662803343949043,1.0,0.0,MINIMAL,optimal,2,HS16231;HS12166,FAR1;FAR2,NADPH_c + h_c + pmtcoa_c <=> PALMITALDEHYDE_c + coa_c + nadp_c
2_45_HEXADECENAL_45_REDUCTASE_45_RXN,2-HEXADECENAL-REDUCTASE-RXN,Unknown,1.2662803343949043,1.2662803343949043,1.0,0.0,MINIMAL,optimal,1,HS02959,PTGR1,CPD_45_292_c + NADPH_c + h_c <=> PALMITALDEHYDE_c + nadp_c
RXN0_45_7248,RXN0-7248,Unknown,1.2662803343949043,1.2662803343949043,1.0,0.0,MINIMAL,optimal,19,HS02532;HS07077;HS11921;G66_31311;HS11936;HS13326;HS00935;HS06695;HS11973;HS00888,ACSBG1;SLC27A3;ACSM2A;ACSM4;FACL6;SLC27A1;ACSL4;SLC27A2;ACSM5;ACSM2B,CPD_45_9245_CCO_45_OUT + atp_CCO_45_OUT + coa_CCO_45_OUT + h_CCO_45_OUT <=> CPD_45_10269_CCO_45_IN + amp_CCO_45_IN + h_CCO_45_IN + ppi_CCO_45_IN
RXN_45_17787,RXN-17787,Unknown,1.2662803343949043,1.2662803343949043,1.0,0.0,MINIMAL,optimal,2,HS09539;HS06436,ACAA2;HADHB,CPD_45_19160_c + coa_c <=> CPD_45_10269_c + accoa_c
RXN_45_17009,RXN-17009,Unknown,1.2662803343949043,1.2662803343949043,1.0,0.0,MINIMAL,optimal,2,HS09762;HS13986,AGPAT1;MBOAT2,CPD_45_10269_c + CPD_45_18348_c <=> CPD_45_18351_c + coa_c
RXN_45_17019,RXN-17019,Unknown,1.2662803343949043,1.2662803343949043,1.0,0.0,MINIMAL,optimal,2,HS09762;HS13986,AGPAT1;MBOAT2,CPD_45_10269_c + CPD_45_18379_c <=> CPD_45_18380_c + coa_c
RXN_45_17008,RXN-17008,Unknown,1.2662803343949043,1.2662803343949043,1.0,0.0,MINIMAL,optimal,2,HS09762;HS13986,AGPAT1;MBOAT2,1_45_PALMITOYLGLYCEROL_45_3_45_PHOSPHATE_c + CPD_45_10269_c <=> CPD_45_18350_c + coa_c
3_46_5_46_1_46_92_45_RXN,3.5.1.92-RXN,Unknown,1.2662803343949043,1.2662803343949043,1.0,0.0,MINIMAL,optimal,3,HS03552;HS01793;HS03553,VNN1;VNN3;VNN2,CPD_45_511_c + WATER_c <=> CPD_45_239_c + pnto_DASH_DASH_DASH_R_c
RXN_45_8746,RXN-8746,Unknown,1.2662803343949043,1.2662803343949043,1.0,0.0,MINIMAL,optimal,4,HS09313;HS00141;HS02819;HS02820,PTER;PON1;PON3;PON2,PARAOXON_c + WATER_c <=> DIETHYLPHOSPHATE_c + 2.0 h_c
ARYLDIALKYL_45_PHOSPHATASE_45_RXN,ARYLDIALKYL-PHOSPHATASE-RXN,Unknown,1.2662803343949043,1.2662803343949043,1.0,0.0,MINIMAL,optimal,4,HS09313;HS00141;HS02819;HS02820,PTER;PON1;PON3;PON2,PARATHION_c + WATER_c <=> DIETHYLTHIOPHOSPHATE_c + 2.0 h_c
RXN_45_19194,RXN-19194,Unknown,1.2662803343949043,1.2662803343949043,1.0,0.0,MINIMAL,optimal,16,HS02532;HS11921;G66_31311;HS11936;HS00935;HS07766;HS01349;HS06695;HS11973;HS16174,ACSBG1;ACSM2A;ACSM4;FACL6;ACSL4;ACSL1;ACSL5;SLC27A2;ACSM5;ACSM6,VALERATE_c + atp_c + coa_c <=> PENTANOYLCOA_45_CPD_c + amp_c + ppi_c
RXN_45_20220,RXN-20220,Unknown,1.2662803343949043,1.2662803343949043,1.0,0.0,MINIMAL,optimal,2,HS00706;HS09636,SOAT1;SOAT2,CHOLESTEROL_c + PENTANOYLCOA_45_CPD_c <=> CPD_45_21824_c + coa_c
RXN66_45_597,RXN66-597,Unknown,1.2662803343949043,1.2662803343949043,1.0,0.0,MINIMAL,optimal,3,HS05414;HS10343;HS06728,CYP2E1;CYP2A6;CYP1A2,CPD_45_15515_c + OXYGEN_45_MOLECULE_c + Red_45_NADPH_45_Hemoprotein_45_Reductases_c <=> ACETALD_c + CPD_45_7669_c + Ox_45_NADPH_45_Hemoprotein_45_Reductases_c + WATER_c
RXN_45_20743,RXN-20743,Unknown,1.2662803343949043,1.2662803343949043,1.0,0.0,MINIMAL,optimal,3,HS00141;HS02819;HS02820,PON1;PON3;PON2,CPD_45_22363_c + WATER_c <=> PHENOL_c + ac_c + h_c
2_46_1_46_1_46_28_45_RXN,2.1.1.28-RXN,Unknown,1.2662803343949043,1.2662803343949043,1.0,0.0,MINIMAL,optimal,1,HS06868,PNMT,PHENYLETHANOLAMINE_c + amet_c <=> ADENOSYL_45_HOMO_45_CYS_c + N_45_METHYLPHENYLETHANOLAMINE_c + h_c
RXN_45_17523,RXN-17523,Unknown,1.2662803343949043,1.2662803343949043,1.0,0.0,MINIMAL,optimal,1,HS02027,HMOX1,3.0 OXYGEN_45_MOLECULE_c + PROTOHEME_c + 6.0 Reduced_45_ferredoxins_c + 8.0 h_c <=> BILIVERDINE_c + CARBON_45_MONOXIDE_c + FE_43_2_c + 6.0 Oxidized_45_ferredoxins_c + 3.0 WATER_c
PHYTANATE_45__45_COA_45_LIGASE_45_RXN,PHYTANATE--COA-LIGASE-RXN,Unknown,1.2662803343949043,1.2662803343949043,1.0,0.0,MINIMAL,optimal,16,HS02532;HS11921;G66_31311;HS11936;HS00935;HS07766;HS01349;HS06695;HS11973;HS16174,ACSBG1;ACSM2A;ACSM4;FACL6;ACSL4;ACSL1;ACSL5;SLC27A2;ACSM5;ACSM6,PHYTANATE_c + atp_c + coa_c <=> CPD_45_206_c + amp_c + ppi_c
1_46_14_46_11_46_18_45_RXN,1.14.11.18-RXN,Unknown,1.2662803343949043,1.2662803343949043,1.0,0.0,MINIMAL,optimal,2,HS03003;HS16453,PHYH;PHYHD1,CPD_45_206_c + OXYGEN_45_MOLECULE_c + akg_c <=> 2_45_HYDROXYPHYTANOYL_45_COA_c + CARBON_45_DIOXIDE_c + succ_c
RXN_45_10972,RXN-10972,Unknown,1.2662803343949043,1.2662803343949043,1.0,0.0,MINIMAL,optimal,5,HS09822;HS08619;HS00942;HS10997;HS07278,HISPPD2A;IP6K3;IP6K2;IP6K1;HISPPD1,MI_45_HEXAKISPHOSPHATE_c + atp_c <=> CPD_45_11700_c + adp_c
RXN_45_10971,RXN-10971,Unknown,1.2662803343949043,1.2662803343949043,1.0,0.0,MINIMAL,optimal,5,HS09822;HS08619;HS00942;HS10997;HS07278,HISPPD2A;IP6K3;IP6K2;IP6K1;HISPPD1,MI_45_HEXAKISPHOSPHATE_c + atp_c + h_c <=> CPD_45_11937_c + adp_c
2_46_7_46_1_46_152_45_RXN,2.7.1.152-RXN,Unknown,1.2662803343949043,1.2662803343949043,1.0,0.0,MINIMAL,optimal,5,HS09822;HS08619;HS00942;HS10997;HS07278,HISPPD2A;IP6K3;IP6K2;IP6K1;HISPPD1,MI_45_HEXAKISPHOSPHATE_c + atp_c <=> 5_45_DIPHOSPHO_45_1D_45_MYO_45_INOSITOL_45_12346P_c + adp_c
3_46_1_46_3_46_72_45_RXN,3.1.3.72-RXN,Unknown,1.2662803343949043,1.2662803343949043,1.0,0.0,MINIMAL,optimal,1,HS03025,MINPP1,MI_45_HEXAKISPHOSPHATE_c + WATER_c <=> CPD_45_6661_c + pi_c
RXN_45_7920,RXN-7920,Unknown,1.2662803343949043,1.2662803343949043,1.0,0.0,MINIMAL,optimal,2,HS03025;HS02123,MINPP1;ITPK1,MI_45_HEXAKISPHOSPHATE_c + WATER_c <=> D_45_myo_45_inositol_45_pentakisphosphates_c + pi_c
RXN_45_10940,RXN-10940,Unknown,1.2662803343949043,1.2662803343949043,1.0,0.0,MINIMAL,optimal,1,HS03025,MINPP1,MI_45_HEXAKISPHOSPHATE_c + WATER_c <=> MI_45_PENTAKISPHOSPHATE_c + pi_c
RXN_45_10942,RXN-10942,Unknown,1.2662803343949043,1.2662803343949043,1.0,0.0,MINIMAL,optimal,1,HS03025,MINPP1,MI_45_HEXAKISPHOSPHATE_c + WATER_c <=> CPD_45_6741_c + pi_c
RXN_45_10943,RXN-10943,Unknown,1.2662803343949043,1.2662803343949043,1.0,0.0,MINIMAL,optimal,1,HS03025,MINPP1,MI_45_HEXAKISPHOSPHATE_c + WATER_c <=> CPD_45_534_c + pi_c
RXN_45_10944,RXN-10944,Unknown,1.2662803343949043,1.2662803343949043,1.0,0.0,MINIMAL,optimal,1,HS03025,MINPP1,MI_45_HEXAKISPHOSPHATE_c + WATER_c <=> CPD_45_1107_c + pi_c
RXN66_45_479,RXN66-479,Unknown,1.2662803343949043,1.2662803343949043,1.0,0.0,MINIMAL,optimal,8,HS00182;HS03133;HS11927;HS03395;HS05686;HS06992;HS06276;HS01061,ALDH3B1;ALDH3A1;AOX2;ALDH2;ALDH3B2;ALDH9A1;ALDH1B1;ALDH3A2,CPD_45_14926_c + WATER_c + nad_c <=> CPD_45_14927_c + 2.0 h_c + nadh_c
RXN66_45_480,RXN66-480,Unknown,1.2662803343949043,1.2662803343949043,1.0,0.0,MINIMAL,optimal,8,HS07766;HS00888;HS11973;HS16174;HS11921;G66_31311;HS00131;HS09445,ACSL1;ACSM2B;ACSM5;ACSM6;ACSM2A;ACSM4;ACSM3;ACSM1,CPD_45_14927_c + atp_c + coa_c <=> CPD_45_14928_c + amp_c + ppi_c
RXN66_45_482,RXN66-482,Unknown,1.2662803343949043,1.2662803343949043,1.0,0.0,MINIMAL,optimal,1,HS03889,PECR,CPD_45_14928_c + NADPH_c + h_c <=> CPD_45_206_c + nadp_c
RXN66_45_478,RXN66-478,Unknown,1.2662803343949043,1.2662803343949043,1.0,0.0,MINIMAL,optimal,6,HS11440;HS10598;HS06569;HS10600;HS08983;HS06681,ZADH2;ADH7;ADH4;ADH6;ADH1B;PTGR2,PHYTOL_c + nad_c <=> CPD_45_14926_c + h_c + nadh_c
3_46_1_46_26_46_3_45_RXN,3.1.26.3-RXN,Unknown,1.2662803343949043,1.2662803343949043,1.0,0.0,MINIMAL,optimal,5,HS10663;HS03674;HS09286;HS09943;HS10407,RNASE8;RNASEN;RNASE7;RNASE6;RNASEH1,RNASE_45_III_45_MRNA_45_PROCESSING_45_SUBSTRATE_c + 2.0 WATER_c <=> RNASE_45_III_45_PROCESSING_45_PRODUCT_45_MRNA_c + 2.0 mRNA_45_Fragments_c
RXN_45_20215,RXN-20215,Unknown,1.2662803343949043,1.2662803343949043,1.0,0.0,MINIMAL,optimal,2,HS02732;HS01587,SULT2A1;SULT2B1,PREGNENOLONE_c + paps_c <=> CPD_45_21809_c + h_c + pap_c
RXN66_45_340,RXN66-340,Unknown,1.2662803343949043,1.2662803343949043,1.0,0.0,MINIMAL,optimal,1,HS07560,CYP17A1,OXYGEN_45_MOLECULE_c + PREGNENOLONE_c + Red_45_NADPH_45_Hemoprotein_45_Reductases_c <=> CPD66_45_23_c + Ox_45_NADPH_45_Hemoprotein_45_Reductases_c + WATER_c
RXN66_45_281,RXN66-281,Unknown,1.2662803343949043,1.2662803343949043,1.0,0.0,MINIMAL,optimal,1,HS01329,FDFT1,CPD_45_465_c + NADH_45_P_45_OR_45_NOP_c + h_c <=> NAD_45_P_45_OR_45_NOP_c + SQUALENE_c + ppi_c
UROGENIIISYN_45_RXN,UROGENIIISYN-RXN,Unknown,1.2662803343949043,1.2662803343949043,1.0,0.0,MINIMAL,optimal,1,HS07569,UROS,HYDROXYMETHYLBILANE_c <=> UROPORPHYRINOGEN_45_III_c + WATER_c
3_46_4_46_22_46_36_45_RXN,3.4.22.36-RXN,Unknown,1.2662803343949043,1.2662803343949043,1.0,0.0,MINIMAL,optimal,1,HS06387,CASP1,WATER_c + pro_45_interleukin_45_1beta_c <=> Mature_45_1L_45_1beta_c
RXN66_45_358,RXN66-358,Unknown,1.2662803343949043,1.2662803343949043,1.0,0.0,MINIMAL,optimal,1,HS09769,CYP21A2,OXYGEN_45_MOLECULE_c + PROGESTERONE_c + Red_45_NADPH_45_Hemoprotein_45_Reductases_c <=> 11_45_DEOXYCORTICOSTERONE_c + Ox_45_NADPH_45_Hemoprotein_45_Reductases_c + WATER_c
RXN66_45_355,RXN66-355,Unknown,1.2662803343949043,1.2662803343949043,1.0,0.0,MINIMAL,optimal,1,HS07560,CYP17A1,OXYGEN_45_MOLECULE_c + PROGESTERONE_c + Red_45_NADPH_45_Hemoprotein_45_Reductases_c <=> 17_45_ALPHA_45_HYDROXYPROGESTERONE_c + Ox_45_NADPH_45_Hemoprotein_45_Reductases_c + WATER_c
RXN_45_13198,RXN-13198,Unknown,1.2662803343949043,1.2662803343949043,1.0,0.0,MINIMAL,optimal,6,HS11440;HS10598;HS06569;HS10600;HS08983;HS06681,ZADH2;ADH7;ADH4;ADH6;ADH1B;PTGR2,CPD_45_665_c + h_c + nadh_c <=> PROPANOL_c + nad_c
ISOPROPANOL_45_DEHYDROGENASE_45_NADP_43__45_RXN,ISOPROPANOL-DEHYDROGENASE-NADP+-RXN,Unknown,1.2662803343949043,1.2662803343949043,1.0,0.0,MINIMAL,optimal,1,HS08983,ADH1B,ISO_45_PROPANOL_c <=> ACETONE_c + NADPH_c
RXN_45_14727,RXN-14727,Unknown,1.2662803343949043,1.2662803343949043,1.0,0.0,MINIMAL,optimal,1,HS11629,SGSH,PROPIONAMIDE_c + WATER_c <=> PROPIONATE_c + nh4_c
PROSTAGLANDIN_45_D_45_SYNTHASE_45_RXN,PROSTAGLANDIN-D-SYNTHASE-RXN,Unknown,1.2662803343949043,1.2662803343949043,1.0,0.0,MINIMAL,optimal,2,HS02989;HS08788,PTGDS;HPGDS,PROSTAGLANDIN_45_H2_c <=> 5Z13E_45_15S_45_9_45_ALPHA15_45_DIHYDROXY_45_11_45_O_c
PROSTAGLANDIN_45_I_45_SYNTHASE_45_RXN,PROSTAGLANDIN-I-SYNTHASE-RXN,Unknown,1.2662803343949043,1.2662803343949043,1.0,0.0,MINIMAL,optimal,1,HS04738,PTGIS,PROSTAGLANDIN_45_H2_c <=> 5Z13E_45_15S_45_69_45_ALPHA_45_EPOXY_45_11_45_ALPHA_c
THROMBOXANE_45_A_45_SYNTHASE_45_RXN,THROMBOXANE-A-SYNTHASE-RXN,Unknown,1.2662803343949043,1.2662803343949043,1.0,0.0,MINIMAL,optimal,1,HS00728,TBXAS1,PROSTAGLANDIN_45_H2_c <=> ALPHA11_45_ALPHA_45_EPOXY_45_15_45_HYDROXYTHROMBA_c
PROTOHEMEFERROCHELAT_45_RXN,PROTOHEMEFERROCHELAT-RXN,Unknown,1.2662803343949043,1.2662803343949043,1.0,0.0,MINIMAL,optimal,1,HS00891,FECH,PROTOHEME_c + 2.0 h_c <=> FE_43_2_c + PROTOPORPHYRIN_IX_c
HEME_45_OXYGENASE_45_DECYCLIZING_45_RXN,HEME-OXYGENASE-DECYCLIZING-RXN,Unknown,1.2662803343949043,1.2662803343949043,1.0,0.0,MINIMAL,optimal,2,HS02027;HS02501,HMOX1;HMOX2,3.0 OXYGEN_45_MOLECULE_c + PROTOHEME_c + 3.0 Red_45_NADPH_45_Hemoprotein_45_Reductases_c + 2.0 h_c <=> BILIVERDINE_c + CARBON_45_MONOXIDE_c + FE_43_2_c + 3.0 Ox_45_NADPH_45_Hemoprotein_45_Reductases_c + 3.0 WATER_c
SQUALENE_45_MONOOXYGENASE_45_RXN,SQUALENE-MONOOXYGENASE-RXN,Unknown,1.2662803343949043,1.2662803343949043,1.0,0.0,MINIMAL,optimal,1,HS02595,SQLE,Red_45_NADPH_45_Hemoprotein_45_Reductases_r + o2_r + sql_r <=> EPOXYSQUALENE_r + Ox_45_NADPH_45_Hemoprotein_45_Reductases_r + h2o_r
RXN_45_20645,RXN-20645,Unknown,1.2662803343949043,1.2662803343949043,1.0,0.0,MINIMAL,optimal,1,HS00191,COX10,GERANYLGERANYL_45_PP_c + PROTOHEME_c + WATER_c <=> CPD_45_22272_c + ppi_c
HEMEOSYN_45_RXN,HEMEOSYN-RXN,Unknown,1.2662803343949043,1.2662803343949043,1.0,0.0,MINIMAL,optimal,1,HS00191,COX10,PROTOHEME_c + WATER_c + frdp_c <=> CPD_45_17063_c + ppi_c
PROTOPORGENOXI_45_RXN,PROTOPORGENOXI-RXN,Unknown,1.2662803343949043,1.2662803343949043,1.0,0.0,MINIMAL,optimal,1,HS07011,PPOX,3.0 OXYGEN_45_MOLECULE_c + PROTOPORPHYRINOGEN_c <=> 3.0 HYDROGEN_45_PEROXIDE_c + PROTOPORPHYRIN_IX_c
PYRAZIN_45_RXN,PYRAZIN-RXN,Unknown,1.2662803343949043,1.2662803343949043,1.0,0.0,MINIMAL,optimal,1,HS11629,SGSH,PYRAZINAMIDE_c + WATER_c <=> PYRAZINOIC_45_ACID_c + nh4_c
RXN_45_17155,RXN-17155,Unknown,1.2662803343949043,1.2662803343949043,1.0,0.0,MINIMAL,optimal,1,HS00112,NDUFAB1,Aryl_45_Carrier_45_Proteins_c + CPD_45_18550_c <=> QXC_45_ACP_c + amp_c + h_c
NADPH_45_DEHYDROGENASE_45_FLAVIN_45_RXN,NADPH-DEHYDROGENASE-FLAVIN-RXN,Unknown,1.2662803343949043,1.2662803343949043,1.0,0.0,MINIMAL,optimal,1,HS01670,BLVRB,NADPH_c + 2.0 h_c + ribflv_c <=> CPD_45_316_c + nadp_c
UNSPECIFIC_45_MONOOXYGENASE_45_RXN,UNSPECIFIC-MONOOXYGENASE-RXN,Unknown,1.2662803343949043,1.2662803343949043,1.0,0.0,MINIMAL,optimal,28,HS10420;HS00076;HS06721;HS05902;HS06443;HS06413;HS09587;HS06459;HS08544;HS11946,CYP4F12;CYP51A1;CYP1A1;CYP2J2;CYP1B1;CYP19A1;CYP2B6;CYP2C8;CYP3A4;CYP4X1,OXYGEN_45_MOLECULE_c + RH_45_Group_c + Red_45_NADPH_45_Hemoprotein_45_Reductases_c <=> Alcohols_c + Ox_45_NADPH_45_Hemoprotein_45_Reductases_c + WATER_c
RXN_45_7002,RXN-7002,Unknown,1.2662803343949043,1.2662803343949043,1.0,0.0,MINIMAL,optimal,1,HS02151,PNP,CPD_45_296_c + RIBOSE_45_1_45_ARSENATE_c + 2.0 h_c <=> CPD_45_763_c + D_45_Ribofuranose_c + LIPOIC_45_ACID_c
RXN_45_19425,RXN-19425,Unknown,1.2662803343949043,1.2662803343949043,1.0,0.0,MINIMAL,optimal,4,HS16664;HS07906;HS01567;HS12746,LPCAT4;LPCAT1;LPCAT2;LPCAT3,1_45_Acyl_45_sn_45_glycero_45_3_45_phosphocholines_c + CPD_45_15364_c <=> CPD_45_18171_c + coa_c
RXN_45_16151,RXN-16151,Unknown,1.2662803343949043,1.2662803343949043,1.0,0.0,MINIMAL,optimal,4,HS16664;HS07906;HS01567;HS12746,LPCAT4;LPCAT1;LPCAT2;LPCAT3,CPD_45_15364_c + Glycerolipids_c <=> CPD_45_17396_c + coa_c
3_46_1_46_26_46_12_45_RXN,3.1.26.12-RXN,Unknown,1.2662803343949043,1.2662803343949043,1.0,0.0,MINIMAL,optimal,4,HS10663;HS09286;HS09943;HS10407,RNASE8;RNASE7;RNASE6;RNASEH1,RNASE_45_E_45_DEGRADATION_45_SUBSTRATE_45_MRNA_c + WATER_c <=> mRNA_45_Fragments_c
RXN0_45_6521,RXN0-6521,Unknown,1.2662803343949043,1.2662803343949043,1.0,0.0,MINIMAL,optimal,4,HS10663;HS09286;HS09943;HS10407,RNASE8;RNASE7;RNASE6;RNASEH1,RNASE_45_E_45_MRNA_45_PROCESSING_45_SUBSTRATE_c + WATER_c <=> RNASE_45_E_45_PROCESSING_45_PRODUCT_45_MRNA_c + mRNA_45_Fragments_c
RXN0_45_6523,RXN0-6523,Unknown,1.2662803343949043,1.2662803343949043,1.0,0.0,MINIMAL,optimal,4,HS10663;HS09286;HS09943;HS10407,RNASE8;RNASE7;RNASE6;RNASEH1,RNASE_45_G_45_DEGRADATION_45_SUBSTRATE_45_MRNA_c + WATER_c <=> 2.0 mRNA_45_Fragments_c
3_46_1_46_13_46_1_45_RXN,3.1.13.1-RXN,Unknown,1.2662803343949043,1.2662803343949043,1.0,0.0,MINIMAL,optimal,9,HS06069;HS10663;HS09939;HS09938;HS10407;HS09945;HS09286;HS09943;HS10465,RNASEL;RNASE8;RNASE3;RNASE2;RNASEH1;ANG;RNASE7;RNASE6;ISG20,RNASE_45_II_45_DEGRADATION_45_SUBSTRATE_45_MRNA_c + WATER_c <=> Nucleoside_45_Monophosphates_c
RXN0_45_6524,RXN0-6524,Unknown,1.2662803343949043,1.2662803343949043,1.0,0.0,MINIMAL,optimal,4,HS10663;HS09286;HS09943;HS10407,RNASE8;RNASE7;RNASE6;RNASEH1,RNASE_45_II_45_POLY_45_A_45_SUBSTRATE_45_MRNA_c + WATER_c <=> RNASE_45_II_45_SUBSTRATE_45_WITH_45_NO_45_POLY_45_A_45_TAIL_c
RXN_45_20217,RXN-20217,Unknown,1.2662803343949043,1.2662803343949043,1.0,0.0,MINIMAL,optimal,1,HS02732,SULT2A1,TESTOSTERONE_c + paps_c <=> CPD_45_21813_c + h_c + pap_c
RXN_45_18510,RXN-18510,Unknown,1.2662803343949043,1.2662803343949043,1.0,0.0,MINIMAL,optimal,1,HS05938,RFK,CPD_45_19833_c + atp_c <=> CPD_45_19839_c + adp_c + h_c
RXN_45_18511,RXN-18511,Unknown,1.2662803343949043,1.2662803343949043,1.0,0.0,MINIMAL,optimal,1,HS08520,FLAD1,CPD_45_19839_c + atp_c + h_c <=> CPD_45_19840_c + ppi_c
GSHTRAN_45_RXN,GSHTRAN-RXN,Unknown,1.2662803343949043,1.2662803343949043,1.0,0.0,MINIMAL,optimal,22,G66_30906;G66_31783;HS09818;G66_32429;HS01512;HS05832;HS01468;HS00245;HS10203;HS07329,GSTT1;GSTA5;GSTM2;GSTT4;MGST2;GSTM5;GSTP1;MGST1;GSTA4;GSTA3,RX_c + gthrd_c <=> HX_c + S_45_Substituted_45_Glutathione_c
MMUM_45_RXN,MMUM-RXN,Unknown,1.2662803343949043,1.2662803343949043,1.0,0.0,MINIMAL,optimal,1,HS05696,BHMT2,CPD_45_397_c + HOMO_45_CYS_c <=> 2.0 MET_c + h_c
1_46_8_46_3_46_5_45_RXN,1.8.3.5-RXN,Unknown,1.2662803343949043,1.2662803343949043,1.0,0.0,MINIMAL,optimal,1,HS03967,PCYOX1,OXYGEN_45_MOLECULE_c + S_45_PRENYL_45_L_45_CYSTEINE_c + WATER_c <=> CYS_c + HYDROGEN_45_PEROXIDE_c + PRENAL_c
RXN_45_12252,RXN-12252,Unknown,1.2662803343949043,1.2662803343949043,1.0,0.0,MINIMAL,optimal,5,HS10575;HS08398;HS10576;HS10578;HS11616,CES8;CES7;CES3;CES2;CES1,CPD_45_13174_c + WATER_c <=> CPD_45_13172_c + CPD_45_173_c + h_c
RXN66_45_577,RXN66-577,Unknown,1.2662803343949043,1.2662803343949043,1.0,0.0,MINIMAL,optimal,1,HS04663,SARDH,2.0 ETF_45_Oxidized_c + SARCOSINE_c + THF_45_GLU_45_N_c + 3.0 h_c <=> 5_45_10_45_METHENYL_45_THF_45_GLU_45_N_c + 2.0 ETF_45_Reduced_c + GLY_c
SARCOSINE_45_DEHYDROGENASE_45_RXN,SARCOSINE-DEHYDROGENASE-RXN,Unknown,1.2662803343949043,1.2662803343949043,1.0,0.0,MINIMAL,optimal,1,HS04663,SARDH,ETF_45_Oxidized_c + SARCOSINE_c + WATER_c + h_c <=> ETF_45_Reduced_c + FORMALDEHYDE_c + GLY_c
SARCOX_45_RXN,SARCOX-RXN,Unknown,1.2662803343949043,1.2662803343949043,1.0,0.0,MINIMAL,optimal,1,HS11411,PIPOX,OXYGEN_45_MOLECULE_x + SARCOSINE_x + WATER_x <=> FORMALDEHYDE_x + GLY_x + HYDROGEN_45_PEROXIDE_x
2_46_7_46_9_46_3_45_RXN,2.7.9.3-RXN,Unknown,1.2662803343949043,1.2662803343949043,1.0,0.0,MINIMAL,optimal,3,HS17663;HS01530;HS11405,G_HS17663;SEPHS1;SEPHS2,SE_45_2_c + WATER_c + atp_c <=> SEPO3_c + amp_c + pi_c
RXN_45_10777,RXN-10777,Unknown,1.2662803343949043,1.2662803343949043,1.0,0.0,MINIMAL,optimal,3,HS09898;HS11091;HS05608,SULT1A1;SULT1A2;SULT1A3,SEROTONIN_c + paps_c <=> CPD_45_11665_c + h_c + pap_c
RXN_45_10778,RXN-10778,Unknown,1.2662803343949043,1.2662803343949043,1.0,0.0,MINIMAL,optimal,2,HS01798;HS00966,MAOA;MAOB,OXYGEN_45_MOLECULE_c + SEROTONIN_c + WATER_c <=> 5_45_HYDROXYINDOLE_ACETALDEHYDE_c + HYDROGEN_45_PEROXIDE_c + nh4_c
TRANS_45_RXN66_45_1152,TRANS-RXN66-1152,Unknown,1.2662803343949043,1.2662803343949043,1.0,0.0,MINIMAL,optimal,1,HS03126,SLC6A4,NA_43__e + SEROTONIN_e <=> NA_43__c + SEROTONIN_c
RXN_45_14354,RXN-14354,Unknown,1.2662803343949043,1.2662803343949043,1.0,0.0,MINIMAL,optimal,1,HS08717,AGL,Glucopyranose_c <=> MALTOSE_c
SPHINGANINE_45_1_45_PHOSPHATE_45_ALDOLASE_45_RXN,SPHINGANINE-1-PHOSPHATE-ALDOLASE-RXN,Unknown,1.2662803343949043,1.2662803343949043,1.0,0.0,MINIMAL,optimal,1,HS09357,SGPL1,CPD_45_649_c <=> PALMITALDEHYDE_c + ethamp_c
THYKI_45_RXN,THYKI-RXN,Unknown,1.2662803343949043,1.2662803343949043,1.0,0.0,MINIMAL,optimal,2,HS09657;HS09420,TK1;TK2,atp_m + thymd_m <=> adp_m + dtmp_m + h_m
RXN_45_11501,RXN-11501,Unknown,1.2662803343949043,1.2662803343949043,1.0,0.0,MINIMAL,optimal,1,HS02389,GLA,CPD_45_170_c + WATER_c <=> ALPHA_45_D_45_GALACTOSE_c + CPD_45_1099_c
RXN_45_1823,RXN-1823,Unknown,1.2662803343949043,1.2662803343949043,1.0,0.0,MINIMAL,optimal,3,HS10839;HS00645;HS10841,AMY1A;AMY2B;AMY2A,Starch_c + WATER_c <=> Large_45_branched_45_glucans_c
RXN_45_16019,RXN-16019,Unknown,1.2662803343949043,1.2662803343949043,1.0,0.0,MINIMAL,optimal,1,HS00335,ELOVL5,CPD_45_14392_c + h_c + malcoa_c <=> CARBON_45_DIOXIDE_c + CPD_45_17262_c + coa_c
RXN_45_16041,RXN-16041,Unknown,1.2662803343949043,1.2662803343949043,1.0,0.0,MINIMAL,optimal,4,HS16664;HS07906;HS01567;HS12746,LPCAT4;LPCAT1;LPCAT2;LPCAT3,CPD_45_17278_c + coa_c <=> CPD_45_14392_c + Glycerolipids_c
RXN_45_13294,RXN-13294,Unknown,1.2662803343949043,1.2662803343949043,1.0,0.0,MINIMAL,optimal,1,HS09036,ELOVL7,STEAROYL_45_COA_c + h_c + malcoa_c <=> CARBON_45_DIOXIDE_c + CPD_45_14271_c + coa_c
RXN_45_20366,RXN-20366,Unknown,1.2662803343949043,1.2662803343949043,1.0,0.0,MINIMAL,optimal,2,HS01702;G66_37868,CERS4;CERS1,STEAROYL_45_COA_c + sphgn_c <=> CPD_45_22033_c + coa_c + h_c
RXN_45_20392,RXN-20392,Unknown,1.2662803343949043,1.2662803343949043,1.0,0.0,MINIMAL,optimal,2,HS01702;G66_37868,CERS4;CERS1,STEAROYL_45_COA_c + Sphingoids_c <=> CPD_45_22070_c + coa_c + h_c
RXN_45_20218,RXN-20218,Unknown,1.2662803343949043,1.2662803343949043,1.0,0.0,MINIMAL,optimal,2,HS00706;HS09636,SOAT1;SOAT2,CHOLESTEROL_c + STEAROYL_45_COA_c <=> CPD_45_21822_c + coa_c
RXN_45_18372,RXN-18372,Unknown,1.2662803343949043,1.2662803343949043,1.0,0.0,MINIMAL,optimal,4,HS09892;G66_37885;HS03286;HS08187,CPT1C;CPT1B;CPT1A;CPT2,CARNITINE_c + STEAROYL_45_COA_c <=> CPD_45_19742_c + coa_c
RXN_45_20396,RXN-20396,Unknown,1.2662803343949043,1.2662803343949043,1.0,0.0,MINIMAL,optimal,2,G66_37872;G66_37871,SPTSSB;SPTSSA,SER_c + STEAROYL_45_COA_c + h_c <=> CARBON_45_DIOXIDE_c + CPD_45_13610_c + coa_c
RXN_45_18002,RXN-18002,Unknown,1.2662803343949043,1.2662803343949043,1.0,0.0,MINIMAL,optimal,1,HS06393,SQRDL,ETR_45_Quinones_c + HS_c + SO3_c <=> ETR_45_Quinols_c + S2O3_c
SULFITE_45_OXIDASE_45_RXN,SULFITE-OXIDASE-RXN,Unknown,1.2662803343949043,1.2662803343949043,1.0,0.0,MINIMAL,optimal,1,HS06627,SUOX,SO3_m + WATER_m + o2_m + so3_m <=> h2o2_m + 2.0 so4_m
RXN66_45_589,RXN66-589,Unknown,1.2662803343949043,1.2662803343949043,1.0,0.0,MINIMAL,optimal,5,HS08544;HS05414;HS10343;HS06728;HS06458,CYP3A4;CYP2E1;CYP2A6;CYP1A2;CYP2C9,CPD_45_20494_c + OXYGEN_45_MOLECULE_c + Red_45_NADPH_45_Hemoprotein_45_Reductases_c <=> CPD_45_520_c + FORMALDEHYDE_c + Ox_45_NADPH_45_Hemoprotein_45_Reductases_c + WATER_c + h_c
TRANS_45_RXN66_45_1172,TRANS-RXN66-1172,Unknown,1.2662803343949043,1.2662803343949043,1.0,0.0,MINIMAL,optimal,1,HS05520,SLC6A6,NA_43__e + TAURINE_e <=> NA_43__c + TAURINE_c
BILE_45_SALT_45_SULFOTRANSFERASE_45_RXN,BILE-SALT-SULFOTRANSFERASE-RXN,Unknown,1.2662803343949043,1.2662803343949043,1.0,0.0,MINIMAL,optimal,1,HS02732,SULT2A1,TAUROLITHOCHOLATE_c + paps_c <=> TAUROLITHOCHOLATE_45_SULFATE_c + h_c + pap_c
RXN0_45_5244_45_yeast,RXN0-5244-yeast,Unknown,1.2662803343949043,1.2662803343949043,1.0,0.0,MINIMAL,optimal,18,HS00031;HS00035;HS00030;HS00036;HS00033;HS02434;HS17780;HS00032;HS03864;HS03841,MT-ND2;MT-ND5;MT-ND1;MT-ND6;MT-ND4;DHODH;ND6;MT-ND3;NDUFS7;GPD2,2.0 E_45__c + UBIQUINONE_45_6_c + 2.0 h_c <=> UBIQUINOL_45_30_c
TESTOSTERONE_45_17_45_BETA_45_DEHYDROGENASE_45_RXN,TESTOSTERONE-17-BETA-DEHYDROGENASE-RXN,Unknown,1.2662803343949043,1.2662803343949043,1.0,0.0,MINIMAL,optimal,4,HS03054;HS11363;HS00440;HS01540,AKR1C3;HSD17B11;HSD17B6;HSD17B2,TESTOSTERONE_c + nad_c <=> ANDROST4ENE_c + h_c + nadh_c
1_46_1_46_1_46_64_45_RXN,1.1.1.64-RXN,Unknown,1.2662803343949043,1.2662803343949043,1.0,0.0,MINIMAL,optimal,2,HS05461;HS03054,HSD17B3;AKR1C3,ANDROST4ENE_c + NADPH_c + h_c <=> TESTOSTERONE_c + nadp_c
RXN66_45_347,RXN66-347,Unknown,1.2662803343949043,1.2662803343949043,1.0,0.0,MINIMAL,optimal,0,,,OXYGEN_45_MOLECULE_c + Red_45_NADPH_45_Hemoprotein_45_Reductases_c + TESTOSTERONE_c <=> 19_45_HYDROXYTESTOSTERONE_c + Ox_45_NADPH_45_Hemoprotein_45_Reductases_c + WATER_c
RXN66_45_591,RXN66-591,Unknown,1.2662803343949043,1.2662803343949043,1.0,0.0,MINIMAL,optimal,3,HS08544;HS05414;HS10343,CYP3A4;CYP2E1;CYP2A6,OXYGEN_45_MOLECULE_c + Red_45_NADPH_45_Hemoprotein_45_Reductases_c + TESTOSTERONE_c <=> CPD_45_11570_c + Ox_45_NADPH_45_Hemoprotein_45_Reductases_c + WATER_c
1_46_1_46_1_46_51_45_RXN,1.1.1.51-RXN,Unknown,1.2662803343949043,1.2662803343949043,1.0,0.0,MINIMAL,optimal,5,HS05604;HS01071;HS03575;HS01540;HS01550,HSD17B7;HSD17B10;HSD17B8;HSD17B2;HSD17B14,NAD_45_P_45_OR_45_NOP_c + TESTOSTERONE_c <=> ANDROST4ENE_c + NADH_45_P_45_OR_45_NOP_c + h_c
RXN_45_10617,RXN-10617,Unknown,1.2662803343949043,1.2662803343949043,1.0,0.0,MINIMAL,optimal,10,G66_47652;G66_47591;HS03557;HS09519;HS17724;HS10271;HS03272;G66_47559;HS16233;HS11970,UGT1A1;UGT1A6;B3GAT2;UGT1A5;G_HS17724;UGT2B11;B3GAT1;UGT1A3;G_HS16233;UGT1A4,CPD_45_11403_c + udpglcur_c <=> CPD_45_11411_c + udp_c
RXN_45_10616,RXN-10616,Unknown,1.2662803343949043,1.2662803343949043,1.0,0.0,MINIMAL,optimal,10,G66_47652;G66_47591;HS03557;HS09519;HS17724;HS10271;HS03272;G66_47559;HS16233;HS11970,UGT1A1;UGT1A6;B3GAT2;UGT1A5;G_HS17724;UGT2B11;B3GAT1;UGT1A3;G_HS16233;UGT1A4,CPD_45_11403_c + udpglcur_c <=> CPD_45_11409_c + h_c + udp_c
RXN_45_20347,RXN-20347,Unknown,1.2662803343949043,1.2662803343949043,1.0,0.0,MINIMAL,optimal,1,HS01909,TECR,CPD_45_22018_c + NADPH_c + h_c <=> CPD_45_22015_c + nadp_c
RXN_45_20348,RXN-20348,Unknown,1.2662803343949043,1.2662803343949043,1.0,0.0,MINIMAL,optimal,5,HS04216;HS10142;HS09036;HS00873;HS04346,ELOVL4;ELOVL6;ELOVL7;ELOVL1;ELOVL3,CPD_45_22015_c + h_c + malcoa_c <=> CARBON_45_DIOXIDE_c + CPD_45_22021_c + coa_c
THIAMIN_45_PYROPHOSPHOKINASE_45_RXN,THIAMIN-PYROPHOSPHOKINASE-RXN,Unknown,1.2662803343949043,1.2662803343949043,1.0,0.0,MINIMAL,optimal,1,HS02907,TPK1,THIAMINE_c + atp_c <=> THIAMINE_45_PYROPHOSPHATE_c + amp_c + h_c
RXN_45_12583,RXN-12583,Unknown,1.2662803343949043,1.2662803343949043,1.0,0.0,MINIMAL,optimal,1,HS09727,PDHB,THIAMINE_45_PYROPHOSPHATE_c + h_c + pyr_c <=> 2_45_ALPHA_45_HYDROXYETHYL_45_THPP_c + CARBON_45_DIOXIDE_c
TRANS_45_RXN66_45_1264,TRANS-RXN66-1264,Unknown,1.2662803343949043,1.2662803343949043,1.0,0.0,MINIMAL,optimal,1,HS04138,SLC19A2,THIAMINE_e <=> THIAMINE_c
1_46_5_46_1_46_25_45_RXN,1.5.1.25-RXN,Unknown,1.2662803343949043,1.2662803343949043,1.0,0.0,MINIMAL,optimal,1,HS02488,CRYM,34_45_DEHYDRO_45_14_45_THIOMORPHOLINE_45_3_45_CARBOXY_c + NADH_45_P_45_OR_45_NOP_c + 2.0 h_c <=> NAD_45_P_45_OR_45_NOP_c + THIOMORPHOLINE_45_3_45_CARBOXYLATE_c
RXN0_45_6385,RXN0-6385,Unknown,1.2662803343949043,1.2662803343949043,1.0,0.0,MINIMAL,optimal,3,G66_46939;HS05179;G66_46901,TSTD3;TST;TSTD1,Red_45_Thioredoxin_c + S2O3_c <=> HS_c + Ox_45_Thioredoxin_c + SO3_c + h_c
THYM_45_PHOSPH_45_RXN,THYM-PHOSPH-RXN,Unknown,1.2662803343949043,1.2662803343949043,1.0,0.0,MINIMAL,optimal,1,HS00442,TYMP,THYMIDINE_c + pi_c <=> 2dr1p_c + THYMINE_c
2_46_4_46_1_46_92_45_RXN,2.4.1.92-RXN,Unknown,1.2662803343949043,1.2662803343949043,1.0,0.0,MINIMAL,optimal,4,HS06011;HS07428;HS10013;HS09505,B4GALNT1;CSGALNACT1;CSGALNACT2;B4GALNT2,CPD_45_14795_c + CPD_45_7181_c <=> CPD_45_1100_c + h_c + udp_c
RXN_45_19147,RXN-19147,Unknown,1.2662803343949043,1.2662803343949043,1.0,0.0,MINIMAL,optimal,1,HS01075,TRHDE,CPD_45_20640_c + WATER_c <=> 5oxpro_c + CPD_45_20641_c
RXN_45_11989,RXN-11989,Unknown,1.2662803343949043,1.2662803343949043,1.0,0.0,MINIMAL,optimal,1,HS11483,ALX1,CPD_45_7953_c + OXYGEN_45_MOLECULE_c <=> CPD_45_12935_c + PRENAL_c
RXN0_45_6512,RXN0-6512,Unknown,1.2662803343949043,1.2662803343949043,1.0,0.0,MINIMAL,optimal,2,HS09539;HS00752,ACAA2;ACAA1,CPD0_45_2364_c + coa_c <=> TRANS_45_23_45_DEHYDROADIPYL_45_COA_c + accoa_c
RXN66_45_162,RXN66-162,Unknown,1.2662803343949043,1.2662803343949043,1.0,0.0,MINIMAL,optimal,10,G66_47652;G66_47591;HS03557;HS09519;HS17724;HS10271;HS03272;G66_47559;HS16233;HS11970,UGT1A1;UGT1A6;B3GAT2;UGT1A5;G_HS17724;UGT2B11;B3GAT1;UGT1A3;G_HS16233;UGT1A4,CPD_45_2750_c + udpglcur_c <=> CPD_45_2752_c + h_c + udp_c
RXN_45_14495,RXN-14495,Unknown,1.2662803343949043,1.2662803343949043,1.0,0.0,MINIMAL,optimal,1,HS01909,TECR,CPD_45_15370_c + NADPH_c + h_c <=> CPD_45_15366_c + nadp_c
RXN_45_20339,RXN-20339,Unknown,1.2662803343949043,1.2662803343949043,1.0,0.0,MINIMAL,optimal,1,HS01909,TECR,CPD_45_22010_c + NADPH_c + h_c <=> CPD_45_22007_c + nadp_c
RXN_45_20340,RXN-20340,Unknown,1.2662803343949043,1.2662803343949043,1.0,0.0,MINIMAL,optimal,5,HS04216;HS10142;HS09036;HS00873;HS04346,ELOVL4;ELOVL6;ELOVL7;ELOVL1;ELOVL3,CPD_45_22007_c + h_c + malcoa_c <=> CARBON_45_DIOXIDE_c + CPD_45_22012_c + coa_c
RXN_45_20355,RXN-20355,Unknown,1.2662803343949043,1.2662803343949043,1.0,0.0,MINIMAL,optimal,4,HS07821;HS04631;G66_47266;HS01875,OLAH;ACOT9;ACOT6;ACOT7,CPD_45_22007_c + WATER_c <=> CPD_45_7837_c + coa_c + h_c
RXN_45_12086,RXN-12086,Unknown,1.2662803343949043,1.2662803343949043,1.0,0.0,MINIMAL,optimal,2,HS01328;HS09323,LIPE;LIPC,CPD_45_13014_c + WATER_c <=> BUTYRIC_ACID_c + CPD_45_13040_c + h_c
RXN_45_12900,RXN-12900,Unknown,1.2662803343949043,1.2662803343949043,1.0,0.0,MINIMAL,optimal,1,HS00223,FMO3,NADPH_c + OXYGEN_45_MOLECULE_c + TRIMETHYLAMINE_c <=> TRIMETHYLAMINE_45_N_45_O_c + WATER_c + nadp_c
ASPARAGINE_45__45_TRNA_45_LIGASE_45_RXN,ASPARAGINE--TRNA-LIGASE-RXN,Unknown,1.2662803343949043,1.2662803343949043,1.0,0.0,MINIMAL,optimal,3,HS05869;HS11886;HS06357,NARS;G_HS11886;NARS2,ASN_45_tRNAs_c + ASN_c + atp_c <=> Charged_45_ASN_45_tRNAs_c + amp_c + ppi_c
ASPARTATE_45__45_TRNA_45_LIGASE_45_RXN,ASPARTATE--TRNA-LIGASE-RXN,Unknown,1.2662803343949043,1.2662803343949043,1.0,0.0,MINIMAL,optimal,5,HS04153;HS11890;HS03946;HS11855;HS11868,DARS2;G_HS11890;DARS;MTTN;TRN,ASP_45_tRNAs_c + asp_DASH_DASH_DASH_L_c + atp_c <=> Charged_45_ASP_45_tRNAs_c + amp_c + ppi_c
RXN_45_1401,RXN-1401,Unknown,1.2662803343949043,1.2662803343949043,1.0,0.0,MINIMAL,optimal,2,HS01798;HS00966,MAOA;MAOB,OXYGEN_45_MOLECULE_c + TRYPTAMINE_c + WATER_c <=> HYDROGEN_45_PEROXIDE_c + INDOLE_ACETALDEHYDE_c + nh4_c
3_46_4_46_21_46_105_45_RXN,3.4.21.105-RXN,Unknown,1.2662803343949043,1.2662803343949043,1.0,0.0,MINIMAL,optimal,4,HS16444;HS06813;HS02483;HS08280,PARL;RHBDL3;RHBDL1;RHBDL2,Type_45_1_45_transmemberane_45_domains_c + WATER_c <=> Cleaved_45_type_45_1_45_transmembrane_45_domains_c
SUCCINATE_45_DEHYDROGENASE_45_UBIQUINONE6_45_RXN,SUCCINATE-DEHYDROGENASE-UBIQUINONE6-RXN,Unknown,1.2662803343949043,1.2662803343949043,1.0,0.0,MINIMAL,optimal,3,HS04095;HS15619;HS03841,SDHB;PGL2;GPD2,UBIQUINONE_45_6_c + succ_c <=> UBIQUINOL_45_30_c + fum_c
RXN_45_11109,RXN-11109,Unknown,1.2662803343949043,1.2662803343949043,1.0,0.0,MINIMAL,optimal,59,HS03014;HS07698;HS08630;HS04633;HS01345;HS04894;G66_46847;HS02788;HS00351;G66_46466,DDX50;DHX37;EIF4A1;DDX39;DDX43;DDX31;DDX41;DDX49;DDX11;DDX51,WATER_c + Wound_45_RNA_c + atp_c <=> Unwound_45_RNA_c + adp_c + h_c + pi_c
GALACTURIDYLYLTRANS_45_RXN,GALACTURIDYLYLTRANS-RXN,Unknown,1.2662803343949043,1.2662803343949043,1.0,0.0,MINIMAL,optimal,1,HS06274,GALT,CPD_45_12575_c + gal1p_c <=> GLC_45_1_45_P_c + udpgal_c
RXN_45_18272,RXN-18272,Unknown,1.2662803343949043,1.2662803343949043,1.0,0.0,MINIMAL,optimal,1,HS07494,UGCG,CPD_45_12575_c + Ceramides_c <=> Glucosyl_45_ceramides_c + h_c + udp_c
RXN_45_7793,RXN-7793,Unknown,1.2662803343949043,1.2662803343949043,1.0,0.0,MINIMAL,optimal,1,HS07494,UGCG,CPD3DJ_45_82_c + CPD_45_12575_c <=> Glucosyl_45_acyl_45_sphinganines_c + h_c + udp_c
2_46_4_46_1_46_117_45_RXN,2.4.1.117-RXN,Unknown,1.2662803343949043,1.2662803343949043,1.0,0.0,MINIMAL,optimal,1,HS04424,ALG5,CPD_45_12575_c + DOLICHOLP_c <=> CPD_45_166_c + udp_c
CERAMIDE_45_GLUCOSYLTRANSFERASE_45_RXN,CERAMIDE-GLUCOSYLTRANSFERASE-RXN,Unknown,1.2662803343949043,1.2662803343949043,1.0,0.0,MINIMAL,optimal,1,HS07494,UGCG,CPD_45_12575_c + N_45_Acylsphingosine_c <=> Glucosyl_45_acyl_45_sphingosines_c + h_c + udp_c
GLYCOGENIN_45_GLUCOSYLTRANSFERASE_45_RXN,GLYCOGENIN-GLUCOSYLTRANSFERASE-RXN,Unknown,1.2662803343949043,1.2662803343949043,1.0,0.0,MINIMAL,optimal,2,HS08931;HS00703,GYG1;GYG2,CPD_45_12575_c + GLYCOGENIN_c <=> GLUCOSYL_45_GLYCOGENIN_CCO_45_OUT + h_CCO_45_OUT + udp_CCO_45_OUT
RXN_45_7667,RXN-7667,Unknown,1.2662803343949043,1.2662803343949043,1.0,0.0,MINIMAL,optimal,0,,,CPD_45_12575_c + GLUCOSYL_45_GLYCOGENIN_c <=> CPD_45_7010_c + h_c + udp_c
TRANS_45_RXN66_45_1171,TRANS-RXN66-1171,Unknown,1.2662803343949043,1.2662803343949043,1.0,0.0,MINIMAL,optimal,1,HS05463,SLC35D2,CPD_45_12575_e <=> CPD_45_12575_c
RXN_45_19404,RXN-19404,Unknown,1.2662803343949043,1.2662803343949043,1.0,0.0,MINIMAL,optimal,2,HS05762;HS09299,LARGE;LARGE2,GlcA_45_Xyl_45_Rbo5Px2_45_GalNAc_45_GlucNAc_45_Man6P_45_R_c + UDP_45_D_45_XYLOSE_c <=> XylGlcAXylRbo5Px2GalNAcGlucNAcMan6PR_c + h_c + udp_c
RXN_45_19402,RXN-19402,Unknown,1.2662803343949043,1.2662803343949043,1.0,0.0,MINIMAL,optimal,1,HS04237,TMEM5,Rbo5P_45_Rbo5P_45_GalNAc_45_GlucNAc_45_Man6P_45_R_c + UDP_45_D_45_XYLOSE_c <=> Xyl_45_Rbo5P_45_Rbo5P_45_GalNAc_45_GlucNAc_45_Man6P_45_R_c + h_c + udp_c
2_46_4_46_2_46_26_45_RXN,2.4.2.26-RXN,Unknown,1.2662803343949043,1.2662803343949043,1.0,0.0,MINIMAL,optimal,2,HS00371;HS02509,XYLT2;XYLT1,Protein_45_L_45_serines_c + UDP_45_D_45_XYLOSE_c <=> Core_45_Protein_45_L_45_Ser_45_Xyl_c + h_c + udp_c
2_46_4_46_1_46_174_45_RXN,2.4.1.174-RXN,Unknown,1.2662803343949043,1.2662803343949043,1.0,0.0,MINIMAL,optimal,2,HS07428;HS10013,CSGALNACT1;CSGALNACT2,CPD_45_14795_c + GlcA_45_Gal_45_Gal_45_Xyl_45_Proteins_c <=> GalNAc_45_GlcA_45_Gal_45_Gal_45_Xyl_45_Proteins_c + h_c + udp_c
RXN_45_16325,RXN-16325,Unknown,1.2662803343949043,1.2662803343949043,1.0,0.0,MINIMAL,optimal,5,HS13400;HS11959;HS07428;HS10013;HS13103,CHSY1;CHSY3;CSGALNACT1;CSGALNACT2;CHPF,CPD_45_14795_c + GlcA_45_GalNAc_45_GlcA_45_Gal_45_Gal_45_Xyl_45_Proteins_c <=> GalNAc_45_GlcA_45_GalNAc_45_GlcA_45_Gal_45_Gal_45_Xyl_45_Pr_c + h_c + udp_c
RXN_45_19398,RXN-19398,Unknown,1.2662803343949043,1.2662803343949043,1.0,0.0,MINIMAL,optimal,1,HS08750,B3GALNT2,CPD_45_14795_c + bGlucNAc_45_14_45_Man_45_R_c <=> bGalNAc_45_13_45_bGlucNAc_45_14_45_Man_45_R_c + h_c + udp_c
RXN_45_18274,RXN-18274,Unknown,1.2662803343949043,1.2662803343949043,1.0,0.0,MINIMAL,optimal,4,HS06011;HS07428;HS10013;HS09505,B4GALNT1;CSGALNACT1;CSGALNACT2;B4GALNT2,CPD_45_14795_c + Ganglioside_45_GD3_c <=> Ganglioside_45_GD2_c + h_c + udp_c
3_46_1_46_6_46_14_45_RXN,3.1.6.14-RXN,Unknown,1.2662803343949043,1.2662803343949043,1.0,0.0,MINIMAL,optimal,3,HS16925;HS04749;HS06046,G_HS16925;G_HS04749;GNS,Heparan_45_NAc_45_Glc_45_6S_c + WATER_c <=> Heparan_45_NAc_45_Glc_c + h_c + so4_c
RXN_45_18294,RXN-18294,Unknown,1.2662803343949043,1.2662803343949043,1.0,0.0,MINIMAL,optimal,4,HS06011;HS07428;HS10013;HS09505,B4GALNT1;CSGALNACT1;CSGALNACT2;B4GALNT2,CPD_45_14795_c + Ganglioside_45_GT3_c <=> Ganglioside_45_GT2_c + h_c + udp_c
2_46_4_46_1_46_88_45_RXN,2.4.1.88-RXN,Unknown,1.2662803343949043,1.2662803343949043,1.0,0.0,MINIMAL,optimal,1,HS07505,GBGT1,CPD_45_14795_c + N_45_ACETYL_45_D_45_GALACTOSAMINYL_45_13_45_D_45_GALACT_c <=> FORSSMAN_45_HAPTEN_c + h_c + udp_c
2_46_4_46_1_46_79_45_RXN,2.4.1.79-RXN,Unknown,1.2662803343949043,1.2662803343949043,1.0,0.0,MINIMAL,optimal,1,HS09918,B3GALNT1, <=> 
RXN_45_18271,RXN-18271,Unknown,1.2662803343949043,1.2662803343949043,1.0,0.0,MINIMAL,optimal,4,HS06011;HS07428;HS10013;HS09505,B4GALNT1;CSGALNACT1;CSGALNACT2;B4GALNT2,CPD_45_14795_c + Lactosyl_45_Ceramides_c <=> CPD_45_19630_c + h_c + udp_c
2_46_4_46_1_46_41_45_RXN,2.4.1.41-RXN,Unknown,1.2662803343949043,1.2662803343949043,1.0,0.0,MINIMAL,optimal,19,HS07092;HS12419;HS16345;HS15213;HS14696;HS03873;HS12640;HS12722;HS11963;HS06641,GALNT2;GALNTL1;GALNTL6;GALNT10;GALNT14;GALNT3;GALNT11;GALNTL4;GALNT9;GALNT6,CPD_45_14795_c + Glycoprotein_45_L_45_serine_45_or_45_L_45_threonine_c <=> D_45_Gal_45_NAc_45__45_Glycoproteins_c + h_c + udp_c
2_46_4_46_1_46_244_45_RXN,2.4.1.244-RXN,Unknown,1.2662803343949043,1.2662803343949043,1.0,0.0,MINIMAL,optimal,2,G66_31509;HS13753,B4GALNT4;B4GALNT3,BETA_45_ACETYLGLUCOSAMINIDE_c + CPD_45_14795_c <=> CPD_45_8945_c + h_c + udp_c
TRANS_45_RXN66_45_1163,TRANS-RXN66-1163,Unknown,1.2662803343949043,1.2662803343949043,1.0,0.0,MINIMAL,optimal,1,HS04038,SLC35D1,UDP_45_N_45_ACETYL_45_GALACTOSAMINE_e <=> UDP_45_N_45_ACETYL_45_GALACTOSAMINE_c
TRANS_45_RXN66_45_1173,TRANS-RXN66-1173,Unknown,1.2662803343949043,1.2662803343949043,1.0,0.0,MINIMAL,optimal,2,HS06834;HS05702,SLC14A1;SLC14A2,UREA_e <=> UREA_c
URPHOS_45_RXN,URPHOS-RXN,Unknown,1.2662803343949043,1.2662803343949043,1.0,0.0,MINIMAL,optimal,2,HS00053;HS00200,UPP1;UPP2,URIDINE_c + pi_c <=> URACIL_c + r1p_c
RXN_45_12060,RXN-12060,Unknown,1.2662803343949043,1.2662803343949043,1.0,0.0,MINIMAL,optimal,1,HS10729,CNP,CPD_45_3725_c + WATER_c <=> CPD_45_3723_c + h_c
RXN_45_10642,RXN-10642,Unknown,1.2662803343949043,1.2662803343949043,1.0,0.0,MINIMAL,optimal,1,HS04993,UROD,CPD_45_11444_c + 4.0 h_c <=> 4.0 CARBON_45_DIOXIDE_c + COPROPORPHYRINOGEN_I_c
UROGENDECARBOX_45_RXN,UROGENDECARBOX-RXN,Unknown,1.2662803343949043,1.2662803343949043,1.0,0.0,MINIMAL,optimal,1,HS04993,UROD,UROPORPHYRINOGEN_45_III_c + 4.0 h_c <=> 4.0 CARBON_45_DIOXIDE_c + COPROPORPHYRINOGEN_III_c
RXN_45_12134,RXN-12134,Unknown,1.2662803343949043,1.2662803343949043,1.0,0.0,MINIMAL,optimal,4,HS07112;HS04452;HS11908;HS11902,EPHX1;EPHX2;EPHX4;EPHX3,Vernolates_c + WATER_c <=> CPD_45_13086_c
RXN_45_9829,RXN-9829,Unknown,1.2662803343949043,1.2662803343949043,1.0,0.0,MINIMAL,optimal,2,HS17721;HS05140,CYP2R1;POR,OXYGEN_45_MOLECULE_c + Red_45_NADPH_45_Hemoprotein_45_Reductases_c + VITAMIN_D3_c <=> CALCIDIOL_c + Ox_45_NADPH_45_Hemoprotein_45_Reductases_c + WATER_c
RXN_45_10683,RXN-10683,Unknown,1.2662803343949043,1.2662803343949043,1.0,0.0,MINIMAL,optimal,1,HS03897,GGCX,CARBON_45_DIOXIDE_c + CPD_45_12831_c + OXYGEN_45_MOLECULE_c + Protein_45_alpha_45_L_45_Glutamates_c <=> 23_45_EPOXY_45_23_45_DIHYDRO_45_2_45_METHYL_45_14_45_NAPHTHOQ_c + CPD_45_11500_c + WATER_c + h_c
34DHXMANDACOX,"3,4-Dihydroxymandelaldehyde:NAD+ oxidoreductase",Unknown,1.2662803343949043,1.2662803343949043,1.0,0.0,MINIMAL,optimal,3,218_AT1;221_AT1;220_AT1,ALDH3A1;ALDH3B1;ALDH1A3,DIHYDROXYPHENYLGLYCOLALDEHYDE_c + WATER_c + nad_c --> 34dhoxmand_c + 2.0 h_c + nadh_c
RXN0_45_901,RXN0-901,Unknown,1.2662803343949043,1.2662803343949043,1.0,0.0,MINIMAL,optimal,1,HS08270,XDH,WATER_x + XANTHINE_x + nad_x <=> URATE_x + h_x + nadh_x
XANTHINE_45_OXIDASE_45_RXN,XANTHINE-OXIDASE-RXN,Unknown,1.2662803343949043,1.2662803343949043,1.0,0.0,MINIMAL,optimal,1,HS08270,XDH,OXYGEN_45_MOLECULE_x + WATER_x + XANTHINE_x <=> HYDROGEN_45_PEROXIDE_x + URATE_x
XANTHOSINEPHOSPHORY_45_RXN,XANTHOSINEPHOSPHORY-RXN,Unknown,1.2662803343949043,1.2662803343949043,1.0,0.0,MINIMAL,optimal,1,HS02151,PNP,XANTHOSINE_c + pi_c <=> XANTHINE_c + r1p_c
RXN_45_12400,RXN-12400,Unknown,1.2662803343949043,1.2662803343949043,1.0,0.0,MINIMAL,optimal,1,HS10092,GLB1,CPD_45_13378_c + 2.0 WATER_c <=> CPD_45_13375_c + 2.0 D_45_galactopyranose_c
RXN_45_12399,RXN-12399,Unknown,1.2662803343949043,1.2662803343949043,1.0,0.0,MINIMAL,optimal,1,HS10092,GLB1,CPD_45_13377_c + WATER_c <=> CPD_45_13375_c + D_45_galactopyranose_c
RXN_45_12398,RXN-12398,Unknown,1.2662803343949043,1.2662803343949043,1.0,0.0,MINIMAL,optimal,1,HS10092,GLB1,CPD_45_13376_c + WATER_c <=> CPD_45_13375_c + D_45_galactopyranose_c
L_45_XYLULOSE_45_REDUCTASE_45_RXN,L-XYLULOSE-REDUCTASE-RXN,Unknown,1.2662803343949043,1.2662803343949043,1.0,0.0,MINIMAL,optimal,1,HS09999,DCXR,L_45_XYLULOSE_c + NADPH_c + h_c <=> XYLITOL_c + nadp_c
D_45_XYLULOSE_45_REDUCTASE_45_RXN,D-XYLULOSE-REDUCTASE-RXN,Unknown,1.2662803343949043,1.2662803343949043,1.0,0.0,MINIMAL,optimal,3,HS14782;HS06691;HS16030,G_HS14782;SORD;G_HS16030,XYLITOL_c + nad_c <=> D_45_XYLULOSE_c + h_c + nadh_c
TRANS_45_RXN66_45_565,TRANS-RXN66-565,Unknown,1.2662803343949043,1.2662803343949043,1.0,0.0,MINIMAL,optimal,22,HS02549;HS13784;HS08720;HS02598;HS05747;HS07846;HS03574;HS07532;HS08260;G66_31289,SLC30A4;SLC39A5;SLC30A7;SLC39A14;SLC39A11;SLC30A6;SLC39A7;SLC39A12;SLC30A2;SLC39A10,ZN_43_2_e <=> ZN_43_2_c
RXN66_45_24,RXN66-24,Unknown,1.2662803343949043,1.2662803343949043,1.0,0.0,MINIMAL,optimal,1,HS05604,HSD17B7,CPD_45_8620_c + NADPH_c + h_c <=> CPD_45_8621_c + nadp_c
RXN66_45_319,RXN66-319,Unknown,1.2662803343949043,1.2662803343949043,1.0,0.0,MINIMAL,optimal,1,HS05604,HSD17B7,CPD_45_4581_c + NADPH_c + h_c <=> ZYMOSTEROL_c + nadp_c
RNA_45_POLYMERASE_45_SUBUNIT_45_KINASE_45_RXN,RNA-POLYMERASE-SUBUNIT-KINASE-RXN,Unknown,1.2662803343949043,1.2662803343949043,1.0,0.0,MINIMAL,optimal,4,HS05811;HS05713;HS06213;HS10099,CDK7;CDK8;CDK9;CDC2,DNA_45_directed_45_RNA_45_polymerases_c + atp_c <=> Phospho_45_DNA_45_directed_45_RNA_45_polymerases_c + adp_c
RXN_45_7953,RXN-7953,Unknown,1.2662803343949043,1.2662803343949043,1.0,0.0,MINIMAL,optimal,1,HS11694,CHST15,Dermatan_45_NAcGal_45_4_45_sulfates_c + paps_c <=> Dermatan_45_NAcGal_45_46_45_disulfates_c + h_c + pap_c
RXN_45_11569,RXN-11569,Unknown,1.2662803343949043,1.2662803343949043,1.0,0.0,MINIMAL,optimal,1,HS00286,IDS,Dermatan_45_sulfate_45_L_45_IdoA2S_c + WATER_c <=> DERMATAN_45_L_45_IDURONATE_c + h_c + so4_c
RXN_45_11555,RXN-11555,Unknown,1.2662803343949043,1.2662803343949043,1.0,0.0,MINIMAL,optimal,1,HS09883,CHST14,Dermatan_45_NacGal_c + paps_c <=> Dermatan_45_NAcGal_45_4_45_sulfates_c + h_c + pap_c
4NPHSULT,4-Nitrophenol Sulfotransferase,Unknown,1.2662803343949043,1.2662803343949043,1.0,0.0,MINIMAL,optimal,10,6817_AT3;6817_AT2;6799_AT2;6818_AT2;6818_AT3;6818_AT1;6817_AT1;6817_AT4;6817_AT5;6799_AT1,SULT1A1;SULT1A1;SULT1A2;SULT1A3;SULT1A3;SULT1A3;SULT1A1;SULT1A1;SULT1A1;SULT1A2,4nph_c + paps_c --> 4nphsf_c + h_c + pap_c
RXN_45_11570,RXN-11570,Unknown,1.2662803343949043,1.2662803343949043,1.0,0.0,MINIMAL,optimal,3,HS16925;HS04749;HS06046,G_HS16925;G_HS04749;GNS,Keratan_45_sulfate_45_NAcGlcN6S_c + WATER_c <=> Keratan_45_sulfate_45_NAcGlc_c + h_c + so4_c
RXN_45_11568,RXN-11568,Unknown,1.2662803343949043,1.2662803343949043,1.0,0.0,MINIMAL,optimal,1,HS06790,GALNS,Keratan_45_Gal_45_6S_c + WATER_c <=> Keratan_45_galactose_c + h_c + so4_c
RXN_45_20595,RXN-20595,Unknown,1.2662803343949043,1.2662803343949043,1.0,0.0,MINIMAL,optimal,3,HS12848;G66_46630;HS04990,KDM3A;KDM4E;KDM5C,2.0 OXYGEN_45_MOLECULE_c + Protein_45_N_45_Nprime_45_omega_45_dimethyl_45_arginine_c + 2.0 akg_c <=> 2.0 CARBON_45_DIOXIDE_c + 2.0 FORMALDEHYDE_c + Protein_45_L_45_Arginines_c
RXN_45_20597,RXN-20597,Unknown,1.2662803343949043,1.2662803343949043,1.0,0.0,MINIMAL,optimal,4,HS12848;G66_46630;HS13431;HS04990,KDM3A;KDM4E;KDM6B;KDM5C,2.0 OXYGEN_45_MOLECULE_c + Protein_45_N_45_omega_45_dimethyl_45_arginine_c + 2.0 akg_c <=> 2.0 CARBON_45_DIOXIDE_c + 2.0 FORMALDEHYDE_c + Protein_45_L_45_Arginines_c
RXN_45_16892,RXN-16892,Unknown,1.2662803343949043,1.2662803343949043,1.0,0.0,MINIMAL,optimal,1,HS02092,PRMT5,Protein_45_N_45_omega_45_methyl_45_arginine_c + amet_c <=> ADENOSYL_45_HOMO_45_CYS_c + Protein_45_N_45_Nprime_45_omega_45_dimethyl_45_arginine_c + h_c
13DAMPPOX,"1,3-Diaminopropane:oxygen oxidoreductase (deaminating)",Unknown,1.2662803343949043,1.2662803343949043,1.0,0.0,MINIMAL,optimal,4,26_AT1;314_AT1;8639_AT1;314_AT2,AOC1;AOC2;AOC3;AOC2,13dampp_c + OXYGEN_45_MOLECULE_c + WATER_c --> HYDROGEN_45_PEROXIDE_c + bamppald_c + nh4_c
2AMACSULT,2-Aminoacrylate sulfotransferase,Unknown,1.2662803343949043,1.2662803343949043,1.0,0.0,MINIMAL,optimal,0,,,2_45_AMINOACRYLATE_c + NADPH_c + paps_c --> Lcyst_c + nadp_c + pap_c
2DR1PP,2-deoxy-D-ribose 1-phosphate phosphorylase,Unknown,1.2662803343949043,1.2662803343949043,1.0,0.0,MINIMAL,optimal,0,,,2dr1p_c + WATER_c --> drib_c + pi_c
UMPK5n,"UMP kinase (dATP),nuclear",Unknown,1.2662803343949043,1.2662803343949043,1.0,0.0,MINIMAL,optimal,1,51727_AT1,CMPK1,datp_n + ump_n <=> dadp_n + udp_n
UMPK6,UMP kinase (dCTP),Unknown,1.2662803343949043,1.2662803343949043,1.0,0.0,MINIMAL,optimal,1,51727_AT1,CMPK1,dctp_c + ump_c <=> dcdp_c + udp_c
2HCO3_NAt,bicarbonate transport (Na/HCO3 1:2 cotransport),Unknown,1.2662803343949043,1.2662803343949043,1.0,0.0,MINIMAL,optimal,5,57835_AT2;57835_AT4;8671_AT1;57835_AT1;57835_AT3,SLC4A5;SLC4A5;SLC4A4;SLC4A5;SLC4A5,NA_43__e + 2.0 hco3_e <=> 2.0 H2CO3_c + NA_43__c
34DHOXPEGOX,"3,4-Dihydroxyphenylethyleneglycol:NAD+ oxidoreductase",Unknown,1.2662803343949043,1.2662803343949043,1.0,0.0,MINIMAL,optimal,8,131_AT1;125_AT1;130_AT1;137872_AT1;128_AT1;126_AT1;124_AT1;127_AT1,ADH7;ADH1B;ADH6;ADHFE1;ADH5;ADH1C;ADH1A;ADH4,DIHYDROXYPHENYLGLYCOLALDEHYDE_c + h_c + nadh_c <=> CPD_45_11878_c + nad_c
34DHOXPEGt,"3,4-Dihydroxyphenylethyleneglycol transport (diffusion)",Unknown,1.2662803343949043,1.2662803343949043,1.0,0.0,MINIMAL,optimal,0,,,CPD_45_11878_c <=> 34dhoxpeg_e
34DHPLACOX,"3,4-Dihydroxyphenylacetaldehyde:NAD+ oxidoreductase",Unknown,1.2662803343949043,1.2662803343949043,1.0,0.0,MINIMAL,optimal,4,221_AT1;220_AT1;222_AT1;218_AT1,ALDH3B1;ALDH1A3;ALDH3B2;ALDH3A1,34_45_DIHYDROXYPHENYLACETALDEHYDE_c + WATER_c + nad_c --> 34dhpha_c + 2.0 h_c + nadh_c
34DHPLACOX_LPAREN_NADP_RPAREN_,"3,4-Dihydroxyphenylacetaldehyde:NADP+ oxidoreductase",Unknown,1.2662803343949043,1.2662803343949043,1.0,0.0,MINIMAL,optimal,3,221_AT1;222_AT1;218_AT1,ALDH3B1;ALDH3B2;ALDH3A1,34_45_DIHYDROXYPHENYLACETALDEHYDE_c + WATER_c + nadp_c <=> 34dhpha_c + NADPH_c + 2.0 h_c
ACGAM6PSi,N-acetylglucosamine-6-phosphate synthase,Unknown,1.2662803343949043,1.2662803343949043,1.0,0.0,MINIMAL,optimal,1,64841_AT1,GNPNAT1,accoa_c + gam6p_c --> acgam6p_c + coa_c + h_c
34DHXMANDACOX_LPAREN_NADP_RPAREN_,"3,4-Dihydroxymandelaldehyde:NADP+ oxidoreductase",Unknown,1.2662803343949043,1.2662803343949043,1.0,0.0,MINIMAL,optimal,2,221_AT1;222_AT1,ALDH3B1;ALDH3B2,DIHYDROXYPHENYLGLYCOLALDEHYDE_c + WATER_c + nadp_c <=> 34dhoxmand_c + NADPH_c + 2.0 h_c
3AIBTm,"L-3-aminoisobutyrate transaminase, mitochondrial",Unknown,1.2662803343949043,1.2662803343949043,1.0,0.0,MINIMAL,optimal,2,18_AT1;18_AT2,ABAT;ABAT,2mop_m + glu_DASH_DASH_DASH_L_m <=> 3aib_m + akg_m
3AIBt,3-amino-isobutyrate transport,Unknown,1.2662803343949043,1.2662803343949043,1.0,0.0,MINIMAL,optimal,0,,,CPD_45_471_c --> 3aib_e
3AIBtm,"3-amino-isobutyrate transport, mitochondrial",Unknown,1.2662803343949043,1.2662803343949043,1.0,0.0,MINIMAL,optimal,0,,,3aib_m --> CPD_45_471_c
UMPK6n,"UMP kinase (dCTP),nuclear",Unknown,1.2662803343949043,1.2662803343949043,1.0,0.0,MINIMAL,optimal,1,51727_AT1,CMPK1,dctp_n + ump_n <=> dcdp_n + udp_n
3HBCOAHLm,"3-hydroxyisobutyryl-CoA hydrolase, mitochondrial",Unknown,1.2662803343949043,1.2662803343949043,1.0,0.0,MINIMAL,optimal,0,,,3hibutcoa_m + WATER_m --> 3hmp_m + coa_m + h_m
3HCO3_NAt,bicarbonate transport (Na/HCO3 1:3 cotransport),Unknown,1.2662803343949043,1.2662803343949043,1.0,0.0,MINIMAL,optimal,5,57835_AT2;57835_AT4;8671_AT1;57835_AT1;57835_AT3,SLC4A5;SLC4A5;SLC4A4;SLC4A5;SLC4A5,NA_43__e + 3.0 hco3_e <=> 3.0 H2CO3_c + NA_43__c
3MLDAt,3MLDA extracellular transport via diffusion,Unknown,1.2662803343949043,1.2662803343949043,1.0,0.0,MINIMAL,optimal,0,,,3mlda_c <=> 3mlda_e
3MOX4HOXPGALDOX,3-Methoxy-4-hydroxyphenylglycolaldehyde:NAD+ oxidoreductase,Unknown,1.2662803343949043,1.2662803343949043,1.0,0.0,MINIMAL,optimal,4,221_AT1;220_AT1;222_AT1;218_AT1,ALDH3B1;ALDH1A3;ALDH3B2;ALDH3A1,3m4hpga_c + WATER_c + nad_c --> 3mox4hoxm_c + 2.0 h_c + nadh_c
3MOX4HOXPGALDOX_LPAREN_NADP_RPAREN_,3-Methoxy-4-hydroxyphenylglycolaldehyde:NADP+ oxidoreductase,Unknown,1.2662803343949043,1.2662803343949043,1.0,0.0,MINIMAL,optimal,4,221_AT1;220_AT1;222_AT1;218_AT1,ALDH3B1;ALDH1A3;ALDH3B2;ALDH3A1,3m4hpga_c + WATER_c + nadp_c <=> 3mox4hoxm_c + NADPH_c + 2.0 h_c
41R1H2MAE12BOOX,"4-[(1R)-1-Hydroxy-2-(methylamino)ethyl]-1,2-benzenediol:oxygen oxidoreductase(deaminating)(flavin-containing)",Unknown,1.2662803343949043,1.2662803343949043,1.0,0.0,MINIMAL,optimal,2,4129_AT1;4128_AT1,MAOB;MAOA,OXYGEN_45_MOLECULE_c + WATER_c + adrnl_c --> DIHYDROXYPHENYLGLYCOLALDEHYDE_c + HYDROGEN_45_PEROXIDE_c + mma_c
41R2A1H12BOOX,"4-[(1R)-2-Amino-1-hydroxyethyl]-1,2-benzenediol:oxygen oxidoreductase(deaminating)(flavin-containing)",Unknown,1.2662803343949043,1.2662803343949043,1.0,0.0,MINIMAL,optimal,2,4129_AT1;4128_AT1,MAOB;MAOA,OXYGEN_45_MOLECULE_c + WATER_c + nrpphr_c --> DIHYDROXYPHENYLGLYCOLALDEHYDE_c + HYDROGEN_45_PEROXIDE_c + nh4_c
4ABUTtm,4-aminobutanoate mitochondrial transport via diffusion,Unknown,1.2662803343949043,1.2662803343949043,1.0,0.0,MINIMAL,optimal,0,,,4_45_AMINO_45_BUTYRATE_c <=> 4abut_m
4HOXPACDOX_LPAREN_NADP_RPAREN_,4-Hydroxyphenylacetaldehyde:NADP+ oxidoreductase,Unknown,1.2662803343949043,1.2662803343949043,1.0,0.0,MINIMAL,optimal,4,221_AT1;220_AT1;222_AT1;218_AT1,ALDH3B1;ALDH1A3;ALDH3B2;ALDH3A1,HYDRPHENYLAC_45_CPD_c + WATER_c + nadp_c <=> 4hphac_c + NADPH_c + 2.0 h_c
4NPHSFte,xenobiotic transport,Unknown,1.2662803343949043,1.2662803343949043,1.0,0.0,MINIMAL,optimal,0,,,4nphsf_e <=> 4nphsf_c
ACP1_FMN,acid phosphatase (FMN),Unknown,1.2662803343949043,1.2662803343949043,1.0,0.0,MINIMAL,optimal,3,52_AT2;52_AT1;52_AT3,ACP1;ACP1;ACP1,WATER_c + fmn_c --> pi_c + ribflv_c
4NPHte,xenobiotic transport,Unknown,1.2662803343949043,1.2662803343949043,1.0,0.0,MINIMAL,optimal,0,,,4nph_e <=> 4nph_c
7DHCHSTEROLtr,cholesterol precursor intracellular transport,Unknown,1.2662803343949043,1.2662803343949043,1.0,0.0,MINIMAL,optimal,0,,,7dhchsterol_r <=> 7dhchsterol_c
AACOAT,Acetoacetyl-CoA:acetate CoA-transferase,Unknown,1.2662803343949043,1.2662803343949043,1.0,0.0,MINIMAL,optimal,1,65985_AT1,AACS,acac_c + atp_c + coa_c <=> aacoa_c + amp_c + ppi_c
ABTArm,"4-aminobutyrate transaminase, reversible (mitochondrial)",Unknown,1.2662803343949043,1.2662803343949043,1.0,0.0,MINIMAL,optimal,2,18_AT1;18_AT2,ABAT;ABAT,4abut_m + akg_m <=> glu_DASH_DASH_DASH_L_m + sucsal_m
ABTD,L-arabinitol 4-dehydrogenase,Unknown,1.2662803343949043,1.2662803343949043,1.0,0.0,MINIMAL,optimal,0,,,L_45_ARABITOL_c + nad_c <=> L_45_XYLULOSE_c + h_c + nadh_c
ABUTD,Aminobutyraldehyde dehydrogenase,Unknown,1.2662803343949043,1.2662803343949043,1.0,0.0,MINIMAL,optimal,1,223_AT1,ALDH9A1,4abutn_c + WATER_c + nad_c --> 4_45_AMINO_45_BUTYRATE_c + 2.0 h_c + nadh_c
ACACT1,acetyl-CoA C-acetyltransferase,Unknown,1.2662803343949043,1.2662803343949043,1.0,0.0,MINIMAL,optimal,1,39_AT1,ACAT2,2.0 accoa_c --> aacoa_c + coa_c
ACACT10m,"acetyl-CoA C-acetyltransferase, mitochondrial",Unknown,1.2662803343949043,1.2662803343949043,1.0,0.0,MINIMAL,optimal,1,38_AT1,ACAT1,2maacoa_m + coa_m <=> accoa_m + ppcoa_m
ACACT1rm,"acetyl-CoA C-acetyltransferase, mitochondrial",Unknown,1.2662803343949043,1.2662803343949043,1.0,0.0,MINIMAL,optimal,3,3030_AT1;38_AT1;3032_AT1,HADHA;ACAT1;HADHB,2.0 accoa_m <=> aacoa_m + coa_m
ACACtx,acetoacetate intracellular transport unknown mechanism,Unknown,1.2662803343949043,1.2662803343949043,1.0,0.0,MINIMAL,optimal,0,,,acac_c <=> acac_x
ACALDtm,acetaldehyde mitochondrial diffusion,Unknown,1.2662803343949043,1.2662803343949043,1.0,0.0,MINIMAL,optimal,0,,,acald_m <=> ACETALD_c
ACALDtx,acetaldehyde peroxisomal diffusion,Unknown,1.2662803343949043,1.2662803343949043,1.0,0.0,MINIMAL,optimal,0,,,ACETALD_x <=> ACETALD_c
ACCOAC,acetyl-CoA carboxylase,Unknown,1.2662803343949043,1.2662803343949043,1.0,0.0,MINIMAL,optimal,6,31_AT1;31_AT3;31_AT4;31_AT2;32_AT1;31_AT5,ACACA;ACACA;ACACA;ACACA;ACACB;ACACA,H2CO3_c + accoa_c + atp_c --> adp_c + h_c + malcoa_c + pi_c
ACETONEt2,acetone transport via proton symport,Unknown,1.2662803343949043,1.2662803343949043,1.0,0.0,MINIMAL,optimal,3,6566_AT1;9123_AT1;9194_AT1,SLC16A1;SLC16A3;SLC16A7,acetone_e + h_e <=> ACETONE_c + h_c
ACETONEt2m,acetone mitochondrial transport via proton symport,Unknown,1.2662803343949043,1.2662803343949043,1.0,0.0,MINIMAL,optimal,1,6566_AT1,SLC16A1,ACETONE_c + h_c <=> acetone_m + h_m
ADRNCPT2,carnitine transferase,Unknown,1.2662803343949043,1.2662803343949043,1.0,0.0,MINIMAL,optimal,1,1376_AT1,CPT2,adrncrn_m + coa_m --> CARNITINE_m + adrncoa_m
ACGAMK,N-acetylglucosamine kinase,Unknown,1.2662803343949043,1.2662803343949043,1.0,0.0,MINIMAL,optimal,1,55577_AT1,NAGK,N_45_acetyl_45_D_45_glucosamine_c + atp_c --> acgam6p_c + adp_c + h_c
ACGAMPM,phosphoacetylglucosamine mutase,Unknown,1.2662803343949043,1.2662803343949043,1.0,0.0,MINIMAL,optimal,1,5238_AT1,PGM3,acgam6p_c <=> acgam1p_c
UMPK7,UMP kinase (dGTP),Unknown,1.2662803343949043,1.2662803343949043,1.0,0.0,MINIMAL,optimal,1,51727_AT1,CMPK1,dgtp_c + ump_c <=> dgdp_c + udp_c
UMPK7n,"UMP kinase (dGTP),nuclear",Unknown,1.2662803343949043,1.2662803343949043,1.0,0.0,MINIMAL,optimal,1,51727_AT1,CMPK1,dgtp_n + ump_n <=> dgdp_n + udp_n
ACNAM9PL,N-Acetylneuraminate 9-phosphate pyruvate-lyase (pyruvate-phosphorylating),Unknown,1.2662803343949043,1.2662803343949043,1.0,0.0,MINIMAL,optimal,1,54187_AT1,NANS,WATER_c + acmanap_c + pep_c --> acnamp_c + pi_c
ACNAM9PL2,N-Acetylneuraminate 9-phosphate pyruvate-lyase (pyruvate-phosphorylating),Unknown,1.2662803343949043,1.2662803343949043,1.0,0.0,MINIMAL,optimal,1,54187_AT1,NANS,CPD_45_15979_c + WATER_c + pep_c --> kdnp_c + pi_c
ACNAMPH,N-Acetylneuraminate 9-phosphate phosphohydrolase,Unknown,1.2662803343949043,1.2662803343949043,1.0,0.0,MINIMAL,optimal,0,,,WATER_c + acnamp_c --> CPD0_45_1123_c + pi_c
ACNAMlt,N-acetylneuraminate transport into lysososme,Unknown,1.2662803343949043,1.2662803343949043,1.0,0.0,MINIMAL,optimal,1,26503_AT1,SLC17A5,CPD0_45_1123_c + h_c <=> acnam_l + h_l
ACNMLr,N-Acetylneuraminate lyase (reversible),Unknown,1.2662803343949043,1.2662803343949043,1.0,0.0,MINIMAL,optimal,0,,,CPD0_45_1123_c <=> N_45_acetyl_45_D_45_mannosamine_c + pyr_c
ACOAD10m,"acyl-CoA dehydrogenase (2-methylbutanoyl-CoA), mitochondrial",Unknown,1.2662803343949043,1.2662803343949043,1.0,0.0,MINIMAL,optimal,2,34_AT1;36_AT1,ACADM;ACADSB,2mbcoa_m + fad_m --> 2mb2coa_m + fadh2_m
ACOAD8m,"acyl-CoA dehydrogenase (isovaleryl-CoA), mitochondrial",Unknown,1.2662803343949043,1.2662803343949043,1.0,0.0,MINIMAL,optimal,1,3712_AT1,IVD,fad_m + ivcoa_m --> 3mb2coa_m + fadh2_m
ACOAD9m,"acyl-CoA dehydrogenase (isobutyryl-CoA), mitochondrial",Unknown,1.2662803343949043,1.2662803343949043,1.0,0.0,MINIMAL,optimal,2,34_AT1;27034_AT1,ACADM;ACAD8,fad_m + ibcoa_m --> 2mp2coa_m + fadh2_m
ACOAO7p,"acyl-CoA oxidase (hexadecanoyl-CoA), peroxisomal",Unknown,1.2662803343949043,1.2662803343949043,1.0,0.0,MINIMAL,optimal,2,51_AT1;51_AT2,ACOX1;ACOX1,OXYGEN_45_MOLECULE_x + pmtcoa_x --> HYDROGEN_45_PEROXIDE_x + hdd2coa_x
ACONT,aconitase,Unknown,1.2662803343949043,1.2662803343949043,1.0,0.0,MINIMAL,optimal,2,3658_AT1;48_AT1,IREB2;ACO1,cit_c <=> icit_c
ACONTm,Aconitate hydratase,Unknown,1.2662803343949043,1.2662803343949043,1.0,0.0,MINIMAL,optimal,1,50_AT1,ACO2,cit_m <=> icit_m
AGPAT1,1-acylglycerol-3-phosphate O-acyltransferase 1,Unknown,1.2662803343949043,1.2662803343949043,1.0,0.0,MINIMAL,optimal,7,56894_AT1;137964_AT1;55326_AT1;10555_AT1;56894_AT2;56895_AT1;10554_AT1,AGPAT3;GPAT4;AGPAT5;AGPAT2;AGPAT3;AGPAT4;AGPAT1,Rtotal2coa_c + alpa_DASH_hs_c --> coa_c + pa_DASH_hs_c
ACS,acetyl-CoA synthetase,Unknown,1.2662803343949043,1.2662803343949043,1.0,0.0,MINIMAL,optimal,3,55902_AT1;55902_AT2;65985_AT1,ACSS2;ACSS2;AACS,ac_c + atp_c + coa_c --> accoa_c + amp_c + ppi_c
ACYP,acylphosphatase,Unknown,1.2662803343949043,1.2662803343949043,1.0,0.0,MINIMAL,optimal,4,112611_AT1;97_AT2;98_AT1;97_AT1,RWDD2A;ACYP1;ACYP2;ACYP1,13dpg_c + WATER_c --> 3pg_c + h_c + pi_c
ACt2m,acetate mitochondrial transport via proton symport,Unknown,1.2662803343949043,1.2662803343949043,1.0,0.0,MINIMAL,optimal,0,,,ac_c + h_c <=> ac_m + h_m
ADCim,"Acetoacetate decarboxylation (irreversible), mitochondrial",Unknown,1.2662803343949043,1.2662803343949043,1.0,0.0,MINIMAL,optimal,0,,,acac_m + h_m --> CARBON_45_DIOXIDE_m + acetone_m
ADK1,adenylate kinase,Unknown,1.2662803343949043,1.2662803343949043,1.0,0.0,MINIMAL,optimal,4,122481_AT1;26289_AT2;26289_AT1;203_AT1,AK7;AK5;AK5;AK1,amp_c + atp_c <=> 2.0 adp_c
ADK1m,"adenylate kinase, mitochondrial",Unknown,1.2662803343949043,1.2662803343949043,1.0,0.0,MINIMAL,optimal,6,205_AT3;204_AT2;204_AT3;205_AT1;204_AT1;205_AT2,AK4;AK2;AK2;AK4;AK2;AK4,amp_m + atp_m <=> 2.0 adp_m
ADK3m,adentylate kinase (GTP),Unknown,1.2662803343949043,1.2662803343949043,1.0,0.0,MINIMAL,optimal,1,50808_AT1,AK3,amp_m + gtp_m <=> adp_m + gdp_m
ADMDC,adenosylmethionine decarboxylase,Unknown,1.2662803343949043,1.2662803343949043,1.0,0.0,MINIMAL,optimal,1,262_AT1,AMD1,amet_c + h_c --> CARBON_45_DIOXIDE_c + ametam_c
ADNCYC,adenylate cyclase,Unknown,1.2662803343949043,1.2662803343949043,1.0,0.0,MINIMAL,optimal,11,196883_AT1;109_AT1;108_AT1;112_AT1;115_AT1;107_AT1;112_AT2;111_AT1;55811_AT1;114_AT1,ADCY4;ADCY3;ADCY2;ADCY6;ADCY9;ADCY1;ADCY6;ADCY5;ADCY10;ADCY8,atp_c --> camp_c + ppi_c
ADNt5,adenosine transport (1:2 Na/Adn cotransport),Unknown,1.2662803343949043,1.2662803343949043,1.0,0.0,MINIMAL,optimal,1,64078_AT1,SLC28A3,ADENOSINE_e + 2.0 NA_43__e --> ADENOSINE_c + 2.0 NA_43__c
ADPRDP,ADPribose diphosphatase,Unknown,1.2662803343949043,1.2662803343949043,1.0,0.0,MINIMAL,optimal,1,11164_AT1,NUDT5,ADENOSINE_DIPHOSPHATE_RIBOSE_c + WATER_c --> amp_c + 2.0 h_c + r5p_c
ADPRIBt,ADPribose transport,Unknown,1.2662803343949043,1.2662803343949043,1.0,0.0,MINIMAL,optimal,1,952_AT1,CD38,adprib_e --> ADENOSINE_DIPHOSPHATE_RIBOSE_c
ADPT,adenine phosphoribosyltransferase,Unknown,1.2662803343949043,1.2662803343949043,1.0,0.0,MINIMAL,optimal,1,353_AT1,APRT,ADENINE_c + prpp_c --> amp_c + ppi_c
ADPtx,"ADP transporter, peroxisomal",Unknown,1.2662803343949043,1.2662803343949043,1.0,0.0,MINIMAL,optimal,0,,,adp_c <=> adp_x
ADRNCPT1,carnitine O-palmitoyltransferase,Unknown,1.2662803343949043,1.2662803343949043,1.0,0.0,MINIMAL,optimal,6,1374_AT1;1375_AT2;1375_AT1;1375_AT4;1375_AT3;126129_AT1,CPT1A;CPT1B;CPT1B;CPT1B;CPT1B;CPT1C,CARNITINE_c + adrncoa_c --> adrncrn_c + coa_c
UGT1A1r,"UDP-glucuronosyltransferase 1-10 precursor, microsomal",Unknown,1.2662803343949043,1.2662803343949043,1.0,0.0,MINIMAL,optimal,2,54576_AT1;54575_AT1,UGT1A8;UGT1A10,estrone_r + udpglcur_r --> estroneglc_r + udp_r
UGT1A2r,"UDP-glucuronosyltransferase 1-10 precursor, microsomal",Unknown,1.2662803343949043,1.2662803343949043,1.0,0.0,MINIMAL,optimal,2,54576_AT1;54575_AT1,UGT1A8;UGT1A10,bilirub_r + 2.0 udpglcur_r --> bildglcur_r + 2.0 udp_r
UGT1A5r,"UDP-glucuronosyltransferase 1-10 precursor, microsomal",Unknown,1.2662803343949043,1.2662803343949043,1.0,0.0,MINIMAL,optimal,2,54576_AT1;54575_AT1,UGT1A8;UGT1A10,retn_r + udpglcur_r --> retnglc_r + udp_r
UGT1A5r2,"UDP-glucuronosyltransferase 1-10 precursor, microsomal (13-cis)",Unknown,1.2662803343949043,1.2662803343949043,1.0,0.0,MINIMAL,optimal,2,54576_AT1;54575_AT1,UGT1A8;UGT1A10,13_DASH_DASH_DASH_cis_DASH_DASH_DASH_retn_r + udpglcur_r --> 13_DASH_DASH_DASH_cis_DASH_DASH_DASH_retnglc_r + udp_r
UGT1A6r,"UDP-glucuronosyltransferase 1-10 precursor, microsomal",Unknown,1.2662803343949043,1.2662803343949043,1.0,0.0,MINIMAL,optimal,2,54576_AT1;54575_AT1,UGT1A8;UGT1A10,estradiol_r + udpglcur_r --> estradiolglc_r + udp_r
UMPK,UMP kinase,Unknown,1.2662803343949043,1.2662803343949043,1.0,0.0,MINIMAL,optimal,1,51727_AT1,CMPK1,atp_c + ump_c <=> adp_c + udp_c
UMPK2,UMP kinase (CTP),Unknown,1.2662803343949043,1.2662803343949043,1.0,0.0,MINIMAL,optimal,1,51727_AT1,CMPK1,ctp_c + ump_c <=> cdp_c + udp_c
UMPK2n,"UMP kinase (CTP),nuclear",Unknown,1.2662803343949043,1.2662803343949043,1.0,0.0,MINIMAL,optimal,1,51727_AT1,CMPK1,ctp_n + ump_n <=> cdp_n + udp_n
UMPK3,UMP kinase (UTP),Unknown,1.2662803343949043,1.2662803343949043,1.0,0.0,MINIMAL,optimal,1,51727_AT1,CMPK1,ump_c + utp_c <=> 2.0 udp_c
UMPK3n,"UMP kinase (UTP),nuclear",Unknown,1.2662803343949043,1.2662803343949043,1.0,0.0,MINIMAL,optimal,1,51727_AT1,CMPK1,ump_n + utp_n <=> 2.0 udp_n
UMPK4,UMP kinase (GTP),Unknown,1.2662803343949043,1.2662803343949043,1.0,0.0,MINIMAL,optimal,1,51727_AT1,CMPK1,gtp_c + ump_c <=> gdp_c + udp_c
ADRNCRNt,transport into the mitochondria (carnitine),Unknown,1.2662803343949043,1.2662803343949043,1.0,0.0,MINIMAL,optimal,1,788_AT1,SLC25A20,adrncrn_c --> adrncrn_m
ADSK,adenylyl-sulfate kinase,Unknown,1.2662803343949043,1.2662803343949043,1.0,0.0,MINIMAL,optimal,2,9060_AT1;9061_AT1,PAPSS2;PAPSS1,aps_c + atp_c --> adp_c + h_c + paps_c
ADSL1,adenylosuccinate lyase,Unknown,1.2662803343949043,1.2662803343949043,1.0,0.0,MINIMAL,optimal,2,158_AT1;158_AT2,ADSL;ADSL,dcamp_c --> amp_c + fum_c
ADSL2,adenylosuccinate lyase,Unknown,1.2662803343949043,1.2662803343949043,1.0,0.0,MINIMAL,optimal,2,158_AT1;158_AT2,ADSL;ADSL,25aics_c --> aicar_c + fum_c
ADSS,adenylosuccinate synthase,Unknown,1.2662803343949043,1.2662803343949043,1.0,0.0,MINIMAL,optimal,3,159_AT1;122622_AT1;122622_AT2,ADSS;ADSSL1;ADSSL1,asp_DASH_DASH_DASH_L_c + gtp_c + imp_c --> dcamp_c + gdp_c + 2.0 h_c + pi_c
TYMSULT,Tyramine Sulfotransferase,Unknown,1.2662803343949043,1.2662803343949043,1.0,0.0,MINIMAL,optimal,8,6817_AT3;6817_AT2;6818_AT2;6818_AT3;6818_AT1;6817_AT4;6817_AT5;6817_AT1,SULT1A1;SULT1A1;SULT1A3;SULT1A3;SULT1A3;SULT1A1;SULT1A1;SULT1A1,paps_c + tym_c --> h_c + pap_c + tymsf_c
TYRCBOX,L-Tyrosine carboxy-lyase,Unknown,1.2662803343949043,1.2662803343949043,1.0,0.0,MINIMAL,optimal,1,1644_AT1,DDC,TYR_c + h_c --> CARBON_45_DIOXIDE_c + tym_c
TYROXDAc,Tyramine:oxygen oxidoreductase(deaminating)(flavin-containing) (cytosol),Unknown,1.2662803343949043,1.2662803343949043,1.0,0.0,MINIMAL,optimal,2,4129_AT1;4128_AT1,MAOB;MAOA,OXYGEN_45_MOLECULE_c + WATER_c + tym_c --> HYDROGEN_45_PEROXIDE_c + HYDRPHENYLAC_45_CPD_c + nh4_c
TYRt4,L-tyrosine transport in via sodium symport,Unknown,1.2662803343949043,1.2662803343949043,1.0,0.0,MINIMAL,optimal,1,11254_AT1,SLC6A14,NA_43__e + TYR_e --> NA_43__c + TYR_c
UAG2EMAi,UDP-N-acetyl-D-glucosamine 2-epimerase (Hydrolysis),Unknown,1.2662803343949043,1.2662803343949043,1.0,0.0,MINIMAL,optimal,1,10020_AT1,GNE,WATER_c + uacgam_c --> N_45_acetyl_45_D_45_mannosamine_c + h_c + udp_c
UAGDP,UDP-N-acetylglucosamine diphosphorylase,Unknown,1.2662803343949043,1.2662803343949043,1.0,0.0,MINIMAL,optimal,2,6675_AT1;91373_AT1,UAP1;UAP1L1,acgam1p_c + h_c + utp_c --> ppi_c + uacgam_c
UDPDOLPT_L,UDPglucose:dolichyl-phosphate beta-D-glucosyltransferase (liver),Unknown,1.2662803343949043,1.2662803343949043,1.0,0.0,MINIMAL,optimal,1,29880_AT1,ALG5,CPD_45_12575_c + 0.1 dolp__L_c --> 0.1 dolglcp__L_c + udp_c
UDPDOLPT_U,UDPglucose:dolichyl-phosphate beta-D-glucosyltransferase (uterus),Unknown,1.2662803343949043,1.2662803343949043,1.0,0.0,MINIMAL,optimal,1,29880_AT1,ALG5,CPD_45_12575_c + 0.1 dolp_DASH_U_c --> 0.1 dolglcp_DASH_U_c + udp_c
UDPG4E,UDPglucose 4-epimerase,Unknown,1.2662803343949043,1.2662803343949043,1.0,0.0,MINIMAL,optimal,2,2582_AT2;2582_AT1,GALE;GALE,CPD_45_12575_c <=> udpgal_c
UDPGD,UDPglucose 6-dehydrogenase,Unknown,1.2662803343949043,1.2662803343949043,1.0,0.0,MINIMAL,optimal,1,7358_AT1,UGDH,CPD_45_12575_c + WATER_c + 2.0 nad_c --> 3.0 h_c + 2.0 nadh_c + udpglcur_c
UMPKn,"UMP kinase, nuclear",Unknown,1.2662803343949043,1.2662803343949043,1.0,0.0,MINIMAL,optimal,1,51727_AT1,CMPK1,atp_n + ump_n <=> adp_n + udp_n
UDPGLCAter,UDPGlcA endoplasmic reticulum transport via UMP antiport,Unknown,1.2662803343949043,1.2662803343949043,1.0,0.0,MINIMAL,optimal,1,23169_AT1,SLC35D1,udpglcur_r + ump_c <=> udpglcur_c + ump_r
UDPGLCter,UDP-Glc endoplasmic reticulum transport via CMP antiport,Unknown,1.2662803343949043,1.2662803343949043,1.0,0.0,MINIMAL,optimal,0,,,CPD_45_12575_c + ump_r <=> udpg_r + ump_c
UDPGP,UDPglucose pyrophosphohydrolase,Unknown,1.2662803343949043,1.2662803343949043,1.0,0.0,MINIMAL,optimal,3,5168_AT1;5169_AT1;5167_AT1,ENPP2;ENPP3;ENPP1,CPD_45_12575_c + WATER_c --> GLC_45_1_45_P_c + 2.0 h_c + ump_c
UGCG,Ceramide glucosyltransferase,Unknown,1.2662803343949043,1.2662803343949043,1.0,0.0,MINIMAL,optimal,1,7357_AT1,UGCG,crm_DASH_hs_r + udpg_r --> gluside_DASH_hs_r + h_r + udp_r
UGT1A10r,"UDP-glucuronosyltransferase 1-10 precursor, microsomal",Unknown,1.2662803343949043,1.2662803343949043,1.0,0.0,MINIMAL,optimal,1,54576_AT1,UGT1A8,bilirub_r + 2.0 h_r + udpglcur_r <=> bilglcur_r + udp_r
ARTFR212,R group artificial flux,Unknown,1.2662803343949043,1.2662803343949043,1.0,0.0,MINIMAL,optimal,0,,,2.0 NADPH_m + dcsptn1coa_c + 3.0 fadh2_m + 2.0 h_m --> 1.375 R2coa_DASH_hs_c + 3.0 fad_m + 2.0 nadp_m
ARTFR33,R group artificial flux,Unknown,1.2662803343949043,1.2662803343949043,1.0,0.0,MINIMAL,optimal,0,,,fadh2_m + vacccoa_c --> 1.125 R3coa_DASH_hs_c + fad_m
ARTPLM1,R group to palmitate conversion,Unknown,1.2662803343949043,1.2662803343949043,1.0,0.0,MINIMAL,optimal,0,,,Rtotalcoa_c <=> pmtcoa_c
ARTPLM1m,R group to palmitate conversion,Unknown,1.2662803343949043,1.2662803343949043,1.0,0.0,MINIMAL,optimal,0,,,Rtotalcoa_m <=> pmtcoa_m
ARTPLM2,R group to palmitate conversion,Unknown,1.2662803343949043,1.2662803343949043,1.0,0.0,MINIMAL,optimal,0,,,Rtotal2coa_c <=> pmtcoa_c
ARTPLM2m,R group to palmitate conversion,Unknown,1.2662803343949043,1.2662803343949043,1.0,0.0,MINIMAL,optimal,0,,,Rtotal2coa_m <=> pmtcoa_m
ARTPLM3,R group to palmitate conversion,Unknown,1.2662803343949043,1.2662803343949043,1.0,0.0,MINIMAL,optimal,0,,,Rtotal3coa_c <=> pmtcoa_c
ARTPLM3m,R group to palmitate conversion,Unknown,1.2662803343949043,1.2662803343949043,1.0,0.0,MINIMAL,optimal,0,,,Rtotal3coa_m <=> pmtcoa_m
ASCBOX,ascorbic acid oxidase,Unknown,1.2662803343949043,1.2662803343949043,1.0,0.0,MINIMAL,optimal,0,,,ascb_DASH_DASH_DASH_L_c + 2.0 h_c + 2.0 o2s_c --> 2.0 HYDROGEN_45_PEROXIDE_c + dhdascb_c
ASCBt,L-ascorbate transport via facilitated diffusion,Unknown,1.2662803343949043,1.2662803343949043,1.0,0.0,MINIMAL,optimal,0,,,ascb_DASH_DASH_DASH_L_e <=> ascb_DASH_DASH_DASH_L_c
TRPt4,L-tryptophan transport in via sodium symport,Unknown,1.2662803343949043,1.2662803343949043,1.0,0.0,MINIMAL,optimal,1,11254_AT1,SLC6A14,NA_43__e + TRP_e --> NA_43__c + TRP_c
TTDCAt,Tetradecanoate (n-C14:0) transport in via uniport,Unknown,1.2662803343949043,1.2662803343949043,1.0,0.0,MINIMAL,optimal,0,,,ttdca_e --> ttdca_c
TTDCPT1,carnitine O-palmitoyltransferase,Unknown,1.2662803343949043,1.2662803343949043,1.0,0.0,MINIMAL,optimal,6,1374_AT1;1375_AT2;1375_AT1;1375_AT4;1375_AT3;126129_AT1,CPT1A;CPT1B;CPT1B;CPT1B;CPT1B;CPT1C,CARNITINE_c + TETRADECANOYL_45_COA_c --> coa_c + ttdcrn_c
TTDCPT2,carnitine transferase,Unknown,1.2662803343949043,1.2662803343949043,1.0,0.0,MINIMAL,optimal,1,1376_AT1,CPT2,coa_m + ttdcrn_m --> CARNITINE_m + tdcoa_m
TTDCRNt,transport into the mitochondria (carnitine),Unknown,1.2662803343949043,1.2662803343949043,1.0,0.0,MINIMAL,optimal,1,788_AT1,SLC25A20,ttdcrn_c --> ttdcrn_m
TYMSFt,Tyramine O-sulfate transport (diffusion),Unknown,1.2662803343949043,1.2662803343949043,1.0,0.0,MINIMAL,optimal,0,,,tymsf_c --> tymsf_e
TRIOK,triokinase,Unknown,1.2662803343949043,1.2662803343949043,1.0,0.0,MINIMAL,optimal,0,,,GLYCERALD_c + atp_c --> adp_c + g3p_c + h_c
ASCBt4,L-ascorbate transport via proton symport,Unknown,1.2662803343949043,1.2662803343949043,1.0,0.0,MINIMAL,optimal,4,9963_AT2;9963_AT1;9962_AT1;9962_AT2,SLC23A1;SLC23A1;SLC23A2;SLC23A2,NA_43__e + ascb_DASH_DASH_DASH_L_e <=> NA_43__c + ascb_DASH_DASH_DASH_L_c
ASNS1,asparagine synthase (glutamine-hydrolysing),Unknown,1.2662803343949043,1.2662803343949043,1.0,0.0,MINIMAL,optimal,3,440_AT3;440_AT1;440_AT2,ASNS;ASNS;ASNS,GLN_c + WATER_c + asp_DASH_DASH_DASH_L_c + atp_c --> ASN_c + Glutamates_c + amp_c + h_c + ppi_c
ASPCTr,aspartate carbamoyltransferase (reversible),Unknown,1.2662803343949043,1.2662803343949043,1.0,0.0,MINIMAL,optimal,1,790_AT1,CAD,asp_DASH_DASH_DASH_L_c + cbp_c <=> cbasp_c + h_c + pi_c
ASPGLUm,aspartate-glutamate mitochondrial shuttle,Unknown,1.2662803343949043,1.2662803343949043,1.0,0.0,MINIMAL,optimal,2,8604_AT1;10165_AT1,SLC25A12;SLC25A13,Glutamates_c + asp_DASH_DASH_DASH_L_m + h_c <=> asp_DASH_DASH_DASH_L_c + glu_DASH_DASH_DASH_L_m + h_m
ASPTA,aspartate transaminase,Unknown,1.2662803343949043,1.2662803343949043,1.0,0.0,MINIMAL,optimal,1,2805_AT1,GOT1,akg_c + asp_DASH_DASH_DASH_L_c <=> Glutamates_c + oaa_c
ASPTAm,aspartate transaminase,Unknown,1.2662803343949043,1.2662803343949043,1.0,0.0,MINIMAL,optimal,1,2806_AT1,GOT2,akg_m + asp_DASH_DASH_DASH_L_m <=> glu_DASH_DASH_DASH_L_m + oaa_m
ASPt6,"L-aspartate transport via Na, H symport and K antiport",Unknown,1.2662803343949043,1.2662803343949043,1.0,0.0,MINIMAL,optimal,5,6507_AT1;6511_AT1;6512_AT1;6506_AT1;6505_AT1,SLC1A3;SLC1A6;SLC1A7;SLC1A2;SLC1A1,K_43__c + 3.0 NA_43__e + asp_DASH_DASH_DASH_L_e + h_e --> K_43__e + 3.0 NA_43__c + asp_DASH_DASH_DASH_L_c + h_c
ATPH1e,ATP diphosphohydrolase,Unknown,1.2662803343949043,1.2662803343949043,1.0,0.0,MINIMAL,optimal,6,954_AT2;956_AT1;954_AT1;955_AT1;957_AT1;953_AT1,ENTPD2;ENTPD3;ENTPD2;ENTPD6;ENTPD5;ENTPD1,2.0 WATER_e + atp_e --> amp_e + 2.0 h_e + 2.0 pi_e
ATPH2e,ATP diphosphohydrolase,Unknown,1.2662803343949043,1.2662803343949043,1.0,0.0,MINIMAL,optimal,6,954_AT2;956_AT1;954_AT1;955_AT1;957_AT1;953_AT1,ENTPD2;ENTPD3;ENTPD2;ENTPD6;ENTPD5;ENTPD1,WATER_e + adp_e --> amp_e + h_e + pi_e
ATPS4m,ATP synthase (four protons for one ATP),Unknown,1.2662803343949043,1.2662803343949043,1.0,0.0,MINIMAL,optimal,33,9551_AT3;516_AT1;4905_AT1;513_AT2;522_AT5;522_AT3;522_AT2;513_AT1;10476_AT1;509_AT2,ATP5J2;ATP5G1;NSF;ATP5D;ATP5J;ATP5J;ATP5J;ATP5D;ATP5H;ATP5C1,adp_m + 4.0 h_c + pi_m --> WATER_m + atp_m + 3.0 h_m
UNK2,2-keto-4-methylthiobutyrate transamination,Unknown,1.2662803343949043,1.2662803343949043,1.0,0.0,MINIMAL,optimal,0,,,2kmb_c + GLN_c + h_c --> Glutamates_c + MET_c
BALAtmr,Beta-alanine reversible mitochondrial transport (diffusion),Unknown,1.2662803343949043,1.2662803343949043,1.0,0.0,MINIMAL,optimal,0,,,B_45_ALANINE_c <=> ala_DASH_DASH_DASH_B_m
ARTCOAL2,R group coenzyme a ligase,Unknown,1.2662803343949043,1.2662803343949043,1.0,0.0,MINIMAL,optimal,0,,,Carboxylates_c + coa_c <=> Rtotal2coa_c
ARTCOAL3,R group coenzyme a ligase,Unknown,1.2662803343949043,1.2662803343949043,1.0,0.0,MINIMAL,optimal,0,,,Carboxylates_c + coa_c <=> Rtotal3coa_c
ARTFR13,R group artificial flux,Unknown,1.2662803343949043,1.2662803343949043,1.0,0.0,MINIMAL,optimal,0,,,TETRADECANOYL_45_COA_c --> 0.875 R1coa_DASH_hs_c
UPPN,b-ureidopropionase,Unknown,1.2662803343949043,1.2662803343949043,1.0,0.0,MINIMAL,optimal,1,51733_AT1,UPB1,WATER_c + cala_c + 2.0 h_c --> B_45_ALANINE_c + CARBON_45_DIOXIDE_c + nh4_c
THRCYSNaEx,L-cysteine/L-threonine Na-dependent exchange (Thr-L in),Unknown,1.2662803343949043,1.2662803343949043,1.0,0.0,MINIMAL,optimal,2,6510_AT1;6509_AT1,SLC1A5;SLC1A4,CYS_c + NA_43__e + THR_e --> CYS_e + NA_43__c + THR_c
THRSERNaEx,L-serine/L-threonine Na-dependent exchange (Thr-L in),Unknown,1.2662803343949043,1.2662803343949043,1.0,0.0,MINIMAL,optimal,2,6510_AT1;6509_AT1,SLC1A5;SLC1A4,NA_43__e + SER_c + THR_e --> NA_43__c + SER_e + THR_c
THYMt,thymine reversible transport via facilated diffusion,Unknown,1.2662803343949043,1.2662803343949043,1.0,0.0,MINIMAL,optimal,1,3177_AT1,SLC29A2,thym_e <=> THYMINE_c
TKT1,transketolase,Unknown,1.2662803343949043,1.2662803343949043,1.0,0.0,MINIMAL,optimal,3,8277_AT1;7086_AT1;84076_AT1,TKTL1;TKT;TKTL2,r5p_c + xu5p_DASH_DASH_DASH_D_c <=> g3p_c + s7p_c
TKT2,transketolase,Unknown,1.2662803343949043,1.2662803343949043,1.0,0.0,MINIMAL,optimal,3,8277_AT1;7086_AT1;84076_AT1,TKTL1;TKT;TKTL2,e4p_c + xu5p_DASH_DASH_DASH_D_c <=> f6p_c + g3p_c
TMDPP,thymidine phosphorylase,Unknown,1.2662803343949043,1.2662803343949043,1.0,0.0,MINIMAL,optimal,1,1890_AT1,TYMP,THYMIDINE_c + pi_c <=> 2dr1p_c + THYMINE_c
TMNDNCCPT1,carnitine O-palmitoyltransferase,Unknown,1.2662803343949043,1.2662803343949043,1.0,0.0,MINIMAL,optimal,6,1374_AT1;1375_AT2;1375_AT1;1375_AT4;1375_AT3;126129_AT1,CPT1A;CPT1B;CPT1B;CPT1B;CPT1B;CPT1C,CARNITINE_c + tmndnccoa_c --> coa_c + tmndnccrn_c
TMNDNCCPT2,carnitine transferase,Unknown,1.2662803343949043,1.2662803343949043,1.0,0.0,MINIMAL,optimal,1,1376_AT1,CPT2,coa_m + tmndnccrn_m --> CARNITINE_m + tmndnccoa_m
TMNDNCCRNt,transport into the mitochondria (carnitine),Unknown,1.2662803343949043,1.2662803343949043,1.0,0.0,MINIMAL,optimal,1,788_AT1,SLC25A20,tmndnccrn_c --> tmndnccrn_m
TMNDNCt,fatty acid transport via diffusion,Unknown,1.2662803343949043,1.2662803343949043,1.0,0.0,MINIMAL,optimal,0,,,tmndnc_e <=> tmndnc_c
TPI,triose-phosphate isomerase,Unknown,1.2662803343949043,1.2662803343949043,1.0,0.0,MINIMAL,optimal,2,286016_AT1;7167_AT1,286016_AT1;TPI1,dhap_c <=> g3p_c
TRDR,thioredoxin reductase (NADPH),Unknown,1.2662803343949043,1.2662803343949043,1.0,0.0,MINIMAL,optimal,4,7296_AT2;7296_AT1;7296_AT4;7296_AT3,TXNRD1;TXNRD1;TXNRD1;TXNRD1,NADPH_c + Ox_45_Thioredoxin_c + h_c --> Red_45_Thioredoxin_c + nadp_c
TRIODTHYSUFt,Triiodothyronine sulfate transport (diffusion),Unknown,1.2662803343949043,1.2662803343949043,1.0,0.0,MINIMAL,optimal,0,,,triodthysuf_c --> triodthysuf_e
TRIODTHYSULT,Triiodothyronine Sulfotransferase,Unknown,1.2662803343949043,1.2662803343949043,1.0,0.0,MINIMAL,optimal,5,6817_AT3;6817_AT4;6817_AT5;6817_AT1;6817_AT2,SULT1A1;SULT1A1;SULT1A1;SULT1A1;SULT1A1,paps_c + triodthy_c --> h_c + pap_c + triodthysuf_c
TRIODTHYt,T3 transport via bicarbonate countertransport,Unknown,1.2662803343949043,1.2662803343949043,1.0,0.0,MINIMAL,optimal,5,28234_AT1;10599_AT1;6579_AT1;28231_AT1;53919_AT1,SLCO1B3;SLCO1B1;SLCO1A2;SLCO4A1;SLCO1C1,H2CO3_c + triodthy_e <=> hco3_e + triodthy_c
STS2,Steryl-sulfatase,Unknown,1.2662803343949043,1.2662803343949043,1.0,0.0,MINIMAL,optimal,1,412_AT1,STS,WATER_c + estrones_c --> ESTRONE_c + h_c + so4_c
SUCD1m,succinate dehydrogenase,Unknown,1.2662803343949043,1.2662803343949043,1.0,0.0,MINIMAL,optimal,4,6391_AT1;6392_AT1;6389_AT1;6390_AT1,SDHC;SDHD;SDHA;SDHB,fad_m + succ_m <=> fadh2_m + fum_m
SUCOAS1m,Succinate--CoA ligase (GDP-forming),Unknown,1.2662803343949043,1.2662803343949043,1.0,0.0,MINIMAL,optimal,2,8802_AT1;8801_AT1,SUCLG1;SUCLG2,coa_m + gtp_m + succ_m <=> gdp_m + pi_m + succoa_m
SUCOASm,Succinate--CoA ligase (ADP-forming),Unknown,1.2662803343949043,1.2662803343949043,1.0,0.0,MINIMAL,optimal,2,8803_AT1;8802_AT1,SUCLA2;SUCLG1,atp_m + coa_m + succ_m <=> adp_m + pi_m + succoa_m
TALA,transaldolase,Unknown,1.2662803343949043,1.2662803343949043,1.0,0.0,MINIMAL,optimal,1,6888_AT1,TALDO1,g3p_c + s7p_c <=> e4p_c + f6p_c
TETHEX3COAtx,fatty acid intracellular transport,Unknown,1.2662803343949043,1.2662803343949043,1.0,0.0,MINIMAL,optimal,0,,,tethex3coa_c <=> tethex3coa_x
TETHEX3t,fatty acid transport via diffusion,Unknown,1.2662803343949043,1.2662803343949043,1.0,0.0,MINIMAL,optimal,0,,,tethex3_e <=> tethex3_c
TETPENT3COAtx,fatty acid intracellular transport,Unknown,1.2662803343949043,1.2662803343949043,1.0,0.0,MINIMAL,optimal,0,,,tetpent3coa_c <=> tetpent3coa_x
TETPENT3t,fatty acid transport via diffusion,Unknown,1.2662803343949043,1.2662803343949043,1.0,0.0,MINIMAL,optimal,0,,,tetpent3_e <=> tetpent3_c
TETPENT6COAtx,fatty acid intracellular transport,Unknown,1.2662803343949043,1.2662803343949043,1.0,0.0,MINIMAL,optimal,0,,,tetpent6coa_c <=> tetpent6coa_x
TETPENT6t,fatty acid transport via diffusion,Unknown,1.2662803343949043,1.2662803343949043,1.0,0.0,MINIMAL,optimal,0,,,tetpent6_e <=> tetpent6_c
TETTET6COAtx,fatty acid intracellular transport,Unknown,1.2662803343949043,1.2662803343949043,1.0,0.0,MINIMAL,optimal,0,,,tettet6coa_c <=> tettet6coa_x
TETTET6t,fatty acid transport via diffusion,Unknown,1.2662803343949043,1.2662803343949043,1.0,0.0,MINIMAL,optimal,0,,,tettet6_e <=> tettet6_c
THBPT4ACAMDASE,Tetrahydrobiopterin-4a-carbinolamine dehydratase,Unknown,1.2662803343949043,1.2662803343949043,1.0,0.0,MINIMAL,optimal,2,5092_AT1;5092_AT2,PCBD1;PCBD1,thbpt4acam_c --> CPD_45_15159_c + WATER_c
THMDt5,thymidine transport (1:2 Na/Thymd cotransport),Unknown,1.2662803343949043,1.2662803343949043,1.0,0.0,MINIMAL,optimal,1,64078_AT1,SLC28A3,2.0 NA_43__e + thymd_e --> 2.0 NA_43__c + THYMIDINE_c
THRALANaEx,L-alanine/L-threonine Na-dependent exchange (Thr-L in),Unknown,1.2662803343949043,1.2662803343949043,1.0,0.0,MINIMAL,optimal,2,6510_AT1;6509_AT1,SLC1A5;SLC1A4,L_45_ALPHA_45_ALANINE_c + NA_43__e + THR_e --> L_45_ALPHA_45_ALANINE_e + NA_43__c + THR_c
CEPTC,choline phosphotransferase,Unknown,1.2662803343949043,1.2662803343949043,1.0,0.0,MINIMAL,optimal,2,56994_AT1;10390_AT1,CHPT1;CEPT1,DIACYLGLYCEROL_c + cdpchol_c --> cmp_c + h_c + pchol_DASH_hs_c
CEPTE,ethanolamine phosphotransferase,Unknown,1.2662803343949043,1.2662803343949043,1.0,0.0,MINIMAL,optimal,1,10390_AT1,CEPT1,DIACYLGLYCEROL_c + cdpea_c --> cmp_c + h_c + pe_DASH_hs_c
CERT1rt,ceramide transport protein,Unknown,1.2662803343949043,1.2662803343949043,1.0,0.0,MINIMAL,optimal,1,10087_AT1,COL4A3BP,crm_DASH_hs_c <=> crm_DASH_hs_r
CERT2rt,ceramide transport protein,Unknown,1.2662803343949043,1.2662803343949043,1.0,0.0,MINIMAL,optimal,1,10087_AT1,COL4A3BP,gluside_DASH_hs_c <=> gluside_DASH_hs_r
C180CPT2,carnitine O-stearoyl transferase,Unknown,1.2662803343949043,1.2662803343949043,1.0,0.0,MINIMAL,optimal,1,1376_AT1,CPT2,coa_m + stcrn_m --> CARNITINE_m + stcoa_m
C180CRNt,C180 transport into the mitochondria,Unknown,1.2662803343949043,1.2662803343949043,1.0,0.0,MINIMAL,optimal,1,788_AT1,SLC25A20,stcrn_c --> stcrn_m
C181CPT1,carnitine octadecenoyl transferase,Unknown,1.2662803343949043,1.2662803343949043,1.0,0.0,MINIMAL,optimal,6,1374_AT1;1375_AT2;1375_AT1;1375_AT4;1375_AT3;126129_AT1,CPT1A;CPT1B;CPT1B;CPT1B;CPT1B;CPT1C,CARNITINE_c + odecoa_c --> coa_c + odecrn_c
C181CPT2,carnitine octadecenoyl transferase,Unknown,1.2662803343949043,1.2662803343949043,1.0,0.0,MINIMAL,optimal,1,1376_AT1,CPT2,coa_m + odecrn_m --> CARNITINE_m + odecoa_m
C181CRNt,C181 transport into the mitochondria,Unknown,1.2662803343949043,1.2662803343949043,1.0,0.0,MINIMAL,optimal,1,788_AT1,SLC25A20,odecrn_c --> odecrn_m
C204CPT1,carnitine C20:4 transferase,Unknown,1.2662803343949043,1.2662803343949043,1.0,0.0,MINIMAL,optimal,6,1374_AT1;1375_AT2;1375_AT1;1375_AT4;1375_AT3;126129_AT1,CPT1A;CPT1B;CPT1B;CPT1B;CPT1B;CPT1C,CARNITINE_c + arachdcoa_c --> arachdcrn_c + coa_c
C204CPT2,arachidonic acid transport into the mitochondria,Unknown,1.2662803343949043,1.2662803343949043,1.0,0.0,MINIMAL,optimal,1,1376_AT1,CPT2,arachdcrn_m + coa_m --> CARNITINE_m + arachdcoa_m
C204CRNt,arachidonic acid transport into the mitochondria,Unknown,1.2662803343949043,1.2662803343949043,1.0,0.0,MINIMAL,optimal,0,,,arachdcrn_c --> arachdcrn_m
C226COAtx,fatty acid intracellular transport,Unknown,1.2662803343949043,1.2662803343949043,1.0,0.0,MINIMAL,optimal,0,,,c226coa_c <=> c226coa_x
C226CPT1,carnitine C22:6 transferase,Unknown,1.2662803343949043,1.2662803343949043,1.0,0.0,MINIMAL,optimal,6,1374_AT1;1375_AT2;1375_AT1;1375_AT4;1375_AT3;126129_AT1,CPT1A;CPT1B;CPT1B;CPT1B;CPT1B;CPT1C,CARNITINE_c + c226coa_c --> c226crn_c + coa_c
C226CPT2,C226 transport into the mitochondria,Unknown,1.2662803343949043,1.2662803343949043,1.0,0.0,MINIMAL,optimal,1,1376_AT1,CPT2,c226crn_m + coa_m --> CARNITINE_m + c226coa_m
C226CRNt,C226 transport into the mitochondria,Unknown,1.2662803343949043,1.2662803343949043,1.0,0.0,MINIMAL,optimal,0,,,c226crn_c --> c226crn_m
CKc,ATP Creatine kinase (c),Unknown,1.2662803343949043,1.2662803343949043,1.0,0.0,MINIMAL,optimal,2,1152_AT1;1158_AT1,CKB;CKM,atp_c + creat_c <=> adp_c + pcreat_c
CLHCOtex,chloride transport via bicarbonate countertransport,Unknown,1.2662803343949043,1.2662803343949043,1.0,0.0,MINIMAL,optimal,9,5172_AT1;1836_AT1;116369_AT1;1811_AT1;115111_AT1;115111_AT2;115019_AT1;116369_AT2;115019_AT2,SLC26A4;SLC26A2;SLC26A8;SLC26A3;SLC26A7;SLC26A7;SLC26A9;SLC26A8;SLC26A9,2.0 H2CO3_c + cl_e --> cl_c + 2.0 hco3_e
CLOXAtex2,chloride transport via oxalate countertransport (2:1),Unknown,1.2662803343949043,1.2662803343949043,1.0,0.0,MINIMAL,optimal,3,65010_AT3;65010_AT1;65010_AT2,SLC26A6;SLC26A6;SLC26A6,2.0 cl_e + oxa_c --> 2.0 cl_c + oxa_e
CLPNDCOAtx,fatty acid intracellular transport,Unknown,1.2662803343949043,1.2662803343949043,1.0,0.0,MINIMAL,optimal,0,,,clpndcoa_c <=> clpndcoa_x
C3STDH1r,C-3 sterol dehydrogenase (4-methylzymosterol),Unknown,1.2662803343949043,1.2662803343949043,1.0,0.0,MINIMAL,optimal,1,50814_AT1,NSDHL,4mzym_DASH_int1_r + nad_r --> 4mzym_DASH_int2_r + co2_r + h_r + nadh_r
C3STKR2r,C-3 sterol keto reductase (zymosterol),Unknown,1.2662803343949043,1.2662803343949043,1.0,0.0,MINIMAL,optimal,1,3295_AT1,HSD17B4,h_r + nadph_r + zym_DASH_int2_r --> nadp_r + zymst_r
C4STMO1r,"C-4 sterol methyl oxidase (4,4-dimethylzymosterol)",Unknown,1.2662803343949043,1.2662803343949043,1.0,0.0,MINIMAL,optimal,1,6307_AT1,MSMO1,44mzym_r + 3.0 h_r + 3.0 nadph_r + 3.0 o2_r --> 4mzym_DASH_int1_r + 4.0 h2o_r + 3.0 nadp_r
C4STMO2r,C-4 methyl sterol oxidase,Unknown,1.2662803343949043,1.2662803343949043,1.0,0.0,MINIMAL,optimal,2,6307_AT1;50814_AT1,MSMO1;NSDHL,4mzym_DASH_int2_r + nad_r + o2_r --> co2_r + h_r + nadh_r + zym_DASH_int2_r
CAATPS,Ca ATPase,Unknown,1.2662803343949043,1.2662803343949043,1.0,0.0,MINIMAL,optimal,4,490_AT1;493_AT1;492_AT1;491_AT1,ATP2B1;ATP2B4;ATP2B3;ATP2B2,2.0 CA_43_2_c + WATER_c + atp_c --> 2.0 CA_43_2_e + adp_c + h_e + pi_c
CAMPt,cAMP transport (ATP-dependent),Unknown,1.2662803343949043,1.2662803343949043,1.0,0.0,MINIMAL,optimal,3,10057_AT2;10257_AT1;10057_AT1,ABCC5;ABCC4;ABCC5,WATER_c + atp_c + camp_c --> adp_c + camp_e + h_c + pi_c
CATm,catalase,Unknown,1.2662803343949043,1.2662803343949043,1.0,0.0,MINIMAL,optimal,1,847_AT1,CAT,2.0 h2o2_m --> 2.0 WATER_m + o2_m
CBPS,carbamoyl-phosphate synthase (glutamine-hydrolysing),Unknown,1.2662803343949043,1.2662803343949043,1.0,0.0,MINIMAL,optimal,1,790_AT1,CAD,GLN_c + H2CO3_c + WATER_c + 2.0 atp_c --> Glutamates_c + 2.0 adp_c + cbp_c + 2.0 h_c + pi_c
CBPSam,carbamoyl-phosphate synthase (ammonia) (mitochondria,Unknown,1.2662803343949043,1.2662803343949043,1.0,0.0,MINIMAL,optimal,2,1373_AT2;1373_AT1,CPS1;CPS1,2.0 atp_m + hco3_m + nh4_m --> 2.0 adp_m + cbp_m + 2.0 h_m + pi_m
CBR2,Carbonyl reductase [NADPH] 1,Unknown,1.2662803343949043,1.2662803343949043,1.0,0.0,MINIMAL,optimal,1,873_AT1,CBR1,NADPH_c + h_c + prostge2_c --> nadp_c + prostgf2_c
CDIPTr,phosphatidylinositol synthase (Homo sapiens),Unknown,1.2662803343949043,1.2662803343949043,1.0,0.0,MINIMAL,optimal,2,10423_AT2;10423_AT1,CDIPT;CDIPT,MYO_45_INOSITOL_c + cdpdag_DASH_hs_c <=> cmp_c + h_c + pail_DASH_hs_c
CDS,phosphatidate cytidylyltransferase,Unknown,1.2662803343949043,1.2662803343949043,1.0,0.0,MINIMAL,optimal,1,1040_AT1,CDS1,ctp_c + h_c + pa_DASH_hs_c --> cdpdag_DASH_hs_c + ppi_c
STRDNCCPT2,carnitine transferase,Unknown,1.2662803343949043,1.2662803343949043,1.0,0.0,MINIMAL,optimal,1,1376_AT1,CPT2,coa_m + strdnccrn_m --> CARNITINE_m + strdnccoa_m
STRDNCCRNt,transport into the mitochondria (carnitine),Unknown,1.2662803343949043,1.2662803343949043,1.0,0.0,MINIMAL,optimal,1,788_AT1,SLC25A20,strdnccrn_c --> strdnccrn_m
STRDNCt,fatty acid transport via diffusion,Unknown,1.2662803343949043,1.2662803343949043,1.0,0.0,MINIMAL,optimal,0,,,strdnc_e <=> strdnc_c
CREATtmdiffir,Creatine transport to/from mitochondria via diffusion,Unknown,1.2662803343949043,1.2662803343949043,1.0,0.0,MINIMAL,optimal,0,,,creat_c --> creat_m
CRNCARtp,"carnitine-acetylcarnitine carrier, peroxisomal",Unknown,1.2662803343949043,1.2662803343949043,1.0,0.0,MINIMAL,optimal,0,,,CARNITINE_c + acrn_x --> O_45_ACETYLCARNITINE_c + crn_x
CRNtHa,L-carnitine outward transport (H+ antiport),Unknown,1.2662803343949043,1.2662803343949043,1.0,0.0,MINIMAL,optimal,1,6583_AT1,SLC22A4,CARNITINE_c + h_e --> CARNITINE_e + h_c
CSNATp,"carnitine O-acetyltransferase, reverse direction, peroxisomal",Unknown,1.2662803343949043,1.2662803343949043,1.0,0.0,MINIMAL,optimal,1,1384_AT2,CRAT,accoa_x + crn_x <=> acrn_x + coa_x
CSNATr,carnitine O-acetyltransferase,Unknown,1.2662803343949043,1.2662803343949043,1.0,0.0,MINIMAL,optimal,0,,,CARNITINE_c + accoa_c <=> O_45_ACETYLCARNITINE_c + coa_c
CSm,citrate synthase,Unknown,1.2662803343949043,1.2662803343949043,1.0,0.0,MINIMAL,optimal,2,1431_AT1;1431_AT2,CS;CS,WATER_m + accoa_m + oaa_m --> cit_m + coa_m + h_m
CYOR_u10m,"ubiquinol-6 cytochrome c reductase, Complex III",Unknown,1.2662803343949043,1.2662803343949043,1.0,0.0,MINIMAL,optimal,11,7388_AT1;1537_AT1;4519_AT1;29796_AT1;7385_AT1;7384_AT1;27089_AT1;29796_AT2;10975_AT1;7386_AT1,UQCRH;CYC1;CYTB;UQCR10;UQCRC2;UQCRC1;UQCRQ;UQCR10;UQCR11;UQCRFS1,2.0 ficytC_m + 2.0 h_m + q10h2_m --> 2.0 focytC_m + 4.0 h_c + q10_m
CYSALANaEx,L-alanine/L-cysteine Na-dependent exchange (Cys-L in),Unknown,1.2662803343949043,1.2662803343949043,1.0,0.0,MINIMAL,optimal,2,6510_AT1;6509_AT1,SLC1A5;SLC1A4,CYS_e + L_45_ALPHA_45_ALANINE_c + NA_43__e --> CYS_c + L_45_ALPHA_45_ALANINE_e + NA_43__c
CYSSERNaEx,L-serine/L-cysteine Na-dependent exchange (Cys-L in),Unknown,1.2662803343949043,1.2662803343949043,1.0,0.0,MINIMAL,optimal,2,6510_AT1;6509_AT1,SLC1A5;SLC1A4,CYS_e + NA_43__e + SER_c --> CYS_c + NA_43__c + SER_e
CYSTA,cysteine transaminase,Unknown,1.2662803343949043,1.2662803343949043,1.0,0.0,MINIMAL,optimal,1,2805_AT1,GOT1,CYS_c + akg_c <=> Glutamates_c + mercppyr_c
CGLYt3_LPAREN_2_RPAREN_,Cys-Gly transport in via proton symport,Unknown,1.2662803343949043,1.2662803343949043,1.0,0.0,MINIMAL,optimal,1,6565_AT1,SLC15A2,CYS_45_GLY_e + 2.0 h_e --> CYS_45_GLY_c + 2.0 h_c
CGMPt,cGMP transport (ATP-dependent),Unknown,1.2662803343949043,1.2662803343949043,1.0,0.0,MINIMAL,optimal,3,10057_AT2;10257_AT1;10057_AT1,ABCC5;ABCC4;ABCC5,35cgmp_c + WATER_c + atp_c --> 35cgmp_e + adp_c + h_c + pi_c
CK,ATP Creatine kinase,Unknown,1.2662803343949043,1.2662803343949043,1.0,0.0,MINIMAL,optimal,2,1160_AT1;1159_AT1,CKMT2;CKMT1B,atp_m + creat_m <=> adp_m + pcreat_m
CYTK14,"cytidylate kinase (dCMP,UTP)",Unknown,1.2662803343949043,1.2662803343949043,1.0,0.0,MINIMAL,optimal,1,51727_AT1,CMPK1,dcmp_c + utp_c <=> dcdp_c + udp_c
CYTK14n,"cytidylate kinase (dCMP,CTP),nuclear",Unknown,1.2662803343949043,1.2662803343949043,1.0,0.0,MINIMAL,optimal,1,51727_AT1,CMPK1,dcmp_n + utp_n <=> dcdp_n + udp_n
CYTK1n,"cytidylate kinase (CMP),nuclear",Unknown,1.2662803343949043,1.2662803343949043,1.0,0.0,MINIMAL,optimal,1,51727_AT1,CMPK1,atp_n + cmp_n <=> adp_n + cdp_n
SPHS1Pte,sphingosine-1-phosphate transport,Unknown,1.2662803343949043,1.2662803343949043,1.0,0.0,MINIMAL,optimal,0,,,sphs1p_c <=> sphs1p_e
SPHS1Ptr,sphingosine-1-phosphate transport,Unknown,1.2662803343949043,1.2662803343949043,1.0,0.0,MINIMAL,optimal,0,,,sphs1p_c <=> sphs1p_r
SPMDOX,Spermidine:(acceptor) oxidoreductase,Unknown,1.2662803343949043,1.2662803343949043,1.0,0.0,MINIMAL,optimal,0,,,OXYGEN_45_MOLECULE_c + WATER_c + spmd_c --> 13dampp_c + 4abutn_c + HYDROGEN_45_PEROXIDE_c
SPMS,spermidine synthase,Unknown,1.2662803343949043,1.2662803343949043,1.0,0.0,MINIMAL,optimal,1,6723_AT1,SRM,ametam_c + ptrc_c --> 5_45_METHYLTHIOADENOSINE_c + h_c + spmd_c
SPODM,superoxide dismutase,Unknown,1.2662803343949043,1.2662803343949043,1.0,0.0,MINIMAL,optimal,1,6647_AT1,SOD1,2.0 h_c + 2.0 o2s_c --> HYDROGEN_45_PEROXIDE_c + OXYGEN_45_MOLECULE_c
SPODMm,superoxide dismutase,Unknown,1.2662803343949043,1.2662803343949043,1.0,0.0,MINIMAL,optimal,1,6648_AT1,SOD2,2.0 h_m + 2.0 o2s_m --> h2o2_m + o2_m
SPODMn,"superoxide dismutase, nuclear",Unknown,1.2662803343949043,1.2662803343949043,1.0,0.0,MINIMAL,optimal,1,6647_AT1,SOD1,2.0 h_n + 2.0 o2s_n --> h2o2_n + o2_n
SPODMx,"superoxide dismutase, peroxisome",Unknown,1.2662803343949043,1.2662803343949043,1.0,0.0,MINIMAL,optimal,1,6647_AT1,SOD1,2.0 h_x + 2.0 o2s_x --> HYDROGEN_45_PEROXIDE_x + OXYGEN_45_MOLECULE_x
SPRMS,spermine synthase,Unknown,1.2662803343949043,1.2662803343949043,1.0,0.0,MINIMAL,optimal,1,6611_AT1,SMS,ametam_c + spmd_c --> 5_45_METHYLTHIOADENOSINE_c + h_c + sprm_c
SQLEr,"Squalene epoxidase, endoplasmic reticular (NADP)",Unknown,1.2662803343949043,1.2662803343949043,1.0,0.0,MINIMAL,optimal,1,6713_AT1,SQLE,h_r + nadph_r + o2_r + sql_r --> EPOXYSQUALENE_r + h2o_r + nadp_r
SQLSr,Squalene synthase,Unknown,1.2662803343949043,1.2662803343949043,1.0,0.0,MINIMAL,optimal,1,2222_AT1,FDFT1,2.0 frdp_r + h_r + nadph_r --> nadp_r + 2.0 ppi_r + sql_r
SSALxm,succinate-semialdehyde dehydrogenase (NAD) reversible (mitochondrial),Unknown,1.2662803343949043,1.2662803343949043,1.0,0.0,MINIMAL,optimal,2,7915_AT2;7915_AT1,ALDH5A1;ALDH5A1,WATER_m + nad_m + sucsal_m --> 2.0 h_m + nadh_m + succ_m
STRDNCCPT1,carnitine O-palmitoyltransferase,Unknown,1.2662803343949043,1.2662803343949043,1.0,0.0,MINIMAL,optimal,6,1374_AT1;1375_AT2;1375_AT1;1375_AT4;1375_AT3;126129_AT1,CPT1A;CPT1B;CPT1B;CPT1B;CPT1B;CPT1C,CARNITINE_c + strdnccoa_c --> coa_c + strdnccrn_c
CYTK9n,"cytidylate kinase (CMP,dCTP),nuclear",Unknown,1.2662803343949043,1.2662803343949043,1.0,0.0,MINIMAL,optimal,1,51727_AT1,CMPK1,cmp_n + dctp_n <=> cdp_n + dcdp_n
DADNK,deoxyadenosine kinase,Unknown,1.2662803343949043,1.2662803343949043,1.0,0.0,MINIMAL,optimal,0,,,DEOXYADENOSINE_c + atp_c --> adp_c + damp_c + h_c
DASCBR,dehydroascorbate reductase,Unknown,1.2662803343949043,1.2662803343949043,1.0,0.0,MINIMAL,optimal,3,51022_AT2;2745_AT1;51022_AT1,GLRX2;GLRX;GLRX2,NADPH_c + dhdascb_c + h_c --> ascb_DASH_DASH_DASH_L_c + nadp_c
CYSTGL,cystathionine g-lyase,Unknown,1.2662803343949043,1.2662803343949043,1.0,0.0,MINIMAL,optimal,2,1491_AT2;1491_AT1,CTH;CTH,L_45_CYSTATHIONINE_c + WATER_c --> 2obut_c + CYS_c + nh4_c
CYSTHRNaEx,L-cysteine/L-threonine Na-dependent exchange (Cys-L in),Unknown,1.2662803343949043,1.2662803343949043,1.0,0.0,MINIMAL,optimal,2,6510_AT1;6509_AT1,SLC1A5;SLC1A4,CYS_e + NA_43__e + THR_c --> CYS_c + NA_43__c + THR_e
CYTDK1,cytidine kinase (ATP),Unknown,1.2662803343949043,1.2662803343949043,1.0,0.0,MINIMAL,optimal,2,83549_AT1;7371_AT1,UCK1;UCK2,CYTIDINE_c + atp_c --> adp_c + cmp_c + h_c
CYTDt5,cytidine transport (1:2 Na/cytd cotransport),Unknown,1.2662803343949043,1.2662803343949043,1.0,0.0,MINIMAL,optimal,1,64078_AT1,SLC28A3,2.0 NA_43__e + cytd_e --> CYTIDINE_c + 2.0 NA_43__c
CYTK1,cytidylate kinase (CMP),Unknown,1.2662803343949043,1.2662803343949043,1.0,0.0,MINIMAL,optimal,1,51727_AT1,CMPK1,atp_c + cmp_c <=> adp_c + cdp_c
CYTK10,"cytidylate kinase (CMP,dGTP)",Unknown,1.2662803343949043,1.2662803343949043,1.0,0.0,MINIMAL,optimal,1,51727_AT1,CMPK1,cmp_c + dgtp_c <=> cdp_c + dgdp_c
CYTK10n,"cytidylate kinase (CMP,dGTP),nuclear",Unknown,1.2662803343949043,1.2662803343949043,1.0,0.0,MINIMAL,optimal,1,51727_AT1,CMPK1,cmp_n + dgtp_n <=> cdp_n + dgdp_n
CYTK11,"cytidylate kinase (dCMP,dGTP)",Unknown,1.2662803343949043,1.2662803343949043,1.0,0.0,MINIMAL,optimal,1,51727_AT1,CMPK1,dcmp_c + dgtp_c <=> dcdp_c + dgdp_c
CYTK11n,"cytidylate kinase (dCMP,dGTP),nuclear",Unknown,1.2662803343949043,1.2662803343949043,1.0,0.0,MINIMAL,optimal,1,51727_AT1,CMPK1,dcmp_n + dgtp_n <=> dcdp_n + dgdp_n
CYTK12,"cytidylate kinase (dCMP,dCTP)",Unknown,1.2662803343949043,1.2662803343949043,1.0,0.0,MINIMAL,optimal,1,51727_AT1,CMPK1,dcmp_c + dctp_c <=> 2.0 dcdp_c
CYTK12n,"cytidylate kinase (dCMP,dCTP),nuclear",Unknown,1.2662803343949043,1.2662803343949043,1.0,0.0,MINIMAL,optimal,1,51727_AT1,CMPK1,dcmp_n + dctp_n <=> 2.0 dcdp_n
CYTK13,"cytidylate kinase (dCMP,dATP)",Unknown,1.2662803343949043,1.2662803343949043,1.0,0.0,MINIMAL,optimal,1,51727_AT1,CMPK1,datp_c + dcmp_c <=> dadp_c + dcdp_c
CYTK13n,"cytidylate kinase (dCMP,dATP),nuclear",Unknown,1.2662803343949043,1.2662803343949043,1.0,0.0,MINIMAL,optimal,1,51727_AT1,CMPK1,datp_n + dcmp_n <=> dadp_n + dcdp_n
DGK1,deoxyguanylate kinase (dGMP:ATP),Unknown,1.2662803343949043,1.2662803343949043,1.0,0.0,MINIMAL,optimal,1,2987_AT1,GUK1,atp_c + dgmp_c <=> adp_c + dgdp_c
DGULND,dehydro-L-gulonate decarboxylase,Unknown,1.2662803343949043,1.2662803343949043,1.0,0.0,MINIMAL,optimal,0,,,3dhguln_c + h_c <=> CARBON_45_DIOXIDE_c + L_45_XYLULOSE_c
DHCR241r,24-dehydrocholesterol reductase [Precursor],Unknown,1.2662803343949043,1.2662803343949043,1.0,0.0,MINIMAL,optimal,1,1718_AT1,DHCR24,fadh2_r + zymst_r --> CPD_45_8621_r + fad_r
CYTK2,cytidylate kinase (dCMP),Unknown,1.2662803343949043,1.2662803343949043,1.0,0.0,MINIMAL,optimal,1,51727_AT1,CMPK1,atp_c + dcmp_c <=> adp_c + dcdp_c
CYTK2n,"cytidylate kinase (dCMP),nuclear",Unknown,1.2662803343949043,1.2662803343949043,1.0,0.0,MINIMAL,optimal,1,51727_AT1,CMPK1,atp_n + dcmp_n <=> adp_n + dcdp_n
CYTK3n,"cytidylate kinase (dCMP,CTP),nuclear",Unknown,1.2662803343949043,1.2662803343949043,1.0,0.0,MINIMAL,optimal,1,51727_AT1,CMPK1,ctp_n + dcmp_n <=> cdp_n + dcdp_n
CYTK4n,"cytidylate kinase (dCMP,GTP),nuclear",Unknown,1.2662803343949043,1.2662803343949043,1.0,0.0,MINIMAL,optimal,1,51727_AT1,CMPK1,dcmp_n + gtp_n <=> dcdp_n + gdp_n
CYTK5,cytidylate kinase (dCMP),Unknown,1.2662803343949043,1.2662803343949043,1.0,0.0,MINIMAL,optimal,1,51727_AT1,CMPK1,ctp_c + dcmp_c <=> cdp_c + dcdp_c
CYTK5n,"cytidylate kinase (CMP),nuclear",Unknown,1.2662803343949043,1.2662803343949043,1.0,0.0,MINIMAL,optimal,1,51727_AT1,CMPK1,cmp_n + gtp_n <=> cdp_n + gdp_n
CYTK6,"cytidylate kinase (CMP,CTP)",Unknown,1.2662803343949043,1.2662803343949043,1.0,0.0,MINIMAL,optimal,1,51727_AT1,CMPK1,cmp_c + ctp_c <=> 2.0 cdp_c
CYTK6n,"cytidylate kinase (CMP,CTP),nuclear",Unknown,1.2662803343949043,1.2662803343949043,1.0,0.0,MINIMAL,optimal,1,51727_AT1,CMPK1,cmp_n + ctp_n <=> 2.0 cdp_n
CYTK7,"cytidylate kinase (CMP,UTP)",Unknown,1.2662803343949043,1.2662803343949043,1.0,0.0,MINIMAL,optimal,1,51727_AT1,CMPK1,cmp_c + utp_c <=> cdp_c + udp_c
CYTK7n,"cytidylate kinase (CMP,UTP),nuclear",Unknown,1.2662803343949043,1.2662803343949043,1.0,0.0,MINIMAL,optimal,1,51727_AT1,CMPK1,cmp_n + utp_n <=> cdp_n + udp_n
CYTK8,"cytidylate kinase (CMP,dATP)",Unknown,1.2662803343949043,1.2662803343949043,1.0,0.0,MINIMAL,optimal,1,51727_AT1,CMPK1,cmp_c + datp_c <=> cdp_c + dadp_c
CYTK8n,"cytidylate kinase (CMP,dATP),nuclear",Unknown,1.2662803343949043,1.2662803343949043,1.0,0.0,MINIMAL,optimal,1,51727_AT1,CMPK1,cmp_n + datp_n <=> cdp_n + dadp_n
CYTK9,"cytidylate kinase (CMP,dCTP)",Unknown,1.2662803343949043,1.2662803343949043,1.0,0.0,MINIMAL,optimal,1,51727_AT1,CMPK1,cmp_c + dctp_c <=> cdp_c + dcdp_c
DHORD9,dihydoorotic acid dehydrogenase (quinone10),Unknown,1.2662803343949043,1.2662803343949043,1.0,0.0,MINIMAL,optimal,1,1723_AT1,DHODH,dhor_DASH_DASH_DASH_S_c + q10_m --> orot_c + q10h2_m
DHORTS,dihydroorotase,Unknown,1.2662803343949043,1.2662803343949043,1.0,0.0,MINIMAL,optimal,1,790_AT1,CAD,WATER_c + dhor_DASH_DASH_DASH_S_c <=> cbasp_c + h_c
DHPM1,"dihydropyrimidinase (5,6-dihydrouracil)",Unknown,1.2662803343949043,1.2662803343949043,1.0,0.0,MINIMAL,optimal,3,1807_AT1;1808_AT1;1809_AT1,DPYS;DPYSL2;DPYSL3,DI_45_H_45_URACIL_c + WATER_c --> cala_c + h_c
DCMPDA,dCMP deaminase,Unknown,1.2662803343949043,1.2662803343949043,1.0,0.0,MINIMAL,optimal,1,1635_AT1,DCTD,WATER_c + dcmp_c + h_c <=> dump_c + nh4_c
DCSPTN1COAtx,fatty acid intracellular transport,Unknown,1.2662803343949043,1.2662803343949043,1.0,0.0,MINIMAL,optimal,0,,,dcsptn1coa_c <=> dcsptn1coa_x
DCSPTN1CPT1,carnitine O-palmitoyltransferase,Unknown,1.2662803343949043,1.2662803343949043,1.0,0.0,MINIMAL,optimal,6,1374_AT1;1375_AT2;1375_AT1;1375_AT4;1375_AT3;126129_AT1,CPT1A;CPT1B;CPT1B;CPT1B;CPT1B;CPT1C,CARNITINE_c + dcsptn1coa_c --> coa_c + dcsptn1crn_c
DCSPTN1CPT2,carnitine transferase,Unknown,1.2662803343949043,1.2662803343949043,1.0,0.0,MINIMAL,optimal,1,1376_AT1,CPT2,coa_m + dcsptn1crn_m --> CARNITINE_m + dcsptn1coa_m
DCSPTN1CRNt,transport into the mitochondria (carnitine),Unknown,1.2662803343949043,1.2662803343949043,1.0,0.0,MINIMAL,optimal,1,788_AT1,SLC25A20,dcsptn1crn_c --> dcsptn1crn_m
DCSPTN1t,fatty acid transport via diffusion,Unknown,1.2662803343949043,1.2662803343949043,1.0,0.0,MINIMAL,optimal,0,,,dcsptn1_e <=> dcsptn1_c
DCTPtn,dCTP diffusion in nucleus,Unknown,1.2662803343949043,1.2662803343949043,1.0,0.0,MINIMAL,optimal,0,,,dctp_c <=> dctp_n
DESAT16_2,palmitoyl-CoA desaturase (n-C16:0CoA -> n-C16:1CoA),Unknown,1.2662803343949043,1.2662803343949043,1.0,0.0,MINIMAL,optimal,1,6319_AT1,SCD,OXYGEN_45_MOLECULE_c + h_c + nadh_c + pmtcoa_c --> 2.0 WATER_c + hdcoa_c + nad_c
DESAT18_3,stearoyl-CoA desaturase (n-C18:0CoA -> n-C18:1CoA),Unknown,1.2662803343949043,1.2662803343949043,1.0,0.0,MINIMAL,optimal,1,6319_AT1,SCD,OXYGEN_45_MOLECULE_c + STEAROYL_45_COA_c + h_c + nadh_c --> 2.0 WATER_c + nad_c + odecoa_c
DESAT18_4,stearoyl-CoA desaturase (n-C18:0CoA -> n-C18:1CoA),Unknown,1.2662803343949043,1.2662803343949043,1.0,0.0,MINIMAL,optimal,1,6319_AT1,SCD,OXYGEN_45_MOLECULE_c + STEAROYL_45_COA_c + h_c + nadh_c --> 2.0 WATER_c + nad_c + vacccoa_c
DESAT18_5,stearoyl-CoA desaturase (n-C18:0CoA -> n-C18:1CoA),Unknown,1.2662803343949043,1.2662803343949043,1.0,0.0,MINIMAL,optimal,1,6319_AT1,SCD,OXYGEN_45_MOLECULE_c + STEAROYL_45_COA_c + h_c + nadh_c --> 2.0 WATER_c + nad_c + od2coa_c
DESAT22_2p,fatty acyl-CoA desaturase (n-C22:5CoA -> n-C22:6CoA),Unknown,1.2662803343949043,1.2662803343949043,1.0,0.0,MINIMAL,optimal,0,,,OXYGEN_45_MOLECULE_x + clpndcoa_x + h_x + nadh_x --> 2.0 WATER_x + c226coa_x + nad_x
DGAT,diacylglycerol acyltransferase,Unknown,1.2662803343949043,1.2662803343949043,1.0,0.0,MINIMAL,optimal,2,8694_AT1;84649_AT1,DGAT1;DGAT2,DIACYLGLYCEROL_c + Rtotal3coa_c --> coa_c + tag_DASH_hs_c
DM_kdn_c,DM kdn(c),Unknown,1.2662803343949043,1.2662803343949043,1.0,0.0,MINIMAL,optimal,0,,,kdn_c --> 
DM_sprm_c,DM sprm(c),Unknown,1.2662803343949043,1.2662803343949043,1.0,0.0,MINIMAL,optimal,0,,,sprm_c --> 
DNADDP,Deaminido NAD diphosphatase,Unknown,1.2662803343949043,1.2662803343949043,1.0,0.0,MINIMAL,optimal,3,5168_AT1;5169_AT1;5167_AT1,ENPP2;ENPP3;ENPP1,WATER_c + dnad_c --> amp_c + 2.0 h_c + nicrnt_c
DNDPt26m,dCDP transport via dUDP antiport,Unknown,1.2662803343949043,1.2662803343949043,1.0,0.0,MINIMAL,optimal,1,60386_AT1,SLC25A19,dcdp_c + dudp_m --> dcdp_m + dudp_c
DNDPt41m,dUTP transport via dCDP antiport,Unknown,1.2662803343949043,1.2662803343949043,1.0,0.0,MINIMAL,optimal,1,60386_AT1,SLC25A19,dcdp_m + dutp_c --> dcdp_c + dutp_m
DOLGLCP_Lter,Dolichyl beta-D-glucosyl phosphate flippase (liver),Unknown,1.2662803343949043,1.2662803343949043,1.0,0.0,MINIMAL,optimal,0,,,0.1 dolglcp__L_c --> 0.1 dolglcp__L_r
DOLGLCP_Uter,Dolichyl beta-D-glucosyl phosphate flippase (uterus),Unknown,1.2662803343949043,1.2662803343949043,1.0,0.0,MINIMAL,optimal,0,,,0.1 dolglcp_DASH_U_c --> 0.1 dolglcp_DASH_U_r
DOLGPP_Ler,Dolichyl-beta-D-glucosyl-phosphate dolichylphosphohydrolase (liver),Unknown,1.2662803343949043,1.2662803343949043,1.0,0.0,MINIMAL,optimal,0,,,0.1 dolglcp__L_r + h2o_r --> 0.1 dolp__L_r + glc_DASH_DASH_DASH_D_r + h_r
DOLGPP_Uer,Dolichyl-beta-D-glucosyl-phosphate dolichylphosphohydrolase (uterus),Unknown,1.2662803343949043,1.2662803343949043,1.0,0.0,MINIMAL,optimal,0,,,0.1 dolglcp_DASH_U_r + h2o_r --> 0.1 dolp_DASH_U_r + glc_DASH_DASH_DASH_D_r + h_r
DOLP_Lter,dolichol phosphate flippase (liver),Unknown,1.2662803343949043,1.2662803343949043,1.0,0.0,MINIMAL,optimal,0,,,0.1 dolp__L_r --> 0.1 dolp__L_c
DOLP_Uter,dolichol phosphate flippase (uterus),Unknown,1.2662803343949043,1.2662803343949043,1.0,0.0,MINIMAL,optimal,0,,,0.1 dolp_DASH_U_r --> 0.1 dolp_DASH_U_c
DOPASFt,Dopamine 3-0-sulfate transport (diffusion),Unknown,1.2662803343949043,1.2662803343949043,1.0,0.0,MINIMAL,optimal,0,,,dopasf_c --> dopasf_e
DHCR242r,24-dehydrocholesterol reductase [Precursor],Unknown,1.2662803343949043,1.2662803343949043,1.0,0.0,MINIMAL,optimal,1,1718_AT1,DHCR24,chlstol_r + fadh2_r --> fad_r + lthstrl_r
DHCR243r,24-dehydrocholesterol reductase [Precursor],Unknown,1.2662803343949043,1.2662803343949043,1.0,0.0,MINIMAL,optimal,1,1718_AT1,DHCR24,dsmsterol_r + fadh2_r --> chsterol_r + fad_r
DHCR71r,7-dehydrocholesterol reductase,Unknown,1.2662803343949043,1.2662803343949043,1.0,0.0,MINIMAL,optimal,1,1717_AT1,DHCR7,ddsmsterol_r + h_r + nadph_r --> dsmsterol_r + nadp_r
URATEt,urate export from cytosol,Unknown,1.2662803343949043,1.2662803343949043,1.0,0.0,MINIMAL,optimal,0,,,URATE_c --> urate_e
SERTHRNaEx,L-serine/L-threonine Na-dependent exchange (Ser-L in),Unknown,1.2662803343949043,1.2662803343949043,1.0,0.0,MINIMAL,optimal,2,6510_AT1;6509_AT1,SLC1A5;SLC1A4,NA_43__e + SER_e + THR_c --> NA_43__c + SER_c + THR_e
SFGTH,S-Formylglutathione hydralase,Unknown,1.2662803343949043,1.2662803343949043,1.0,0.0,MINIMAL,optimal,1,2098_AT1,ESD,Sfglutth_c + WATER_c <=> for_c + gthrd_c + h_c
SGPL12r,Sphingosine-1-phosphate lyase,Unknown,1.2662803343949043,1.2662803343949043,1.0,0.0,MINIMAL,optimal,1,8879_AT1,SGPL1,h2o_r + sphs1p_r --> ethamp_r + h_r + hdca_r
SIAASEly,"sialidase, lysosomal",Unknown,1.2662803343949043,1.2662803343949043,1.0,0.0,MINIMAL,optimal,4,2720_AT1;5476_AT1;4758_AT1;2588_AT1,GLB1;CTSA;NEU1;GALNS,2.0 h2o_l + s2l2n2m2mn_l --> 2.0 acnam_l + l2n2m2mn_l
SLDt,L-sulfolactate transport (cytosol to extracellular),Unknown,1.2662803343949043,1.2662803343949043,1.0,0.0,MINIMAL,optimal,0,,,sl_DASH_DASH_DASH_L_c --> sl_DASH_DASH_DASH_L_e
SLDx,L-sulfolactate dehydrogenase (NAD+),Unknown,1.2662803343949043,1.2662803343949043,1.0,0.0,MINIMAL,optimal,2,4190_AT1;130752_AT1,MDH1;MDH1B,nad_c + sl_DASH_DASH_DASH_L_c <=> 3spyr_c + h_c + nadh_c
URATEtx,urate export from peroxisome,Unknown,1.2662803343949043,1.2662803343949043,1.0,0.0,MINIMAL,optimal,0,,,URATE_x --> URATE_c
SOAT11,sterol O-acyltransferase (acyl-Coenzyme A: cholesterol acyltransferase) 1,Unknown,1.2662803343949043,1.2662803343949043,1.0,0.0,MINIMAL,optimal,1,6646_AT1,SOAT1,CHOLESTEROL_c + R1coa_DASH_hs_c --> coa_c + xolest_DASH_hs_c
SOAT12,sterol O-acyltransferase (acyl-Coenzyme A: cholesterol acyltransferase) 1,Unknown,1.2662803343949043,1.2662803343949043,1.0,0.0,MINIMAL,optimal,1,6646_AT1,SOAT1,CHOLESTEROL_c + R2coa_DASH_hs_c --> coa_c + xolest_DASH_hs_c
SPC_HSt,sphingosylphosphorylcholine transport (diffusion),Unknown,1.2662803343949043,1.2662803343949043,1.0,0.0,MINIMAL,optimal,0,,,spc_DASH_hs_c <=> spc_DASH_hs_e
SPHMDAc,sphingomyelin deacylase,Unknown,1.2662803343949043,1.2662803343949043,1.0,0.0,MINIMAL,optimal,0,,,WATER_c + sphmyln_DASH_hs_c --> Carboxylates_c + spc_DASH_hs_c
DOPASULT,Dopamine Sulfotransferase,Unknown,1.2662803343949043,1.2662803343949043,1.0,0.0,MINIMAL,optimal,10,6817_AT3;6817_AT2;6799_AT2;6818_AT2;6818_AT3;6818_AT1;6817_AT1;6817_AT4;6817_AT5;6799_AT1,SULT1A1;SULT1A1;SULT1A2;SULT1A3;SULT1A3;SULT1A3;SULT1A1;SULT1A1;SULT1A1;SULT1A2,dopa_c + paps_c --> dopasf_c + h_c + pap_c
DOPAtu,Dopamine uniport,Unknown,1.2662803343949043,1.2662803343949043,1.0,0.0,MINIMAL,optimal,3,6582_AT2;6581_AT1;6582_AT1,SLC22A2;SLC22A3;SLC22A2,dopa_e <=> dopa_c
DPCOAK,dephospho-CoA kinase,Unknown,1.2662803343949043,1.2662803343949043,1.0,0.0,MINIMAL,optimal,1,80347_AT1,COASY,atp_c + dpcoa_c --> adp_c + coa_c + h_c
URIDK2m,"uridylate kinase (dUMP), mitochondrial",Unknown,1.2662803343949043,1.2662803343949043,1.0,0.0,MINIMAL,optimal,0,,,atp_m + dump_m <=> adp_m + dudp_m
URIK1,uridine kinase (ATP:Uridine),Unknown,1.2662803343949043,1.2662803343949043,1.0,0.0,MINIMAL,optimal,2,83549_AT1;7371_AT1,UCK1;UCK2,URIDINE_c + atp_c --> adp_c + h_c + ump_c
RTOTAL2CRNCPT2,R group transport into the mitochondria,Unknown,1.2662803343949043,1.2662803343949043,1.0,0.0,MINIMAL,optimal,1,1376_AT1,CPT2,O_45_Acyl_45_L_45_Carnitines_m + coa_m --> CARNITINE_m + Rtotal2coa_m
RTOTAL3CRNCPT1,carnitine fatty-acyl transferase,Unknown,1.2662803343949043,1.2662803343949043,1.0,0.0,MINIMAL,optimal,5,1374_AT1;1375_AT2;1375_AT1;1375_AT4;126129_AT1,CPT1A;CPT1B;CPT1B;CPT1B;CPT1C,CARNITINE_c + Rtotal3coa_c --> O_45_Acyl_45_L_45_Carnitines_c + coa_c
RTOTAL3CRNCPT2,R group transport into the mitochondria,Unknown,1.2662803343949043,1.2662803343949043,1.0,0.0,MINIMAL,optimal,1,1376_AT1,CPT2,O_45_Acyl_45_L_45_Carnitines_m + coa_m --> CARNITINE_m + Rtotal3coa_m
RTOTALCRNCPT1,carnitine fatty-acyl transferase,Unknown,1.2662803343949043,1.2662803343949043,1.0,0.0,MINIMAL,optimal,6,1374_AT1;1375_AT2;1375_AT1;1375_AT4;1375_AT3;126129_AT1,CPT1A;CPT1B;CPT1B;CPT1B;CPT1B;CPT1C,CARNITINE_c + Rtotalcoa_c --> O_45_Acyl_45_L_45_Carnitines_c + coa_c
RTOTALCRNCPT2,R group transport into the mitochondria,Unknown,1.2662803343949043,1.2662803343949043,1.0,0.0,MINIMAL,optimal,1,1376_AT1,CPT2,O_45_Acyl_45_L_45_Carnitines_m + coa_m --> CARNITINE_m + Rtotalcoa_m
S2L2N2M2MASNtly,"s2l2n2m2masn transport, extracellular to lysosome",Unknown,1.2662803343949043,1.2662803343949043,1.0,0.0,MINIMAL,optimal,0,,,s2l2n2m2masn_e --> s2l2n2m2masn_l
SADT,sulfate adenylyltransferase,Unknown,1.2662803343949043,1.2662803343949043,1.0,0.0,MINIMAL,optimal,2,9060_AT1;9061_AT1,PAPSS2;PAPSS1,atp_c + h_c + so4_c --> aps_c + ppi_c
SAMHISTA,S-Adenosyl-L-methionine:histamine N-tele-methyltransferase,Unknown,1.2662803343949043,1.2662803343949043,1.0,0.0,MINIMAL,optimal,1,3176_AT1,HNMT,amet_c + hista_c --> ADENOSYL_45_HOMO_45_CYS_c + h_c + mhista_c
SBTD_D2,D-sorbitol dehydrogenase (D-fructose producing),Unknown,1.2662803343949043,1.2662803343949043,1.0,0.0,MINIMAL,optimal,1,6652_AT1,SORD,SORBITOL_c + nad_c --> CPD_45_15382_c + h_c + nadh_c
SBTR,D-sorbitol reductase,Unknown,1.2662803343949043,1.2662803343949043,1.0,0.0,MINIMAL,optimal,4,231_AT1;8574_AT1;10327_AT1;10327_AT2,AKR1B1;AKR7A2;AKR1A1;AKR1A1,Glucopyranose_c + NADPH_c + h_c --> SORBITOL_c + nadp_c
ENGASEly,"endo-beta-N-acetylglucosaminidase, lysosomal",Unknown,1.2662803343949043,1.2662803343949043,1.0,0.0,MINIMAL,optimal,0,,,h2o_l + s2l2n2m2m_l --> acgam_l + s2l2n2m2mn_l
ENO,enolase,Unknown,1.2662803343949043,1.2662803343949043,1.0,0.0,MINIMAL,optimal,5,2026_AT1;2023_AT1;2027_AT2;2027_AT1;26237_AT1,ENO2;ENO1;ENO3;ENO3;26237_AT1,2pg_c <=> WATER_c + pep_c
SERALANaEx,L-alanine/L-serine Na-dependent exchange (Ser-L in),Unknown,1.2662803343949043,1.2662803343949043,1.0,0.0,MINIMAL,optimal,2,6510_AT1;6509_AT1,SLC1A5;SLC1A4,L_45_ALPHA_45_ALANINE_c + NA_43__e + SER_e --> L_45_ALPHA_45_ALANINE_e + NA_43__c + SER_c
SERCYSNaEx,L-serine/L-cysteine Na-dependent exchange (Ser-L in),Unknown,1.2662803343949043,1.2662803343949043,1.0,0.0,MINIMAL,optimal,2,6510_AT1;6509_AT1,SLC1A5;SLC1A4,CYS_c + NA_43__e + SER_e --> CYS_e + NA_43__c + SER_c
SERLYSNaex,Serine/Lysine Na-dependent exchange (Ser in),Unknown,1.2662803343949043,1.2662803343949043,1.0,0.0,MINIMAL,optimal,2,9056_AT1;6519_AT1,SLC7A7;SLC3A1,NA_43__e + SER_e + lys_DASH_DASH_DASH_L_c --> NA_43__c + SER_c + lys_DASH_DASH_DASH_L_e
SERPT,serine C-palmitoyltransferase,Unknown,1.2662803343949043,1.2662803343949043,1.0,0.0,MINIMAL,optimal,2,10558_AT1;9517_AT1,SPTLC1;SPTLC2,SER_c + h_c + pmtcoa_c --> 3dsphgn_c + CARBON_45_DIOXIDE_c + coa_c
ESTSULT,Estrogen sulfotransferase,Unknown,1.2662803343949043,1.2662803343949043,1.0,0.0,MINIMAL,optimal,6,6817_AT3;6817_AT4;6817_AT5;6817_AT2;6817_AT1;6783_AT1,SULT1A1;SULT1A1;SULT1A1;SULT1A1;SULT1A1;SULT1E1,ESTRONE_c + paps_c --> estrones_c + h_c + pap_c
ETF,electron transfer flavoprotein,Unknown,1.2662803343949043,1.2662803343949043,1.0,0.0,MINIMAL,optimal,3,2109_AT1;2109_AT2;2108_AT1,ETFB;ETFB;ETFA,etfox_m + fadh2_m --> etfrd_m + fad_m
ETFQO,Electron transfer flavoprotein-ubiquinone oxidoreductase,Unknown,1.2662803343949043,1.2662803343949043,1.0,0.0,MINIMAL,optimal,1,2110_AT1,ETFDH,etfrd_m + q10_m --> etfox_m + q10h2_m
ETHAK,Ethanolamine kinase,Unknown,1.2662803343949043,1.2662803343949043,1.0,0.0,MINIMAL,optimal,4,1119_AT2;1119_AT1;55500_AT1;55224_AT1,CHKA;CHKA;ETNK1;ETNK2,atp_c + etha_c --> adp_c + ethamp_c + h_c
ETOHt,ethanol reversible transport,Unknown,1.2662803343949043,1.2662803343949043,1.0,0.0,MINIMAL,optimal,0,,,etoh_e <=> ETOH_c
ETOHtx,ethanol reversible peroxisomal transport,Unknown,1.2662803343949043,1.2662803343949043,1.0,0.0,MINIMAL,optimal,0,,,ETOH_c <=> ETOH_x
FACOAL140i,fatty-acid--CoA ligase (tetradecanoate),Unknown,1.2662803343949043,1.2662803343949043,1.0,0.0,MINIMAL,optimal,1,2181_AT1,ACSL3,atp_c + coa_c + ttdca_c --> TETRADECANOYL_45_COA_c + amp_c + ppi_c
FACOAL150,fatty-acid--CoA ligase,Unknown,1.2662803343949043,1.2662803343949043,1.0,0.0,MINIMAL,optimal,6,22305_AT1;2181_AT2;2181_AT1;22305_AT2;2182_AT1;2180_AT1,22305_AT1;ACSL3;ACSL3;22305_AT2;ACSL4;ACSL1,atp_c + coa_c + ptdca_c <=> amp_c + ppi_c + ptdcacoa_c
FACOAL160i,C160 fatty acid activation,Unknown,1.2662803343949043,1.2662803343949043,1.0,0.0,MINIMAL,optimal,6,51703_AT1;22305_AT1;2181_AT2;2181_AT1;22305_AT2;2180_AT1,ACSL5;22305_AT1;ACSL3;ACSL3;22305_AT2;ACSL1,atp_c + coa_c + hdca_c --> amp_c + pmtcoa_c + ppi_c
FACOAL161,fatty-acid--CoA ligase (hexadecenoate),Unknown,1.2662803343949043,1.2662803343949043,1.0,0.0,MINIMAL,optimal,1,2180_AT1,ACSL1,atp_c + coa_c + hdcea_c <=> amp_c + hdcoa_c + ppi_c
RNMK,ribosylnicotinamide kinase,Unknown,1.2662803343949043,1.2662803343949043,1.0,0.0,MINIMAL,optimal,1,54981_AT1,NMRK1,atp_c + rnam_c --> adp_c + h_c + nmn_c
RPE,ribulose 5-phosphate 3-epimerase,Unknown,1.2662803343949043,1.2662803343949043,1.0,0.0,MINIMAL,optimal,2,6120_AT2;6120_AT1,RPE;RPE,ru5p_DASH_DASH_DASH_D_c <=> xu5p_DASH_DASH_DASH_D_c
RPI,ribose-5-phosphate isomerase,Unknown,1.2662803343949043,1.2662803343949043,1.0,0.0,MINIMAL,optimal,1,22934_AT1,RPIA,r5p_c <=> ru5p_DASH_DASH_DASH_D_c
RTOT1,R total flux,Unknown,1.2662803343949043,1.2662803343949043,1.0,0.0,MINIMAL,optimal,0,,,R1coa_DASH_hs_c --> Rtotalcoa_c
RTOT3,R total flux,Unknown,1.2662803343949043,1.2662803343949043,1.0,0.0,MINIMAL,optimal,0,,,R3coa_DASH_hs_c --> Rtotalcoa_c
RTOTAL2CRNCPT1,carnitine fatty-acyl transferase,Unknown,1.2662803343949043,1.2662803343949043,1.0,0.0,MINIMAL,optimal,6,1374_AT1;1375_AT2;1375_AT1;1375_AT4;1375_AT3;126129_AT1,CPT1A;CPT1B;CPT1B;CPT1B;CPT1B;CPT1C,CARNITINE_c + Rtotal2coa_c --> O_45_Acyl_45_L_45_Carnitines_c + coa_c
FACOAL1812,fatty-acid--CoA ligase,Unknown,1.2662803343949043,1.2662803343949043,1.0,0.0,MINIMAL,optimal,1,2180_AT1,ACSL1,atp_c + coa_c + vacc_c <=> amp_c + ppi_c + vacccoa_c
FACOAL1813,fatty-acid--CoA ligase,Unknown,1.2662803343949043,1.2662803343949043,1.0,0.0,MINIMAL,optimal,1,2180_AT1,ACSL1,atp_c + coa_c + elaid_c <=> amp_c + od2coa_c + ppi_c
FACOAL181i,C181 fatty acid activation,Unknown,1.2662803343949043,1.2662803343949043,1.0,0.0,MINIMAL,optimal,3,2181_AT2;2181_AT1;2180_AT1,ACSL3;ACSL3;ACSL1,atp_c + coa_c + ocdcea_c --> amp_c + odecoa_c + ppi_c
FACOAL1821,fatty-acid--CoA ligase,Unknown,1.2662803343949043,1.2662803343949043,1.0,0.0,MINIMAL,optimal,1,2180_AT1,ACSL1,LINOLEIC_ACID_c + atp_c + coa_c <=> CPD_45_18_c + amp_c + ppi_c
FACOAL1822,fatty-acid--CoA ligase,Unknown,1.2662803343949043,1.2662803343949043,1.0,0.0,MINIMAL,optimal,1,2180_AT1,ACSL1,atp_c + coa_c + lneldc_c <=> amp_c + lneldccoa_c + ppi_c
FACOAL1831,fatty-acid--CoA ligase,Unknown,1.2662803343949043,1.2662803343949043,1.0,0.0,MINIMAL,optimal,1,2180_AT1,ACSL1,atp_c + coa_c + lnlncg_c <=> amp_c + lnlncgcoa_c + ppi_c
FACOAL1832,fatty-acid--CoA ligase,Unknown,1.2662803343949043,1.2662803343949043,1.0,0.0,MINIMAL,optimal,1,2180_AT1,ACSL1,atp_c + coa_c + lnlnca_c <=> amp_c + lnlncacoa_c + ppi_c
FACOAL184,fatty-acid--CoA ligase,Unknown,1.2662803343949043,1.2662803343949043,1.0,0.0,MINIMAL,optimal,1,2180_AT1,ACSL1,atp_c + coa_c + strdnc_c <=> amp_c + ppi_c + strdnccoa_c
FACOAL191,fatty-acid--CoA ligase,Unknown,1.2662803343949043,1.2662803343949043,1.0,0.0,MINIMAL,optimal,1,11001_AT1,SLC27A2,atp_c + coa_c + prist_c --> amp_c + ppi_c + pristcoa_c
FACOAL200,fatty-acid--CoA ligase,Unknown,1.2662803343949043,1.2662803343949043,1.0,0.0,MINIMAL,optimal,1,2180_AT1,ACSL1,arach_c + atp_c + coa_c <=> amp_c + arachcoa_c + ppi_c
FACOAL203,fatty-acid--CoA ligase,Unknown,1.2662803343949043,1.2662803343949043,1.0,0.0,MINIMAL,optimal,1,2180_AT1,ACSL1,atp_c + coa_c + dlnlcg_c <=> amp_c + dlnlcgcoa_c + ppi_c
FACOAL204,fatty-acid--CoA ligase,Unknown,1.2662803343949043,1.2662803343949043,1.0,0.0,MINIMAL,optimal,1,2180_AT1,ACSL1,arachd_c + atp_c + coa_c <=> amp_c + arachdcoa_c + ppi_c
FACOAL2042,fatty-acid--CoA ligase,Unknown,1.2662803343949043,1.2662803343949043,1.0,0.0,MINIMAL,optimal,1,2180_AT1,ACSL1,atp_c + coa_c + eicostet_c <=> amp_c + eicostetcoa_c + ppi_c
FACOAL204i,arachidonic acid activation,Unknown,1.2662803343949043,1.2662803343949043,1.0,0.0,MINIMAL,optimal,7,22305_AT1;2181_AT2;22305_AT2;2181_AT1;2182_AT2;2182_AT1;2180_AT1,22305_AT1;ACSL3;22305_AT2;ACSL3;ACSL4;ACSL4;ACSL1,arachd_c + atp_c + coa_c --> amp_c + arachdcoa_c + ppi_c
ESTRADIOLGLCt2,17-beta-D-glucuronide transport (ATP-dependent),Unknown,1.2662803343949043,1.2662803343949043,1.0,0.0,MINIMAL,optimal,1,10257_AT1,ABCC4,WATER_c + atp_c + estradiolglc_c --> adp_c + estradiolglc_e + h_c + pi_c
ESTRONEtr,estrone intracellular transport,Unknown,1.2662803343949043,1.2662803343949043,1.0,0.0,MINIMAL,optimal,0,,,estrone_r <=> ESTRONE_c
FACOAL2251,fatty-acid--CoA ligase,Unknown,1.2662803343949043,1.2662803343949043,1.0,0.0,MINIMAL,optimal,1,2180_AT1,ACSL1,atp_c + coa_c + dcsptn1_c <=> amp_c + dcsptn1coa_c + ppi_c
FACOAL2252,fatty-acid--CoA ligase,Unknown,1.2662803343949043,1.2662803343949043,1.0,0.0,MINIMAL,optimal,1,2180_AT1,ACSL1,atp_c + clpnd_c + coa_c <=> amp_c + clpndcoa_c + ppi_c
FACOAL226,fatty-acid--CoA ligase,Unknown,1.2662803343949043,1.2662803343949043,1.0,0.0,MINIMAL,optimal,1,2180_AT1,ACSL1,atp_c + coa_c + crvnc_c <=> amp_c + c226coa_c + ppi_c
FACOAL240,fatty-acid--CoA ligase,Unknown,1.2662803343949043,1.2662803343949043,1.0,0.0,MINIMAL,optimal,1,2180_AT1,ACSL1,atp_c + coa_c + lgnc_c <=> amp_c + lgnccoa_c + ppi_c
FACOAL241,fatty-acid--CoA ligase,Unknown,1.2662803343949043,1.2662803343949043,1.0,0.0,MINIMAL,optimal,1,2180_AT1,ACSL1,atp_c + coa_c + nrvnc_c <=> amp_c + nrvnccoa_c + ppi_c
FACOAL244_1,fatty-acid--CoA ligase,Unknown,1.2662803343949043,1.2662803343949043,1.0,0.0,MINIMAL,optimal,1,2180_AT1,ACSL1,atp_c + coa_c + tettet6_c <=> amp_c + ppi_c + tettet6coa_c
FACOAL245_1,fatty-acid--CoA ligase,Unknown,1.2662803343949043,1.2662803343949043,1.0,0.0,MINIMAL,optimal,1,2180_AT1,ACSL1,atp_c + coa_c + tetpent6_c <=> amp_c + ppi_c + tetpent6coa_c
FACOAL245_2,fatty-acid--CoA ligase,Unknown,1.2662803343949043,1.2662803343949043,1.0,0.0,MINIMAL,optimal,1,2180_AT1,ACSL1,atp_c + coa_c + tetpent3_c <=> amp_c + ppi_c + tetpent3coa_c
FACOAL246_1,fatty-acid--CoA ligase,Unknown,1.2662803343949043,1.2662803343949043,1.0,0.0,MINIMAL,optimal,1,2180_AT1,ACSL1,atp_c + coa_c + tethex3_c <=> amp_c + ppi_c + tethex3coa_c
FACOAL260,fatty-acid--CoA ligase (n-C26:0),Unknown,1.2662803343949043,1.2662803343949043,1.0,0.0,MINIMAL,optimal,1,2180_AT1,ACSL1,atp_c + coa_c + hexc_c <=> amp_c + hexccoa_c + ppi_c
FACOAL80i,fatty-acid--CoA ligase (octanoate),Unknown,1.2662803343949043,1.2662803343949043,1.0,0.0,MINIMAL,optimal,2,2181_AT2;2181_AT1,ACSL3;ACSL3,atp_c + coa_c + octa_c --> amp_c + occoa_c + ppi_c
FADH2tru,"FADH2 transporter, endoplasmic reticulum",Unknown,1.2662803343949043,1.2662803343949043,1.0,0.0,MINIMAL,optimal,0,,,fadh2_c --> fadh2_r
FADtru,"FAD transporter, endoplasmic reticulum",Unknown,1.2662803343949043,1.2662803343949043,1.0,0.0,MINIMAL,optimal,0,,,fad_r --> fad_c
FALDH,formaldehyde dehydrogenase,Unknown,1.2662803343949043,1.2662803343949043,1.0,0.0,MINIMAL,optimal,1,128_AT1,ADH5,FORMALDEHYDE_c + gthrd_c + nad_c <=> Sfglutth_c + h_c + nadh_c
FACOAL170,fatty-acid--CoA ligase,Unknown,1.2662803343949043,1.2662803343949043,1.0,0.0,MINIMAL,optimal,6,22305_AT1;2181_AT2;2181_AT1;22305_AT2;2182_AT1;2180_AT1,22305_AT1;ACSL3;ACSL3;22305_AT2;ACSL4;ACSL1,atp_c + coa_c + hpdca_c <=> amp_c + hpdcacoa_c + ppi_c
FACOAL180i,C180 fatty acid activation,Unknown,1.2662803343949043,1.2662803343949043,1.0,0.0,MINIMAL,optimal,6,51703_AT1;22305_AT1;2181_AT2;2181_AT1;22305_AT2;2180_AT1,ACSL5;22305_AT1;ACSL3;ACSL3;22305_AT2;ACSL1,atp_c + coa_c + ocdca_c --> STEAROYL_45_COA_c + amp_c + ppi_c
RDH3a,"retinol dehydrogenase (11-cis,NADPH)",Unknown,1.2662803343949043,1.2662803343949043,1.0,0.0,MINIMAL,optimal,5,51109_AT1;145226_AT1;195814_AT1;112724_AT1;57665_AT1,RDH11;RDH12;SDR16C5;RDH13;RDH14,nadp_c + retinol_DASH_DASH_DASH_cis_DASH_DASH_DASH_11_c <=> NADPH_c + h_c + retinal_DASH_DASH_DASH_11_DASH_DASH_DASH_cis_c
RETI1,retinol isomerase (11-cis),Unknown,1.2662803343949043,1.2662803343949043,1.0,0.0,MINIMAL,optimal,0,,,CPD_45_13524_c <=> retinol_DASH_DASH_DASH_cis_DASH_DASH_DASH_11_c
RETI2,retinol isomerase (9-cis),Unknown,1.2662803343949043,1.2662803343949043,1.0,0.0,MINIMAL,optimal,0,,,CPD_45_13524_c <=> retinol_DASH_DASH_DASH_9_DASH_DASH_DASH_cis_c
RETNGLCt,retinoyl glucuronide efflux,Unknown,1.2662803343949043,1.2662803343949043,1.0,0.0,MINIMAL,optimal,0,,,retnglc_c --> retnglc_e
RETNGLCt2,retinoyl glucuronide efflux (13-cis),Unknown,1.2662803343949043,1.2662803343949043,1.0,0.0,MINIMAL,optimal,0,,,13_DASH_DASH_DASH_cis_DASH_DASH_DASH_retnglc_c --> 13_DASH_DASH_DASH_cis_DASH_DASH_DASH_retnglc_e
RETNGLCt2r,retinoyl glucuronide efflux (13-cis) from ER,Unknown,1.2662803343949043,1.2662803343949043,1.0,0.0,MINIMAL,optimal,0,,,13_DASH_DASH_DASH_cis_DASH_DASH_DASH_retnglc_r --> 13_DASH_DASH_DASH_cis_DASH_DASH_DASH_retnglc_c
RETNGLCtr,retinoyl glucuronide efflux from ER,Unknown,1.2662803343949043,1.2662803343949043,1.0,0.0,MINIMAL,optimal,0,,,retnglc_r --> retnglc_c
RETNt,retinoic acid transport,Unknown,1.2662803343949043,1.2662803343949043,1.0,0.0,MINIMAL,optimal,0,,,retn_c <=> retn_e
RETNtr,retinoic acid transport in ER,Unknown,1.2662803343949043,1.2662803343949043,1.0,0.0,MINIMAL,optimal,0,,,retn_c --> retn_r
RETNtr2,retinoic acid transport in ER (13-cis),Unknown,1.2662803343949043,1.2662803343949043,1.0,0.0,MINIMAL,optimal,0,,,13_DASH_DASH_DASH_cis_DASH_DASH_DASH_retn_c --> 13_DASH_DASH_DASH_cis_DASH_DASH_DASH_retn_r
RIBt2,ribose transport in via proton symporter,Unknown,1.2662803343949043,1.2662803343949043,1.0,0.0,MINIMAL,optimal,0,,,h_e + rib_DASH_DASH_DASH_D_e --> D_45_Ribofuranose_c + h_c
RNDR2,ribonucleoside-diphosphate reductase (GDP),Unknown,1.2662803343949043,1.2662803343949043,1.0,0.0,MINIMAL,optimal,2,6241_AT1;6240_AT1,RRM2;RRM1,Red_45_Thioredoxin_c + gdp_c --> Ox_45_Thioredoxin_c + WATER_c + dgdp_c
RNDR3,ribonucleoside-diphosphate reductase (CDP),Unknown,1.2662803343949043,1.2662803343949043,1.0,0.0,MINIMAL,optimal,2,6241_AT1;6240_AT1,RRM2;RRM1,Red_45_Thioredoxin_c + cdp_c --> Ox_45_Thioredoxin_c + WATER_c + dcdp_c
RNDR4,ribonucleoside-diphosphate reductase (UDP),Unknown,1.2662803343949043,1.2662803343949043,1.0,0.0,MINIMAL,optimal,2,6241_AT1;6240_AT1,RRM2;RRM1,Red_45_Thioredoxin_c + udp_c --> Ox_45_Thioredoxin_c + WATER_c + dudp_c
FACOAL205,fatty-acid--CoA ligase,Unknown,1.2662803343949043,1.2662803343949043,1.0,0.0,MINIMAL,optimal,1,2180_AT1,ACSL1,atp_c + coa_c + tmndnc_c <=> amp_c + ppi_c + tmndnccoa_c
FACOAL224,fatty-acid--CoA ligase,Unknown,1.2662803343949043,1.2662803343949043,1.0,0.0,MINIMAL,optimal,1,2180_AT1,ACSL1,adrn_c + atp_c + coa_c <=> adrncoa_c + amp_c + ppi_c
PUNP7,purine-nucleoside phosphorylase (Xanthosine),Unknown,1.2662803343949043,1.2662803343949043,1.0,0.0,MINIMAL,optimal,1,4860_AT1,PNP,XANTHOSINE_c + pi_c <=> XANTHINE_c + r1p_c
PVD3,Previtamin D3 formation,Unknown,1.2662803343949043,1.2662803343949043,1.0,0.0,MINIMAL,optimal,0,,,7dhchsterol_c <=> pd3_c
PYDAMK,pyridoxamine kinase,Unknown,1.2662803343949043,1.2662803343949043,1.0,0.0,MINIMAL,optimal,1,8566_AT1,PDXK,atp_c + pydam_c --> adp_c + h_c + pyam5p_c
PYDXK,pyridoxal kinase,Unknown,1.2662803343949043,1.2662803343949043,1.0,0.0,MINIMAL,optimal,1,8566_AT1,PDXK,PYRIDOXAL_c + atp_c --> adp_c + h_c + pydx5p_c
PYDXNK,pyridoxine kinase,Unknown,1.2662803343949043,1.2662803343949043,1.0,0.0,MINIMAL,optimal,1,8566_AT1,PDXK,atp_c + pydxn_c --> adp_c + h_c + pdx5p_c
PYDXPP,Pyridoxal 5-phosphate phosphatase,Unknown,1.2662803343949043,1.2662803343949043,1.0,0.0,MINIMAL,optimal,1,57026_AT1,PDXP,WATER_c + pydx5p_c --> PYRIDOXAL_c + pi_c
PYK,pyruvate kinase,Unknown,1.2662803343949043,1.2662803343949043,1.0,0.0,MINIMAL,optimal,6,113452_AT1;5315_AT3;5315_AT2;5313_AT1;5313_AT2;5315_AT1,TMEM54;PKM;PKM;PKLR;PKLR;PKM,adp_c + h_c + pep_c --> atp_c + pyr_c
PYRt2r,pyruvate reversible transport via proton symport,Unknown,1.2662803343949043,1.2662803343949043,1.0,0.0,MINIMAL,optimal,3,6566_AT1;9123_AT1;9194_AT1,SLC16A1;SLC16A3;SLC16A7,h_e + pyr_e <=> h_c + pyr_c
RAI1,retinal isomerase (11-cis),Unknown,1.2662803343949043,1.2662803343949043,1.0,0.0,MINIMAL,optimal,0,,,RETINAL_c <=> retinal_DASH_DASH_DASH_11_DASH_DASH_DASH_cis_c
RAI2,retinal isomerase (9-cis),Unknown,1.2662803343949043,1.2662803343949043,1.0,0.0,MINIMAL,optimal,0,,,RETINAL_c <=> retinal_DASH_DASH_DASH_cis_DASH_DASH_DASH_9_c
RAI3,13-cis-retinoic acid isomerase,Unknown,1.2662803343949043,1.2662803343949043,1.0,0.0,MINIMAL,optimal,2,2944_AT2;2944_AT1,GSTM1;GSTM1,retn_c <=> 13_DASH_DASH_DASH_cis_DASH_DASH_DASH_retn_c
RBFK,riboflavin kinase,Unknown,1.2662803343949043,1.2662803343949043,1.0,0.0,MINIMAL,optimal,1,55312_AT1,RFK,atp_c + ribflv_c --> adp_c + fmn_c + h_c
RBK,ribokinase,Unknown,1.2662803343949043,1.2662803343949043,1.0,0.0,MINIMAL,optimal,1,64080_AT1,RBKS,D_45_Ribofuranose_c + atp_c --> adp_c + h_c + r5p_c
FAOXC18480m,Beta oxidation of fatty acid,Unknown,1.2662803343949043,1.2662803343949043,1.0,0.0,MINIMAL,optimal,2,34_AT1;35_AT1,ACADM;ACADS,5.0 WATER_m + 5.0 coa_m + fad_m + 5.0 nad_m + strdnccoa_m --> 5.0 accoa_m + fadh2_m + 5.0 h_m + 5.0 nadh_m + occoa_m
RDH1a,"retinol dehydrogenase (all-trans,NADPH)",Unknown,1.2662803343949043,1.2662803343949043,1.0,0.0,MINIMAL,optimal,7,50700_AT1;51109_AT1;145226_AT1;195814_AT1;57665_AT1;112724_AT1;157506_AT1,RDH8;RDH11;RDH12;SDR16C5;RDH14;RDH13;RDH10,CPD_45_13524_c + nadp_c <=> NADPH_c + RETINAL_c + h_c
RDH2a,"retinol dehydrogenase (9-cis,NADPH)",Unknown,1.2662803343949043,1.2662803343949043,1.0,0.0,MINIMAL,optimal,6,51109_AT1;145226_AT1;195814_AT1;112724_AT1;57665_AT1;50700_AT1,RDH11;RDH12;SDR16C5;RDH13;RDH14;RDH8,nadp_c + retinol_DASH_DASH_DASH_9_DASH_DASH_DASH_cis_c <=> NADPH_c + h_c + retinal_DASH_DASH_DASH_cis_DASH_DASH_DASH_9_c
PSERT,phosphoserine transaminase,Unknown,1.2662803343949043,1.2662803343949043,1.0,0.0,MINIMAL,optimal,2,29968_AT2;29968_AT1,PSAT1;PSAT1,3php_c + Glutamates_c --> akg_c + pser_DASH_DASH_DASH_L_c
PSFLIPm,phosphatidylserine flippase,Unknown,1.2662803343949043,1.2662803343949043,1.0,0.0,MINIMAL,optimal,2,57194_AT1;10396_AT1,ATP10A;ATP8A1,WATER_c + atp_c + ps_DASH_hs_c --> adp_c + h_c + pi_c + ps_DASH_hs_m
PSP_L,phosphoserine phosphatase (L-serine),Unknown,1.2662803343949043,1.2662803343949043,1.0,0.0,MINIMAL,optimal,2,5723_AT1;8781_AT1,PSPH;8781_AT1,WATER_c + pser_DASH_DASH_DASH_L_c --> SER_c + pi_c
URIt5,uridine transport in via sodium symport (1:2),Unknown,1.2662803343949043,1.2662803343949043,1.0,0.0,MINIMAL,optimal,1,64078_AT1,SLC28A3,2.0 NA_43__e + uri_e --> 2.0 NA_43__c + URIDINE_c
VACCCPT1,carnitine O-palmitoyltransferase,Unknown,1.2662803343949043,1.2662803343949043,1.0,0.0,MINIMAL,optimal,6,1374_AT1;1375_AT2;1375_AT1;1375_AT4;1375_AT3;126129_AT1,CPT1A;CPT1B;CPT1B;CPT1B;CPT1B;CPT1C,CARNITINE_c + vacccoa_c --> coa_c + vacccrn_c
PTDCACRNCPT1,carnitine fatty-acyl transferase,Unknown,1.2662803343949043,1.2662803343949043,1.0,0.0,MINIMAL,optimal,6,1374_AT1;1375_AT2;1375_AT1;1375_AT4;1375_AT3;126129_AT1,CPT1A;CPT1B;CPT1B;CPT1B;CPT1B;CPT1C,CARNITINE_c + ptdcacoa_c --> coa_c + ptdcacrn_c
PTDCACRNCPT2,pentadecanoate transport into the mitochondria,Unknown,1.2662803343949043,1.2662803343949043,1.0,0.0,MINIMAL,optimal,1,1376_AT1,CPT2,coa_m + ptdcacrn_m --> CARNITINE_m + ptdcacoa_m
PTDCACRNt,pentadecanoate transport into the mitochondria,Unknown,1.2662803343949043,1.2662803343949043,1.0,0.0,MINIMAL,optimal,1,788_AT1,SLC25A20,ptdcacrn_c --> ptdcacrn_m
PTDCAt,fatty acid transport via diffusion,Unknown,1.2662803343949043,1.2662803343949043,1.0,0.0,MINIMAL,optimal,0,,,ptdca_e <=> ptdca_c
PTE3x,peroxisomal acyl-CoA thioesterase,Unknown,1.2662803343949043,1.2662803343949043,1.0,0.0,MINIMAL,optimal,1,10965_AT1,ACOT2,WATER_x + pristcoa_x --> coa_x + h_x + prist_x
PTPAT,pantetheine-phosphate adenylyltransferase,Unknown,1.2662803343949043,1.2662803343949043,1.0,0.0,MINIMAL,optimal,1,80347_AT1,COASY,atp_c + h_c + pan4p_c <=> dpcoa_c + ppi_c
PUNP1,purine-nucleoside phosphorylase (Adenosine),Unknown,1.2662803343949043,1.2662803343949043,1.0,0.0,MINIMAL,optimal,1,4860_AT1,PNP,ADENOSINE_c + pi_c <=> ADENINE_c + r1p_c
FATP3t,fatty acid electroneutral transport,Unknown,1.2662803343949043,1.2662803343949043,1.0,0.0,MINIMAL,optimal,2,376497_AT1;376497_AT2,SLC27A1;SLC27A1,NA_43__c + ocdca_c <=> NA_43__e + ocdca_e
PUNP3,purine-nucleoside phosphorylase (Guanosine),Unknown,1.2662803343949043,1.2662803343949043,1.0,0.0,MINIMAL,optimal,1,4860_AT1,PNP,GUANOSINE_c + pi_c <=> GUANINE_c + r1p_c
PUNP4,purine-nucleoside phosphorylase (Deoxyguanosine),Unknown,1.2662803343949043,1.2662803343949043,1.0,0.0,MINIMAL,optimal,1,4860_AT1,PNP,DEOXYGUANOSINE_c + pi_c <=> 2dr1p_c + GUANINE_c
PUNP5,purine-nucleoside phosphorylase (Inosine),Unknown,1.2662803343949043,1.2662803343949043,1.0,0.0,MINIMAL,optimal,1,4860_AT1,PNP,INOSINE_c + pi_c <=> HYPOXANTHINE_c + r1p_c
PPDOy,"Propane-1,2-diol:NADP+ 1-oxidoreductase",Unknown,1.2662803343949043,1.2662803343949043,1.0,0.0,MINIMAL,optimal,4,231_AT1;8574_AT1;10327_AT1;10327_AT2,AKR1B1;AKR7A2;AKR1A1;AKR1A1,NADPH_c + h_c + lald_DASH_DASH_DASH_D_c --> 12ppd_DASH_DASH_DASH_R_c + nadp_c
PPItx,"Diphosphate transporter, peroxisome",Unknown,1.2662803343949043,1.2662803343949043,1.0,0.0,MINIMAL,optimal,0,,,ppi_c <=> ppi_x
PPM,phosphopentomutase,Unknown,1.2662803343949043,1.2662803343949043,1.0,0.0,MINIMAL,optimal,1,5236_AT1,PGM1,r1p_c <=> r5p_c
PPNCL3,phosphopantothenate-cysteine ligase,Unknown,1.2662803343949043,1.2662803343949043,1.0,0.0,MINIMAL,optimal,1,79717_AT1,PPCS,4ppan_c + CYS_c + atp_c --> 4ppcys_c + amp_c + h_c + ppi_c
PRAGSr,phosphoribosylglycinamide synthase,Unknown,1.2662803343949043,1.2662803343949043,1.0,0.0,MINIMAL,optimal,2,2618_AT2;2618_AT1,GART;GART,GLY_c + atp_c + pram_c <=> 5_45_PHOSPHO_45_RIBOSYL_45_GLYCINEAMIDE_c + adp_c + h_c + pi_c
PRAIS,phosphoribosylaminoimidazole synthase,Unknown,1.2662803343949043,1.2662803343949043,1.0,0.0,MINIMAL,optimal,2,2618_AT2;2618_AT1,GART;GART,atp_c + fpram_c --> adp_c + air_c + 2.0 h_c + pi_c
PRASCS,phosphoribosylaminoimidazolesuccinocarboxamide synthase,Unknown,1.2662803343949043,1.2662803343949043,1.0,0.0,MINIMAL,optimal,1,10606_AT1,PAICS,5aizc_c + asp_DASH_DASH_DASH_L_c + atp_c <=> 25aics_c + adp_c + h_c + pi_c
PRFGS,phosphoribosylformylglycinamidine synthase,Unknown,1.2662803343949043,1.2662803343949043,1.0,0.0,MINIMAL,optimal,1,5198_AT1,PFAS,5_45_P_45_RIBOSYL_45_N_45_FORMYLGLYCINEAMIDE_c + GLN_c + WATER_c + atp_c --> Glutamates_c + adp_c + fpram_c + h_c + pi_c
PRISTCOAtx,pristcoa peroxisomal transport,Unknown,1.2662803343949043,1.2662803343949043,1.0,0.0,MINIMAL,optimal,0,,,pristcoa_x <=> pristcoa_c
PRISTtx,prist peroxisomal transport,Unknown,1.2662803343949043,1.2662803343949043,1.0,0.0,MINIMAL,optimal,0,,,prist_x <=> prist_c
PRO1x,"proline oxidase (L-proline, NAD)",Unknown,1.2662803343949043,1.2662803343949043,1.0,0.0,MINIMAL,optimal,1,58510_AT1,PRODH2,PRO_c + nad_c --> L_45_DELTA1_45_PYRROLINE_5_45_CARBOXYLATE_c + 2.0 h_c + nadh_c
PROD2m,Proline dehydrogenase (m),Unknown,1.2662803343949043,1.2662803343949043,1.0,0.0,MINIMAL,optimal,1,5625_AT1,PRODH,fad_m + pro_DASH_DASH_DASH_L_m --> 1pyr5c_m + fadh2_m + h_m
PROSTGE2t,prostaglandin transport via bicarbonate countertransport,Unknown,1.2662803343949043,1.2662803343949043,1.0,0.0,MINIMAL,optimal,4,28232_AT1;28231_AT1;6579_AT1;6578_AT1,SLCO3A1;SLCO4A1;SLCO1A2;SLCO2A1,H2CO3_c + prostge2_e <=> hco3_e + prostge2_c
PROSTGF2t,prostaglandin uniport,Unknown,1.2662803343949043,1.2662803343949043,1.0,0.0,MINIMAL,optimal,3,6582_AT2;6580_AT1;6582_AT1,SLC22A2;SLC22A1;SLC22A2,prostgf2_e <=> prostgf2_c
PROtm,"L-proline transport, mitochondrial",Unknown,1.2662803343949043,1.2662803343949043,1.0,0.0,MINIMAL,optimal,0,,,PRO_c <=> pro_DASH_DASH_DASH_L_m
RXN66_45_490,RXN66-490,Unknown,1.2662803343949043,1.2662803343949043,1.0,0.0,MINIMAL,optimal,1,HS08621,ALOX15,5Z8Z11Z13E_45_15S_45_15_45_HYDROPEROXYICOS_c + Donor_45_H2_c <=> Acceptor_c + CPD66_45_55_c + WATER_c
PPA,inorganic diphosphatase,Unknown,1.2662803343949043,1.2662803343949043,1.0,0.0,MINIMAL,optimal,1,5464_AT1,PPA1,WATER_c + ppi_c --> h_c + 2.0 pi_c
PPAP,phosphatidic acid phosphatase,Unknown,1.2662803343949043,1.2662803343949043,1.0,0.0,MINIMAL,optimal,4,8611_AT2;8612_AT1;8613_AT1;8611_AT1,PLPP1;PLPP2;PLPP3;PLPP1,WATER_c + pa_DASH_hs_c --> DIACYLGLYCEROL_c + pi_c
PPAer,"inorganic diphosphatase, endoplasmic reticulum",Unknown,1.2662803343949043,1.2662803343949043,1.0,0.0,MINIMAL,optimal,3,2538_AT1;57818_AT1;92579_AT1,G6PC;G6PC2;G6PC3,h2o_r + ppi_r --> h_r + 2.0 pi_r
PPAm,inorganic diphosphatase,Unknown,1.2662803343949043,1.2662803343949043,1.0,0.0,MINIMAL,optimal,4,27068_AT2;27068_AT1;27068_AT4;27068_AT3,PPA2;PPA2;PPA2;PPA2,WATER_m + ppi_m --> h_m + 2.0 pi_m
PPAn,"inorganic diphosphatase, nuclear",Unknown,1.2662803343949043,1.2662803343949043,1.0,0.0,MINIMAL,optimal,0,,,h2o_n + ppi_n --> h_n + 2.0 pi_n
GALASE1ly,"beta-galactosidase, lysosomal",Unknown,1.2662803343949043,1.2662803343949043,1.0,0.0,MINIMAL,optimal,4,2720_AT1;5476_AT1;4758_AT1;2588_AT1,GLB1;CTSA;NEU1;GALNS,2.0 h2o_l + l2n2m2mn_l --> 2.0 gal_l + n2m2mn_l
GALK,galactokinase,Unknown,1.2662803343949043,1.2662803343949043,1.0,0.0,MINIMAL,optimal,3,2585_AT1;2584_AT1;2585_AT2,GALK2;GALK1;GALK2,ALPHA_45_D_45_GALACTOSE_c + atp_c --> adp_c + gal1p_c + h_c
GALT,galactose-1-phosphate uridylyltransferase,Unknown,1.2662803343949043,1.2662803343949043,1.0,0.0,MINIMAL,optimal,3,2592_AT2;2592_AT1;2592_AT3,GALT;GALT;GALT,gal1p_c + h_c + utp_c <=> ppi_c + udpgal_c
GALU,UTP-glucose-1-phosphate uridylyltransferase,Unknown,1.2662803343949043,1.2662803343949043,1.0,0.0,MINIMAL,optimal,3,7359_AT1;7360_AT1;7360_AT2,7359_AT1;UGP2;UGP2,GLC_45_1_45_P_c + h_c + utp_c <=> CPD_45_12575_c + ppi_c
GALt1r,galactose transport (uniport),Unknown,1.2662803343949043,1.2662803343949043,1.0,0.0,MINIMAL,optimal,5,6513_AT1;29988_AT1;6514_AT1;6515_AT1;81031_AT1,SLC2A1;SLC2A8;SLC2A2;SLC2A3;SLC2A10,gal_e <=> ALPHA_45_D_45_GALACTOSE_c
GALtly,galactose efflux from lysosome,Unknown,1.2662803343949043,1.2662803343949043,1.0,0.0,MINIMAL,optimal,0,,,gal_l --> ALPHA_45_D_45_GALACTOSE_c
GAMt1r,glucosamine transport (uniport),Unknown,1.2662803343949043,1.2662803343949043,1.0,0.0,MINIMAL,optimal,3,6517_AT1;6513_AT1;6514_AT1,SLC2A4;SLC2A1;SLC2A2,gam_e <=> gam_c
GAPD,glyceraldehyde-3-phosphate dehydrogenase,Unknown,1.2662803343949043,1.2662803343949043,1.0,0.0,MINIMAL,optimal,2,2597_AT1;26330_AT1,GAPDH;GAPDHS,g3p_c + nad_c + pi_c <=> 13dpg_c + h_c + nadh_c
PPCDC,phosphopantothenoylcysteine decarboxylase,Unknown,1.2662803343949043,1.2662803343949043,1.0,0.0,MINIMAL,optimal,1,60490_AT1,PPCDC,4ppcys_c + h_c --> CARBON_45_DIOXIDE_c + pan4p_c
PPCOACm,"Propionyl-CoA carboxylase, mitochondrial",Unknown,1.2662803343949043,1.2662803343949043,1.0,0.0,MINIMAL,optimal,2,5095_AT1;5096_AT1,PCCA;PCCB,atp_m + hco3_m + ppcoa_m --> adp_m + h_m + mmcoa_DASH_DASH_DASH_S_m + pi_m
PPDOx,"Propane-1,2-diol:NAD+ 1-oxidoreductase",Unknown,1.2662803343949043,1.2662803343949043,1.0,0.0,MINIMAL,optimal,1,8574_AT1,AKR7A2,h_c + lald_DASH_DASH_DASH_D_c + nadh_c --> 12ppd_DASH_DASH_DASH_R_c + nad_c
GF6PTA,glutamine-fructose-6-phosphate transaminase,Unknown,1.2662803343949043,1.2662803343949043,1.0,0.0,MINIMAL,optimal,2,2673_AT1;9945_AT1,GFPT1;GFPT2,GLN_c + f6p_c --> Glutamates_c + gam6p_c
GGH_5DHFe,"Gamma-glutamyl hydrolase (5DHF), extracellular",Unknown,1.2662803343949043,1.2662803343949043,1.0,0.0,MINIMAL,optimal,1,8836_AT1,GGH,5dhf_e + 4.0 WATER_e --> dhf_e + 4.0 glu_DASH_DASH_DASH_L_e
GGH_6DHFe,"Gamma-glutamyl hydrolase (6DHF), extracellular",Unknown,1.2662803343949043,1.2662803343949043,1.0,0.0,MINIMAL,optimal,1,8836_AT1,GGH,6dhf_e + WATER_e --> 5dhf_e + glu_DASH_DASH_DASH_L_e
GGH_7DHFe,"Gamma-glutamyl hydrolase (7DHF), extracellular",Unknown,1.2662803343949043,1.2662803343949043,1.0,0.0,MINIMAL,optimal,1,8836_AT1,GGH,7dhf_e + WATER_e --> 6dhf_e + glu_DASH_DASH_DASH_L_e
GGLUCT,gamma-glutamylcyclotransferase,Unknown,1.2662803343949043,1.2662803343949043,1.0,0.0,MINIMAL,optimal,1,2655_AT1,2655_AT1,gluala_e --> 5oxpro_c + L_45_ALPHA_45_ALANINE_c
GGNG,glycogenin self-glucosylation,Unknown,1.2662803343949043,1.2662803343949043,1.0,0.0,MINIMAL,optimal,4,2997_AT1;2998_AT1;8908_AT1;2992_AT1,GYS1;GYS2;GYG2;GYG1,8.0 CPD_45_12575_c + Tyr_DASH_DASH_DASH_ggn_c --> ggn_c + 8.0 h_c + 8.0 udp_c
GHMT2r,"glycine hydroxymethyltransferase, reversible",Unknown,1.2662803343949043,1.2662803343949043,1.0,0.0,MINIMAL,optimal,2,6470_AT2;6470_AT1,SHMT1;SHMT1,SER_c + thf_c <=> GLY_c + WATER_c + mlthf_c
RXN_45_5469,RXN-5469,Unknown,1.2662803343949043,1.2662803343949043,1.0,0.0,MINIMAL,optimal,1,HS12291,ALG9,CPD_45_171_c + CPD_45_5167_c <=> CPD_45_5168_c + DOLICHOLP_c + h_c
PIter,"phosphate transport, endoplasmic reticulum",Unknown,1.2662803343949043,1.2662803343949043,1.0,0.0,MINIMAL,optimal,1,2544_AT1,2544_AT1,pi_r <=> pi_c
PItn,"phosphate transport, nuclear",Unknown,1.2662803343949043,1.2662803343949043,1.0,0.0,MINIMAL,optimal,0,,,pi_n <=> pi_c
PItx,"Phosphate transporter, peroxisome",Unknown,1.2662803343949043,1.2662803343949043,1.0,0.0,MINIMAL,optimal,0,,,pi_c <=> pi_x
PLA2_2e,phospholipase A2,Unknown,1.2662803343949043,1.2662803343949043,1.0,0.0,MINIMAL,optimal,8,8399_AT1;64600_AT1;5320_AT1;30814_AT1;81579_AT1;5322_AT1;26279_AT1;5319_AT1,PLA2G10;PLA2G2F;PLA2G2A;PLA2G2E;PLA2G12A;PLA2G5;PLA2G2D;PLA2G1B,WATER_e + pchol_DASH_hs_e --> Rtotal2_e + h_e + lpchol_DASH_hs_e
PMEVKx,phosphomevalonate kinase,Unknown,1.2662803343949043,1.2662803343949043,1.0,0.0,MINIMAL,optimal,1,10654_AT1,PMVK,5pmev_x + atp_x --> 5dpmev_x + adp_x
PNP,purine-nucleoside phosphorylase,Unknown,1.2662803343949043,1.2662803343949043,1.0,0.0,MINIMAL,optimal,1,4860_AT1,PNP,pi_c + rnam_c <=> NIACINAMIDE_c + h_c + r1p_c
PNTK,pantothenate kinase,Unknown,1.2662803343949043,1.2662803343949043,1.0,0.0,MINIMAL,optimal,9,80025_AT1;80025_AT4;80025_AT3;53354_AT3;80025_AT2;79646_AT1;53354_AT1;55229_AT1;53354_AT2,PANK2;PANK2;PANK2;PANK1;PANK2;PANK3;PANK1;PANK4;PANK1,atp_c + pnto_DASH_DASH_DASH_R_c --> 4ppan_c + adp_c + h_c
PNTOt5,Pantothenate sodium symporter  II,Unknown,1.2662803343949043,1.2662803343949043,1.0,0.0,MINIMAL,optimal,1,8884_AT1,SLC5A6,2.0 NA_43__e + WATER_c + atp_c + pnto_DASH_DASH_DASH_R_e --> 2.0 NA_43__c + adp_c + h_c + pi_c + pnto_DASH_DASH_DASH_R_c
OCTAt,Octanoate transport via diffusion,Unknown,1.2662803343949043,1.2662803343949043,1.0,0.0,MINIMAL,optimal,0,,,octa_e <=> octa_c
ODECOAtx,fatty acid intracellular transport,Unknown,1.2662803343949043,1.2662803343949043,1.0,0.0,MINIMAL,optimal,0,,,odecoa_c <=> odecoa_x
OIVD1m,"2-oxoisovalerate dehydrogenase (acylating; 4-methyl-2-oxopentaoate), mitochondrial",Unknown,1.2662803343949043,1.2662803343949043,1.0,0.0,MINIMAL,optimal,5,1629_AT1;593_AT1;1738_AT1;594_AT2;594_AT1,DBT;BCKDHA;DLD;BCKDHB;BCKDHB,4mop_m + coa_m + nad_m --> CARBON_45_DIOXIDE_m + ivcoa_m + nadh_m
2_46_7_46_7_46_13_45_RXN,2.7.7.13-RXN,Unknown,1.2662803343949043,1.2662803343949043,1.0,0.0,MINIMAL,optimal,2,HS10686;HS07182,GMPPB;GMPPA,MANNOSE_45_1P_c + gtp_c + h_c <=> GDP_45_MANNOSE_c + ppi_c
RXN_45_16998,RXN-16998,Unknown,1.2662803343949043,1.2662803343949043,1.0,0.0,MINIMAL,optimal,1,HS07974,PGM5,ALPHA_45_GLUCOSE_45_16_45_BISPHOSPHATE_c + Phosphoglucomutase_c <=> D_45_glucopyranose_45_6_45_phosphate_c + Phosphorylated_45_phosphoglucomutase_c
PE_HStm,phosphatidylethanolamine scramblase,Unknown,1.2662803343949043,1.2662803343949043,1.0,0.0,MINIMAL,optimal,0,,,pe_DASH_hs_c <=> pe_DASH_hs_m
PGI,glucose-6-phosphate isomerase,Unknown,1.2662803343949043,1.2662803343949043,1.0,0.0,MINIMAL,optimal,1,2821_AT1,GPI,D_45_glucopyranose_45_6_45_phosphate_c <=> f6p_c
PGK,phosphoglycerate kinase,Unknown,1.2662803343949043,1.2662803343949043,1.0,0.0,MINIMAL,optimal,3,5230_AT1;348477_AT1;5232_AT1,PGK1;348477_AT1;PGK2,3pg_c + atp_c <=> 13dpg_c + adp_c
PGL,6-phosphogluconolactonase,Unknown,1.2662803343949043,1.2662803343949043,1.0,0.0,MINIMAL,optimal,1,25796_AT1,PGLS,6pgl_c + WATER_c --> 6pgc_c + h_c
PGM,phosphoglycerate mutase,Unknown,1.2662803343949043,1.2662803343949043,1.0,0.0,MINIMAL,optimal,5,5224_AT1;669_AT1;5223_AT1;669_AT2;5224_AT2,PGAM2;BPGM;PGAM1;BPGM;PGAM2,2pg_c <=> 3pg_c
PHACCOAGLNAC,Phenylacetyl-CoA:L-glutamine alpha-N-phenylacetyltransferase,Unknown,1.2662803343949043,1.2662803343949043,1.0,0.0,MINIMAL,optimal,0,,,GLN_c + phaccoa_c --> coa_c + pheacgln_c
PHEACGLNt,PHEACGLN extracellular transport via diffusion,Unknown,1.2662803343949043,1.2662803343949043,1.0,0.0,MINIMAL,optimal,0,,,pheacgln_c <=> pheacgln_e
PHETHPTOX2,"L-Phenylalanine,tetrahydrobiopterin:oxygen oxidoreductase (4-hydroxylating)",Unknown,1.2662803343949043,1.2662803343949043,1.0,0.0,MINIMAL,optimal,1,5053_AT1,PAH,CPD_45_14053_c + OXYGEN_45_MOLECULE_c + PHE_c --> TYR_c + thbpt4acam_c
ALPHA_45_L_45_FUCOSIDASE_45_RXN,ALPHA-L-FUCOSIDASE-RXN,Unknown,1.2662803343949043,1.2662803343949043,1.0,0.0,MINIMAL,optimal,2,HS00070;HS11358,FUCA2;FUCA1,AN_45_ALPHA_45_L_45_FUCOSIDE_c + WATER_c <=> Alcohols_c + L_45_Fucopyranoses_c
GBA,Glucosylceramidase,Unknown,1.2662803343949043,1.2662803343949043,1.0,0.0,MINIMAL,optimal,5,2629_AT2;2629_AT3;2629_AT4;2629_AT5;2629_AT1,GBA;GBA;GBA;GBA;GBA,WATER_c + gluside_DASH_hs_c --> Glucopyranose_c + crm_DASH_hs_c
GCALDD,Glycolaldehyde dehydrogenase,Unknown,1.2662803343949043,1.2662803343949043,1.0,0.0,MINIMAL,optimal,11,218_AT1;8854_AT3;8854_AT1;224_AT1;501_AT1;223_AT1;221_AT1;222_AT1;216_AT1;220_AT1,ALDH3A1;ALDH1A2;ALDH1A2;ALDH3A2;ALDH7A1;ALDH9A1;ALDH3B1;ALDH3B2;ALDH1A1;ALDH1A3,WATER_c + gcald_c + nad_c --> glyclt_c + 2.0 h_c + nadh_c
GLUt6,"Glutamate transport via Na, H symport and K antiport",Unknown,1.2662803343949043,1.2662803343949043,1.0,0.0,MINIMAL,optimal,5,6507_AT1;6511_AT1;6512_AT1;6506_AT1;6505_AT1,SLC1A3;SLC1A6;SLC1A7;SLC1A2;SLC1A1,K_43__c + 3.0 NA_43__e + glu_DASH_DASH_DASH_L_e + h_e --> Glutamates_c + K_43__e + 3.0 NA_43__c + h_c
GLXO1,glyoxylate oxidase,Unknown,1.2662803343949043,1.2662803343949043,1.0,0.0,MINIMAL,optimal,9,3939_AT1;92483_AT1;3945_AT1;197257_AT2;55293_AT1;3948_AT1;3948_AT2;197257_AT1;160287_AT1,LDHA;LDHAL6B;LDHB;LDHD;UEVLD;LDHC;LDHC;LDHD;LDHAL6A,WATER_c + glx_c + nad_c --> 2.0 h_c + nadh_c + oxa_c
GLXtp,"glyoxylate transport, peroxisomal",Unknown,1.2662803343949043,1.2662803343949043,1.0,0.0,MINIMAL,optimal,0,,,glx_c <=> glx_x
GLYAMDTRc,glycine amidinotransferase (c),Unknown,1.2662803343949043,1.2662803343949043,1.0,0.0,MINIMAL,optimal,1,2628_AT1,GATM,GLY_c + arg_DASH_DASH_DASH_L_c <=> L_45_ORNITHINE_c + gudac_c
GLYCLTDy,Glycolate dehydrogenase (NADP),Unknown,1.2662803343949043,1.2662803343949043,1.0,0.0,MINIMAL,optimal,1,9380_AT1,GRHPR,NADPH_c + glx_c + h_c --> glyclt_c + nadp_c
GLYCLTtp,glycolate transport into peroxisome,Unknown,1.2662803343949043,1.2662803343949043,1.0,0.0,MINIMAL,optimal,0,,,glyclt_c --> glyclt_x
GLYCTO1p,"Glycolate oxidase, peroxisome",Unknown,1.2662803343949043,1.2662803343949043,1.0,0.0,MINIMAL,optimal,3,51179_AT1;51179_AT2;54363_AT1,HAO2;HAO2;HAO1,OXYGEN_45_MOLECULE_x + glyclt_x --> HYDROGEN_45_PEROXIDE_x + glx_x
GLYK,glycerol kinase,Unknown,1.2662803343949043,1.2662803343949043,1.0,0.0,MINIMAL,optimal,4,2710_AT1;2712_AT1;2710_AT2;2713_AT1,GK;GK2;GK;2713_AT1,GLYCEROL_c + atp_c --> adp_c + glyc3p_c + h_c
NTD6,5'-nucleotidase (dAMP),Unknown,1.2662803343949043,1.2662803343949043,1.0,0.0,MINIMAL,optimal,1,22978_AT1,NT5C2,WATER_c + damp_c --> DEOXYADENOSINE_c + pi_c
NTD7,5'-nucleotidase (AMP),Unknown,1.2662803343949043,1.2662803343949043,1.0,0.0,MINIMAL,optimal,3,93034_AT2;93034_AT1;22978_AT1,NT5C1B;NT5C1B;NT5C2,WATER_c + amp_c --> ADENOSINE_c + pi_c
NTD7e,"5'-nucleotidase (AMP), extracellular",Unknown,1.2662803343949043,1.2662803343949043,1.0,0.0,MINIMAL,optimal,1,4907_AT1,NT5E,WATER_e + amp_e --> ADENOSINE_e + pi_e
NTD8,5'-nucleotidase (dGMP),Unknown,1.2662803343949043,1.2662803343949043,1.0,0.0,MINIMAL,optimal,2,30833_AT1;22978_AT1,NT5C;NT5C2,WATER_c + dgmp_c --> DEOXYGUANOSINE_c + pi_c
NTD9,5'-nucleotidase (GMP),Unknown,1.2662803343949043,1.2662803343949043,1.0,0.0,MINIMAL,optimal,1,22978_AT1,NT5C2,WATER_c + gmp_c --> GUANOSINE_c + pi_c
NTD9e,"5'-nucleotidase (GMP), extracellular",Unknown,1.2662803343949043,1.2662803343949043,1.0,0.0,MINIMAL,optimal,1,4907_AT1,NT5E,WATER_e + gmp_e --> gsn_e + pi_e
NTP3e,nucleoside-triphosphatase (GTP),Unknown,1.2662803343949043,1.2662803343949043,1.0,0.0,MINIMAL,optimal,1,124583_AT1,CANT1,WATER_e + gtp_e --> gdp_e + h_e + pi_e
NaKt,Na+/K+ exchanging ATPase,Unknown,1.2662803343949043,1.2662803343949043,1.0,0.0,MINIMAL,optimal,8,482_AT1;476_AT1;483_AT1;23439_AT1;478_AT1;477_AT1;481_AT1;480_AT1,ATP1B2;ATP1A1;ATP1B3;ATP1B4;ATP1A3;ATP1A2;ATP1B1;ATP1A4,2.0 K_43__e + 3.0 NA_43__c + WATER_c + atp_c --> 2.0 K_43__c + 3.0 NA_43__e + adp_c + h_c + pi_c
LYStiDF,L-lysine transport via diffusion (extracellular to cytosol),Unknown,1.2662803343949043,1.2662803343949043,1.0,0.0,MINIMAL,optimal,4,6541_AT1;6542_AT1;55089_AT1;84889_AT1,SLC7A1;SLC7A2;SLC38A4;SLC7A3,lys_DASH_DASH_DASH_L_e --> lys_DASH_DASH_DASH_L_c
L_LACDcm,"L-Lactate dehydrogenase, cytosolic/mitochondrial",Unknown,1.2662803343949043,1.2662803343949043,1.0,0.0,MINIMAL,optimal,1,124637_AT1,CYB5D1,2.0 ficytC_m + lac_DASH_DASH_DASH_L_c --> 2.0 focytC_m + 2.0 h_c + pyr_c
L_LACt2r,L-lactate reversible transport via proton symport,Unknown,1.2662803343949043,1.2662803343949043,1.0,0.0,MINIMAL,optimal,4,23539_AT1;6566_AT1;9123_AT1;9194_AT1,SLC16A8;SLC16A1;SLC16A3;SLC16A7,h_e + lac_DASH_DASH_DASH_L_e <=> h_c + lac_DASH_DASH_DASH_L_c
L_LACt4r,L-lactate reversible transport via sodium symport,Unknown,1.2662803343949043,1.2662803343949043,1.0,0.0,MINIMAL,optimal,0,,,NA_43__e + lac_DASH_DASH_DASH_L_e <=> NA_43__c + lac_DASH_DASH_DASH_L_c
L_LACtcm,L-lactate transport via diffusion (cytosol to mitochondria),Unknown,1.2662803343949043,1.2662803343949043,1.0,0.0,MINIMAL,optimal,1,366_AT1,AQP9,lac_DASH_DASH_DASH_L_c --> lac_DASH_DASH_DASH_L_m
MACOXO,3-Methylimidazole acetaldehyde:NAD+ oxidoreductase,Unknown,1.2662803343949043,1.2662803343949043,1.0,0.0,MINIMAL,optimal,5,4129_AT1;218_AT1;222_AT1;220_AT1;221_AT1,MAOB;ALDH3A1;ALDH3B2;ALDH1A3;ALDH3B1,3mldz_c + WATER_c + nad_c --> 3mlda_c + 2.0 h_c + nadh_c
RXN0_45_5363,RXN0-5363,Unknown,1.2662803343949043,1.2662803343949043,1.0,0.0,MINIMAL,optimal,1,HS10092,GLB1,Alpha_45_lactose_c <=> ALLOLACTOSE_c
MAOX,Methylamine oxidase,Unknown,1.2662803343949043,1.2662803343949043,1.0,0.0,MINIMAL,optimal,4,26_AT1;314_AT1;8639_AT1;314_AT2,AOC1;AOC2;AOC3;AOC2,OXYGEN_45_MOLECULE_c + WATER_c + mma_c --> FORMALDEHYDE_c + HYDROGEN_45_PEROXIDE_c + nh4_c
MCLOR,3-Mercaptolactate:NAD+ oxidoreductase,Unknown,1.2662803343949043,1.2662803343949043,1.0,0.0,MINIMAL,optimal,7,55293_AT1;92483_AT1;3945_AT1;3948_AT1;3948_AT2;160287_AT1;3939_AT1,UEVLD;LDHAL6B;LDHB;LDHC;LDHC;LDHAL6A;LDHA,mercplac_c + nad_c <=> h_c + mercppyr_c + nadh_c
MDH,malate dehydrogenase,Unknown,1.2662803343949043,1.2662803343949043,1.0,0.0,MINIMAL,optimal,2,4190_AT1;130752_AT1,MDH1;MDH1B,mal_DASH_DASH_DASH_L_c + nad_c <=> h_c + nadh_c + oaa_c
GUAD,guanine deaminase,Unknown,1.2662803343949043,1.2662803343949043,1.0,0.0,MINIMAL,optimal,1,9615_AT1,GDA,GUANINE_c + WATER_c + h_c --> XANTHINE_c + nh4_c
GUAPRT,guanine phosphoribosyltransferase,Unknown,1.2662803343949043,1.2662803343949043,1.0,0.0,MINIMAL,optimal,1,3251_AT1,HPRT1,GUANINE_c + prpp_c --> gmp_c + ppi_c
CARNOSINE_45_SYNTHASE_45_RXN,CARNOSINE-SYNTHASE-RXN,Unknown,1.2662803343949043,1.2662803343949043,1.0,0.0,MINIMAL,optimal,1,G66_37895,CARNS1,B_45_ALANINE_c + HIS_c + atp_c <=> CARNOSINE_c + adp_c + h_c + pi_c
RXN_45_7883,RXN-7883,Unknown,1.2662803343949043,1.2662803343949043,1.0,0.0,MINIMAL,optimal,1,HS06050,BCMO1,CPD1F_45_129_c + 2.0 OXYGEN_45_MOLECULE_c <=> CPD_45_7202_c + 2.0 CPD_45_7204_c
MEVK1x,mevalonate kinase (atp),Unknown,1.2662803343949043,1.2662803343949043,1.0,0.0,MINIMAL,optimal,1,4598_AT1,MVK,atp_x + mev_DASH_DASH_DASH_R_x --> 5pmev_x + adp_x + h_x
MGSA2,methyglyoxylate synthase 2 (from g3p),Unknown,1.2662803343949043,1.2662803343949043,1.0,0.0,MINIMAL,optimal,0,,,g3p_c --> METHYL_45_GLYOXAL_c + pi_c
HEX7,hexokinase (D-fructose:ATP),Unknown,1.2662803343949043,1.2662803343949043,1.0,0.0,MINIMAL,optimal,11,3101_AT1;2645_AT3;3098_AT4;3099_AT1;3098_AT3;80201_AT1;3098_AT1;2645_AT1;3098_AT2;2645_AT2,HK3;GCK;HK1;HK2;HK1;HKDC1;HK1;GCK;HK1;GCK,CPD_45_15382_c + atp_c --> adp_c + f6p_c + h_c
HEXCCOAtx,fatty acid intracellular transport,Unknown,1.2662803343949043,1.2662803343949043,1.0,0.0,MINIMAL,optimal,0,,,hexccoa_c <=> hexccoa_x
HEXCt,fatty acid transport via diffusion,Unknown,1.2662803343949043,1.2662803343949043,1.0,0.0,MINIMAL,optimal,0,,,hexc_e <=> hexc_c
LNLNCACRNt,transport into the mitochondria (carnitine),Unknown,1.2662803343949043,1.2662803343949043,1.0,0.0,MINIMAL,optimal,1,788_AT1,SLC25A20,lnlncacrn_c --> lnlncacrn_m
LNLNCAt,fatty acid transport via diffusion,Unknown,1.2662803343949043,1.2662803343949043,1.0,0.0,MINIMAL,optimal,0,,,lnlnca_e <=> lnlnca_c
LNLNCGCPT1,carnitine O-palmitoyltransferase,Unknown,1.2662803343949043,1.2662803343949043,1.0,0.0,MINIMAL,optimal,6,1374_AT1;1375_AT2;1375_AT1;1375_AT4;1375_AT3;126129_AT1,CPT1A;CPT1B;CPT1B;CPT1B;CPT1B;CPT1C,CARNITINE_c + lnlncgcoa_c --> coa_c + lnlncgcrn_c
LNLNCGCPT2,carnitine transferase,Unknown,1.2662803343949043,1.2662803343949043,1.0,0.0,MINIMAL,optimal,1,1376_AT1,CPT2,coa_m + lnlncgcrn_m --> CARNITINE_m + lnlncgcoa_m
LNLNCGCRNt,transport into the mitochondria (carnitine),Unknown,1.2662803343949043,1.2662803343949043,1.0,0.0,MINIMAL,optimal,1,788_AT1,SLC25A20,lnlncgcrn_c --> lnlncgcrn_m
LNLNCGt,fatty acid transport via diffusion,Unknown,1.2662803343949043,1.2662803343949043,1.0,0.0,MINIMAL,optimal,0,,,lnlncg_e <=> lnlncg_c
LNS14DMr,cytochrome P450 lanosterol 14-alpha-demethylase,Unknown,1.2662803343949043,1.2662803343949043,1.0,0.0,MINIMAL,optimal,1,1595_AT1,CYP51A1,LANOSTEROL_r + 2.0 h_r + 3.0 nadph_r + 3.0 o2_r --> 44mctr_r + for_r + 4.0 h2o_r + 3.0 nadp_r
LPS,lipase,Unknown,1.2662803343949043,1.2662803343949043,1.0,0.0,MINIMAL,optimal,1,4023_AT1,LPL,WATER_c + tag_DASH_hs_c --> Carboxylates_c + DIACYLGLYCEROL_c + h_c
LPS2,lipase,Unknown,1.2662803343949043,1.2662803343949043,1.0,0.0,MINIMAL,optimal,1,4023_AT1,LPL,DIACYLGLYCEROL_c + WATER_c --> Carboxylates_c + h_c + mag_DASH_hs_c
LPS3,lipase,Unknown,1.2662803343949043,1.2662803343949043,1.0,0.0,MINIMAL,optimal,2,11343_AT1;11343_AT2,MGLL;MGLL,WATER_c + mag_DASH_hs_c --> GLYCEROL_c + Rtotal2_c + h_c
LSTO1r,Lathosterol oxidase,Unknown,1.2662803343949043,1.2662803343949043,1.0,0.0,MINIMAL,optimal,1,6309_AT1,SC5D,chlstol_r + h_r + nadph_r + o2_r --> ddsmsterol_r + 2.0 h2o_r + nadp_r
LSTO2r,Lathosterol oxidase,Unknown,1.2662803343949043,1.2662803343949043,1.0,0.0,MINIMAL,optimal,1,6309_AT1,SC5D,h_r + lthstrl_r + nadph_r + o2_r --> 7dhchsterol_r + 2.0 h2o_r + nadp_r
LYSt4,L-lysine transport in via sodium symport,Unknown,1.2662803343949043,1.2662803343949043,1.0,0.0,MINIMAL,optimal,2,11254_AT1;6584_AT1,SLC6A14;SLC22A5,NA_43__e + lys_DASH_DASH_DASH_L_e --> NA_43__c + lys_DASH_DASH_DASH_L_c
LNLNCACPT1,carnitine O-palmitoyltransferase,Unknown,1.2662803343949043,1.2662803343949043,1.0,0.0,MINIMAL,optimal,6,1374_AT1;1375_AT2;1375_AT1;1375_AT4;1375_AT3;126129_AT1,CPT1A;CPT1B;CPT1B;CPT1B;CPT1B;CPT1C,CARNITINE_c + lnlncacoa_c --> coa_c + lnlncacrn_c
LNLNCACPT2,carnitine transferase,Unknown,1.2662803343949043,1.2662803343949043,1.0,0.0,MINIMAL,optimal,1,1376_AT1,CPT2,coa_m + lnlncacrn_m --> CARNITINE_m + lnlncacoa_m
HIBDm,"3-hydroxyisobutyrate dehydrogenase, mitochondrial",Unknown,1.2662803343949043,1.2662803343949043,1.0,0.0,MINIMAL,optimal,1,11112_AT1,HIBADH,3hmp_m + nad_m <=> 2mop_m + h_m + nadh_m
HISTAtu,Histamine uniport,Unknown,1.2662803343949043,1.2662803343949043,1.0,0.0,MINIMAL,optimal,3,6582_AT2;6581_AT1;6582_AT1,SLC22A2;SLC22A3;SLC22A2,hista_e <=> hista_c
H2O2tn,hydrogen peroxide nuclear transport,Unknown,1.2662803343949043,1.2662803343949043,1.0,0.0,MINIMAL,optimal,0,,,HYDROGEN_45_PEROXIDE_c <=> h2o2_n
RXN_45_13374,RXN-13374,Unknown,1.2662803343949043,1.2662803343949043,1.0,0.0,MINIMAL,optimal,1,HS06050,BCMO1,CPD1F_45_129_c + OXYGEN_45_MOLECULE_c <=> 2.0 RETINAL_c
HACD9m,"3-hydroxyacyl-CoA dehydrogenase (2-Methylacetoacetyl-CoA), mitochondrial",Unknown,1.2662803343949043,1.2662803343949043,1.0,0.0,MINIMAL,optimal,1,3028_AT1,HSD17B10,3hmbcoa_m + nad_m <=> 2maacoa_m + h_m + nadh_m
HAS1,hyaluronan synthase,Unknown,1.2662803343949043,1.2662803343949043,1.0,0.0,MINIMAL,optimal,4,3038_AT1;3038_AT2;3036_AT1;3037_AT1,HAS3;HAS3;HAS1;HAS2,uacgam_c + udpglcur_c --> 2.0 h_c + ha_DASH_pre1_e + 2.0 udp_c
HAtly,"hyaluronan transport, extracellular to lysosome",Unknown,1.2662803343949043,1.2662803343949043,1.0,0.0,MINIMAL,optimal,0,,,ha_e --> ha_l
HCO3Em,HCO3 equilibration reaction,Unknown,1.2662803343949043,1.2662803343949043,1.0,0.0,MINIMAL,optimal,0,,,h_m + hco3_m <=> CARBON_45_DIOXIDE_m + WATER_m
HDCAter,palmitate ER export,Unknown,1.2662803343949043,1.2662803343949043,1.0,0.0,MINIMAL,optimal,0,,,hdca_r --> hdca_c
HDCEAtr,fatty acid transport via diffusion,Unknown,1.2662803343949043,1.2662803343949043,1.0,0.0,MINIMAL,optimal,0,,,hdcea_e <=> hdcea_c
HDD2COAtx,hdd2coa intracellular transport,Unknown,1.2662803343949043,1.2662803343949043,1.0,0.0,MINIMAL,optimal,0,,,hdd2coa_c <=> hdd2coa_x
HEX1,hexokinase (D-glucose:ATP),Unknown,1.2662803343949043,1.2662803343949043,1.0,0.0,MINIMAL,optimal,11,3101_AT1;2645_AT3;3098_AT4;3099_AT1;3098_AT3;80201_AT1;3098_AT1;2645_AT1;2645_AT2;3098_AT2,HK3;GCK;HK1;HK2;HK1;HKDC1;HK1;GCK;GCK;HK1,Glucopyranose_c + atp_c --> D_45_glucopyranose_45_6_45_phosphate_c + adp_c + h_c
HEX10,hexokinase (D-glucosamine:ATP),Unknown,1.2662803343949043,1.2662803343949043,1.0,0.0,MINIMAL,optimal,11,3101_AT1;2645_AT3;3098_AT4;3099_AT1;3098_AT3;80201_AT1;3098_AT1;2645_AT1;2645_AT2;3098_AT2,HK3;GCK;HK1;HK2;HK1;HKDC1;HK1;GCK;GCK;HK1,atp_c + gam_c --> adp_c + gam6p_c + h_c
HEX4,hexokinase (D-mannose:ATP),Unknown,1.2662803343949043,1.2662803343949043,1.0,0.0,MINIMAL,optimal,11,3101_AT1;2645_AT3;3098_AT4;3099_AT1;3098_AT3;80201_AT1;3098_AT1;2645_AT1;3098_AT2;2645_AT2,HK3;GCK;HK1;HK2;HK1;HKDC1;HK1;GCK;HK1;GCK,D_45_mannopyranose_c + atp_c --> CPD_45_15979_c + adp_c + h_c
LCADi_D,lactaldehyde dehydrogenase,Unknown,1.2662803343949043,1.2662803343949043,1.0,0.0,MINIMAL,optimal,11,218_AT1;8854_AT3;8854_AT1;224_AT1;501_AT1;223_AT1;221_AT1;222_AT1;216_AT1;220_AT1,ALDH3A1;ALDH1A2;ALDH1A2;ALDH3A2;ALDH7A1;ALDH9A1;ALDH3B1;ALDH3B2;ALDH1A1;ALDH1A3,WATER_c + lald_DASH_DASH_DASH_D_c + nad_c --> 2.0 h_c + lac_DASH_DASH_DASH_D_c + nadh_c
RXN_45_10741,RXN-10741,Unknown,1.2662803343949043,1.2662803343949043,1.0,0.0,MINIMAL,optimal,1,G66_33846,BCO2,CPD1F_45_129_c + OXYGEN_45_MOLECULE_c <=> CPD_45_13368_c + CPD_45_7204_c
IMPC,IMP cyclohydrolase,Unknown,1.2662803343949043,1.2662803343949043,1.0,0.0,MINIMAL,optimal,1,471_AT1,ATIC,WATER_c + imp_c <=> fprica_c
IMPD,IMP dehydrogenase,Unknown,1.2662803343949043,1.2662803343949043,1.0,0.0,MINIMAL,optimal,3,3614_AT1;3614_AT2;3615_AT1,IMPDH1;IMPDH1;IMPDH2,WATER_c + imp_c + nad_c --> h_c + nadh_c + xmp_c
LEUTAm,"leucine transaminase, mitochondrial",Unknown,1.2662803343949043,1.2662803343949043,1.0,0.0,MINIMAL,optimal,1,587_AT1,BCAT2,akg_m + leu_DASH_DASH_DASH_L_m <=> 4mop_m + glu_DASH_DASH_DASH_L_m
LEUt5m,leucine mitochondrial transport,Unknown,1.2662803343949043,1.2662803343949043,1.0,0.0,MINIMAL,optimal,0,,,LEU_c <=> leu_DASH_DASH_DASH_L_m
LGNCCOAtx,fatty acid intracellular transport,Unknown,1.2662803343949043,1.2662803343949043,1.0,0.0,MINIMAL,optimal,0,,,lgnccoa_c <=> lgnccoa_x
LGTHL,lactoylglutathione lyase,Unknown,1.2662803343949043,1.2662803343949043,1.0,0.0,MINIMAL,optimal,1,2739_AT1,GLO1,lgt_DASH_DASH_DASH_S_c --> METHYL_45_GLYOXAL_c + gthrd_c
LNELDCCPT1,carnitine O-palmitoyltransferase,Unknown,1.2662803343949043,1.2662803343949043,1.0,0.0,MINIMAL,optimal,6,1374_AT1;1375_AT2;1375_AT1;1375_AT4;1375_AT3;126129_AT1,CPT1A;CPT1B;CPT1B;CPT1B;CPT1B;CPT1C,CARNITINE_c + lneldccoa_c --> coa_c + lneldccrn_c
LNELDCCPT2,carnitine transferase,Unknown,1.2662803343949043,1.2662803343949043,1.0,0.0,MINIMAL,optimal,1,1376_AT1,CPT2,coa_m + lneldccrn_m --> CARNITINE_m + lneldccoa_m
LNELDCCRNt,transport into the mitochondria (carnitine),Unknown,1.2662803343949043,1.2662803343949043,1.0,0.0,MINIMAL,optimal,1,788_AT1,SLC25A20,lneldccrn_c --> lneldccrn_m
LNELDCt,fatty acid transport via diffusion,Unknown,1.2662803343949043,1.2662803343949043,1.0,0.0,MINIMAL,optimal,0,,,lneldc_e <=> lneldc_c
LNLCCPT1,carnitine O-palmitoyltransferase,Unknown,1.2662803343949043,1.2662803343949043,1.0,0.0,MINIMAL,optimal,6,1374_AT1;1375_AT2;1375_AT1;1375_AT4;1375_AT3;126129_AT1,CPT1A;CPT1B;CPT1B;CPT1B;CPT1B;CPT1C,CARNITINE_c + CPD_45_18_c --> coa_c + lnlccrn_c
LNLCCPT2,carnitine transferase,Unknown,1.2662803343949043,1.2662803343949043,1.0,0.0,MINIMAL,optimal,1,1376_AT1,CPT2,coa_m + lnlccrn_m --> CARNITINE_m + lnlccoa_m
LNLCCRNt,transport into the mitochondria (carnitine),Unknown,1.2662803343949043,1.2662803343949043,1.0,0.0,MINIMAL,optimal,1,788_AT1,SLC25A20,lnlccrn_c --> lnlccrn_m
LNLCt,Linoleic acid (n-C18:2) transport in via diffusion,Unknown,1.2662803343949043,1.2662803343949043,1.0,0.0,MINIMAL,optimal,0,,,lnlc_e <=> LINOLEIC_ACID_c
VACCCPT2,carnitine transferase,Unknown,1.2662803343949043,1.2662803343949043,1.0,0.0,MINIMAL,optimal,1,1376_AT1,CPT2,coa_m + vacccrn_m --> CARNITINE_m + vacccoa_m
VACCCRNt,transport into the mitochondria (carnitine),Unknown,1.2662803343949043,1.2662803343949043,1.0,0.0,MINIMAL,optimal,1,788_AT1,SLC25A20,vacccrn_c --> vacccrn_m
VACCt,fatty acid transport via diffusion,Unknown,1.2662803343949043,1.2662803343949043,1.0,0.0,MINIMAL,optimal,0,,,vacc_e <=> vacc_c
VALTAm,"valine transaminase, mitochondiral",Unknown,1.2662803343949043,1.2662803343949043,1.0,0.0,MINIMAL,optimal,1,587_AT1,BCAT2,akg_m + val_DASH_DASH_DASH_L_m <=> 3mob_m + glu_DASH_DASH_DASH_L_m
KETOHEXOKINASE_45_RXN,KETOHEXOKINASE-RXN,Unknown,1.2662803343949043,1.2662803343949043,1.0,0.0,MINIMAL,optimal,1,HS06437,KHK,BETA_45_D_45_FRUCTOSE_c + atp_c <=> FRU1P_c + adp_c + h_c
VALt5m,Valine reversible mitochondrial transport,Unknown,1.2662803343949043,1.2662803343949043,1.0,0.0,MINIMAL,optimal,0,,,VAL_c <=> val_DASH_DASH_DASH_L_m
VD3,Vitamin D3 formation,Unknown,1.2662803343949043,1.2662803343949043,1.0,0.0,MINIMAL,optimal,0,,,pd3_c <=> vitd3_c
VITD3t,Vitamin D3 release,Unknown,1.2662803343949043,1.2662803343949043,1.0,0.0,MINIMAL,optimal,0,,,vitd3_c --> vitd3_e
XANtx,xanthine diffusion in peroxisome,Unknown,1.2662803343949043,1.2662803343949043,1.0,0.0,MINIMAL,optimal,0,,,XANTHINE_c --> XANTHINE_x
XOLESTte,cholesterol ester transporter,Unknown,1.2662803343949043,1.2662803343949043,1.0,0.0,MINIMAL,optimal,0,,,xolest_DASH_hs_e <=> xolest_DASH_hs_c
XOLTRI24tc,24 trihydroxy cholesterol transport,Unknown,1.2662803343949043,1.2662803343949043,1.0,0.0,MINIMAL,optimal,0,,,xoltri24_r <=> xoltri24_c
XOLTRI24te,24 trihydroxy cholesterol transport,Unknown,1.2662803343949043,1.2662803343949043,1.0,0.0,MINIMAL,optimal,0,,,xoltri24_c <=> xoltri24_e
XOLTRI25tc,25 trihydroxy cholesterol transport,Unknown,1.2662803343949043,1.2662803343949043,1.0,0.0,MINIMAL,optimal,0,,,xoltri25_r <=> xoltri25_c
XOLTRI25te,25 trihydroxy cholesterol transport,Unknown,1.2662803343949043,1.2662803343949043,1.0,0.0,MINIMAL,optimal,0,,,xoltri25_c <=> xoltri25_e
XYLTD_Dr,xylitol dehydrogenase (D-xyulose-forming),Unknown,1.2662803343949043,1.2662803343949043,1.0,0.0,MINIMAL,optimal,0,,,XYLITOL_c + nad_c <=> D_45_XYLULOSE_c + h_c + nadh_c
XYLUR,xylulose reductase,Unknown,1.2662803343949043,1.2662803343949043,1.0,0.0,MINIMAL,optimal,1,51181_AT1,DCXR,L_45_XYLULOSE_c + NADPH_c + h_c <=> XYLITOL_c + nadp_c
RXN_45_16418,RXN-16418,Unknown,1.2662803343949043,1.2662803343949043,1.0,0.0,MINIMAL,optimal,8,HS07766;HS00888;HS11973;HS16174;HS11921;G66_31311;HS00131;HS09445,ACSL1;ACSM2B;ACSM5;ACSM6;ACSM2A;ACSM4;ACSM3;ACSM1,OCTADEC_45_9_45_ENE_45_118_45_DIOIC_45_ACID_c + atp_c + coa_c <=> CPD_45_17624_c + amp_c + ppi_c
2_46_4_46_1_46_119_45_RXN,2.4.1.119-RXN,Unknown,1.2662803343949043,1.2662803343949043,1.0,0.0,MINIMAL,optimal,7,HS08962;G66_31373;HS04108;HS05930;HS05294;HS08872;HS04244,RPN1;OST4;DDOST;STT3A;DAD1;STT3B;RPN2,CPD_45_18076_c + Protein_45_L_45_Asparagine_c <=> CPD_45_18077_c + Dolichol_45_PP_c + h_c
RXN_45_5472,RXN-5472,Unknown,1.2662803343949043,1.2662803343949043,1.0,0.0,MINIMAL,optimal,1,HS13757,ALG10,CPD_45_166_c + CPD_45_5170_c <=> CPD_45_18076_c + DOLICHOLP_c + h_c
RXN_45_5471,RXN-5471,Unknown,1.2662803343949043,1.2662803343949043,1.0,0.0,MINIMAL,optimal,1,HS08352,ALG8,CPD_45_166_c + CPD_45_5169_c <=> CPD_45_5170_c + DOLICHOLP_c + h_c
ALDOSE_45_1_45_EPIMERASE_45_RXN,ALDOSE-1-EPIMERASE-RXN,Unknown,1.2662803343949043,1.2662803343949043,1.0,0.0,MINIMAL,optimal,1,HS07125,GALM,ALPHA_45_GLUCOSE_c <=> GLC_c
PHOSPHOGLUCMUT_45_RXN,PHOSPHOGLUCMUT-RXN,Unknown,1.2662803343949043,1.2662803343949043,1.0,0.0,MINIMAL,optimal,3,HS01335;HS09924;HS07974,PGM1;PGM2;PGM5,GLC_45_1_45_P_c <=> D_45_glucopyranose_45_6_45_phosphate_c
GLUCOSE_45_16_45_BISPHOSPHATE_45_SYNTHASE_45_RXN,GLUCOSE-16-BISPHOSPHATE-SYNTHASE-RXN,Unknown,1.2662803343949043,1.2662803343949043,1.0,0.0,MINIMAL,optimal,1,HS09231,PGM2L1,13dpg_c + GLC_45_1_45_P_c <=> 3pg_c + ALPHA_45_GLUCOSE_45_16_45_BISPHOSPHATE_c + h_c
GLUC1PURIDYLTRANS_45_RXN,GLUC1PURIDYLTRANS-RXN,Unknown,1.2662803343949043,1.2662803343949043,1.0,0.0,MINIMAL,optimal,1,HS10006,UGP2,GLC_45_1_45_P_c + h_c + utp_c <=> CPD_45_12575_c + ppi_c
2_46_3_46_1_46_78_45_RXN,2.3.1.78-RXN,Unknown,1.2662803343949043,1.2662803343949043,1.0,0.0,MINIMAL,optimal,1,HS15282,HGSNAT,Heparan_45_sulfate_45_D_45_glucosaminides_c + accoa_c <=> Heparan_45_NAc_45_glucosaminide_c + coa_c
RXN_45_15312,RXN-15312,Unknown,1.2662803343949043,1.2662803343949043,1.0,0.0,MINIMAL,optimal,3,HS13873;HS14422;HS05538,G6PC3;G6PC2;G6PC,ALPHA_45_GLC_45_6_45_P_c + WATER_c <=> ALPHA_45_GLUCOSE_c + pi_c
RXN_45_5468,RXN-5468,Unknown,1.2662803343949043,1.2662803343949043,1.0,0.0,MINIMAL,optimal,1,G66_37900,ALG12,CPD_45_171_c + CPD_45_5166_c <=> CPD_45_5167_c + DOLICHOLP_c + h_c
RXN_45_5470,RXN-5470,Unknown,1.2662803343949043,1.2662803343949043,1.0,0.0,MINIMAL,optimal,1,HS01588,ALG6,CPD_45_166_c + CPD_45_5168_c <=> CPD_45_5169_c + DOLICHOLP_c + h_c
RXN_45_5467,RXN-5467,Unknown,1.2662803343949043,1.2662803343949043,1.0,0.0,MINIMAL,optimal,1,HS12291,ALG9,CPD_45_171_c + CPD_45_5165_c <=> CPD_45_5166_c + DOLICHOLP_c + h_c
RXN_45_5466,RXN-5466,Unknown,1.2662803343949043,1.2662803343949043,1.0,0.0,MINIMAL,optimal,1,HS10885,ALG3,CPD_45_171_c + CPD_45_5164_c <=> CPD_45_5165_c + DOLICHOLP_c + h_c
RXN_45_5463,RXN-5463,Unknown,1.2662803343949043,1.2662803343949043,1.0,0.0,MINIMAL,optimal,1,HS04304,ALG2,CPD_45_5161_c + GDP_45_MANNOSE_c <=> CPD_45_5162_c + gdp_c + h_c
RXN_45_5464,RXN-5464,Unknown,1.2662803343949043,1.2662803343949043,1.0,0.0,MINIMAL,optimal,1,G66_37899,ALG11,CPD_45_5162_c + 2.0 GDP_45_MANNOSE_c <=> CPD_45_5164_c + 2.0 gdp_c + 2.0 h_c
ARGSS,argininosuccinate synthase,Unknown,1.2662803343949045,1.2662803343949043,1.0000000000000002,-2.220446049250313e-16,MINIMAL,optimal,2,445_AT2;445_AT1,ASS1;ASS1,L_45_CITRULLINE_c + asp_DASH_DASH_DASH_L_c + atp_c --> L_45_ARGININO_45_SUCCINATE_c + amp_c + h_c + ppi_c
ARGSL,argininosuccinate lyase,Unknown,1.2662803343949045,1.2662803343949043,1.0000000000000002,-2.220446049250313e-16,MINIMAL,optimal,1,435_AT1,ASL,L_45_ARGININO_45_SUCCINATE_c <=> arg_DASH_DASH_DASH_L_c + fum_c
ARACHt,fatty acid transport via diffusion,Unknown,1.2662803343949045,1.2662803343949043,1.0000000000000002,-2.220446049250313e-16,MINIMAL,optimal,0,,,arach_e <=> arach_c
ARACHDCOAtx,fatty acid intracellular transport,Unknown,1.2662803343949045,1.2662803343949043,1.0000000000000002,-2.220446049250313e-16,MINIMAL,optimal,0,,,arachdcoa_c <=> arachdcoa_x
ARACHCRNt,transport into the mitochondria (carnitine),Unknown,1.2662803343949045,1.2662803343949043,1.0000000000000002,-2.220446049250313e-16,MINIMAL,optimal,1,788_AT1,SLC25A20,arachcrn_c --> arachcrn_m
LDH_Lm,L-lactate dehydrogenase,Unknown,1.2662803343949045,1.2662803343949043,1.0000000000000002,-2.220446049250313e-16,MINIMAL,optimal,1,3939_AT1,LDHA,lac_DASH_DASH_DASH_L_m + nad_m <=> h_m + nadh_m + pyr_m
ILEt5m,Isoleucine mitochondrial transport,Unknown,1.2662803343949045,1.2662803343949043,1.0000000000000002,-2.220446049250313e-16,MINIMAL,optimal,0,,,ILE_c <=> ile_DASH_DASH_DASH_L_m
ARACHCPT2,carnitine transferase,Unknown,1.2662803343949045,1.2662803343949043,1.0000000000000002,-2.220446049250313e-16,MINIMAL,optimal,1,1376_AT1,CPT2,arachcrn_m + coa_m --> CARNITINE_m + arachcoa_m
ARACHCPT1,carnitine transferase,Unknown,1.2662803343949045,1.2662803343949043,1.0000000000000002,-2.220446049250313e-16,MINIMAL,optimal,6,1374_AT1;1375_AT2;1375_AT1;1375_AT4;1375_AT3;126129_AT1,CPT1A;CPT1B;CPT1B;CPT1B;CPT1B;CPT1C,CARNITINE_c + arachcoa_c --> arachcrn_c + coa_c
ARTCOAL1,R group coenzyme a ligase,Unknown,1.2662803343949045,1.2662803343949043,1.0000000000000002,-2.220446049250313e-16,MINIMAL,optimal,0,,,Carboxylates_c + coa_c <=> Rtotalcoa_c
ARGtiDF,L-arginine transport via diffusion (extracellular to cytosol),Unknown,1.2662803343949045,1.2662803343949043,1.0000000000000002,-2.220446049250313e-16,MINIMAL,optimal,4,6541_AT1;6542_AT1;55089_AT1;84889_AT1,SLC7A1;SLC7A2;SLC38A4;SLC7A3,arg_DASH_DASH_DASH_L_e --> arg_DASH_DASH_DASH_L_c
ARGt4,L-arginine transport in via sodium symport,Unknown,1.2662803343949045,1.2662803343949043,1.0000000000000002,-2.220446049250313e-16,MINIMAL,optimal,1,11254_AT1,SLC6A14,NA_43__e + arg_DASH_DASH_DASH_L_e --> NA_43__c + arg_DASH_DASH_DASH_L_c
BAMPPALDOX,beta-Aminopropion aldehyde:NAD+ oxidoreductase,Unknown,1.2662803343949045,1.2662803343949043,1.0000000000000002,-2.220446049250313e-16,MINIMAL,optimal,7,8854_AT1;8854_AT3;223_AT1;216_AT1;224_AT1;501_AT1;8854_AT2,ALDH1A2;ALDH1A2;ALDH9A1;ALDH1A1;ALDH3A2;ALDH7A1;ALDH1A2,WATER_c + bamppald_c + nad_c --> B_45_ALANINE_c + 2.0 h_c + nadh_c
ATPtx,"ATP transporter, peroxisomal",Unknown,1.2662803343949045,1.2662803343949043,1.0000000000000002,-2.220446049250313e-16,MINIMAL,optimal,0,,,atp_c <=> atp_x
ATPtm,"ADP/ATP transporter, mitochondrial",Unknown,1.2662803343949045,1.2662803343949043,1.0000000000000002,-2.220446049250313e-16,MINIMAL,optimal,3,293_AT1;291_AT1;292_AT1,SLC25A6;SLC25A4;SLC25A5,adp_c + atp_m --> adp_m + atp_c
ATPasel,"V-type ATPase, H+ transporting, lysosomal",Unknown,1.2662803343949045,1.2662803343949043,1.0000000000000002,-2.220446049250313e-16,MINIMAL,optimal,30,127124_AT2;533_AT1;23545_AT1;9296_AT1;528_AT1;50617_AT1;245972_AT1;8992_AT1;50617_AT3;51606_AT3,ATP6V1G3;ATP6V0B;ATP6V0A2;ATP6V1F;ATP6V1C1;ATP6V0A4;ATP6V0D2;ATP6V0E1;ATP6V0A4;ATP6V1H,WATER_c + atp_c + 3.0 h_c --> adp_c + 4.0 h_l + pi_c
C161CPT2,C161 transport into the mitochondria,Unknown,1.2662803343949045,1.2662803343949043,1.0000000000000002,-2.220446049250313e-16,MINIMAL,optimal,1,1376_AT1,CPT2,coa_m + hdcecrn_m --> CARNITINE_m + hdcoa_m
C161CPT12,carnitine O-palmitoyltransferase,Unknown,1.2662803343949045,1.2662803343949043,1.0000000000000002,-2.220446049250313e-16,MINIMAL,optimal,6,1374_AT1;1375_AT2;1375_AT1;1375_AT4;1375_AT3;126129_AT1,CPT1A;CPT1B;CPT1B;CPT1B;CPT1B;CPT1C,CARNITINE_c + hdd2coa_c --> coa_c + hdd2crn_c
C161CPT1,carnitine O-palmitoyltransferase,Unknown,1.2662803343949045,1.2662803343949043,1.0000000000000002,-2.220446049250313e-16,MINIMAL,optimal,6,1374_AT1;1375_AT2;1375_AT1;1375_AT4;1375_AT3;126129_AT1,CPT1A;CPT1B;CPT1B;CPT1B;CPT1B;CPT1C,CARNITINE_c + hdcoa_c --> coa_c + hdcecrn_c
C160CRNt,C160 transport into the mitochondria,Unknown,1.2662803343949045,1.2662803343949043,1.0000000000000002,-2.220446049250313e-16,MINIMAL,optimal,1,788_AT1,SLC25A20,pmtcrn_c --> pmtcrn_m
C160CPT2,C160 transport into the mitochondria,Unknown,1.2662803343949045,1.2662803343949043,1.0000000000000002,-2.220446049250313e-16,MINIMAL,optimal,1,1376_AT1,CPT2,coa_m + pmtcrn_m --> CARNITINE_m + pmtcoa_m
C160CPT1,carnitine O-palmitoyltransferase,Unknown,1.2662803343949045,1.2662803343949043,1.0000000000000002,-2.220446049250313e-16,MINIMAL,optimal,6,1374_AT1;1375_AT2;1375_AT1;1375_AT4;1375_AT3;126129_AT1,CPT1A;CPT1B;CPT1B;CPT1B;CPT1B;CPT1C,CARNITINE_c + pmtcoa_c --> coa_c + pmtcrn_c
C14STRr,C-14 sterol reductase,Unknown,1.2662803343949045,1.2662803343949043,1.0000000000000002,-2.220446049250313e-16,MINIMAL,optimal,1,7108_AT1,TM7SF2,44mctr_r + h_r + nadph_r --> 44mzym_r + nadp_r
BPNT,"3',5'-bisphosphate nucleotidase",Unknown,1.2662803343949045,1.2662803343949043,1.0000000000000002,-2.220446049250313e-16,MINIMAL,optimal,1,10380_AT1,BPNT1,WATER_c + pap_c --> amp_c + pi_c
BILGLCURtr,glucuronidated compound transport,Unknown,1.2662803343949045,1.2662803343949043,1.0000000000000002,-2.220446049250313e-16,MINIMAL,optimal,0,,,bilglcur_c <=> bilglcur_r
BILGLCURte,bilirubin monoglucuronide transport MDR,Unknown,1.2662803343949045,1.2662803343949043,1.0000000000000002,-2.220446049250313e-16,MINIMAL,optimal,1,4363_AT1,ABCC1,WATER_c + atp_c + bilglcur_c <=> adp_c + bilglcur_e + h_c + pi_c
BILDGLCURtr,glucuronidated compound transport,Unknown,1.2662803343949045,1.2662803343949043,1.0000000000000002,-2.220446049250313e-16,MINIMAL,optimal,0,,,bildglcur_c <=> bildglcur_r
BILDGLCURte,bilirubin beta-diglucuronide transport MDR,Unknown,1.2662803343949045,1.2662803343949043,1.0000000000000002,-2.220446049250313e-16,MINIMAL,optimal,1,4363_AT1,ABCC1,WATER_c + atp_c + bildglcur_c <=> adp_c + bildglcur_e + h_c + pi_c
BHBtm,(R)-3-Hydroxybutanoate mitochondrial transport via H+ symport,Unknown,1.2662803343949045,1.2662803343949043,1.0000000000000002,-2.220446049250313e-16,MINIMAL,optimal,0,,,bhb_c + h_c <=> bhb_m + h_m
BHBt,(R)-3-Hydroxybutanoate transport via H+ symport,Unknown,1.2662803343949045,1.2662803343949043,1.0000000000000002,-2.220446049250313e-16,MINIMAL,optimal,0,,,bhb_e + h_e <=> bhb_c + h_c
BDHm,(R)-3-Hydroxybutanoate:NAD+ oxidoreductase,Unknown,1.2662803343949045,1.2662803343949043,1.0000000000000002,-2.220446049250313e-16,MINIMAL,optimal,3,622_AT3;622_AT2;622_AT1,BDH1;BDH1;BDH1,bhb_m + nad_m <=> acac_m + h_m + nadh_m
H2Otn,"H2O transport, nuclear",Unknown,1.2662803343949045,1.2662803343949043,1.0000000000000002,-2.220446049250313e-16,MINIMAL,optimal,0,,,h2o_n <=> WATER_c
C180CPT1,carnitine O-stearoyl transferase,Unknown,1.2662803343949045,1.2662803343949043,1.0000000000000002,-2.220446049250313e-16,MINIMAL,optimal,6,1374_AT1;1375_AT2;1375_AT1;1375_AT4;1375_AT3;126129_AT1,CPT1A;CPT1B;CPT1B;CPT1B;CPT1B;CPT1C,CARNITINE_c + STEAROYL_45_COA_c --> coa_c + stcrn_c
C161CRNt,C161 transport into the mitochondria,Unknown,1.2662803343949045,1.2662803343949043,1.0000000000000002,-2.220446049250313e-16,MINIMAL,optimal,1,788_AT1,SLC25A20,hdcecrn_c --> hdcecrn_m
C161CRN2t,C161 transport into the mitochondria,Unknown,1.2662803343949045,1.2662803343949043,1.0000000000000002,-2.220446049250313e-16,MINIMAL,optimal,1,788_AT1,SLC25A20,hdd2crn_c --> hdd2crn_m
C161CPT22,C161 transport into the mitochondria,Unknown,1.2662803343949045,1.2662803343949043,1.0000000000000002,-2.220446049250313e-16,MINIMAL,optimal,1,1376_AT1,CPT2,coa_m + hdd2crn_m --> CARNITINE_m + hdd2coa_m
CYOOm3,"cytochrome c oxidase, mitochondrial Complex IV",Unknown,1.2662803343949045,1.2662803343949043,1.0000000000000002,-2.220446049250313e-16,MINIMAL,optimal,20,4513_AT1;1351_AT1;170712_AT1;125965_AT1;84701_AT1;4512_AT1;1347_AT1;1349_AT1;1329_AT1;1345_AT1,COX2;COX8A;COX7B2;COX6B2;COX4I2;COX1;COX7A2;COX7B;COX5B;COX6C,4.0 focytC_m + 7.92 h_m + o2_m --> 1.96 WATER_m + 4.0 ficytC_m + 4.0 h_c + 0.02 o2s_m
CTPS2,CTP synthase (glutamine),Unknown,1.2662803343949045,1.2662803343949043,1.0000000000000002,-2.220446049250313e-16,MINIMAL,optimal,2,56474_AT2;56474_AT1,CTPS2;CTPS2,GLN_c + WATER_c + atp_c + utp_c --> Glutamates_c + adp_c + ctp_c + 2.0 h_c + pi_c
GUACYC,guanylate cyclase,Unknown,1.2662803343949045,1.2662803343949043,1.0000000000000002,-2.220446049250313e-16,MINIMAL,optimal,10,2977_AT1;4882_AT2;2984_AT1;4882_AT1;4881_AT1;3000_AT1;2974_AT1;2982_AT1;2986_AT1;2983_AT1,GUCY1A2;NPR2;GUCY2C;NPR2;NPR1;GUCY2D;2974_AT1;GUCY1A3;GUCY2F;GUCY1B3,gtp_c --> 35cgmp_c + ppi_c
GTMLTe,g-glutamyltransferase (e),Unknown,1.2662803343949045,1.2662803343949043,1.0000000000000002,-2.220446049250313e-16,MINIMAL,optimal,4,2678_AT2;2679_AT1;2678_AT1;2678_AT3,GGT1;2679_AT1;GGT1;GGT1,L_45_ALPHA_45_ALANINE_c + gthrd_c --> CYS_45_GLY_e + gluala_e
GTHS,glutathione synthetase,Unknown,1.2662803343949045,1.2662803343949043,1.0000000000000002,-2.220446049250313e-16,MINIMAL,optimal,1,2937_AT1,GSS,GLY_c + atp_c + glucys_c --> adp_c + gthrd_c + h_c + pi_c
GTHPm,"glutathione peroxidase, mitochondria",Unknown,1.2662803343949045,1.2662803343949043,1.0000000000000002,-2.220446049250313e-16,MINIMAL,optimal,3,10935_AT2;10935_AT1;2879_AT1,PRDX3;PRDX3;GPX4,2.0 gthrd_m + h2o2_m <=> 2.0 WATER_m + gthox_m
DLNLCGt,fatty acid transport via diffusion,Unknown,1.2662803343949045,1.2662803343949043,1.0000000000000002,-2.220446049250313e-16,MINIMAL,optimal,0,,,dlnlcg_e <=> dlnlcg_c
DLNLCGCRNt,transport into the mitochondria (carnitine),Unknown,1.2662803343949045,1.2662803343949043,1.0000000000000002,-2.220446049250313e-16,MINIMAL,optimal,1,788_AT1,SLC25A20,dlnlcgcrn_c --> dlnlcgcrn_m
DLNLCGCPT2,carnitine transferase,Unknown,1.2662803343949045,1.2662803343949043,1.0000000000000002,-2.220446049250313e-16,MINIMAL,optimal,1,1376_AT1,CPT2,coa_m + dlnlcgcrn_m --> CARNITINE_m + dlnlcgcoa_m
DLNLCGCPT1,carnitine O-palmitoyltransferase,Unknown,1.2662803343949045,1.2662803343949043,1.0000000000000002,-2.220446049250313e-16,MINIMAL,optimal,6,1374_AT1;1375_AT2;1375_AT1;1375_AT4;1375_AT3;126129_AT1,CPT1A;CPT1B;CPT1B;CPT1B;CPT1B;CPT1C,CARNITINE_c + dlnlcgcoa_c --> coa_c + dlnlcgcrn_c
DKMPPD,"2,3-diketo-5-methylthio-1-phosphopentane degradation reaction",Unknown,1.2662803343949045,1.2662803343949043,1.0000000000000002,-2.220446049250313e-16,MINIMAL,optimal,0,,,OXYGEN_45_MOLECULE_c + WATER_c + dkmpp_c --> 2kmb_c + for_c + 2.0 h_c + pi_c
DITPtn,dITP nuclear transport,Unknown,1.2662803343949045,1.2662803343949043,1.0000000000000002,-2.220446049250313e-16,MINIMAL,optimal,0,,,ditp_c <=> ditp_n
DIDPtn,dIDP nuclear transport,Unknown,1.2662803343949045,1.2662803343949043,1.0000000000000002,-2.220446049250313e-16,MINIMAL,optimal,0,,,didp_c <=> didp_n
DHPR,"6,7-dihydropteridine reductase",Unknown,1.2662803343949045,1.2662803343949043,1.0000000000000002,-2.220446049250313e-16,MINIMAL,optimal,1,5860_AT1,QDPR,CPD_45_15159_c + h_c + nadh_c --> CPD_45_14053_c + nad_c
DM_ethamp_LPAREN_r_RPAREN_,Ethanolamine phosphate demand,Unknown,1.2662803343949045,1.2662803343949043,1.0000000000000002,-2.220446049250313e-16,MINIMAL,optimal,0,,,ethamp_r --> 
DMATTx,dimethylallyltranstransferase,Unknown,1.2662803343949045,1.2662803343949043,1.0000000000000002,-2.220446049250313e-16,MINIMAL,optimal,1,2224_AT1,FDPS,dmpp_x + ipdp_x --> grdp_x + ppi_x
DUTPDPm,dUTP diphosphatase,Unknown,1.2662803343949045,1.2662803343949043,1.0000000000000002,-2.220446049250313e-16,MINIMAL,optimal,1,1854_AT1,DUT,WATER_m + dutp_m --> dump_m + h_m + ppi_m
DURIPP,deoxyuridine phosphorylase,Unknown,1.2662803343949045,1.2662803343949043,1.0000000000000002,-2.220446049250313e-16,MINIMAL,optimal,2,4860_AT1;151531_AT1,PNP;UPP2,DEOXYURIDINE_c + pi_c <=> 2dr1p_c + URACIL_c
DURAD,dihydrouracil dehydrogenase (NADP),Unknown,1.2662803343949045,1.2662803343949043,1.0000000000000002,-2.220446049250313e-16,MINIMAL,optimal,1,1806_AT1,DPYD,DI_45_H_45_URACIL_c + nadp_c <=> NADPH_c + URACIL_c + h_c
DUMPtn,dUMP nuclear transport,Unknown,1.2662803343949045,1.2662803343949043,1.0000000000000002,-2.220446049250313e-16,MINIMAL,optimal,0,,,dump_c <=> dump_n
DUDPtn,dUDP nuclear transport,Unknown,1.2662803343949045,1.2662803343949043,1.0000000000000002,-2.220446049250313e-16,MINIMAL,optimal,0,,,dudp_c <=> dudp_n
DTTPtn,dTTP diffusion in nucleus,Unknown,1.2662803343949045,1.2662803343949043,1.0000000000000002,-2.220446049250313e-16,MINIMAL,optimal,0,,,dttp_c <=> dttp_n
DTDPtn,dTDP nuclear transport,Unknown,1.2662803343949045,1.2662803343949043,1.0000000000000002,-2.220446049250313e-16,MINIMAL,optimal,0,,,dtdp_c <=> dtdp_n
DRPA,deoxyribose-phosphate aldolase,Unknown,1.2662803343949045,1.2662803343949043,1.0000000000000002,-2.220446049250313e-16,MINIMAL,optimal,0,,,2dr5p_c --> ACETALD_c + g3p_c
DRBK,Deoxyribokinase,Unknown,1.2662803343949045,1.2662803343949043,1.0000000000000002,-2.220446049250313e-16,MINIMAL,optimal,1,64080_AT1,RBKS,atp_c + drib_c --> 2dr5p_c + adp_c + h_c
DPMVDx,diphosphomevalonate decarboxylase,Unknown,1.2662803343949045,1.2662803343949043,1.0000000000000002,-2.220446049250313e-16,MINIMAL,optimal,1,4597_AT1,MVD,5dpmev_x + atp_x --> adp_x + co2_x + ipdp_x + pi_x
DPGase,Diphosphoglycerate phosphatase,Unknown,1.2662803343949045,1.2662803343949043,1.0000000000000002,-2.220446049250313e-16,MINIMAL,optimal,5,5224_AT1;669_AT1;5223_AT1;669_AT2;5224_AT2,PGAM2;BPGM;PGAM1;BPGM;PGAM2,23_45_DIPHOSPHOGLYCERATE_c + WATER_c --> 3pg_c + pi_c
DPGM,Diphosphoglyceromutase,Unknown,1.2662803343949045,1.2662803343949043,1.0000000000000002,-2.220446049250313e-16,MINIMAL,optimal,5,5224_AT1;669_AT1;5223_AT1;669_AT2;5224_AT2,PGAM2;BPGM;PGAM1;BPGM;PGAM2,13dpg_c <=> 23_45_DIPHOSPHOGLYCERATE_c + h_c
SO4HCOtex,sulfate transport via bicarbonate countertransport,Unknown,1.2662803343949045,1.2662803343949043,1.0000000000000002,-2.220446049250313e-16,MINIMAL,optimal,12,10861_AT3;284129_AT1;1836_AT1;116369_AT1;115019_AT2;115111_AT2;115111_AT1;10861_AT1;115019_AT1;116369_AT2,SLC26A1;SLC26A11;SLC26A2;SLC26A8;SLC26A9;SLC26A7;SLC26A7;SLC26A1;SLC26A9;SLC26A8,2.0 H2CO3_c + so4_e --> 2.0 hco3_e + so4_c
ENGASE2ly,"endo-beta-N-acetylglucosaminidase, lysosomal",Unknown,1.2662803343949045,1.2662803343949043,1.0000000000000002,-2.220446049250313e-16,MINIMAL,optimal,0,,,h2o_l + n2m2nm_l --> acgam_l + n2m2nmn_l
ELAIDt,fatty acid transport via diffusion,Unknown,1.2662803343949045,1.2662803343949043,1.0000000000000002,-2.220446049250313e-16,MINIMAL,optimal,0,,,elaid_e <=> elaid_c
ELAIDCRNt,transport into the mitochondria (carnitine),Unknown,1.2662803343949045,1.2662803343949043,1.0000000000000002,-2.220446049250313e-16,MINIMAL,optimal,1,788_AT1,SLC25A20,elaidcrn_c --> elaidcrn_m
ELAIDCPT2,carnitine transferase,Unknown,1.2662803343949045,1.2662803343949043,1.0000000000000002,-2.220446049250313e-16,MINIMAL,optimal,1,1376_AT1,CPT2,coa_m + elaidcrn_m --> CARNITINE_m + od2coa_m
MTHFC,methenyltetrahydrofolate cyclohydrolase,Unknown,1.2662803343949045,1.2662803343949043,1.0000000000000002,-2.220446049250313e-16,MINIMAL,optimal,3,4522_AT1;285216_AT1;80068_AT1,MTHFD1;285216_AT1;80068_AT1,WATER_c + methf_c <=> 10fthf_c + h_c
MTAP,5'-methylthioadenosine phosphorylase,Unknown,1.2662803343949045,1.2662803343949043,1.0000000000000002,-2.220446049250313e-16,MINIMAL,optimal,1,4507_AT1,MTAP,5_45_METHYLTHIOADENOSINE_c + pi_c --> ADENINE_c + CPD_45_444_c
ELAIDCPT1,carnitine O-palmitoyltransferase,Unknown,1.2662803343949045,1.2662803343949043,1.0000000000000002,-2.220446049250313e-16,MINIMAL,optimal,6,1374_AT1;1375_AT2;1375_AT1;1375_AT4;1375_AT3;126129_AT1,CPT1A;CPT1B;CPT1B;CPT1B;CPT1B;CPT1C,CARNITINE_c + od2coa_c --> coa_c + elaidcrn_c
EICOSTETt,fatty acid transport via diffusion,Unknown,1.2662803343949045,1.2662803343949043,1.0000000000000002,-2.220446049250313e-16,MINIMAL,optimal,0,,,eicostet_e <=> eicostet_c
EICOSTETCRNt,transport into the mitochondria (carnitine),Unknown,1.2662803343949045,1.2662803343949043,1.0000000000000002,-2.220446049250313e-16,MINIMAL,optimal,1,788_AT1,SLC25A20,eicostetcrn_c --> eicostetcrn_m
EICOSTETCPT2,carnitine transferase,Unknown,1.2662803343949045,1.2662803343949043,1.0000000000000002,-2.220446049250313e-16,MINIMAL,optimal,1,1376_AT1,CPT2,coa_m + eicostetcrn_m --> CARNITINE_m + eicostetcoa_m
EICOSTETCPT1,carnitine O-palmitoyltransferase,Unknown,1.2662803343949045,1.2662803343949043,1.0000000000000002,-2.220446049250313e-16,MINIMAL,optimal,6,1374_AT1;1375_AT2;1375_AT1;1375_AT4;1375_AT3;126129_AT1,CPT1A;CPT1B;CPT1B;CPT1B;CPT1B;CPT1C,CARNITINE_c + eicostetcoa_c --> coa_c + eicostetcrn_c
ECOAH9m,"2-Methylprop-2-enoyl-CoA (2-Methylbut-2-enoyl-CoA), mitochondrial",Unknown,1.2662803343949045,1.2662803343949043,1.0000000000000002,-2.220446049250313e-16,MINIMAL,optimal,3,1892_AT1;3030_AT1;3032_AT1,ECHS1;HADHA;HADHB,3hmbcoa_m <=> 2mb2coa_m + WATER_m
ECOAH12m,3-hydroxyacyl-CoA dehydratase (3-hydroxyisobutyryl-CoA) (mitochondria),Unknown,1.2662803343949045,1.2662803343949043,1.0000000000000002,-2.220446049250313e-16,MINIMAL,optimal,3,1892_AT1;3030_AT1;3032_AT1,ECHS1;HADHA;HADHB,3hibutcoa_m <=> 2mp2coa_m + WATER_m
EBP1r,"3-beta-hydroxysteroid-delta(8),delta(7)-isomerase",Unknown,1.2662803343949045,1.2662803343949043,1.0000000000000002,-2.220446049250313e-16,MINIMAL,optimal,1,10682_AT1,EBP,zymst_r --> chlstol_r
D_LACt2,D-lactate transport via proton symport,Unknown,1.2662803343949045,1.2662803343949043,1.0000000000000002,-2.220446049250313e-16,MINIMAL,optimal,4,23539_AT1;6566_AT1;9123_AT1;9194_AT1,SLC16A8;SLC16A1;SLC16A3;SLC16A7,h_e + lac_DASH_DASH_DASH_D_e <=> h_c + lac_DASH_DASH_DASH_D_c
DUTPDPn,"dUTP diphosphatase, nuclear",Unknown,1.2662803343949045,1.2662803343949043,1.0000000000000002,-2.220446049250313e-16,MINIMAL,optimal,1,1854_AT1,DUT,dutp_n + h2o_n --> dump_n + h_n + ppi_n
ESTRONESt,estrone 3-sulfate transport via bicarbonate countertransport,Unknown,1.2662803343949045,1.2662803343949043,1.0000000000000002,-2.220446049250313e-16,MINIMAL,optimal,7,11309_AT1;28234_AT1;10599_AT1;6579_AT1;28231_AT1;28232_AT1;53919_AT1,SLCO2B1;SLCO1B3;SLCO1B1;SLCO1A2;SLCO4A1;SLCO3A1;SLCO1C1,H2CO3_c + estrones_e <=> estrones_c + hco3_e
ESTRONEGLCtr,glucuronidated compound transport,Unknown,1.2662803343949045,1.2662803343949043,1.0000000000000002,-2.220446049250313e-16,MINIMAL,optimal,0,,,estroneglc_c <=> estroneglc_r
ESTRONEGLCt,ABC transporter,Unknown,1.2662803343949045,1.2662803343949043,1.0000000000000002,-2.220446049250313e-16,MINIMAL,optimal,3,8714_AT2;8714_AT3;8714_AT1,ABCC3;ABCC3;ABCC3,WATER_c + atp_c + estroneglc_c --> adp_c + estroneglc_e + h_c + pi_c
ESTRADIOLGLCtr,glucuronidated compound transport,Unknown,1.2662803343949045,1.2662803343949043,1.0000000000000002,-2.220446049250313e-16,MINIMAL,optimal,0,,,estradiolglc_c <=> estradiolglc_r
FAOXC183806m,Beta oxidation of fatty acid,Unknown,1.2662803343949045,1.2662803343949043,1.0000000000000002,-2.220446049250313e-16,MINIMAL,optimal,2,34_AT1;35_AT1,ACADM;ACADS,5.0 WATER_m + 5.0 coa_m + lnlncgcoa_m + 5.0 nad_m + 2.0 o2_m --> 5.0 accoa_m + 2.0 h2o2_m + 5.0 h_m + 5.0 nadh_m + occoa_m
FAOXC183803m,Beta oxidation of fatty acid,Unknown,1.2662803343949045,1.2662803343949043,1.0000000000000002,-2.220446049250313e-16,MINIMAL,optimal,2,34_AT1;35_AT1,ACADM;ACADS,5.0 WATER_m + 5.0 coa_m + 2.0 fad_m + lnlncacoa_m + 5.0 nad_m --> 5.0 accoa_m + 2.0 fadh2_m + 5.0 h_m + 5.0 nadh_m + occoa_m
NDPK3,nucleoside-diphosphate kinase (ATP:CDP),Unknown,1.2662803343949045,1.2662803343949043,1.0000000000000002,-2.220446049250313e-16,MINIMAL,optimal,7,4831_AT1;29922_AT1;4832_AT1;4830_AT2;4830_AT1;29922_AT2;10201_AT1,NME2;NME7;NME3;NME1;NME1;NME7;NME6,atp_c + cdp_c <=> adp_c + ctp_c
NDPK2n,"nucleoside-diphosphate kinase (ATP:UDP), nuclear",Unknown,1.2662803343949045,1.2662803343949043,1.0000000000000002,-2.220446049250313e-16,MINIMAL,optimal,3,4831_AT1;4830_AT2;4830_AT1,NME2;NME1;NME1,atp_n + udp_n <=> adp_n + utp_n
NDPK2,nucleoside-diphosphate kinase (ATP:UDP),Unknown,1.2662803343949045,1.2662803343949043,1.0000000000000002,-2.220446049250313e-16,MINIMAL,optimal,7,4831_AT1;29922_AT1;4832_AT1;4830_AT2;4830_AT1;29922_AT2;10201_AT1,NME2;NME7;NME3;NME1;NME1;NME7;NME6,atp_c + udp_c <=> adp_c + utp_c
NDPK1n,"nucleoside-diphosphate kinase (ATP:GDP), nuclear",Unknown,1.2662803343949045,1.2662803343949043,1.0000000000000002,-2.220446049250313e-16,MINIMAL,optimal,3,4831_AT1;4830_AT2;4830_AT1,NME2;NME1;NME1,atp_n + gdp_n <=> adp_n + gtp_n
NDPK10n,"nucleoside-diphosphate kinase (ATP:dIDP), nuclear",Unknown,1.2662803343949045,1.2662803343949043,1.0000000000000002,-2.220446049250313e-16,MINIMAL,optimal,3,4831_AT1;4830_AT2;4830_AT1,NME2;NME1;NME1,atp_n + didp_n <=> adp_n + ditp_n
NDPK10,nucleoside-diphosphate kinase (ATP:dIDP),Unknown,1.2662803343949045,1.2662803343949043,1.0000000000000002,-2.220446049250313e-16,MINIMAL,optimal,7,4831_AT1;29922_AT1;4832_AT1;4830_AT2;4830_AT1;29922_AT2;10201_AT1,NME2;NME7;NME3;NME1;NME1;NME7;NME6,atp_c + didp_c <=> adp_c + ditp_c
NDPK1,nucleoside-diphosphate kinase (ATP:GDP),Unknown,1.2662803343949045,1.2662803343949043,1.0000000000000002,-2.220446049250313e-16,MINIMAL,optimal,7,4831_AT1;29922_AT1;4832_AT1;4830_AT2;4830_AT1;29922_AT2;10201_AT1,NME2;NME7;NME3;NME1;NME1;NME7;NME6,atp_c + gdp_c <=> adp_c + gtp_c
NDP8ex,"nucleoside-diphosphatase (UTP), extracellular",Unknown,1.2662803343949045,1.2662803343949043,1.0000000000000002,-2.220446049250313e-16,MINIMAL,optimal,1,124583_AT1,CANT1,WATER_e + utp_e --> h_e + pi_e + udp_e
NDP7ex,"nucleoside-diphosphatase (UDP), extracellular",Unknown,1.2662803343949045,1.2662803343949043,1.0000000000000002,-2.220446049250313e-16,MINIMAL,optimal,1,124583_AT1,CANT1,WATER_e + udp_e --> h_e + pi_e + ump_e
NDP7er,"nucleoside-diphosphatase (UDP), endoplasmic reticulum",Unknown,1.2662803343949045,1.2662803343949043,1.0000000000000002,-2.220446049250313e-16,MINIMAL,optimal,0,,,h2o_r + udp_r --> h_r + pi_r + ump_r
NDP3ex,"nucleoside-diphosphatase (GDP), extracellular",Unknown,1.2662803343949045,1.2662803343949043,1.0000000000000002,-2.220446049250313e-16,MINIMAL,optimal,1,124583_AT1,CANT1,WATER_e + gdp_e --> gmp_e + h_e + pi_e
NDP10ex,"nucleoside-diphosphatase (IDP), extracellular",Unknown,1.2662803343949045,1.2662803343949043,1.0000000000000002,-2.220446049250313e-16,MINIMAL,optimal,1,124583_AT1,CANT1,WATER_e + idp_e --> h_e + imp_e + pi_e
NAt3_1,sodium proton antiporter (H:NA is 1:1),Unknown,1.2662803343949045,1.2662803343949043,1.0000000000000002,-2.220446049250313e-16,MINIMAL,optimal,5,6548_AT1;389015_AT1;6550_AT1;6553_AT1;6549_AT1,SLC9A1;SLC9A4;SLC9A3;SLC9A5;SLC9A2,NA_43__c + h_e <=> NA_43__e + h_c
NKCCt,Na+-K+-Cl- cotransport,Unknown,1.2662803343949045,1.2662803343949043,1.0000000000000002,-2.220446049250313e-16,MINIMAL,optimal,2,6557_AT1;6558_AT1,SLC12A1;SLC12A2,K_43__e + NA_43__e + 2.0 cl_e <=> K_43__c + NA_43__c + 2.0 cl_c
NKCC2t,Na+-K+-Cl- cotransport (NH4+),Unknown,1.2662803343949045,1.2662803343949043,1.0000000000000002,-2.220446049250313e-16,MINIMAL,optimal,2,6557_AT1;6558_AT1,SLC12A1;SLC12A2,NA_43__e + 2.0 cl_e + nh4_e <=> NA_43__c + 2.0 cl_c + nh4_c
NICRNS,NICRNS,Unknown,1.2662803343949045,1.2662803343949043,1.0000000000000002,-2.220446049250313e-16,MINIMAL,optimal,0,,,CPD_45_8259_c + atp_c --> adp_c + h_c + nicrnt_c
NDPK9n,"nucleoside-diphosphate kinase (ATP:IDP), nuclear",Unknown,1.2662803343949045,1.2662803343949043,1.0000000000000002,-2.220446049250313e-16,MINIMAL,optimal,3,4831_AT1;4830_AT2;4830_AT1,NME2;NME1;NME1,atp_n + idp_n <=> adp_n + itp_n
NDPK9,nucleoside-diphosphate kinase (ATP:IDP),Unknown,1.2662803343949045,1.2662803343949043,1.0000000000000002,-2.220446049250313e-16,MINIMAL,optimal,7,4831_AT1;29922_AT1;4832_AT1;4830_AT2;4830_AT1;29922_AT2;10201_AT1,NME2;NME7;NME3;NME1;NME1;NME7;NME6,atp_c + idp_c <=> adp_c + itp_c
NDPK8n,"nucleoside-diphosphate kinase (ATP:dADP), nuclear",Unknown,1.2662803343949045,1.2662803343949043,1.0000000000000002,-2.220446049250313e-16,MINIMAL,optimal,3,4831_AT1;4830_AT2;4830_AT1,NME2;NME1;NME1,atp_n + dadp_n <=> adp_n + datp_n
NDPK8,nucleoside-diphosphate kinase (ATP:dADP),Unknown,1.2662803343949045,1.2662803343949043,1.0000000000000002,-2.220446049250313e-16,MINIMAL,optimal,7,4831_AT1;29922_AT1;4832_AT1;4830_AT2;4830_AT1;29922_AT2;10201_AT1,NME2;NME7;NME3;NME1;NME1;NME7;NME6,atp_c + dadp_c <=> adp_c + datp_c
NDPK7n,"nucleoside-diphosphate kinase (ATP:dCDP), nuclear",Unknown,1.2662803343949045,1.2662803343949043,1.0000000000000002,-2.220446049250313e-16,MINIMAL,optimal,3,4831_AT1;4830_AT2;4830_AT1,NME2;NME1;NME1,atp_n + dcdp_n <=> adp_n + dctp_n
NDPK7,nucleoside-diphosphate kinase (ATP:dCDP),Unknown,1.2662803343949045,1.2662803343949043,1.0000000000000002,-2.220446049250313e-16,MINIMAL,optimal,7,4831_AT1;29922_AT1;4832_AT1;4830_AT2;4830_AT1;29922_AT2;10201_AT1,NME2;NME7;NME3;NME1;NME1;NME7;NME6,atp_c + dcdp_c <=> adp_c + dctp_c
NDPK6n,"nucleoside-diphosphate kinase (ATP:dUDP), nuclear",Unknown,1.2662803343949045,1.2662803343949043,1.0000000000000002,-2.220446049250313e-16,MINIMAL,optimal,3,4831_AT1;4830_AT2;4830_AT1,NME2;NME1;NME1,atp_n + dudp_n <=> adp_n + dutp_n
NDPK6,nucleoside-diphosphate kinase (ATP:dUDP),Unknown,1.2662803343949045,1.2662803343949043,1.0000000000000002,-2.220446049250313e-16,MINIMAL,optimal,7,4831_AT1;29922_AT1;4832_AT1;4830_AT2;4830_AT1;29922_AT2;10201_AT1,NME2;NME7;NME3;NME1;NME1;NME7;NME6,atp_c + dudp_c <=> adp_c + dutp_c
NDPK5n,"nucleoside-diphosphate kinase (ATP:dGDP), nuclear",Unknown,1.2662803343949045,1.2662803343949043,1.0000000000000002,-2.220446049250313e-16,MINIMAL,optimal,3,4831_AT1;4830_AT2;4830_AT1,NME2;NME1;NME1,atp_n + dgdp_n <=> adp_n + dgtp_n
NDPK5,nucleoside-diphosphate kinase (ATP:dGDP),Unknown,1.2662803343949045,1.2662803343949043,1.0000000000000002,-2.220446049250313e-16,MINIMAL,optimal,7,4831_AT1;29922_AT1;4832_AT1;4830_AT2;4830_AT1;29922_AT2;10201_AT1,NME2;NME7;NME3;NME1;NME1;NME7;NME6,atp_c + dgdp_c <=> adp_c + dgtp_c
NDPK4n,"nucleoside-diphosphate kinase (ATP:dTDP), nuclear",Unknown,1.2662803343949045,1.2662803343949043,1.0000000000000002,-2.220446049250313e-16,MINIMAL,optimal,3,4831_AT1;4830_AT2;4830_AT1,NME2;NME1;NME1,atp_n + dtdp_n <=> adp_n + dttp_n
NDPK4,nucleoside-diphosphate kinase (ATP:dTDP),Unknown,1.2662803343949045,1.2662803343949043,1.0000000000000002,-2.220446049250313e-16,MINIMAL,optimal,7,4831_AT1;29922_AT1;4832_AT1;4830_AT2;4830_AT1;29922_AT2;10201_AT1,NME2;NME7;NME3;NME1;NME1;NME7;NME6,atp_c + dtdp_c <=> adp_c + dttp_c
NDPK3n,"nucleoside-diphosphate kinase (ATP:CDP),nuclear",Unknown,1.2662803343949045,1.2662803343949043,1.0000000000000002,-2.220446049250313e-16,MINIMAL,optimal,3,4831_AT1;4830_AT2;4830_AT1,NME2;NME1;NME1,atp_n + cdp_n <=> adp_n + ctp_n
FAOXC18280m,Beta oxidation of fatty acid,Unknown,1.2662803343949045,1.2662803343949043,1.0000000000000002,-2.220446049250313e-16,MINIMAL,optimal,2,34_AT1;35_AT1,ACADM;ACADS,5.0 WATER_m + 5.0 coa_m + 3.0 fad_m + lneldccoa_m + 5.0 nad_m --> 5.0 accoa_m + 3.0 fadh2_m + 5.0 h_m + 5.0 nadh_m + occoa_m
FAOXC182806m,Beta oxidation of fatty acid,Unknown,1.2662803343949045,1.2662803343949043,1.0000000000000002,-2.220446049250313e-16,MINIMAL,optimal,2,34_AT1;35_AT1,ACADM;ACADS,5.0 WATER_m + 5.0 coa_m + 3.0 fad_m + lnlccoa_m + 5.0 nad_m --> 5.0 accoa_m + 3.0 fadh2_m + 5.0 h_m + 5.0 nadh_m + occoa_m
FAOXC1811603m,Beta oxidation  fatty acid,Unknown,1.2662803343949045,1.2662803343949043,1.0000000000000002,-2.220446049250313e-16,MINIMAL,optimal,2,34_AT1;35_AT1,ACADM;ACADS,5.0 WATER_m + 5.0 coa_m + 4.0 fad_m + 5.0 nad_m + odecoa_m --> 5.0 accoa_m + 4.0 fadh2_m + 5.0 h_m + 5.0 nadh_m + occoa_m
FAOXC1811602m,Beta oxidation  fatty acid,Unknown,1.2662803343949045,1.2662803343949043,1.0000000000000002,-2.220446049250313e-16,MINIMAL,optimal,2,34_AT1;35_AT1,ACADM;ACADS,5.0 WATER_m + 5.0 coa_m + 4.0 fad_m + 5.0 nad_m + vacccoa_m --> 5.0 accoa_m + 4.0 fadh2_m + 5.0 h_m + 5.0 nadh_m + occoa_m
FAOXC1811601m,Beta oxidation  fatty acid,Unknown,1.2662803343949045,1.2662803343949043,1.0000000000000002,-2.220446049250313e-16,MINIMAL,optimal,2,34_AT1;35_AT1,ACADM;ACADS,5.0 WATER_m + 5.0 coa_m + 4.0 fad_m + 5.0 nad_m + od2coa_m --> 5.0 accoa_m + 4.0 fadh2_m + 5.0 h_m + 5.0 nadh_m + occoa_m
FAOXC180x,Beta oxidation of long chain fatty acid,Unknown,1.2662803343949045,1.2662803343949043,1.0000000000000002,-2.220446049250313e-16,MINIMAL,optimal,5,1962_AT1;51_AT2;30_AT1;3295_AT1;51_AT1,EHHADH;ACOX1;ACAA1;HSD17B4;ACOX1,OXYGEN_45_MOLECULE_x + WATER_x + coa_x + nad_x + stcoa_x --> HYDROGEN_45_PEROXIDE_x + accoa_x + h_x + nadh_x + pmtcoa_x
FAOXC180,Beta oxidation of long chain fatty acid,Unknown,1.2662803343949045,1.2662803343949043,1.0000000000000002,-2.220446049250313e-16,MINIMAL,optimal,2,34_AT1;35_AT1,ACADM;ACADS,WATER_m + coa_m + fad_m + nad_m + stcoa_m --> accoa_m + fadh2_m + h_m + nadh_m + pmtcoa_m
FAOXC170m,Beta oxidation of long chain fatty acid (odd chain),Unknown,1.2662803343949045,1.2662803343949043,1.0000000000000002,-2.220446049250313e-16,MINIMAL,optimal,1,34_AT1,ACADM,7.0 WATER_m + 7.0 coa_m + 7.0 fad_m + hpdcacoa_m + 7.0 nad_m --> 7.0 accoa_m + 7.0 fadh2_m + 7.0 h_m + 7.0 nadh_m + ppcoa_m
FAOXC16180m,Beta oxidation  fatty acid,Unknown,1.2662803343949045,1.2662803343949043,1.0000000000000002,-2.220446049250313e-16,MINIMAL,optimal,2,34_AT1;35_AT1,ACADM;ACADS,4.0 WATER_m + 4.0 coa_m + 3.0 fad_m + hdcoa_m + 4.0 nad_m --> 4.0 accoa_m + 3.0 fadh2_m + 4.0 h_m + 4.0 nadh_m + occoa_m
FAOXC161802m,Beta oxidation  fatty acid,Unknown,1.2662803343949045,1.2662803343949043,1.0000000000000002,-2.220446049250313e-16,MINIMAL,optimal,2,34_AT1;35_AT1,ACADM;ACADS,4.0 WATER_m + 4.0 coa_m + 3.0 fad_m + hdd2coa_m + 4.0 nad_m --> 4.0 accoa_m + 3.0 fadh2_m + 4.0 h_m + 4.0 nadh_m + occoa_m
FAOXC16080m,Beta oxidation of long chain fatty acid,Unknown,1.2662803343949045,1.2662803343949043,1.0000000000000002,-2.220446049250313e-16,MINIMAL,optimal,2,34_AT1;35_AT1,ACADM;ACADS,4.0 WATER_m + 4.0 coa_m + 4.0 fad_m + 4.0 nad_m + pmtcoa_m --> 4.0 accoa_m + 4.0 fadh2_m + 4.0 h_m + 4.0 nadh_m + occoa_m
FAOXC160,Beta oxidation of long chain fatty acid,Unknown,1.2662803343949045,1.2662803343949043,1.0000000000000002,-2.220446049250313e-16,MINIMAL,optimal,2,34_AT1;35_AT1,ACADM;ACADS,7.0 WATER_m + 7.0 coa_m + 7.0 fad_m + 7.0 nad_m + pmtcoa_m --> 8.0 accoa_m + 7.0 fadh2_m + 7.0 h_m + 7.0 nadh_m
FAOXC150m,Beta oxidation of long chain fatty acid (odd chain),Unknown,1.2662803343949045,1.2662803343949043,1.0000000000000002,-2.220446049250313e-16,MINIMAL,optimal,2,34_AT1;35_AT1,ACADM;ACADS,6.0 WATER_m + 6.0 coa_m + 6.0 fad_m + 6.0 nad_m + ptdcacoa_m --> 6.0 accoa_m + 6.0 fadh2_m + 6.0 h_m + 6.0 nadh_m + ppcoa_m
FAOXC140,Beta oxidation of long chain fatty acid,Unknown,1.2662803343949045,1.2662803343949043,1.0000000000000002,-2.220446049250313e-16,MINIMAL,optimal,2,34_AT1;35_AT1,ACADM;ACADS,6.0 WATER_m + 6.0 coa_m + 6.0 fad_m + 6.0 nad_m + tdcoa_m --> 7.0 accoa_m + 6.0 fadh2_m + 6.0 h_m + 6.0 nadh_m
O2St,superoxide anion transport via diffusion (extracellular),Unknown,1.2662803343949045,1.2662803343949043,1.0000000000000002,-2.220446049250313e-16,MINIMAL,optimal,0,,,o2s_c <=> o2s_e
GLYt7_LPAREN_211_RPAREN_r,glycine reversible transport via sodium and chloride symport (2:1:1),Unknown,1.2662803343949045,1.2662803343949043,1.0000000000000002,-2.220446049250313e-16,MINIMAL,optimal,2,6536_AT1;6536_AT2,SLC6A9;SLC6A9,GLY_e + 2.0 NA_43__e + cl_e <=> GLY_c + 2.0 NA_43__c + cl_c
FATP9t,fatty acid electroneutral transport,Unknown,1.2662803343949045,1.2662803343949043,1.0000000000000002,-2.220446049250313e-16,MINIMAL,optimal,2,11001_AT1;10998_AT1,SLC27A2;SLC27A5,NA_43__c + nrvnc_c <=> NA_43__e + nrvnc_e
FATP8t,fatty acid electroneutral transport,Unknown,1.2662803343949045,1.2662803343949043,1.0000000000000002,-2.220446049250313e-16,MINIMAL,optimal,2,11001_AT1;10998_AT1,SLC27A2;SLC27A5,NA_43__c + lgnc_c <=> NA_43__e + lgnc_e
FATP7t,fatty acid electroneutral transport,Unknown,1.2662803343949045,1.2662803343949043,1.0000000000000002,-2.220446049250313e-16,MINIMAL,optimal,2,11001_AT1;10998_AT1,SLC27A2;SLC27A5,NA_43__c + crvnc_c <=> NA_43__e + crvnc_e
FATP6t,fatty acid electroneutral transport,Unknown,1.2662803343949045,1.2662803343949043,1.0000000000000002,-2.220446049250313e-16,MINIMAL,optimal,2,11001_AT1;10998_AT1,SLC27A2;SLC27A5,NA_43__c + adrn_c <=> NA_43__e + adrn_e
FATP2t,fatty acid electroneutral transport,Unknown,1.2662803343949045,1.2662803343949043,1.0000000000000002,-2.220446049250313e-16,MINIMAL,optimal,2,376497_AT1;376497_AT2,SLC27A1;SLC27A1,NA_43__c + ocdcea_c <=> NA_43__e + ocdcea_e
FAS80COA_L,"fatty acyl-CoA synthase (n-C8:0CoA), lumped reaction",Unknown,1.2662803343949045,1.2662803343949043,1.0000000000000002,-2.220446049250313e-16,MINIMAL,optimal,1,2194_AT1,FASN,6.0 NADPH_c + accoa_c + 9.0 h_c + 3.0 malcoa_c --> 3.0 CARBON_45_DIOXIDE_c + 3.0 WATER_c + 3.0 coa_c + 6.0 nadp_c + occoa_c
FAS180COA,fatty-acyl-CoA synthase (n-C18:0CoA),Unknown,1.2662803343949045,1.2662803343949043,1.0000000000000002,-2.220446049250313e-16,MINIMAL,optimal,1,2194_AT1,FASN,2.0 NADPH_c + 3.0 h_c + malcoa_c + pmtcoa_c --> CARBON_45_DIOXIDE_c + STEAROYL_45_COA_c + WATER_c + coa_c + 2.0 nadp_c
FAS140COA,fatty-acyl-CoA synthase (n-C14:0CoA),Unknown,1.2662803343949045,1.2662803343949043,1.0000000000000002,-2.220446049250313e-16,MINIMAL,optimal,1,2194_AT1,FASN,2.0 NADPH_c + ddcacoa_c + 3.0 h_c + malcoa_c --> CARBON_45_DIOXIDE_c + TETRADECANOYL_45_COA_c + WATER_c + coa_c + 2.0 nadp_c
FAS120COA,fatty-acyl-CoA synthase (n-C12:0CoA),Unknown,1.2662803343949045,1.2662803343949043,1.0000000000000002,-2.220446049250313e-16,MINIMAL,optimal,1,2194_AT1,FASN,2.0 NADPH_c + dcacoa_c + 3.0 h_c + malcoa_c --> CARBON_45_DIOXIDE_c + WATER_c + coa_c + ddcacoa_c + 2.0 nadp_c
FAS100COA,fatty acyl-CoA synthase (n-C10:0CoA),Unknown,1.2662803343949045,1.2662803343949043,1.0000000000000002,-2.220446049250313e-16,MINIMAL,optimal,1,2194_AT1,FASN,2.0 NADPH_c + 3.0 h_c + malcoa_c + occoa_c --> CARBON_45_DIOXIDE_c + WATER_c + coa_c + dcacoa_c + 2.0 nadp_c
FTHFL,formate-tetrahydrofolate ligase,Unknown,1.2662803343949045,1.2662803343949043,1.0000000000000002,-2.220446049250313e-16,MINIMAL,optimal,2,4522_AT1;286297_AT1,MTHFD1;286297_AT1,atp_c + for_c + thf_c <=> 10fthf_c + adp_c + pi_c
FTHFDH,formyltetrahydrofolate dehydrogenase,Unknown,1.2662803343949045,1.2662803343949043,1.0000000000000002,-2.220446049250313e-16,MINIMAL,optimal,1,10840_AT1,ALDH1L1,10fthf_c + WATER_c + nadp_c --> CARBON_45_DIOXIDE_c + NADPH_c + h_c + thf_c
FRUt1r,D-fructose transport in via uniport,Unknown,1.2662803343949045,1.2662803343949043,1.0000000000000002,-2.220446049250313e-16,MINIMAL,optimal,5,29988_AT1;66035_AT1;6514_AT1;155184_AT1;6518_AT1,SLC2A8;SLC2A11;SLC2A2;SLC2A7;SLC2A5,fru_e <=> CPD_45_15382_c
FRDPtr,"lipid, flip-flop intracellular transport",Unknown,1.2662803343949045,1.2662803343949043,1.0000000000000002,-2.220446049250313e-16,MINIMAL,optimal,0,,,frdp_x <=> frdp_r
FORtr,"FOR transporter, endoplasmic reticulum",Unknown,1.2662803343949045,1.2662803343949043,1.0000000000000002,-2.220446049250313e-16,MINIMAL,optimal,0,,,for_c <=> for_r
FDH,formate dehydrogenase,Unknown,1.2662803343949045,1.2662803343949043,1.0000000000000002,-2.220446049250313e-16,MINIMAL,optimal,1,10840_AT1,ALDH1L1,for_c + nad_c --> CARBON_45_DIOXIDE_c + nadh_c
FBP26,"Fructose-2,6-bisphosphate 2-phosphatase",Unknown,1.2662803343949045,1.2662803343949043,1.0000000000000002,-2.220446049250313e-16,MINIMAL,optimal,6,5208_AT1;5207_AT1;5210_AT1;8789_AT1;5209_AT1;2203_AT1,PFKFB2;PFKFB1;PFKFB4;FBP2;PFKFB3;FBP1,CPD_45_535_c + WATER_c --> f6p_c + pi_c
FBP,fructose-bisphosphatase,Unknown,1.2662803343949045,1.2662803343949043,1.0000000000000002,-2.220446049250313e-16,MINIMAL,optimal,2,8789_AT1;2203_AT1,FBP2;FBP1,WATER_c + fdp_c --> f6p_c + pi_c
FBA4,D-Fructose 1-phosphate D-glyceraldehyde-3-phosphate-lyase,Unknown,1.2662803343949045,1.2662803343949043,1.0000000000000002,-2.220446049250313e-16,MINIMAL,optimal,5,230_AT1;226_AT2;229_AT1;226_AT3;226_AT1,ALDOC;ALDOA;ALDOB;ALDOA;ALDOA,xu1p_DASH_DASH_DASH_D_c <=> dhap_c + gcald_c
FBA,fructose-bisphosphate aldolase,Unknown,1.2662803343949045,1.2662803343949043,1.0000000000000002,-2.220446049250313e-16,MINIMAL,optimal,5,230_AT1;226_AT2;229_AT1;226_AT3;226_AT1,ALDOC;ALDOA;ALDOB;ALDOA;ALDOA,fdp_c <=> dhap_c + g3p_c
OIVD2m,"2-oxoisovalerate dehydrogenase (acylating; 3-methyl-2-oxobutanoate), mitochondrial",Unknown,1.2662803343949045,1.2662803343949043,1.0000000000000002,-2.220446049250313e-16,MINIMAL,optimal,5,1629_AT1;593_AT1;1738_AT1;594_AT2;594_AT1,DBT;BCKDHA;DLD;BCKDHB;BCKDHB,3mob_m + coa_m + nad_m --> CARBON_45_DIOXIDE_m + ibcoa_m + nadh_m
OCOAT1m,3-oxoacid CoA-transferase,Unknown,1.2662803343949045,1.2662803343949043,1.0000000000000002,-2.220446049250313e-16,MINIMAL,optimal,2,5019_AT1;64064_AT1,OXCT1;OXCT2,acac_m + succoa_m <=> aacoa_m + succ_m
OCCOAtm,"Octanoyl-CoA transport, diffusion",Unknown,1.2662803343949045,1.2662803343949043,1.0000000000000002,-2.220446049250313e-16,MINIMAL,optimal,0,,,occoa_c --> occoa_m
PIt8,phosphate transport in/out via Na+ symporter,Unknown,1.2662803343949045,1.2662803343949043,1.0000000000000002,-2.220446049250313e-16,MINIMAL,optimal,2,6574_AT1;6575_AT1,SLC20A1;SLC20A2,1.5 NA_43__e + pi_e <=> 1.5 NA_43__c + pi_c
PIt7,phosphate transport in/out via three Na+ symporter,Unknown,1.2662803343949045,1.2662803343949043,1.0000000000000002,-2.220446049250313e-16,MINIMAL,optimal,2,6569_AT1;10568_AT1,SLC34A1;SLC34A2,3.0 NA_43__e + pi_e <=> 3.0 NA_43__c + pi_c
PIt2m,"phosphate transporter, mitochondrial",Unknown,1.2662803343949045,1.2662803343949043,1.0000000000000002,-2.220446049250313e-16,MINIMAL,optimal,4,5250_AT3;5250_AT1;5250_AT4;5250_AT2,SLC25A3;SLC25A3;SLC25A3;SLC25A3,h_c + pi_c <=> h_m + pi_m
GASNASEly,"glycosylasparaginase, lysosomal",Unknown,1.2662803343949045,1.2662803343949043,1.0000000000000002,-2.220446049250313e-16,MINIMAL,optimal,1,175_AT1,AGA,h2o_l + s2l2n2m2masn_l --> Asn_DASH_DASH_DASH_X_DASH_DASH_DASH_Ser_DASH_FSLASH_DASH_Thr_l + s2l2n2m2m_l
GASNASE2ly,"glycosylasparaginase, lysosomal",Unknown,1.2662803343949045,1.2662803343949043,1.0000000000000002,-2.220446049250313e-16,MINIMAL,optimal,1,175_AT1,AGA,h2o_l + n2m2nmasn_l --> Asn_DASH_DASH_DASH_X_DASH_DASH_DASH_Ser_DASH_FSLASH_DASH_Thr_l + n2m2nm_l
PIPLC,phosphatidylinositol phospholipase C,Unknown,1.2662803343949045,1.2662803343949043,1.0000000000000002,-2.220446049250313e-16,MINIMAL,optimal,18,89869_AT1;23007_AT1;5336_AT1;5331_AT1;5332_AT2;51196_AT1;5333_AT1;5335_AT1;23236_AT1;84812_AT1,PLCZ1;PLCH1;PLCG2;PLCB3;PLCB4;PLCE1;PLCD1;PLCG1;PLCB1;PLCD4,WATER_c + pail_DASH_hs_c --> DIACYLGLYCEROL_c + h_c + mi1p_DASH_DASH_DASH_D_c
PIK5,phosphatidylinositol 5-kinase,Unknown,1.2662803343949045,1.2662803343949043,1.0000000000000002,-2.220446049250313e-16,MINIMAL,optimal,3,8395_AT1;8394_AT1;23396_AT1,PIP5K1B;PIP5K1A;PIP5K1C,atp_c + pail_DASH_hs_c --> adp_c + h_c + pail5p_DASH_hs_c
PI345P3P,"phosphatidylinositol-3,4,5-trisphosphate 3-phosphatase",Unknown,1.2662803343949045,1.2662803343949043,1.0000000000000002,-2.220446049250313e-16,MINIMAL,optimal,1,5728_AT1,PTEN,WATER_c + pail345p_DASH_hs_c --> pail45p_DASH_hs_c + pi_c
PCREATtmdiffir,Phosphocreatine transport to/from mitochondria via diffusion,Unknown,1.2662803343949045,1.2662803343949043,1.0000000000000002,-2.220446049250313e-16,MINIMAL,optimal,0,,,pcreat_m --> pcreat_c
PIK4,phosphatidylinositol 4-kinase,Unknown,1.2662803343949045,1.2662803343949043,1.0000000000000002,-2.220446049250313e-16,MINIMAL,optimal,3,5297_AT1;5298_AT1;55361_AT1,PI4KA;PI4KB;PI4K2A,atp_c + pail_DASH_hs_c --> adp_c + h_c + pail4p_DASH_hs_c
PIK3,phosphatidylinositol 3-kinase,Unknown,1.2662803343949045,1.2662803343949043,1.0000000000000002,-2.220446049250313e-16,MINIMAL,optimal,15,5296_AT1;5295_AT2;5293_AT1;5288_AT1;5291_AT1;5289_AT1;23533_AT1;5287_AT1;5295_AT3;8503_AT1,PIK3R2;PIK3R1;PIK3CD;PIK3C2G;PIK3CB;PIK3C3;PIK3R5;PIK3C2B;PIK3R1;PIK3R3,atp_c + pail_DASH_hs_c --> adp_c + h_c + pail3p_DASH_hs_c
PI5P4K,phosphatidylinositol-5-phosphate 4-kinase,Unknown,1.2662803343949045,1.2662803343949043,1.0000000000000002,-2.220446049250313e-16,MINIMAL,optimal,3,5297_AT1;5298_AT1;55361_AT1,PI4KA;PI4KB;PI4K2A,atp_c + pail5p_DASH_hs_c --> adp_c + h_c + pail45p_DASH_hs_c
PI5P3K,phosphatidylinositol-5-phosphate 3-kinase,Unknown,1.2662803343949045,1.2662803343949043,1.0000000000000002,-2.220446049250313e-16,MINIMAL,optimal,15,5296_AT1;5295_AT2;5293_AT1;5288_AT1;5291_AT1;5289_AT1;23533_AT1;5295_AT3;5287_AT1;8503_AT1,PIK3R2;PIK3R1;PIK3CD;PIK3C2G;PIK3CB;PIK3C3;PIK3R5;PIK3R1;PIK3C2B;PIK3R3,atp_c + pail5p_DASH_hs_c --> adp_c + h_c + pail35p_DASH_hs_c
PI4PLC,phosphatidylinositol 4-phosphate phospholipase C,Unknown,1.2662803343949045,1.2662803343949043,1.0000000000000002,-2.220446049250313e-16,MINIMAL,optimal,18,89869_AT1;23007_AT1;5336_AT1;5331_AT1;5332_AT2;51196_AT1;5333_AT1;5335_AT1;23236_AT1;84812_AT1,PLCZ1;PLCH1;PLCG2;PLCB3;PLCB4;PLCE1;PLCD1;PLCG1;PLCB1;PLCD4,WATER_c + pail4p_DASH_hs_c --> DIACYLGLYCEROL_c + h_c + mi14p_c
PI4P5K,phosphatidylinositol 4-phosphate 5-kinase,Unknown,1.2662803343949045,1.2662803343949043,1.0000000000000002,-2.220446049250313e-16,MINIMAL,optimal,10,5305_AT1;8395_AT1;8396_AT1;200576_AT3;79837_AT1;8396_AT2;8394_AT1;23396_AT1;200576_AT2;200576_AT1,PIP4K2A;PIP5K1B;PIP4K2B;PIKFYVE;PIP4K2C;PIP4K2B;PIP5K1A;PIP5K1C;PIKFYVE;PIKFYVE,atp_c + pail4p_DASH_hs_c --> adp_c + h_c + pail45p_DASH_hs_c
PI4P3K,phosphatidylinositol 4-phosphate 3-kinase,Unknown,1.2662803343949045,1.2662803343949043,1.0000000000000002,-2.220446049250313e-16,MINIMAL,optimal,14,5296_AT1;5295_AT2;5293_AT1;5288_AT1;5291_AT1;5295_AT3;5287_AT1;23533_AT1;8503_AT1;5295_AT1,PIK3R2;PIK3R1;PIK3CD;PIK3C2G;PIK3CB;PIK3R1;PIK3C2B;PIK3R5;PIK3R3;PIK3R1,atp_c + pail4p_DASH_hs_c --> adp_c + h_c + pail34p_DASH_hs_c
PI45PLC,"phosphatidylinositol 4,5-bisphosphate phospholipase C",Unknown,1.2662803343949045,1.2662803343949043,1.0000000000000002,-2.220446049250313e-16,MINIMAL,optimal,18,89869_AT1;23007_AT1;5336_AT1;5331_AT1;5332_AT2;51196_AT1;5333_AT1;23236_AT1;5335_AT1;84812_AT1,PLCZ1;PLCH1;PLCG2;PLCB3;PLCB4;PLCE1;PLCD1;PLCB1;PLCG1;PLCD4,WATER_c + pail45p_DASH_hs_c --> DIACYLGLYCEROL_c + h_c + mi145p_c
PI45P5P,"phosphatidylinositol-4,5-bisphosphate 5-phosphatase",Unknown,1.2662803343949045,1.2662803343949043,1.0000000000000002,-2.220446049250313e-16,MINIMAL,optimal,7,3633_AT1;4952_AT1;56623_AT1;4952_AT2;8867_AT2;8871_AT1;8867_AT1,INPP5B;OCRL;INPP5E;OCRL;SYNJ1;SYNJ2;SYNJ1,WATER_c + pail45p_DASH_hs_c --> pail4p_DASH_hs_c + pi_c
PI45P3Kn,"phosphatidylinositol 4,5-bisphosphate 3-kinase, nuclear",Unknown,1.2662803343949045,1.2662803343949043,1.0000000000000002,-2.220446049250313e-16,MINIMAL,optimal,0,,,atp_n + pail45p_DASH_hs_n --> adp_n + h_n + pail345p_DASH_hs_n
PI3P5K,phosphatidylinositol 3-phosphate 5-kinase,Unknown,1.2662803343949045,1.2662803343949043,1.0000000000000002,-2.220446049250313e-16,MINIMAL,optimal,3,8394_AT1;8395_AT1;23396_AT1,PIP5K1A;PIP5K1B;PIP5K1C,atp_c + pail3p_DASH_hs_c --> adp_c + h_c + pail35p_DASH_hs_c
PI3P4K,phosphatidylinositol 3-phosphate 4-kinase,Unknown,1.2662803343949045,1.2662803343949043,1.0000000000000002,-2.220446049250313e-16,MINIMAL,optimal,6,8395_AT1;55361_AT1;5298_AT1;5297_AT1;8394_AT1;23396_AT1,PIP5K1B;PI4K2A;PI4KB;PI4KA;PIP5K1A;PIP5K1C,atp_c + pail3p_DASH_hs_c --> adp_c + h_c + pail34p_DASH_hs_c
PI35P3P,"phosphatidylinositol-3,5-bisphosphate 3-phosphatase",Unknown,1.2662803343949045,1.2662803343949043,1.0000000000000002,-2.220446049250313e-16,MINIMAL,optimal,3,8897_AT1;8897_AT2;8897_AT3,MTMR3;MTMR3;MTMR3,WATER_c + pail35p_DASH_hs_c --> pail5p_DASH_hs_c + pi_c
PI34P5K,"phosphatidylinositol 3,4-bisphosphate 5-kinase",Unknown,1.2662803343949045,1.2662803343949043,1.0000000000000002,-2.220446049250313e-16,MINIMAL,optimal,3,8395_AT1;8394_AT1;23396_AT1,PIP5K1B;PIP5K1A;PIP5K1C,atp_c + pail34p_DASH_hs_c --> adp_c + h_c + pail345p_DASH_hs_c
PI345P5P,"phosphatidylinositol-3,4,5-trisphosphate 5-phosphatase",Unknown,1.2662803343949045,1.2662803343949043,1.0000000000000002,-2.220446049250313e-16,MINIMAL,optimal,10,8867_AT1;27124_AT2;3636_AT1;56623_AT1;8871_AT1;3633_AT1;27124_AT1;8867_AT2;3632_AT1;3635_AT1,SYNJ1;INPP5J;INPPL1;INPP5E;SYNJ2;INPP5B;INPP5J;SYNJ1;INPP5A;INPP5D,WATER_c + pail345p_DASH_hs_c --> pail34p_DASH_hs_c + pi_c
PI345P3Pn,"phosphatidylinositol-3,4,5-trisphosphate 3-phosphatase, nuclear",Unknown,1.2662803343949045,1.2662803343949043,1.0000000000000002,-2.220446049250313e-16,MINIMAL,optimal,1,5728_AT1,PTEN,h2o_n + pail345p_DASH_hs_n --> pail45p_DASH_hs_n + pi_n
MANNPGUANYLTRANGDP_45_RXN,MANNPGUANYLTRANGDP-RXN,Unknown,1.2662803343949045,1.2662803343949043,1.0000000000000002,-2.220446049250313e-16,MINIMAL,optimal,2,HS10686;HS07182,GMPPB;GMPPA,MANNOSE_45_1P_c + gdp_c + h_c <=> GDP_45_MANNOSE_c + pi_c
ALATA_L,L-alanine transaminase,Unknown,1.2662803343949045,1.2662803343949043,1.0000000000000002,-2.220446049250313e-16,MINIMAL,optimal,2,84706_AT1;2875_AT1,GPT2;GPT,L_45_ALPHA_45_ALANINE_c + akg_c <=> Glutamates_c + pyr_c
ALASERNaEx,L-alanine/L-serine Na-dependent exchange (Ala-L in),Unknown,1.2662803343949045,1.2662803343949043,1.0000000000000002,-2.220446049250313e-16,MINIMAL,optimal,2,6510_AT1;6509_AT1,SLC1A5;SLC1A4,L_45_ALPHA_45_ALANINE_e + NA_43__e + SER_c --> L_45_ALPHA_45_ALANINE_c + NA_43__c + SER_e
ALAR,alanine racemase,Unknown,1.2662803343949045,1.2662803343949043,1.0000000000000002,-2.220446049250313e-16,MINIMAL,optimal,1,11212_AT1,PROSC,L_45_ALPHA_45_ALANINE_c <=> ala_DASH_DASH_DASH_D_c
ALADGLNexR,L-alanine/glutamine reversible exchange,Unknown,1.2662803343949045,1.2662803343949043,1.0000000000000002,-2.220446049250313e-16,MINIMAL,optimal,2,56301_AT1;6520_AT1,SLC7A10;SLC3A2,GLN_c + ala_DASH_DASH_DASH_D_e <=> GLN_e + ala_DASH_DASH_DASH_D_c
ALACYSNaEx,L-alanine/L-cysteine Na-dependent exchange (Ala-L in),Unknown,1.2662803343949045,1.2662803343949043,1.0000000000000002,-2.220446049250313e-16,MINIMAL,optimal,2,6510_AT1;6509_AT1,SLC1A5;SLC1A4,CYS_c + L_45_ALPHA_45_ALANINE_e + NA_43__e --> CYS_e + L_45_ALPHA_45_ALANINE_c + NA_43__c
ALAASNNaEx,L-alanine/L-asparagine Na-dependent exchange (Ala-L in),Unknown,1.2662803343949045,1.2662803343949043,1.0000000000000002,-2.220446049250313e-16,MINIMAL,optimal,1,6510_AT1,SLC1A5,ASN_c + L_45_ALPHA_45_ALANINE_e + NA_43__e --> ASN_e + L_45_ALPHA_45_ALANINE_c + NA_43__c
AIRCr,phosphoribosylaminoimidazole carboxylase,Unknown,1.2662803343949045,1.2662803343949043,1.0000000000000002,-2.220446049250313e-16,MINIMAL,optimal,1,10606_AT1,PAICS,CARBON_45_DIOXIDE_c + air_c <=> 5aizc_c + h_c
AICART,phosphoribosylaminoimidazolecarboxamide formyltransferase,Unknown,1.2662803343949045,1.2662803343949043,1.0000000000000002,-2.220446049250313e-16,MINIMAL,optimal,1,471_AT1,ATIC,10fthf_c + aicar_c <=> fprica_c + thf_c
AHEXASEly,"beta-N-acetylhexosaminidase, lysosomal",Unknown,1.2662803343949045,1.2662803343949043,1.0000000000000002,-2.220446049250313e-16,MINIMAL,optimal,2,3073_AT1;3074_AT1,HEXA;HEXB,2.0 h2o_l + n2m2mn_l --> 2.0 acgam_l + m2mn_l
AHEXASE2ly,"beta-N-acetylhexosaminidase, lysosomal",Unknown,1.2662803343949045,1.2662803343949043,1.0000000000000002,-2.220446049250313e-16,MINIMAL,optimal,2,3073_AT1;3074_AT1,HEXA;HEXB,3.0 h2o_l + n2m2nmn_l --> 3.0 acgam_l + m2mn_l
LALDO2x,D-Lactaldehyde:NAD+ 1-oxidoreductase,Unknown,1.2662803343949045,1.2662803343949043,1.0000000000000002,-2.220446049250313e-16,MINIMAL,optimal,1,8574_AT1,AKR7A2,METHYL_45_GLYOXAL_c + h_c + nadh_c --> lald_DASH_DASH_DASH_D_c + nad_c
LALDO2,D-Lactaldehyde:NADP+ 1-oxidoreductase,Unknown,1.2662803343949045,1.2662803343949043,1.0000000000000002,-2.220446049250313e-16,MINIMAL,optimal,4,231_AT1;8574_AT1;10327_AT1;10327_AT2,AKR1B1;AKR7A2;AKR1A1;AKR1A1,METHYL_45_GLYOXAL_c + NADPH_c + h_c --> lald_DASH_DASH_DASH_D_c + nadp_c
LALDO,D-Lactaldehyde:NAD+ oxidoreductase (glutathione-formylating),Unknown,1.2662803343949045,1.2662803343949043,1.0000000000000002,-2.220446049250313e-16,MINIMAL,optimal,1,128_AT1,ADH5,gthrd_c + lald_DASH_DASH_DASH_D_c + nad_c <=> h_c + lgt_DASH_DASH_DASH_S_c + nadh_c
LALDD,D-lactaldehyde dehydrogenase,Unknown,1.2662803343949045,1.2662803343949043,1.0000000000000002,-2.220446049250313e-16,MINIMAL,optimal,1,9380_AT1,GRHPR,lald_DASH_DASH_DASH_D_c + nadp_c <=> METHYL_45_GLYOXAL_c + NADPH_c + h_c
KHK2,ketohexokinase (D-xylulose),Unknown,1.2662803343949045,1.2662803343949043,1.0000000000000002,-2.220446049250313e-16,MINIMAL,optimal,2,3795_AT1;3795_AT2,KHK;KHK,D_45_XYLULOSE_c + atp_c --> adp_c + h_c + xu1p_DASH_DASH_DASH_D_c
KHK,ketohexokinase,Unknown,1.2662803343949045,1.2662803343949043,1.0000000000000002,-2.220446049250313e-16,MINIMAL,optimal,2,3795_AT1;3795_AT2,KHK;KHK,CPD_45_15382_c + atp_c --> adp_c + f1p_c + h_c
KDNH,2-keto-3deoxy-D-glycero-D-galactononic acid phosphohydrolase,Unknown,1.2662803343949045,1.2662803343949043,1.0000000000000002,-2.220446049250313e-16,MINIMAL,optimal,0,,,WATER_c + kdnp_c --> kdn_c + pi_c
KCCt,K+-Cl- cotransport,Unknown,1.2662803343949045,1.2662803343949043,1.0000000000000002,-2.220446049250313e-16,MINIMAL,optimal,4,57468_AT1;6560_AT1;9990_AT1;10723_AT1,SLC12A5;SLC12A4;SLC12A6;SLC12A7,K_43__e + cl_e <=> K_43__c + cl_c
ITCOAL1m,"Itaconate--CoA ligase (GDP-forming), mitochondrial",Unknown,1.2662803343949047,1.2662803343949043,1.0000000000000004,-4.440892098500626e-16,MINIMAL,optimal,2,8802_AT1;8801_AT1,SUCLG1;SUCLG2,coa_m + gtp_m + itacon_m <=> gdp_m + itaccoa_m + pi_m
ITCOALm,"Itaconate--CoA ligase (ADP-forming), mitochondrial",Unknown,1.2662803343949047,1.2662803343949043,1.0000000000000004,-4.440892098500626e-16,MINIMAL,optimal,2,8803_AT1;8802_AT1,SUCLA2;SUCLG1,atp_m + coa_m + itacon_m <=> adp_m + itaccoa_m + pi_m
ITPtn,ITP nuclear transport,Unknown,1.2662803343949047,1.2662803343949043,1.0000000000000004,-4.440892098500626e-16,MINIMAL,optimal,0,,,itp_c <=> itp_n
KCC2t,K+-Cl- cotransporter (NH4+),Unknown,1.2662803343949047,1.2662803343949043,1.0000000000000004,-4.440892098500626e-16,MINIMAL,optimal,3,6560_AT1;9990_AT1;10723_AT1,SLC12A4;SLC12A6;SLC12A7,cl_e + nh4_e <=> cl_c + nh4_c
LCADi,lactaldehyde dehydrogenase,Unknown,1.2662803343949047,1.2662803343949043,1.0000000000000004,-4.440892098500626e-16,MINIMAL,optimal,11,218_AT1;8854_AT3;8854_AT1;224_AT1;501_AT1;223_AT1;221_AT1;222_AT1;216_AT1;220_AT1,ALDH3A1;ALDH1A2;ALDH1A2;ALDH3A2;ALDH7A1;ALDH9A1;ALDH3B1;ALDH3B2;ALDH1A1;ALDH1A3,WATER_c + lald_DASH_DASH_DASH_L_c + nad_c --> 2.0 h_c + lac_DASH_DASH_DASH_L_c + nadh_c
LCYSTAT,L-Cysteate:2-oxoglutarate aminotransferase,Unknown,1.2662803343949047,1.2662803343949043,1.0000000000000004,-4.440892098500626e-16,MINIMAL,optimal,1,2805_AT1,GOT1,Lcyst_c + akg_c <=> 3spyr_c + Glutamates_c
LCYSTCBOXL,3-Sulfoalanine carboxy-lyase,Unknown,1.2662803343949047,1.2662803343949043,1.0000000000000004,-4.440892098500626e-16,MINIMAL,optimal,4,51380_AT1;2571_AT2;2571_AT1;2572_AT1,CSAD;GAD1;GAD1;GAD2,Lcyst_c + h_c --> CARBON_45_DIOXIDE_c + TAURINE_c
HSD3B3r,3 beta-hydroxysteroid dehydrogenase type 1,Unknown,1.2662803343949047,1.2662803343949043,1.0000000000000004,-4.440892098500626e-16,MINIMAL,optimal,1,3284_AT1,HSD3B2,eandrstrn_r + h_r + nadph_r --> andrstandn_r + h2o_r + nadp_r
ALDD2xm,"aldehyde dehydrogenase (acetylaldehyde, NAD), mitochondrial",Unknown,1.2662803343949047,1.2662803343949043,1.0000000000000004,-4.440892098500626e-16,MINIMAL,optimal,2,219_AT1;217_AT1,ALDH1B1;ALDH2,WATER_m + acald_m + nad_m --> ac_m + 2.0 h_m + nadh_m
ALDD2y,"aldehyde dehydrogenase (acetaldehyde, NADP)",Unknown,1.2662803343949047,1.2662803343949043,1.0000000000000004,-4.440892098500626e-16,MINIMAL,optimal,8,218_AT1;8854_AT3;8854_AT1;224_AT1;223_AT1;221_AT1;222_AT1;8854_AT2,ALDH3A1;ALDH1A2;ALDH1A2;ALDH3A2;ALDH9A1;ALDH3B1;ALDH3B2;ALDH1A2,ACETALD_c + WATER_c + nadp_c --> NADPH_c + ac_c + 2.0 h_c
ALR,Aldose reductase,Unknown,1.2662803343949047,1.2662803343949043,1.0000000000000004,-4.440892098500626e-16,MINIMAL,optimal,1,231_AT1,AKR1B1,METHYL_45_GLYOXAL_c + WATER_c + nadp_c --> NADPH_c + 2.0 h_c + pyr_c
ALR2,aldose reductase (methylglyoxal),Unknown,1.2662803343949047,1.2662803343949043,1.0000000000000004,-4.440892098500626e-16,MINIMAL,optimal,4,231_AT1;8574_AT1;10327_AT1;10327_AT2,AKR1B1;AKR7A2;AKR1A1;AKR1A1,METHYL_45_GLYOXAL_c + NADPH_c + h_c --> ACETOL_c + nadp_c
ALR3,aldose reductase (acetol),Unknown,1.2662803343949047,1.2662803343949043,1.0000000000000004,-4.440892098500626e-16,MINIMAL,optimal,4,231_AT1;8574_AT1;10327_AT1;10327_AT2,AKR1B1;AKR7A2;AKR1A1;AKR1A1,ACETOL_c + NADPH_c + h_c --> PROPANE_45_1_45_2_45_DIOL_c + nadp_c
P5CR,pyrroline-5-carboxylate reductase,Unknown,1.2662803343949047,1.2662803343949043,1.0000000000000004,-4.440892098500626e-16,MINIMAL,optimal,2,29920_AT1;65263_AT1,PYCR2;PYCRL,L_45_DELTA1_45_PYRROLINE_5_45_CARBOXYLATE_c + NADPH_c + 2.0 h_c --> PRO_c + nadp_c
P5CRx,pyrroline-5-carboxylate reductase,Unknown,1.2662803343949047,1.2662803343949043,1.0000000000000004,-4.440892098500626e-16,MINIMAL,optimal,2,29920_AT1;65263_AT1,PYCR2;PYCRL,L_45_DELTA1_45_PYRROLINE_5_45_CARBOXYLATE_c + 2.0 h_c + nadh_c --> PRO_c + nad_c
P5CRxm,pyrroline-5-carboxylate reductase (m),Unknown,1.2662803343949047,1.2662803343949043,1.0000000000000004,-4.440892098500626e-16,MINIMAL,optimal,2,5831_AT2;5831_AT1,PYCR1;PYCR1,1pyr5c_m + 2.0 h_m + nadh_m --> nad_m + pro_DASH_DASH_DASH_L_m
PACCOAL,phenylacetate-CoA ligase,Unknown,1.2662803343949047,1.2662803343949043,1.0000000000000004,-4.440892098500626e-16,MINIMAL,optimal,0,,,Phenyl_45_Acetates_c + atp_c + coa_c --> amp_c + phaccoa_c + ppi_c
PCm,pyruvate carboxylase,Unknown,1.2662803343949047,1.2662803343949043,1.0000000000000004,-4.440892098500626e-16,MINIMAL,optimal,2,5091_AT1;5091_AT2,PC;PC,atp_m + hco3_m + pyr_m --> adp_m + h_m + oaa_m + pi_m
PDE1,"3',5'-cyclic-nucleotide phosphodiesterase",Unknown,1.2662803343949047,1.2662803343949043,1.0000000000000004,-4.440892098500626e-16,MINIMAL,optimal,23,5150_AT1;5151_AT1;5136_AT2;5137_AT1;5150_AT2;8622_AT1;5141_AT1;50940_AT1;5151_AT5;5139_AT1,PDE7A;PDE8A;PDE1A;PDE1C;PDE7A;PDE8B;PDE4A;PDE11A;PDE8A;PDE3A,WATER_c + camp_c --> amp_c + h_c
PDXPP,Pyridoxine 5-phosphate phosphatase,Unknown,1.2662803343949047,1.2662803343949043,1.0000000000000004,-4.440892098500626e-16,MINIMAL,optimal,1,57026_AT1,PDXP,WATER_c + pdx5p_c --> pi_c + pydxn_c
PEAMNO,Phenethylamine oxidase,Unknown,1.2662803343949047,1.2662803343949043,1.0000000000000004,-4.440892098500626e-16,MINIMAL,optimal,5,4129_AT1;314_AT2;26_AT1;314_AT1;4128_AT1,MAOB;AOC2;AOC1;AOC2;MAOA,OXYGEN_45_MOLECULE_c + WATER_c + peamn_c --> HYDROGEN_45_PEROXIDE_c + PHENYLACETALDEHYDE_c + nh4_c
PEFLIPm,phosphatidylethanolamine flippase,Unknown,1.2662803343949047,1.2662803343949043,1.0000000000000004,-4.440892098500626e-16,MINIMAL,optimal,2,57194_AT1;10396_AT1,ATP10A;ATP8A1,WATER_c + atp_c + pe_DASH_hs_c --> adp_c + h_c + pe_DASH_hs_m + pi_c
PETHCT,phosphoethanolamine cytidyltransferase,Unknown,1.2662803343949047,1.2662803343949043,1.0000000000000004,-4.440892098500626e-16,MINIMAL,optimal,1,5833_AT1,PCYT2,ctp_c + ethamp_c + h_c --> cdpea_c + ppi_c
PFK,phosphofructokinase,Unknown,1.2662803343949047,1.2662803343949043,1.0000000000000004,-4.440892098500626e-16,MINIMAL,optimal,4,5214_AT1;5211_AT2;5211_AT1;5213_AT1,PFKP;PFKL;PFKL;PFKM,atp_c + f6p_c --> adp_c + fdp_c + h_c
PFK26,6-phosphofructo-2-kinase,Unknown,1.2662803343949047,1.2662803343949043,1.0000000000000004,-4.440892098500626e-16,MINIMAL,optimal,4,5208_AT1;5207_AT1;5209_AT1;5210_AT1,PFKFB2;PFKFB1;PFKFB3;PFKFB4,atp_c + f6p_c --> CPD_45_535_c + adp_c + h_c
PGCD,phosphoglycerate dehydrogenase,Unknown,1.2662803343949047,1.2662803343949043,1.0000000000000004,-4.440892098500626e-16,MINIMAL,optimal,1,26227_AT1,PHGDH,3pg_c + nad_c --> 3php_c + h_c + nadh_c
PHYCBOXL,L-Phenylalanine carboxy-lyase,Unknown,1.2662803343949047,1.2662803343949043,1.0000000000000004,-4.440892098500626e-16,MINIMAL,optimal,1,1644_AT1,DDC,PHE_c + h_c --> CARBON_45_DIOXIDE_c + peamn_c
GLCURtly,glucuronate transport into lysososme,Unknown,1.2662803343949047,1.2662803343949043,1.0000000000000004,-4.440892098500626e-16,MINIMAL,optimal,1,26503_AT1,SLC17A5,D_45_Glucopyranuronate_c + h_c <=> glcur_l + h_l
GLCt1r,glucose transport (uniport),Unknown,1.2662803343949047,1.2662803343949043,1.0000000000000004,-4.440892098500626e-16,MINIMAL,optimal,13,66035_AT1;6514_AT1;56606_AT1;11182_AT1;29988_AT1;155184_AT1;56606_AT2;81031_AT1;6517_AT1;154091_AT1,SLC2A11;SLC2A2;SLC2A9;SLC2A6;SLC2A8;SLC2A7;SLC2A9;SLC2A10;SLC2A4;SLC2A12,glc_DASH_DASH_DASH_D_e <=> Glucopyranose_c
GLCt4,glucose transport via sodium symport,Unknown,1.2662803343949047,1.2662803343949043,1.0000000000000004,-4.440892098500626e-16,MINIMAL,optimal,5,6524_AT1;6526_AT1;159963_AT1;200010_AT1;125206_AT1,SLC5A2;SLC5A3;SLC5A12;SLC5A9;SLC5A10,NA_43__e + glc_DASH_DASH_DASH_D_e <=> Glucopyranose_c + NA_43__c
GLCter,"glucose transport, endoplasmic reticulum",Unknown,1.2662803343949047,1.2662803343949043,1.0000000000000004,-4.440892098500626e-16,MINIMAL,optimal,0,,,Glucopyranose_c <=> glc_DASH_DASH_DASH_D_r
GLDBRAN,glycogen debranching enzyme,Unknown,1.2662803343949047,1.2662803343949043,1.0000000000000004,-4.440892098500626e-16,MINIMAL,optimal,6,178_AT6;178_AT5;178_AT3;178_AT2;178_AT1;178_AT4,AGL;AGL;AGL;AGL;AGL;AGL,WATER_c + dxtrn_c --> Glucopyranose_c + glygn3_c
GLGNS1,glycogen synthase (ggn -> glygn1),Unknown,1.2662803343949047,1.2662803343949043,1.0000000000000004,-4.440892098500626e-16,MINIMAL,optimal,4,2997_AT1;2998_AT1;8908_AT1;2992_AT1,GYS1;GYS2;GYG2;GYG1,3.0 CPD_45_12575_c + ggn_c --> glygn1_c + 3.0 h_c + 3.0 udp_c
GLNS,glutamine synthetase,Unknown,1.2662803343949047,1.2662803343949043,1.0000000000000004,-4.440892098500626e-16,MINIMAL,optimal,2,2752_AT1;51557_AT1,GLUL;LGSN,Glutamates_c + atp_c + nh4_c --> GLN_c + adp_c + h_c + pi_c
GLNtm,L-glutamine transport via electroneutral transporter,Unknown,1.2662803343949047,1.2662803343949043,1.0000000000000004,-4.440892098500626e-16,MINIMAL,optimal,0,,,GLN_c --> gln_DASH_DASH_DASH_L_m
GLPASE1,glycogen phosphorylase (glygn2 -> dxtrn),Unknown,1.2662803343949047,1.2662803343949043,1.0000000000000004,-4.440892098500626e-16,MINIMAL,optimal,3,5837_AT1;5834_AT1;5836_AT1,PYGM;PYGB;PYGL,glygn2_c + 3.0 pi_c --> 3.0 GLC_45_1_45_P_c + dxtrn_c
GLPASE2,glycogen phosphorylase (amyls -> glc-D),Unknown,1.2662803343949047,1.2662803343949043,1.0000000000000004,-4.440892098500626e-16,MINIMAL,optimal,3,5837_AT1;5834_AT1;5836_AT1,PYGM;PYGB;PYGL,7.0 WATER_c + glygn3_c --> 7.0 Glucopyranose_c + Tyr_DASH_DASH_DASH_ggn_c
GLU5Km,glutamate 5-kinase (m),Unknown,1.2662803343949047,1.2662803343949043,1.0000000000000004,-4.440892098500626e-16,MINIMAL,optimal,1,5832_AT1,ALDH18A1,atp_m + glu_DASH_DASH_DASH_L_m --> adp_m + glu5p_m
GLUCYS,gamma-glutamylcysteine synthetase,Unknown,1.2662803343949047,1.2662803343949043,1.0000000000000004,-4.440892098500626e-16,MINIMAL,optimal,2,2730_AT1;2729_AT1,GCLM;GCLC,CYS_c + Glutamates_c + atp_c --> adp_c + glucys_c + h_c + pi_c
GLUDxm,glutamate dehydrogenase (NAD) (mitochondrial),Unknown,1.2662803343949047,1.2662803343949043,1.0000000000000004,-4.440892098500626e-16,MINIMAL,optimal,2,2747_AT1;2746_AT1,GLUD2;GLUD1,WATER_m + glu_DASH_DASH_DASH_L_m + nad_m <=> akg_m + h_m + nadh_m + nh4_m
GLUDym,"glutamate dehydrogenase (NADP), mitochondrial",Unknown,1.2662803343949047,1.2662803343949043,1.0000000000000004,-4.440892098500626e-16,MINIMAL,optimal,2,2747_AT1;2746_AT1,GLUD2;GLUD1,WATER_m + glu_DASH_DASH_DASH_L_m + nadp_m <=> NADPH_m + akg_m + h_m + nh4_m
GLUNm,glutaminase (mitochondrial),Unknown,1.2662803343949047,1.2662803343949043,1.0000000000000004,-4.440892098500626e-16,MINIMAL,optimal,3,27165_AT2;2744_AT1;27165_AT1,GLS2;GLS;GLS2,WATER_m + gln_DASH_DASH_DASH_L_m --> glu_DASH_DASH_DASH_L_m + nh4_m
GLUPRT,glutamine phosphoribosyldiphosphate amidotransferase,Unknown,1.2662803343949047,1.2662803343949043,1.0000000000000004,-4.440892098500626e-16,MINIMAL,optimal,1,5471_AT1,PPAT,Glutamates_c + ppi_c + pram_c --> GLN_c + WATER_c + prpp_c
GLBRAN,"1,4-alpha-glucan branching enzyme (glygn1 -> glygn2)",Unknown,1.2662803343949047,1.2662803343949043,1.0000000000000004,-4.440892098500626e-16,MINIMAL,optimal,1,2632_AT1,GBE1,glygn1_c --> glygn2_c
GLCAASE8ly,"beta-glucuronidase, lysosomal",Unknown,1.2662803343949047,1.2662803343949043,1.0000000000000004,-4.440892098500626e-16,MINIMAL,optimal,1,2990_AT1,GUSB,h2o_l + ha_l --> glcur_l + ha_DASH_deg1_l
GLCAASE9ly,"beta-glucuronidase, lysosomal",Unknown,1.2662803343949047,1.2662803343949043,1.0000000000000004,-4.440892098500626e-16,MINIMAL,optimal,1,2990_AT1,GUSB,2.0 h2o_l + ha_DASH_pre1_l --> acgam_l + glcur_l
GLCURter,glucuronate endoplasmic reticular transport,Unknown,1.2662803343949047,1.2662803343949043,1.0000000000000004,-4.440892098500626e-16,MINIMAL,optimal,0,,,D_45_Glucopyranuronate_c --> glcur_r
G3PD2m,"glycerol-3-phosphate dehydrogenase (FAD), mitochondrial",Unknown,1.2662803343949047,1.2662803343949043,1.0000000000000004,-4.440892098500626e-16,MINIMAL,optimal,1,2820_AT1,GPD2,fad_m + glyc3p_c --> dhap_c + fadh2_m
G5SADrm,"L-glutamate 5-semialdehyde dehydratase, reversible, mitochondrial",Unknown,1.2662803343949047,1.2662803343949043,1.0000000000000004,-4.440892098500626e-16,MINIMAL,optimal,0,,,1pyr5c_m + WATER_m + h_m <=> L_45_GLUTAMATE_GAMMA_45_SEMIALDEHYDE_m
G5SDym,glutamate-5-semialdehyde dehydrogenase (m),Unknown,1.2662803343949047,1.2662803343949043,1.0000000000000004,-4.440892098500626e-16,MINIMAL,optimal,1,5832_AT1,ALDH18A1,NADPH_m + glu5p_m + h_m --> L_45_GLUTAMATE_GAMMA_45_SEMIALDEHYDE_m + nadp_m + pi_m
G6PDH2r,glucose 6-phosphate dehydrogenase,Unknown,1.2662803343949047,1.2662803343949043,1.0000000000000004,-4.440892098500626e-16,MINIMAL,optimal,1,2539_AT1,G6PD,D_45_glucopyranose_45_6_45_phosphate_c + nadp_c <=> 6pgl_c + NADPH_c + h_c
G6PPer,"glucose-6-phosphate phosphatase, edoplasmic reticular",Unknown,1.2662803343949047,1.2662803343949043,1.0000000000000004,-4.440892098500626e-16,MINIMAL,optimal,3,2538_AT1;57818_AT1;92579_AT1,G6PC;G6PC2;G6PC3,g6p_r + h2o_r --> glc_DASH_DASH_DASH_D_r + pi_r
OIVD3m,"2-oxoisovalerate dehydrogenase (acylating; 3-methyl-2-oxopentanoate), mitochondrial",Unknown,1.2662803343949047,1.2662803343949043,1.0000000000000004,-4.440892098500626e-16,MINIMAL,optimal,5,1629_AT1;593_AT1;1738_AT1;594_AT2;594_AT1,DBT;BCKDHA;DLD;BCKDHB;BCKDHB,3mop_m + coa_m + nad_m --> 2mbcoa_m + CARBON_45_DIOXIDE_m + nadh_m
OMPDC,orotidine-5'-phosphate decarboxylase,Unknown,1.2662803343949047,1.2662803343949043,1.0000000000000004,-4.440892098500626e-16,MINIMAL,optimal,1,7372_AT1,UMPS,h_c + orot5p_c --> CARBON_45_DIOXIDE_c + ump_c
ONPTHLte,xenobiotic transport,Unknown,1.2662803343949047,1.2662803343949043,1.0000000000000004,-4.440892098500626e-16,MINIMAL,optimal,0,,,onpthl_e <=> onpthl_c
OPAHir,5-Oxoproline amidohydrolase (ATP-hydrolysing) (ir),Unknown,1.2662803343949047,1.2662803343949043,1.0000000000000004,-4.440892098500626e-16,MINIMAL,optimal,1,26873_AT1,OPLAH,5oxpro_c + 2.0 WATER_c + atp_c --> Glutamates_c + adp_c + h_c + pi_c
ORNDC,Ornithine Decarboxylase,Unknown,1.2662803343949047,1.2662803343949043,1.0000000000000004,-4.440892098500626e-16,MINIMAL,optimal,1,4953_AT1,ODC1,L_45_ORNITHINE_c + h_c --> CARBON_45_DIOXIDE_c + ptrc_c
ORNTArm,ornithine transaminase reversible (m),Unknown,1.2662803343949047,1.2662803343949043,1.0000000000000004,-4.440892098500626e-16,MINIMAL,optimal,1,4942_AT1,OAT,L_45_ORNITHINE_m + akg_m <=> L_45_GLUTAMATE_GAMMA_45_SEMIALDEHYDE_m + glu_DASH_DASH_DASH_L_m
ORNtiDF,ornithine transport via diffusion (extracellular to cytosol),Unknown,1.2662803343949047,1.2662803343949043,1.0000000000000004,-4.440892098500626e-16,MINIMAL,optimal,3,6541_AT1;6542_AT1;84889_AT1,SLC7A1;SLC7A2;SLC7A3,orn_e --> L_45_ORNITHINE_c
ORPT,orotate phosphoribosyltransferase,Unknown,1.2662803343949047,1.2662803343949043,1.0000000000000004,-4.440892098500626e-16,MINIMAL,optimal,1,7372_AT1,UMPS,orot5p_c + ppi_c <=> orot_c + prpp_c
OXAHCOtex,oxalate transport via bicarbonate countertransport,Unknown,1.2662803343949047,1.2662803343949043,1.0000000000000004,-4.440892098500626e-16,MINIMAL,optimal,5,1836_AT1;10861_AT1;1811_AT1;10861_AT3;10861_AT2,SLC26A2;SLC26A1;SLC26A3;SLC26A1;SLC26A1,2.0 H2CO3_c + oxa_e --> 2.0 hco3_e + oxa_c
P4502F1,cytochrome P450 2F1,Unknown,1.2662803343949047,1.2662803343949043,1.0000000000000004,-4.440892098500626e-16,MINIMAL,optimal,1,1572_AT1,CYP2F1,NADPH_c + OXYGEN_45_MOLECULE_c + h_c + npthl_c --> WATER_c + nadp_c + onpthl_c
P45039A1r,oxysterol 7-alpha-hydroxylase,Unknown,1.2662803343949047,1.2662803343949043,1.0000000000000004,-4.440892098500626e-16,MINIMAL,optimal,1,51302_AT1,CYP39A1,h_r + nadph_r + o2_r + xol24oh_r --> h2o_r + nadp_r + xoltri24_r
P45046A1r,"cytochrome P450, family 46, subfamily A, polypeptide 1",Unknown,1.2662803343949047,1.2662803343949043,1.0000000000000004,-4.440892098500626e-16,MINIMAL,optimal,1,10858_AT1,CYP46A1,chsterol_r + h_r + nadph_r + o2_r --> h2o_r + nadp_r + xol24oh_r
P4507B11r,oxysterol 7alpha-hydroxylase,Unknown,1.2662803343949047,1.2662803343949043,1.0000000000000004,-4.440892098500626e-16,MINIMAL,optimal,1,9420_AT1,CYP7B1,h_r + nadph_r + o2_r + xol25oh_r --> h2o_r + nadp_r + xoltri25_r
G6Pter,glucose 6-phosphate endoplasmic reticular transport via diffusion,Unknown,1.2662803343949047,1.2662803343949043,1.0000000000000004,-4.440892098500626e-16,MINIMAL,optimal,1,2542_AT1,SLC37A4,D_45_glucopyranose_45_6_45_phosphate_c <=> g6p_r
GACMTRc,guanidinoacetate N-methyltransferase (c),Unknown,1.2662803343949047,1.2662803343949043,1.0000000000000004,-4.440892098500626e-16,MINIMAL,optimal,2,2593_AT2;2593_AT1,GAMT;GAMT,amet_c + gudac_c <=> ADENOSYL_45_HOMO_45_CYS_c + creat_c + h_c
GARFT,phosphoribosylglycinamide formyltransferase,Unknown,1.2662803343949047,1.2662803343949043,1.0000000000000004,-4.440892098500626e-16,MINIMAL,optimal,2,2618_AT2;2618_AT1,GART;GART,10fthf_c + 5_45_PHOSPHO_45_RIBOSYL_45_GLYCINEAMIDE_c <=> 5_45_P_45_RIBOSYL_45_N_45_FORMYLGLYCINEAMIDE_c + h_c + thf_c
FBA2,D-Fructose 1-phosphate D-glyceraldehyde-3-phosphate-lyase,Unknown,1.2662803343949047,1.2662803343949043,1.0000000000000004,-4.440892098500626e-16,MINIMAL,optimal,5,230_AT1;226_AT2;229_AT1;226_AT3;226_AT1,ALDOC;ALDOA;ALDOB;ALDOA;ALDOA,f1p_c <=> GLYCERALD_c + dhap_c
FUCASE2e,"alpha-fucosidase, extracellular",Unknown,1.2662803343949047,1.2662803343949043,1.0000000000000004,-4.440892098500626e-16,MINIMAL,optimal,1,2519_AT1,FUCA2,WATER_e + ksi_e --> fuc_DASH_DASH_DASH_L_e + ksi_DASH_deg1_e
FUCASEe,"alpha-fucosidase, extracellular",Unknown,1.2662803343949047,1.2662803343949043,1.0000000000000004,-4.440892098500626e-16,MINIMAL,optimal,1,2519_AT1,FUCA2,WATER_e + s2l2fn2m2masn_e --> fuc_DASH_DASH_DASH_L_e + s2l2n2m2masn_e
FUM,fumarase,Unknown,1.2662803343949047,1.2662803343949043,1.0000000000000004,-4.440892098500626e-16,MINIMAL,optimal,1,2271_AT1,FH,mal_DASH_DASH_DASH_L_c <=> WATER_c + fum_c
FUMm,"fumarase, mitochondrial",Unknown,1.2662803343949047,1.2662803343949043,1.0000000000000004,-4.440892098500626e-16,MINIMAL,optimal,1,2271_AT1,FH,mal_DASH_DASH_DASH_L_m <=> WATER_m + fum_m
G3PD1,glycerol-3-phosphate dehydrogenase (NAD),Unknown,1.2662803343949047,1.2662803343949043,1.0000000000000004,-4.440892098500626e-16,MINIMAL,optimal,1,2819_AT1,GPD1,glyc3p_c + nad_c <=> dhap_c + h_c + nadh_c
PSDm_hs,Phosphatidylserine decarboxylase,Unknown,1.2662803343949047,1.2662803343949043,1.0000000000000004,-4.440892098500626e-16,MINIMAL,optimal,1,23761_AT1,PISD,h_m + ps_DASH_hs_m --> CARBON_45_DIOXIDE_m + pe_DASH_hs_m
FAOXC2452253x,Beta oxidation of long chain fatty acid,Unknown,1.2662803343949047,1.2662803343949043,1.0000000000000004,-4.440892098500626e-16,MINIMAL,optimal,5,1962_AT1;51_AT2;30_AT1;3295_AT1;51_AT1,EHHADH;ACOX1;ACAA1;HSD17B4;ACOX1,OXYGEN_45_MOLECULE_x + WATER_x + coa_x + nad_x + tetpent3coa_x --> HYDROGEN_45_PEROXIDE_x + accoa_x + clpndcoa_x + h_x + nadh_x
FAOXC2452256x,Beta oxidation of long chain fatty acid,Unknown,1.2662803343949047,1.2662803343949043,1.0000000000000004,-4.440892098500626e-16,MINIMAL,optimal,5,1962_AT1;51_AT2;30_AT1;3295_AT1;51_AT1,EHHADH;ACOX1;ACAA1;HSD17B4;ACOX1,OXYGEN_45_MOLECULE_x + WATER_x + coa_x + nad_x + tetpent6coa_x --> HYDROGEN_45_PEROXIDE_x + accoa_x + dcsptn1coa_x + h_x + nadh_x
FAOXC246226x,Beta oxidation of long chain fatty acid,Unknown,1.2662803343949047,1.2662803343949043,1.0000000000000004,-4.440892098500626e-16,MINIMAL,optimal,5,1962_AT1;51_AT2;30_AT1;3295_AT1;51_AT1,EHHADH;ACOX1;ACAA1;HSD17B4;ACOX1,OXYGEN_45_MOLECULE_x + WATER_x + coa_x + nad_x + tethex3coa_x --> HYDROGEN_45_PEROXIDE_x + accoa_x + c226coa_x + h_x + nadh_x
FAOXC260240x,Beta oxidation of long chain fatty acid,Unknown,1.2662803343949047,1.2662803343949043,1.0000000000000004,-4.440892098500626e-16,MINIMAL,optimal,5,1962_AT1;51_AT2;30_AT1;3295_AT1;51_AT1,EHHADH;ACOX1;ACAA1;HSD17B4;ACOX1,OXYGEN_45_MOLECULE_x + WATER_x + coa_x + hexccoa_x + nad_x --> HYDROGEN_45_PEROXIDE_x + accoa_x + h_x + lgnccoa_x + nadh_x
FAOXC80,Beta oxidation of med/long chain fatty acid,Unknown,1.2662803343949047,1.2662803343949043,1.0000000000000004,-4.440892098500626e-16,MINIMAL,optimal,2,34_AT1;35_AT1,ACADM;ACADS,3.0 WATER_m + 3.0 coa_m + 3.0 fad_m + 3.0 nad_m + occoa_m --> 4.0 accoa_m + 3.0 fadh2_m + 3.0 h_m + 3.0 nadh_m
FAOXC200180m,Beta oxidation of long chain fatty acid,Unknown,1.2662803343949047,1.2662803343949043,1.0000000000000004,-4.440892098500626e-16,MINIMAL,optimal,2,34_AT1;35_AT1,ACADM;ACADS,WATER_m + arachcoa_m + coa_m + fad_m + nad_m --> accoa_m + fadh2_m + h_m + nadh_m + stcoa_m
FAOXC200180x,Beta oxidation of long chain fatty acid,Unknown,1.2662803343949047,1.2662803343949043,1.0000000000000004,-4.440892098500626e-16,MINIMAL,optimal,5,1962_AT1;51_AT2;30_AT1;3295_AT1;51_AT1,EHHADH;ACOX1;ACAA1;HSD17B4;ACOX1,OXYGEN_45_MOLECULE_x + WATER_x + arachcoa_x + coa_x + nad_x --> HYDROGEN_45_PEROXIDE_x + accoa_x + h_x + nadh_x + stcoa_x
FAOXC2031836m,Beta oxidation of fatty acid,Unknown,1.2662803343949047,1.2662803343949043,1.0000000000000004,-4.440892098500626e-16,MINIMAL,optimal,2,34_AT1;35_AT1,ACADM;ACADS,WATER_m + coa_m + dlnlcgcoa_m + fad_m + nad_m --> accoa_m + fadh2_m + h_m + lnlncgcoa_m + nadh_m
FAOXC204,Beta oxidation of long chain fatty acid,Unknown,1.2662803343949047,1.2662803343949043,1.0000000000000004,-4.440892098500626e-16,MINIMAL,optimal,2,34_AT1;35_AT1,ACADM;ACADS,9.0 WATER_m + arachdcoa_m + 9.0 coa_m + 5.0 fad_m + 9.0 nad_m --> 10.0 accoa_m + 5.0 fadh2_m + 9.0 h_m + 9.0 nadh_m
FAOXC204184m,Beta oxidation  fatty acid,Unknown,1.2662803343949047,1.2662803343949043,1.0000000000000004,-4.440892098500626e-16,MINIMAL,optimal,2,34_AT1;35_AT1,ACADM;ACADS,WATER_m + coa_m + eicostetcoa_m + fad_m + nad_m --> accoa_m + fadh2_m + h_m + nadh_m + strdnccoa_m
FAOXC2051843m,Beta oxidation of fatty acid,Unknown,1.2662803343949047,1.2662803343949043,1.0000000000000004,-4.440892098500626e-16,MINIMAL,optimal,2,34_AT1;35_AT1,ACADM;ACADS,WATER_m + coa_m + nad_m + tmndnccoa_m --> accoa_m + h_m + nadh_m + strdnccoa_m
FAOXC2242046m,Beta oxidation of long chain fatty acid,Unknown,1.2662803343949047,1.2662803343949043,1.0000000000000004,-4.440892098500626e-16,MINIMAL,optimal,2,34_AT1;35_AT1,ACADM;ACADS,WATER_m + adrncoa_m + coa_m + fad_m + nad_m --> accoa_m + arachdcoa_m + fadh2_m + h_m + nadh_m
FAOXC2242046x,Beta oxidation of long chain fatty acid,Unknown,1.2662803343949047,1.2662803343949043,1.0000000000000004,-4.440892098500626e-16,MINIMAL,optimal,5,1962_AT1;51_AT2;30_AT1;3295_AT1;51_AT1,EHHADH;ACOX1;ACAA1;HSD17B4;ACOX1,OXYGEN_45_MOLECULE_x + WATER_x + adrncoa_x + coa_x + nad_x --> HYDROGEN_45_PEROXIDE_x + accoa_x + arachdcoa_x + h_x + nadh_x
FAOXC2251836m,Beta oxidation of fatty acid,Unknown,1.2662803343949047,1.2662803343949043,1.0000000000000004,-4.440892098500626e-16,MINIMAL,optimal,2,34_AT1;35_AT1,ACADM;ACADS,2.0 WATER_m + 2.0 coa_m + dcsptn1coa_m + 2.0 nad_m --> 2.0 accoa_m + 2.0 h_m + lnlncgcoa_m + 2.0 nadh_m
FAOXC2252053m,Beta oxidation of long chain fatty acid,Unknown,1.2662803343949047,1.2662803343949043,1.0000000000000004,-4.440892098500626e-16,MINIMAL,optimal,2,34_AT1;35_AT1,ACADM;ACADS,WATER_m + coa_m + dcsptn1coa_m + nad_m + o2_m --> accoa_m + h2o2_m + h_m + nadh_m + tmndnccoa_m
FAOXC226,Beta oxidation of long chain fatty acid,Unknown,1.2662803343949047,1.2662803343949043,1.0000000000000004,-4.440892098500626e-16,MINIMAL,optimal,2,34_AT1;35_AT1,ACADM;ACADS,10.0 WATER_m + c226coa_m + 10.0 coa_m + 4.0 fad_m + 10.0 nad_m --> 11.0 accoa_m + 4.0 fadh2_m + 10.0 h_m + 10.0 nadh_m
FAOXC226205m,Beta oxidation of long chain fatty acid,Unknown,1.2662803343949047,1.2662803343949043,1.0000000000000004,-4.440892098500626e-16,MINIMAL,optimal,2,34_AT1;35_AT1,ACADM;ACADS,WATER_m + c226coa_m + coa_m + nad_m --> accoa_m + h_m + nadh_m + tmndnccoa_m
FAOXC240200x,Beta oxidation of long chain fatty acid,Unknown,1.2662803343949047,1.2662803343949043,1.0000000000000004,-4.440892098500626e-16,MINIMAL,optimal,5,1962_AT1;51_AT2;30_AT1;3295_AT1;51_AT1,EHHADH;ACOX1;ACAA1;HSD17B4;ACOX1,2.0 OXYGEN_45_MOLECULE_x + 2.0 WATER_x + 2.0 coa_x + lgnccoa_x + 2.0 nad_x --> 2.0 HYDROGEN_45_PEROXIDE_x + 2.0 accoa_x + arachcoa_x + 2.0 h_x + 2.0 nadh_x
GLUt2m,"L-glutamate reversible transport via proton symport, mitochondrial",Unknown,1.2662803343949047,1.2662803343949043,1.0000000000000004,-4.440892098500626e-16,MINIMAL,optimal,4,79751_AT1;83733_AT1;8604_AT1;10165_AT1,SLC25A22;SLC25A18;SLC25A12;SLC25A13,Glutamates_c + h_c <=> glu_DASH_DASH_DASH_L_m + h_m
GMPR,GMP reductase,Unknown,1.2662803343949047,1.2662803343949043,1.0000000000000004,-4.440892098500626e-16,MINIMAL,optimal,4,51292_AT1;51292_AT3;2766_AT1;51292_AT2,GMPR2;GMPR2;GMPR;GMPR2,NADPH_c + gmp_c + 2.0 h_c --> imp_c + nadp_c + nh4_c
GMPS2,GMP synthase,Unknown,1.2662803343949047,1.2662803343949043,1.0000000000000004,-4.440892098500626e-16,MINIMAL,optimal,1,8833_AT1,GMPS,GLN_c + WATER_c + atp_c + xmp_c --> Glutamates_c + amp_c + gmp_c + 2.0 h_c + ppi_c
GND,phosphogluconate dehydrogenase,Unknown,1.2662803343949047,1.2662803343949043,1.0000000000000004,-4.440892098500626e-16,MINIMAL,optimal,1,5226_AT1,PGD,6pgc_c + nadp_c --> CARBON_45_DIOXIDE_c + NADPH_c + ru5p_DASH_DASH_DASH_D_c
GPAM_hs,glycerol-3-phosphate acyltransferase,Unknown,1.2662803343949047,1.2662803343949043,1.0000000000000004,-4.440892098500626e-16,MINIMAL,optimal,1,57678_AT1,GPAM,Rtotalcoa_c + glyc3p_c --> alpa_DASH_hs_c + coa_c
GRTTx,geranyltranstransferase,Unknown,1.2662803343949047,1.2662803343949043,1.0000000000000004,-4.440892098500626e-16,MINIMAL,optimal,1,2224_AT1,FDPS,grdp_x + ipdp_x --> frdp_x + ppi_x
GSNt5,guanosine transport in via sodium (1:2) symport,Unknown,1.2662803343949047,1.2662803343949043,1.0000000000000004,-4.440892098500626e-16,MINIMAL,optimal,1,64078_AT1,SLC28A3,2.0 NA_43__e + gsn_e --> GUANOSINE_c + 2.0 NA_43__c
NTD4,5'-nucleotidase (CMP),Unknown,1.2662803343949047,1.2662803343949043,1.0000000000000004,-4.440892098500626e-16,MINIMAL,optimal,1,51251_AT1,NT5C3A,WATER_c + cmp_c --> CYTIDINE_c + pi_c
NTD4e,"5'-nucleotidase (CMP), extracellular",Unknown,1.2662803343949047,1.2662803343949043,1.0000000000000004,-4.440892098500626e-16,MINIMAL,optimal,1,4907_AT1,NT5E,WATER_e + cmp_e --> cytd_e + pi_e
O2Stn,superoxide anion transport via diffusion (nucleus),Unknown,1.2662803343949047,1.2662803343949043,1.0000000000000004,-4.440892098500626e-16,MINIMAL,optimal,0,,,o2s_c <=> o2s_n
O2Stx,superoxide anion transport via diffusion (peroxisome),Unknown,1.2662803343949047,1.2662803343949043,1.0000000000000004,-4.440892098500626e-16,MINIMAL,optimal,0,,,o2s_c <=> o2s_x
O2ter,"O2  transport, endoplasmic reticulum",Unknown,1.2662803343949047,1.2662803343949043,1.0000000000000004,-4.440892098500626e-16,MINIMAL,optimal,0,,,OXYGEN_45_MOLECULE_c <=> o2_r
O2tn,O2 nuclear transport,Unknown,1.2662803343949047,1.2662803343949043,1.0000000000000004,-4.440892098500626e-16,MINIMAL,optimal,0,,,OXYGEN_45_MOLECULE_c <=> o2_n
OCBTm,"ornithine carbamoyltransferase, irreversible",Unknown,1.2662803343949047,1.2662803343949043,1.0000000000000004,-4.440892098500626e-16,MINIMAL,optimal,1,5009_AT1,OTC,L_45_ORNITHINE_m + cbp_m --> citr_DASH_DASH_DASH_L_m + h_m + pi_m
FAOXC241181x,Beta oxidation of long chain fatty acid,Unknown,1.2662803343949047,1.2662803343949043,1.0000000000000004,-4.440892098500626e-16,MINIMAL,optimal,5,1962_AT1;51_AT2;30_AT1;3295_AT1;51_AT1,EHHADH;ACOX1;ACAA1;HSD17B4;ACOX1,3.0 OXYGEN_45_MOLECULE_x + 3.0 WATER_x + 3.0 coa_x + 3.0 nad_x + nrvnccoa_x --> 3.0 HYDROGEN_45_PEROXIDE_x + 3.0 accoa_x + 3.0 h_x + 3.0 nadh_x + odecoa_x
FAOXC2442246x,Beta oxidation of long chain fatty acid,Unknown,1.2662803343949047,1.2662803343949043,1.0000000000000004,-4.440892098500626e-16,MINIMAL,optimal,5,1962_AT1;51_AT2;30_AT1;3295_AT1;51_AT1,EHHADH;ACOX1;ACAA1;HSD17B4;ACOX1,OXYGEN_45_MOLECULE_x + WATER_x + coa_x + nad_x + tettet6coa_x --> HYDROGEN_45_PEROXIDE_x + accoa_x + adrncoa_x + h_x + nadh_x
NMNATr,nicotinamide-nucleotide adenylyltransferase,Unknown,1.2662803343949047,1.2662803343949043,1.0000000000000004,-4.440892098500626e-16,MINIMAL,optimal,3,349565_AT1;23057_AT1;23057_AT2,NMNAT3;NMNAT2;NMNAT2,atp_c + h_c + nmn_c <=> nad_c + ppi_c
NNAT,nicotinate-nucleotide adenylyltransferase,Unknown,1.2662803343949047,1.2662803343949043,1.0000000000000004,-4.440892098500626e-16,MINIMAL,optimal,3,5168_AT1;5169_AT1;5167_AT1,ENPP2;ENPP3;ENPP1,atp_c + h_c + nicrnt_c --> dnad_c + ppi_c
NORANMT,noradrenaline N-methyltransferase,Unknown,1.2662803343949047,1.2662803343949043,1.0000000000000004,-4.440892098500626e-16,MINIMAL,optimal,1,5409_AT1,PNMT,amet_c + nrpphr_c --> ADENOSYL_45_HOMO_45_CYS_c + adrnl_c + h_c
NOS1,Nitric Oxide Synthase (intermediate forming),Unknown,1.2662803343949047,1.2662803343949043,1.0000000000000004,-4.440892098500626e-16,MINIMAL,optimal,6,4842_AT1;4845_AT1;4843_AT2;4843_AT1;4846_AT1;4844_AT1,NOS1;4845_AT1;NOS2;NOS2;NOS3;4844_AT1,NADPH_c + OXYGEN_45_MOLECULE_c + arg_DASH_DASH_DASH_L_c + h_c --> WATER_c + nadp_c + nwharg_c
NOS2,Nitric Oxide Synthase (NO forming),Unknown,1.2662803343949047,1.2662803343949043,1.0000000000000004,-4.440892098500626e-16,MINIMAL,optimal,6,4842_AT1;4845_AT1;4843_AT2;4843_AT1;4846_AT1;4844_AT1,NOS1;4845_AT1;NOS2;NOS2;NOS3;4844_AT1,NADPH_c + 2.0 OXYGEN_45_MOLECULE_c + 2.0 nwharg_c --> 2.0 L_45_CITRULLINE_c + 2.0 NITRIC_45_OXIDE_c + 2.0 WATER_c + h_c + nadp_c
NOt,NO transport (diffusion),Unknown,1.2662803343949047,1.2662803343949043,1.0000000000000004,-4.440892098500626e-16,MINIMAL,optimal,0,,,no_e <=> NITRIC_45_OXIDE_c
NPTHLte,xenobiotic transport,Unknown,1.2662803343949047,1.2662803343949043,1.0000000000000004,-4.440892098500626e-16,MINIMAL,optimal,0,,,npthl_e <=> npthl_c
NRPPHRSFt,norepinephrine sulfate transport (diffusion),Unknown,1.2662803343949047,1.2662803343949043,1.0000000000000004,-4.440892098500626e-16,MINIMAL,optimal,0,,,nrpphrsf_c --> nrpphrsf_e
NRPPHRSULT,Norepinephrine Sulfotransferase,Unknown,1.2662803343949047,1.2662803343949043,1.0000000000000004,-4.440892098500626e-16,MINIMAL,optimal,3,6818_AT1;6818_AT3;6818_AT2,SULT1A3;SULT1A3;SULT1A3,nrpphr_c + paps_c --> h_c + nrpphrsf_c + pap_c
NRPPHRtu,Norepinephrine uniport,Unknown,1.2662803343949047,1.2662803343949043,1.0000000000000004,-4.440892098500626e-16,MINIMAL,optimal,3,6582_AT2;6581_AT1;6582_AT1,SLC22A2;SLC22A3;SLC22A2,nrpphr_e <=> nrpphr_c
NRVNCCOAtx,fatty acid intracellular transport,Unknown,1.2662803343949047,1.2662803343949043,1.0000000000000004,-4.440892098500626e-16,MINIMAL,optimal,0,,,nrvnccoa_c <=> nrvnccoa_x
NT5C,5'-nucleotidase,Unknown,1.2662803343949047,1.2662803343949043,1.0000000000000004,-4.440892098500626e-16,MINIMAL,optimal,1,22978_AT1,NT5C2,WATER_c + nicrnt_c --> CPD_45_8259_c + pi_c
NTD10,5'-nucleotidase (XMP),Unknown,1.2662803343949047,1.2662803343949043,1.0000000000000004,-4.440892098500626e-16,MINIMAL,optimal,1,22978_AT1,NT5C2,WATER_c + xmp_c --> XANTHOSINE_c + pi_c
NTD11,5'-nucleotidase (IMP),Unknown,1.2662803343949047,1.2662803343949043,1.0000000000000004,-4.440892098500626e-16,MINIMAL,optimal,3,93034_AT2;93034_AT1;22978_AT1,NT5C1B;NT5C1B;NT5C2,WATER_c + imp_c --> INOSINE_c + pi_c
NTD2,5'-nucleotidase (UMP),Unknown,1.2662803343949047,1.2662803343949043,1.0000000000000004,-4.440892098500626e-16,MINIMAL,optimal,1,51251_AT1,NT5C3A,WATER_c + ump_c --> URIDINE_c + pi_c
NTD2e,"5'-nucleotidase (UMP), extracellular",Unknown,1.2662803343949047,1.2662803343949043,1.0000000000000004,-4.440892098500626e-16,MINIMAL,optimal,1,4907_AT1,NT5E,WATER_e + ump_e --> pi_e + uri_e
NADPtru,"NADP transporter, endoplasmic reticulum",Unknown,1.2662803343949047,1.2662803343949043,1.0000000000000004,-4.440892098500626e-16,MINIMAL,optimal,0,,,nadp_r --> nadp_c
NADPtxu,"NADP transporter, peroxisome",Unknown,1.2662803343949047,1.2662803343949043,1.0000000000000004,-4.440892098500626e-16,MINIMAL,optimal,0,,,nadp_x --> nadp_c
NAHCO3_HCLt,bicarbonate transport (HCl/NaHCO3 exchange),Unknown,1.2662803343949047,1.2662803343949043,1.0000000000000004,-4.440892098500626e-16,MINIMAL,optimal,2,57282_AT1;9498_AT1,SLC4A10;SLC4A8,NA_43__e + cl_c + h_c + hco3_e <=> H2CO3_c + NA_43__c + cl_e + h_e
MI4PP,myo-inositol 4-phosphatase,Unknown,1.2662803343949047,1.2662803343949043,1.0000000000000004,-4.440892098500626e-16,MINIMAL,optimal,2,3613_AT1;3612_AT1,IMPA2;IMPA1,D_45_MYO_45_INOSITOL_45_4_45_PHOSPHATE_c + WATER_c --> MYO_45_INOSITOL_c + pi_c
MMEm,methylmalonyl-CoA epimerase/racemase,Unknown,1.2662803343949047,1.2662803343949043,1.0000000000000004,-4.440892098500626e-16,MINIMAL,optimal,1,84693_AT1,MCEE,mmcoa_DASH_DASH_DASH_R_m <=> mmcoa_DASH_DASH_DASH_S_m
MMMm,methylmalonyl-CoA mutase,Unknown,1.2662803343949047,1.2662803343949043,1.0000000000000004,-4.440892098500626e-16,MINIMAL,optimal,1,4594_AT1,MUT,mmcoa_DASH_DASH_DASH_R_m <=> succoa_m
MMSAD1m,methylmalonate-semialdehyde dehydrogenase,Unknown,1.2662803343949047,1.2662803343949043,1.0000000000000004,-4.440892098500626e-16,MINIMAL,optimal,1,4329_AT1,ALDH6A1,2mop_m + coa_m + nad_m --> CARBON_45_DIOXIDE_m + nadh_m + ppcoa_m
MMSAD3m,"methylmalonate-semialdehyde dehydrogenase (malonic semialdehyde), mitochondrial",Unknown,1.2662803343949047,1.2662803343949043,1.0000000000000004,-4.440892098500626e-16,MINIMAL,optimal,1,4329_AT1,ALDH6A1,coa_m + msa_m + nad_m --> CARBON_45_DIOXIDE_m + accoa_m + nadh_m
MTHFD2,methylenetetrahydrofolate dehydrogenase (NAD),Unknown,1.2662803343949047,1.2662803343949043,1.0000000000000004,-4.440892098500626e-16,MINIMAL,optimal,2,285216_AT1;80068_AT1,285216_AT1;80068_AT1,mlthf_c + nad_c <=> methf_c + nadh_c
MTRI,5-methylthioribose-1-phosphate isomerase,Unknown,1.2662803343949047,1.2662803343949043,1.0000000000000004,-4.440892098500626e-16,MINIMAL,optimal,0,,,CPD_45_444_c <=> 5mdru1p_c
N2M2NMASNtly,"n2m2nmasn transport, extracellular to lysosome",Unknown,1.2662803343949047,1.2662803343949043,1.0000000000000004,-4.440892098500626e-16,MINIMAL,optimal,0,,,n2m2nmasn_e --> n2m2nmasn_l
NACHEX27ly,"beta-N-acetylhexosaminidase, lysosomal",Unknown,1.2662803343949047,1.2662803343949043,1.0000000000000004,-4.440892098500626e-16,MINIMAL,optimal,2,3073_AT1;3074_AT1,HEXA;HEXB,h2o_l + ha_DASH_deg1_l --> acgam_l + ha_DASH_pre1_l
NADN,NAD nucleosidase,Unknown,1.2662803343949047,1.2662803343949043,1.0000000000000004,-4.440892098500626e-16,MINIMAL,optimal,0,,,WATER_c + nad_c --> ADENOSINE_DIPHOSPHATE_RIBOSE_c + NIACINAMIDE_c + h_c
NADNe,"NAD nucleosidase,extracellular",Unknown,1.2662803343949047,1.2662803343949043,1.0000000000000004,-4.440892098500626e-16,MINIMAL,optimal,1,952_AT1,CD38,WATER_e + nad_e --> adprib_e + h_e + ncam_e
NADPHtru,"NADPH transporter, endoplasmic reticulum",Unknown,1.2662803343949047,1.2662803343949043,1.0000000000000004,-4.440892098500626e-16,MINIMAL,optimal,0,,,NADPH_c --> nadph_r
NADPHtxu,"NADPH transporter, peroxisome",Unknown,1.2662803343949047,1.2662803343949043,1.0000000000000004,-4.440892098500626e-16,MINIMAL,optimal,0,,,NADPH_c --> nadph_x
NADPNe,"NADP nucleosidase,extracellular",Unknown,1.2662803343949047,1.2662803343949043,1.0000000000000004,-4.440892098500626e-16,MINIMAL,optimal,1,952_AT1,CD38,WATER_e + nadp_e --> adprbp_e + h_e + ncam_e
GULNter,L-gulonate endoplasmic reticular export,Unknown,1.2662803343949047,1.2662803343949043,1.0000000000000004,-4.440892098500626e-16,MINIMAL,optimal,0,,,guln_r --> guln_c
H2O2syn,Hydrogen peroxide synthesis (NADPH dependent),Unknown,1.2662803343949047,1.2662803343949043,1.0000000000000004,-4.440892098500626e-16,MINIMAL,optimal,3,50506_AT1;53905_AT2;53905_AT1,DUOX2;DUOX1;DUOX1,NADPH_c + OXYGEN_45_MOLECULE_c + h_c --> HYDROGEN_45_PEROXIDE_c + nadp_c
H2O2t,hydrogen peroxide transport via diffusion,Unknown,1.2662803343949047,1.2662803343949043,1.0000000000000004,-4.440892098500626e-16,MINIMAL,optimal,0,,,h2o2_e <=> HYDROGEN_45_PEROXIDE_c
H2O2tm,hydrogen peroxide mitochondrial transport,Unknown,1.2662803343949047,1.2662803343949043,1.0000000000000004,-4.440892098500626e-16,MINIMAL,optimal,0,,,HYDROGEN_45_PEROXIDE_c <=> h2o2_m
MEOHt2,Methanol diffusion,Unknown,1.2662803343949047,1.2662803343949043,1.0000000000000004,-4.440892098500626e-16,MINIMAL,optimal,0,,,meoh_e <=> METOH_c
MERCPLACCYSt,"3-mercaptolactate-cysteine disulfide transport, extracellular",Unknown,1.2662803343949047,1.2662803343949043,1.0000000000000004,-4.440892098500626e-16,MINIMAL,optimal,0,,,mercplaccys_c --> mercplaccys_e
MGCHrm,"methylglutaconyl-CoA hydratase (reversible), mitochondrial",Unknown,1.2662803343949047,1.2662803343949043,1.0000000000000004,-4.440892098500626e-16,MINIMAL,optimal,1,549_AT1,AUH,3mgcoa_m + WATER_m <=> hmgcoa_m
MHISOR,N-Methylhistamine:oxygen oxidoreductase (deaminating),Unknown,1.2662803343949047,1.2662803343949043,1.0000000000000004,-4.440892098500626e-16,MINIMAL,optimal,4,26_AT1;314_AT1;8639_AT1;314_AT2,AOC1;AOC2;AOC3;AOC2,OXYGEN_45_MOLECULE_c + WATER_c + mhista_c --> 3mldz_c + HYDROGEN_45_PEROXIDE_c + nh4_c
MI1345PP,"inositol-1,3,4,5-trisphosphate 5-phosphatase",Unknown,1.2662803343949047,1.2662803343949043,1.0000000000000004,-4.440892098500626e-16,MINIMAL,optimal,9,8867_AT1;3636_AT1;27124_AT2;56623_AT1;3633_AT1;27124_AT1;8867_AT2;3632_AT1;3635_AT1,SYNJ1;INPPL1;INPP5J;INPP5E;INPP5B;INPP5J;SYNJ1;INPP5A;INPP5D,WATER_c + mi1345p_c --> mi134p_c + pi_c
MI134PP,"inositol-1,3,4-trisphosphate 1-phosphatase",Unknown,1.2662803343949047,1.2662803343949043,1.0000000000000004,-4.440892098500626e-16,MINIMAL,optimal,1,3628_AT1,INPP1,WATER_c + mi134p_c --> mi34p_c + pi_c
MI145PK,"inositol-1,4,5-trisphosphate 3-kinase",Unknown,1.2662803343949047,1.2662803343949043,1.0000000000000004,-4.440892098500626e-16,MINIMAL,optimal,3,3706_AT1;3707_AT1;80271_AT1,ITPKA;ITPKB;ITPKC,atp_c + mi145p_c --> adp_c + h_c + mi1345p_c
MI145PP,"inositol-1,4,5-trisphosphate 5-phosphatase",Unknown,1.2662803343949047,1.2662803343949043,1.0000000000000004,-4.440892098500626e-16,MINIMAL,optimal,9,8867_AT1;27124_AT2;3636_AT1;56623_AT1;3633_AT1;27124_AT1;8867_AT2;3632_AT1;3635_AT1,SYNJ1;INPP5J;INPPL1;INPP5E;INPP5B;INPP5J;SYNJ1;INPP5A;INPP5D,WATER_c + mi145p_c --> mi14p_c + pi_c
MI14PP,"inositol-1,4-bisphosphate 1-phosphatase",Unknown,1.2662803343949047,1.2662803343949043,1.0000000000000004,-4.440892098500626e-16,MINIMAL,optimal,1,3628_AT1,INPP1,WATER_c + mi14p_c --> D_45_MYO_45_INOSITOL_45_4_45_PHOSPHATE_c + pi_c
MI1PP,myo-inositol 1-phosphatase,Unknown,1.2662803343949047,1.2662803343949043,1.0000000000000004,-4.440892098500626e-16,MINIMAL,optimal,2,3613_AT1;3612_AT1,IMPA2;IMPA1,WATER_c + mi1p_DASH_DASH_DASH_D_c --> MYO_45_INOSITOL_c + pi_c
MI34PP,"inositol-3,4-bisphosphate 4-phosphatase",Unknown,1.2662803343949047,1.2662803343949043,1.0000000000000004,-4.440892098500626e-16,MINIMAL,optimal,3,8821_AT1;3631_AT1;3631_AT2,INPP4B;INPP4A;INPP4A,WATER_c + mi34p_c --> mi3p_DASH_DASH_DASH_D_c + pi_c
MI3PP,myo-inositol 3-phosphatase,Unknown,1.2662803343949047,1.2662803343949043,1.0000000000000004,-4.440892098500626e-16,MINIMAL,optimal,2,3613_AT1;3612_AT1,IMPA2;IMPA1,WATER_c + mi3p_DASH_DASH_DASH_D_c --> MYO_45_INOSITOL_c + pi_c
DM_dctp_LPAREN_n_RPAREN_,DM dctp(n),Unknown,1.266280334394905,1.2662803343949043,1.0000000000000004,-4.440892098500626e-16,MINIMAL,optimal,0,,,dctp_n --> 
DHCRD2,dihydroceramide desaturase,Unknown,1.2662803343949047,1.2662803343949043,1.0000000000000004,-4.440892098500626e-16,MINIMAL,optimal,2,8560_AT1;8560_AT2,DEGS1;DEGS1,dhcrm_DASH_hs_c + fad_c --> crm_DASH_hs_c + fadh2_c
CO2tp,CO2 peroxisomal transport,Unknown,1.2662803343949047,1.2662803343949043,1.0000000000000004,-4.440892098500626e-16,MINIMAL,optimal,0,,,CARBON_45_DIOXIDE_c <=> co2_x
COAtm,CoA transporter,Unknown,1.2662803343949047,1.2662803343949043,1.0000000000000004,-4.440892098500626e-16,MINIMAL,optimal,1,8034_AT1,SLC25A16,coa_c <=> coa_m
COAtp,"coenzyme A transport, peroxisomal",Unknown,1.2662803343949047,1.2662803343949043,1.0000000000000004,-4.440892098500626e-16,MINIMAL,optimal,0,,,coa_c <=> coa_x
MDRPD,5-Methylthio-5-deoxy-D-ribulose 1-phosphate dehydratase,Unknown,1.2662803343949047,1.2662803343949043,1.0000000000000004,-4.440892098500626e-16,MINIMAL,optimal,0,,,5mdru1p_c --> WATER_c + dkmpp_c
ME1m,"malic enzyme (NAD), mitochondrial",Unknown,1.2662803343949047,1.2662803343949043,1.0000000000000004,-4.440892098500626e-16,MINIMAL,optimal,1,4200_AT1,ME2,mal_DASH_DASH_DASH_L_m + nad_m --> CARBON_45_DIOXIDE_m + nadh_m + pyr_m
ME2,malic enzyme (NADP),Unknown,1.2662803343949047,1.2662803343949043,1.0000000000000004,-4.440892098500626e-16,MINIMAL,optimal,1,4199_AT1,ME1,mal_DASH_DASH_DASH_L_c + nadp_c --> CARBON_45_DIOXIDE_c + NADPH_c + pyr_c
ME2m,"malic enzyme (NADP), mitochondrial",Unknown,1.2662803343949047,1.2662803343949043,1.0000000000000004,-4.440892098500626e-16,MINIMAL,optimal,2,4200_AT1;10873_AT1,ME2;ME3,mal_DASH_DASH_DASH_L_m + nadp_m --> CARBON_45_DIOXIDE_m + NADPH_m + pyr_m
MECOALm,"mesaconate--CoA ligase (ADP-forming), mitochondrial",Unknown,1.2662803343949047,1.2662803343949043,1.0000000000000004,-4.440892098500626e-16,MINIMAL,optimal,2,8803_AT1;8802_AT1,SUCLA2;SUCLG1,atp_m + coa_m + mescon_m <=> adp_m + mescoa_m + pi_m
MECOAS1m,mesaconate--CoA ligase (GDP-forming),Unknown,1.2662803343949047,1.2662803343949043,1.0000000000000004,-4.440892098500626e-16,MINIMAL,optimal,2,8802_AT1;8801_AT1,SUCLG1;SUCLG2,coa_m + gtp_m + mescon_m <=> gdp_m + mescoa_m + pi_m
GTHO,glutathione oxidoreductase,Unknown,1.2662803343949047,1.2662803343949043,1.0000000000000004,-4.440892098500626e-16,MINIMAL,optimal,1,2936_AT1,GSR,NADPH_c + gthox_c + h_c --> 2.0 gthrd_c + nadp_c
GTHOm,glutathione oxidoreductase,Unknown,1.2662803343949047,1.2662803343949043,1.0000000000000004,-4.440892098500626e-16,MINIMAL,optimal,1,2936_AT1,GSR,NADPH_m + gthox_m + h_m --> 2.0 gthrd_m + nadp_m
GTHP,glutathione peridoxase,Unknown,1.2662803343949047,1.2662803343949043,1.0000000000000004,-4.440892098500626e-16,MINIMAL,optimal,10,7001_AT3;2879_AT1;2877_AT1;7001_AT2;5052_AT1;5052_AT3;7001_AT1;5052_AT2;2876_AT1;2876_AT2,PRDX2;GPX4;GPX2;PRDX2;PRDX1;PRDX1;PRDX2;PRDX1;GPX1;GPX1,HYDROGEN_45_PEROXIDE_c + 2.0 gthrd_c <=> 2.0 WATER_c + gthox_c
GTHPe,glutathione peroxidase (e),Unknown,1.2662803343949047,1.2662803343949043,1.0000000000000004,-4.440892098500626e-16,MINIMAL,optimal,2,2878_AT1;257202_AT1,GPX3;GPX6,2.0 gthrd_e + h2o2_e <=> 2.0 WATER_e + gthox_e
GULN3D,L-gulonate 3-dehydrogenase,Unknown,1.2662803343949047,1.2662803343949043,1.0000000000000004,-4.440892098500626e-16,MINIMAL,optimal,0,,,guln_c + nad_c <=> 3dhguln_c + h_c + nadh_c
GULNDer,"gulonate dehydrogenase, endoplasmic reticulum",Unknown,1.2662803343949047,1.2662803343949043,1.0000000000000004,-4.440892098500626e-16,MINIMAL,optimal,0,,,glcur_r + h_r + nadph_r <=> guln_r + nadp_r
CREATt4_LPAREN_2_RPAREN_r,Creatine transport (sodium symport) (2:1),Unknown,1.2662803343949047,1.2662803343949043,1.0000000000000004,-4.440892098500626e-16,MINIMAL,optimal,2,6535_AT1;6537_AT1,SLC6A8;6537_AT1,2.0 NA_43__e + creat_e <=> 2.0 NA_43__c + creat_c
CH25H,cholesterol 25-hydroxylase,Unknown,1.2662803343949047,1.2662803343949043,1.0000000000000004,-4.440892098500626e-16,MINIMAL,optimal,1,9023_AT1,CH25H,chsterol_r + h_r + nadph_r + o2_r --> h2o_r + nadp_r + xol25oh_r
CHLPCTD,choline phosphate cytididyltransferase,Unknown,1.2662803343949047,1.2662803343949043,1.0000000000000004,-4.440892098500626e-16,MINIMAL,optimal,2,9468_AT1;5130_AT1,PCYT1B;PCYT1A,cholp_c + ctp_c + h_c --> cdpchol_c + ppi_c
CHOLK,Choline kinase,Unknown,1.2662803343949047,1.2662803343949043,1.0000000000000004,-4.440892098500626e-16,MINIMAL,optimal,4,1119_AT2;1120_AT2;1119_AT1;1120_AT1,CHKA;CHKB;CHKA;CHKB,atp_c + chol_c --> adp_c + cholp_c + h_c
CHSTEROLt2,cholesterol intracellular transport,Unknown,1.2662803343949047,1.2662803343949043,1.0000000000000004,-4.440892098500626e-16,MINIMAL,optimal,0,,,chsterol_r <=> chsterol_m
CHSTEROLt3,cholesterol intracellular transport,Unknown,1.2662803343949047,1.2662803343949043,1.0000000000000004,-4.440892098500626e-16,MINIMAL,optimal,0,,,CHOLESTEROL_c <=> chsterol_m
CITRtm,citrulline mitochondrial transport via proton antiport,Unknown,1.2662803343949047,1.2662803343949043,1.0000000000000004,-4.440892098500626e-16,MINIMAL,optimal,2,83884_AT1;10166_AT1,SLC25A2;SLC25A15,citr_DASH_DASH_DASH_L_m <=> L_45_CITRULLINE_c
CITtam,"citrate transport, mitochondrial",Unknown,1.2662803343949047,1.2662803343949043,1.0000000000000004,-4.440892098500626e-16,MINIMAL,optimal,1,6576_AT1,SLC25A1,cit_c + mal_DASH_DASH_DASH_L_m <=> cit_m + mal_DASH_DASH_DASH_L_c
CLPNDt,fatty acid transport via diffusion,Unknown,1.2662803343949047,1.2662803343949043,1.0000000000000004,-4.440892098500626e-16,MINIMAL,optimal,0,,,clpnd_e <=> clpnd_c
CO2ter,CO2 endoplasmic reticular transport via diffusion,Unknown,1.2662803343949047,1.2662803343949043,1.0000000000000004,-4.440892098500626e-16,MINIMAL,optimal,0,,,CARBON_45_DIOXIDE_c <=> co2_r
HMGCOASi,Hydroxymethylglutaryl CoA synthase (ir),Unknown,1.2662803343949047,1.2662803343949043,1.0000000000000004,-4.440892098500626e-16,MINIMAL,optimal,2,3157_AT1;3157_AT2,HMGCS1;HMGCS1,WATER_c + aacoa_c + accoa_c --> coa_c + h_c + hmgcoa_c
HMGCOAtx,Hydroxymethylglutaryl-CoA reversible peroxisomal transport,Unknown,1.2662803343949047,1.2662803343949043,1.0000000000000004,-4.440892098500626e-16,MINIMAL,optimal,0,,,hmgcoa_c <=> hmgcoa_x
HMGLm,hydroxymethylglutaryl-CoA lyase,Unknown,1.2662803343949047,1.2662803343949043,1.0000000000000004,-4.440892098500626e-16,MINIMAL,optimal,2,3155_AT1;54511_AT1,HMGCL;HMGCLL1,hmgcoa_m --> acac_m + accoa_m
HMGLx,hydroxymethylglutaryl-CoA lyase,Unknown,1.2662803343949047,1.2662803343949043,1.0000000000000004,-4.440892098500626e-16,MINIMAL,optimal,1,3155_AT1,HMGCL,hmgcoa_x --> acac_x + accoa_x
HPACtr,hydroxyphenylacetate transport via diffusion,Unknown,1.2662803343949047,1.2662803343949043,1.0000000000000004,-4.440892098500626e-16,MINIMAL,optimal,0,,,4hphac_c <=> 4hphac_e
HPDCACRNCPT1,carnitine fatty-acyl transferase,Unknown,1.2662803343949047,1.2662803343949043,1.0000000000000004,-4.440892098500626e-16,MINIMAL,optimal,5,1374_AT1;1375_AT2;126129_AT1;1375_AT1;1375_AT3,CPT1A;CPT1B;CPT1C;CPT1B;CPT1B,CARNITINE_c + hpdcacoa_c --> coa_c + hpdcacrn_c
HPDCACRNCPT2,heptadecanoate transport into the mitochondria,Unknown,1.2662803343949047,1.2662803343949043,1.0000000000000004,-4.440892098500626e-16,MINIMAL,optimal,1,1376_AT1,CPT2,coa_m + hpdcacrn_m --> CARNITINE_m + hpdcacoa_m
HPDCACRNt,heptadecanoate transport into the mitochondria,Unknown,1.2662803343949047,1.2662803343949043,1.0000000000000004,-4.440892098500626e-16,MINIMAL,optimal,1,788_AT1,SLC25A20,hpdcacrn_c --> hpdcacrn_m
HPDCAt,fatty acid transport via diffusion,Unknown,1.2662803343949047,1.2662803343949043,1.0000000000000004,-4.440892098500626e-16,MINIMAL,optimal,0,,,hpdca_e <=> hpdca_c
HSD17B7r,testicular 17-beta-hydroxysteroid dehydrogenase,Unknown,1.2662803343949047,1.2662803343949043,1.0000000000000004,-4.440892098500626e-16,MINIMAL,optimal,1,51478_AT1,HSD17B7,estrone_r + h_r + nadph_r --> estradiol_r + nadp_r
HSD17B9r,17-beta-hydroxysteroid dehydrogenase (type 7),Unknown,1.2662803343949047,1.2662803343949043,1.0000000000000004,-4.440892098500626e-16,MINIMAL,optimal,1,51478_AT1,HSD17B7,andrstrn_r + h_r + nadph_r + 1.5 o2_r --> eandrstrn_r + 2.0 h2o_r + nadp_r
HSD3A1r,3 alpha-hydroxysteroid dehydrogenase (type 3),Unknown,1.2662803343949047,1.2662803343949043,1.0000000000000004,-4.440892098500626e-16,MINIMAL,optimal,1,1109_AT1,AKR1C4,andrstandn_r + h_r + nadh_r <=> andrstrn_r + nad_r
MCCCrm,"methylcrotonoyl-CoA carboxylase, mitochondrial",Unknown,1.2662803343949047,1.2662803343949043,1.0000000000000004,-4.440892098500626e-16,MINIMAL,optimal,2,56922_AT1;64087_AT1,MCCC1;MCCC2,3mb2coa_m + atp_m + hco3_m <=> 3mgcoa_m + adp_m + h_m + pi_m
MCLACCYSR,3-mercaptolactate:cysteine reductase,Unknown,1.2662803343949047,1.2662803343949043,1.0000000000000004,-4.440892098500626e-16,MINIMAL,optimal,0,,,CYS_c + mercplac_c + nad_c --> h_c + mercplaccys_c + nadh_c
MDHm,"malate dehydrogenase, mitochondrial",Unknown,1.2662803343949047,1.2662803343949043,1.0000000000000004,-4.440892098500626e-16,MINIMAL,optimal,1,4191_AT1,MDH2,mal_DASH_DASH_DASH_L_m + nad_m <=> h_m + nadh_m + oaa_m
AMANK,N-acetyl-D-mannosamine kinase,Unknown,1.2662803343949047,1.2662803343949043,1.0000000000000004,-4.440892098500626e-16,MINIMAL,optimal,2,55577_AT1;10020_AT1,NAGK;GNE,N_45_acetyl_45_D_45_mannosamine_c + atp_c --> acmanap_c + adp_c + h_c
AMPDA,Adenosine monophosphate deaminase,Unknown,1.2662803343949047,1.2662803343949043,1.0000000000000004,-4.440892098500626e-16,MINIMAL,optimal,5,271_AT3;272_AT1;270_AT1;271_AT2;271_AT1,AMPD2;AMPD3;AMPD1;AMPD2;AMPD2,WATER_c + amp_c + h_c --> imp_c + nh4_c
AMPTASECG,alanyl aminopeptidase (cys-gly),Unknown,1.2662803343949047,1.2662803343949043,1.0000000000000004,-4.440892098500626e-16,MINIMAL,optimal,1,290_AT1,ANPEP,CYS_45_GLY_c + WATER_c --> CYS_c + GLY_c
AMY1e,"alpha-amylase, extracellular (strch1 -> strch2)",Unknown,1.2662803343949047,1.2662803343949043,1.0000000000000004,-4.440892098500626e-16,MINIMAL,optimal,9,11136_AT1;280_AT1;277_AT1;276_AT2;276_AT1;6519_AT1;279_AT1;278_AT1;6520_AT1,SLC7A9;AMY2B;AMY1B;AMY1A;AMY1A;SLC3A1;AMY2A;AMY1C;SLC3A2,8.0 WATER_e + strch1_e --> 8.0 glc_DASH_DASH_DASH_D_e + strch2_e
AMY2e,"alpha-amylase, extracellular (glygn2 -> glygn4)",Unknown,1.2662803343949047,1.2662803343949043,1.0000000000000004,-4.440892098500626e-16,MINIMAL,optimal,9,11136_AT1;280_AT1;277_AT1;276_AT2;276_AT1;6519_AT1;279_AT1;278_AT1;6520_AT1,SLC7A9;AMY2B;AMY1B;AMY1A;AMY1A;SLC3A1;AMY2A;AMY1C;SLC3A2,8.0 WATER_e + glygn2_e --> 8.0 glc_DASH_DASH_DASH_D_e + glygn4_e
APAT2rm,3-Aminopropanoate:2-oxoglutarate aminotransferase (m),Unknown,1.2662803343949047,1.2662803343949043,1.0000000000000004,-4.440892098500626e-16,MINIMAL,optimal,2,18_AT1;18_AT2,ABAT;ABAT,akg_m + ala_DASH_DASH_DASH_B_m <=> glu_DASH_DASH_DASH_L_m + msa_m
ARABR,arabinose reductase,Unknown,1.2662803343949047,1.2662803343949043,1.0000000000000004,-4.440892098500626e-16,MINIMAL,optimal,4,231_AT1;8574_AT1;10327_AT1;10327_AT2,AKR1B1;AKR7A2;AKR1A1;AKR1A1,CPD_45_15699_c + NADPH_c + h_c --> L_45_ARABITOL_c + nadp_c
ARAB_Lt,L-arabinoase extracellular transport,Unknown,1.2662803343949047,1.2662803343949043,1.0000000000000004,-4.440892098500626e-16,MINIMAL,optimal,0,,,arab_DASH_DASH_DASH_L_e <=> CPD_45_15699_c
HXPRT,hypoxanthine phosphoribosyltransferase (Hypoxanthine),Unknown,1.2662803343949047,1.2662803343949043,1.0000000000000004,-4.440892098500626e-16,MINIMAL,optimal,1,3251_AT1,HPRT1,HYPOXANTHINE_c + prpp_c --> imp_c + ppi_c
HYPOE,hypothetical enyme,Unknown,1.2662803343949047,1.2662803343949043,1.0000000000000004,-4.440892098500626e-16,MINIMAL,optimal,1,57026_AT1,PDXP,WATER_c + pyam5p_c --> pi_c + pydam_c
Htm,Uncoupling protein,Unknown,1.2662803343949047,1.2662803343949043,1.0000000000000004,-4.440892098500626e-16,MINIMAL,optimal,7,9481_AT1;9016_AT2;7350_AT1;7352_AT1;7352_AT2;7351_AT1;9016_AT1,SLC25A27;SLC25A14;UCP1;UCP3;UCP3;UCP2;SLC25A14,h_c --> h_m
ICDHxm,Isocitrate dehydrogenase (NAD+),Unknown,1.2662803343949047,1.2662803343949043,1.0000000000000004,-4.440892098500626e-16,MINIMAL,optimal,6,3419_AT1;3420_AT2;3421_AT1;3420_AT1;3420_AT3;3421_AT2,IDH3A;IDH3B;IDH3G;IDH3B;IDH3B;IDH3G,icit_m + nad_m --> CARBON_45_DIOXIDE_m + akg_m + nadh_m
ICDHy,isocitrate dehydrogenase (NADP),Unknown,1.2662803343949047,1.2662803343949043,1.0000000000000004,-4.440892098500626e-16,MINIMAL,optimal,1,3417_AT1,IDH1,icit_c + nadp_c --> CARBON_45_DIOXIDE_c + NADPH_c + akg_c
ICDHyrm,Isocitrate dehydrogenase (NADP+),Unknown,1.2662803343949047,1.2662803343949043,1.0000000000000004,-4.440892098500626e-16,MINIMAL,optimal,1,3418_AT1,IDH2,icit_m + nadp_m <=> CARBON_45_DIOXIDE_m + NADPH_m + akg_m
IDPtn,IDP nuclear transport,Unknown,1.2662803343949047,1.2662803343949043,1.0000000000000004,-4.440892098500626e-16,MINIMAL,optimal,0,,,idp_c <=> idp_n
ILETAm,"isoleucine transaminase, mitochondrial",Unknown,1.2662803343949047,1.2662803343949043,1.0000000000000004,-4.440892098500626e-16,MINIMAL,optimal,1,587_AT1,BCAT2,akg_m + ile_DASH_DASH_DASH_L_m <=> 3mop_m + glu_DASH_DASH_DASH_L_m
INSTt2r,inositol transport in via proton symport,Unknown,1.2662803343949047,1.2662803343949043,1.0000000000000004,-4.440892098500626e-16,MINIMAL,optimal,1,114134_AT1,SLC2A13,MYO_45_INOSITOL_e + h_e <=> MYO_45_INOSITOL_c + h_c
INSTt4,inositol transport via sodium symport,Unknown,1.2662803343949047,1.2662803343949043,1.0000000000000004,-4.440892098500626e-16,MINIMAL,optimal,1,6526_AT1,SLC5A3,MYO_45_INOSITOL_e + NA_43__e <=> MYO_45_INOSITOL_c + NA_43__c
IPDDIx,isopentenyl-diphosphate D-isomerase,Unknown,1.2662803343949047,1.2662803343949043,1.0000000000000004,-4.440892098500626e-16,MINIMAL,optimal,2,3422_AT1;91734_AT1,IDI1;IDI2,ipdp_x <=> dmpp_x
LDH_L,L-lactate dehydrogenase,Unknown,1.2662803343949047,1.2662803343949043,1.0000000000000004,-4.440892098500626e-16,MINIMAL,optimal,7,55293_AT1;92483_AT1;3945_AT1;3948_AT1;3948_AT2;160287_AT1;3939_AT1,UEVLD;LDHAL6B;LDHB;LDHC;LDHC;LDHAL6A;LDHA,lac_DASH_DASH_DASH_L_c + nad_c <=> h_c + nadh_c + pyr_c
HIStN1,"Histidine transport (Na, H coupled)",Unknown,1.2662803343949047,1.2662803343949043,1.0000000000000004,-4.440892098500626e-16,MINIMAL,optimal,1,10991_AT1,SLC38A3,HIS_e + 2.0 NA_43__e + h_c <=> HIS_c + 2.0 NA_43__c + h_e
HMGCOARx,Hydroxymethylglutaryl CoA reductase (ir),Unknown,1.2662803343949047,1.2662803343949043,1.0000000000000004,-4.440892098500626e-16,MINIMAL,optimal,1,3156_AT1,HMGCR,2.0 h_x + hmgcoa_x + 2.0 nadph_x --> coa_x + mev_DASH_DASH_DASH_R_x + 2.0 nadp_x
ALATHRNaEx,L-alanine/L-threonine Na-dependent exchange (Ala-L in),Unknown,1.2662803343949047,1.2662803343949043,1.0000000000000004,-4.440892098500626e-16,MINIMAL,optimal,2,6510_AT1;6509_AT1,SLC1A5;SLC1A4,L_45_ALPHA_45_ALANINE_e + NA_43__e + THR_c --> L_45_ALPHA_45_ALANINE_c + NA_43__c + THR_e
ALCD1,alcohol dehydrogenase (methanol),Unknown,1.2662803343949047,1.2662803343949043,1.0000000000000004,-4.440892098500626e-16,MINIMAL,optimal,10,131_AT1;130_AT1;125_AT1;137872_AT1;128_AT1;284273_AT1;126_AT1;124_AT1;127_AT1;284273_AT2,ADH7;ADH6;ADH1B;ADHFE1;ADH5;ZADH2;ADH1C;ADH1A;ADH4;ZADH2,METOH_c + nad_c <=> FORMALDEHYDE_c + h_c + nadh_c
ALCD21_D,"alcohol dehydrogenase (D-1,2-propanediol)",Unknown,1.2662803343949047,1.2662803343949043,1.0000000000000004,-4.440892098500626e-16,MINIMAL,optimal,10,131_AT1;130_AT1;125_AT1;137872_AT1;128_AT1;284273_AT1;126_AT1;124_AT1;127_AT1;284273_AT2,ADH7;ADH6;ADH1B;ADHFE1;ADH5;ZADH2;ADH1C;ADH1A;ADH4;ZADH2,12ppd_DASH_DASH_DASH_R_c + nad_c --> h_c + lald_DASH_DASH_DASH_D_c + nadh_c
ALCD21_L,"alcohol dehydrogenase (L-1,2-propanediol)",Unknown,1.2662803343949047,1.2662803343949043,1.0000000000000004,-4.440892098500626e-16,MINIMAL,optimal,0,,,PROPANE_45_1_45_2_45_DIOL_c + nad_c --> h_c + lald_DASH_DASH_DASH_L_c + nadh_c
ALCD22_D,alcohol dehydrogenase (D-lactaldehyde),Unknown,1.2662803343949047,1.2662803343949043,1.0000000000000004,-4.440892098500626e-16,MINIMAL,optimal,10,131_AT1;130_AT1;125_AT1;137872_AT1;128_AT1;284273_AT1;126_AT1;124_AT1;127_AT1;284273_AT2,ADH7;ADH6;ADH1B;ADHFE1;ADH5;ZADH2;ADH1C;ADH1A;ADH4;ZADH2,lald_DASH_DASH_DASH_D_c + nad_c --> METHYL_45_GLYOXAL_c + h_c + nadh_c
ALCD22_L,alcohol dehydrogenase (L-lactaldehyde),Unknown,1.2662803343949047,1.2662803343949043,1.0000000000000004,-4.440892098500626e-16,MINIMAL,optimal,10,131_AT1;130_AT1;125_AT1;137872_AT1;128_AT1;284273_AT1;126_AT1;124_AT1;127_AT1;284273_AT2,ADH7;ADH6;ADH1B;ADHFE1;ADH5;ZADH2;ADH1C;ADH1A;ADH4;ZADH2,lald_DASH_DASH_DASH_L_c + nad_c --> METHYL_45_GLYOXAL_c + h_c + nadh_c
ALCD2if,"alcohol dehydrogenase, forward rxn (ethanol -> acetaldehyde)",Unknown,1.2662803343949047,1.2662803343949043,1.0000000000000004,-4.440892098500626e-16,MINIMAL,optimal,10,131_AT1;130_AT1;125_AT1;137872_AT1;128_AT1;284273_AT1;126_AT1;124_AT1;127_AT1;284273_AT2,ADH7;ADH6;ADH1B;ADHFE1;ADH5;ZADH2;ADH1C;ADH1A;ADH4;ZADH2,ETOH_c + nad_c --> ACETALD_c + h_c + nadh_c
ALCD2yf,"alcohol dehydrogenase (ethanol, NADP), forward reaction",Unknown,1.2662803343949047,1.2662803343949043,1.0000000000000004,-4.440892098500626e-16,MINIMAL,optimal,2,10327_AT1;10327_AT2,AKR1A1;AKR1A1,ETOH_c + nadp_c --> ACETALD_c + NADPH_c + h_c
ALDD19x,"aldehyde dehydrogenase (phenylacetaldehyde, NAD)",Unknown,1.2662803343949047,1.2662803343949043,1.0000000000000004,-4.440892098500626e-16,MINIMAL,optimal,4,221_AT1;220_AT1;222_AT1;218_AT1,ALDH3B1;ALDH1A3;ALDH3B2;ALDH3A1,PHENYLACETALDEHYDE_c + WATER_c + nad_c --> Phenyl_45_Acetates_c + 2.0 h_c + nadh_c
ALDD19x_LPAREN_P_RPAREN_,"aldehyde dehydrogenase (phenylacetaldehyde, NADP)",Unknown,1.2662803343949047,1.2662803343949043,1.0000000000000004,-4.440892098500626e-16,MINIMAL,optimal,4,221_AT1;220_AT1;222_AT1;218_AT1,ALDH3B1;ALDH1A3;ALDH3B2;ALDH3A1,PHENYLACETALDEHYDE_c + WATER_c + nadp_c --> NADPH_c + Phenyl_45_Acetates_c + 2.0 h_c
ALDD2x,"aldehyde dehydrogenase (acetaldehyde, NAD)",Unknown,1.2662803343949047,1.2662803343949043,1.0000000000000004,-4.440892098500626e-16,MINIMAL,optimal,11,218_AT1;8854_AT3;8854_AT1;224_AT1;501_AT1;223_AT1;221_AT1;222_AT1;216_AT1;220_AT1,ALDH3A1;ALDH1A2;ALDH1A2;ALDH3A2;ALDH7A1;ALDH9A1;ALDH3B1;ALDH3B2;ALDH1A1;ALDH1A3,ACETALD_c + WATER_c + nad_c --> ac_c + 2.0 h_c + nadh_c
