gene_id,gene_name,host_flux,host_baseline,host_growth_pct,host_status,num_reactions,reactions,virus_flux,virus_baseline,virus_growth_pct,virus_status,selectivity_score,target_class
5238_AT1,PGM3,0.23437252228949343,0.23437252228949343,100.0,MINIMAL,1,ACGAMPM,0.0,0.2814317775193228,0.0,LETHAL,100.0,CRITICAL_VIRAL_TARGET
64841_AT1,GNPNAT1,0.23437252228949343,0.23437252228949343,100.0,MINIMAL,1,ACGAM6PS,0.017256403480807966,0.2814317775193228,6.131647119921687,SIGNIFICANT,93.86835288007832,HIGH_CONFIDENCE_TARGET
51727_AT1,CMPK1,0.004129972159031681,0.23437252228949343,1.7621400830983083,SIGNIFICANT,5,CYTK11n;CYTK3n;CYTK13n;CYTK4n;UMPK5,0.0,0.2814317775193228,0.0,LETHAL,1.7621400830983083,CRITICAL_VIRAL_TARGET
200576_AT2,PIKFYVE,0.23437252228949343,0.23437252228949343,100.0,MINIMAL,1,PI4P5K,0.2814317775193228,0.2814317775193228,100.0,MINIMAL,0.0,NOT_A_TARGET
26_AT1,AOC1,0.23437252228949343,0.23437252228949343,100.0,MINIMAL,5,PEAMNO;13DAMPPOX;MHISOR;MAOX;PTRCOX1,0.2814317775193228,0.2814317775193228,100.0,MINIMAL,0.0,NOT_A_TARGET
9061_AT1,PAPSS1,0.23437252228949343,0.23437252228949343,100.0,MINIMAL,2,ADSK;SADT,0.2814317775193228,0.2814317775193228,100.0,MINIMAL,0.0,NOT_A_TARGET
158_AT1,ADSL,0.23437252228949343,0.23437252228949343,100.0,MINIMAL,2,ADSL1r;ADSL2r,0.2814317775193228,0.2814317775193228,100.0,MINIMAL,0.0,NOT_A_TARGET
125_AT1,ADH1B,0.23437252228949343,0.23437252228949343,100.0,MINIMAL,7,ALCD1;ALCD22_L;LCARS;34DHOXPEGOX;ALCD2x;ALCD21_D;ALCD22_D,0.2814317775193228,0.2814317775193228,100.0,MINIMAL,0.0,NOT_A_TARGET
158_AT2,ADSL,0.23437252228949343,0.23437252228949343,100.0,MINIMAL,2,ADSL1r;ADSL2r,0.2814317775193228,0.2814317775193228,100.0,MINIMAL,0.0,NOT_A_TARGET
127_AT1,ADH4,0.23437252228949343,0.23437252228949343,100.0,MINIMAL,7,ALCD1;ALCD22_L;LCARS;34DHOXPEGOX;ALCD2x;ALCD21_D;ALCD22_D,0.2814317775193228,0.2814317775193228,100.0,MINIMAL,0.0,NOT_A_TARGET
159_AT1,ADSS,0.23437252228949343,0.23437252228949343,100.0,MINIMAL,1,ADSS,0.2814317775193228,0.2814317775193228,100.0,MINIMAL,0.0,NOT_A_TARGET
8639_AT1,AOC3,0.23437252228949343,0.23437252228949343,100.0,MINIMAL,5,MHISOR;13DAMPPOX;AACTOOR;MAOX;PTRCOX1,0.2814317775193228,0.2814317775193228,100.0,MINIMAL,0.0,NOT_A_TARGET
314_AT2,AOC2,0.23437252228949343,0.23437252228949343,100.0,MINIMAL,5,PEAMNO;13DAMPPOX;MHISOR;MAOX;PTRCOX1,0.2814317775193228,0.2814317775193228,100.0,MINIMAL,0.0,NOT_A_TARGET
131_AT1,ADH7,0.23437252228949343,0.23437252228949343,100.0,MINIMAL,7,ALCD1;ALCD22_L;LCARS;34DHOXPEGOX;ALCD2x;ALCD21_D;ALCD22_D,0.2814317775193228,0.2814317775193228,100.0,MINIMAL,0.0,NOT_A_TARGET
122622_AT1,ADSSL1,0.23437252228949343,0.23437252228949343,100.0,MINIMAL,1,ADSS,0.2814317775193228,0.2814317775193228,100.0,MINIMAL,0.0,NOT_A_TARGET
130_AT1,ADH6,0.23437252228949343,0.23437252228949343,100.0,MINIMAL,7,ALCD1;ALCD22_L;LCARS;34DHOXPEGOX;ALCD2x;ALCD21_D;ALCD22_D,0.2814317775193228,0.2814317775193228,100.0,MINIMAL,0.0,NOT_A_TARGET
314_AT1,AOC2,0.23437252228949343,0.23437252228949343,100.0,MINIMAL,5,PEAMNO;13DAMPPOX;MHISOR;MAOX;PTRCOX1,0.2814317775193228,0.2814317775193228,100.0,MINIMAL,0.0,NOT_A_TARGET
137964_AT1,GPAT4,0.23437252228949343,0.23437252228949343,100.0,MINIMAL,1,AGPAT1,0.2814317775193228,0.2814317775193228,100.0,MINIMAL,0.0,NOT_A_TARGET
56894_AT1,AGPAT3,0.23437252228949343,0.23437252228949343,100.0,MINIMAL,1,AGPAT1,0.2814317775193228,0.2814317775193228,100.0,MINIMAL,0.0,NOT_A_TARGET
10606_AT1,PAICS,0.23437252228949343,0.23437252228949343,100.0,MINIMAL,2,AIRCr;PRASCSi,0.2814317775193228,0.2814317775193228,100.0,MINIMAL,0.0,NOT_A_TARGET
8659_AT1,ALDH4A1,0.23437252228949343,0.23437252228949343,100.0,MINIMAL,3,PHCDm;4HGLSDm;P5CDm,0.2814317775193228,0.2814317775193228,100.0,MINIMAL,0.0,NOT_A_TARGET
124_AT1,ADH1A,0.23437252228949343,0.23437252228949343,100.0,MINIMAL,7,ALCD1;ALCD22_L;LCARS;34DHOXPEGOX;ALCD2x;ALCD21_D;ALCD22_D,0.2814317775193228,0.2814317775193228,100.0,MINIMAL,0.0,NOT_A_TARGET
137872_AT1,ADHFE1,0.23437252228949343,0.23437252228949343,100.0,MINIMAL,7,ALCD1;ALCD22_L;LCARS;34DHOXPEGOX;ALCD2x;ALCD21_D;ALCD22_D,0.2814317775193228,0.2814317775193228,100.0,MINIMAL,0.0,NOT_A_TARGET
9060_AT1,PAPSS2,0.23437252228949343,0.23437252228949343,100.0,MINIMAL,2,ADSK;SADT,0.2814317775193228,0.2814317775193228,100.0,MINIMAL,0.0,NOT_A_TARGET
51166_AT2,AADAT,0.23437252228949343,0.23437252228949343,100.0,MINIMAL,1,AATA,0.2814317775193228,0.2814317775193228,100.0,MINIMAL,0.0,NOT_A_TARGET
18_AT1,ABAT,0.23437252228949343,0.23437252228949343,100.0,MINIMAL,4,ABTArm;APAT2rm;3AIBtm;3AIBTm,0.2814317775193228,0.2814317775193228,100.0,MINIMAL,0.0,NOT_A_TARGET
18_AT2,ABAT,0.23437252228949343,0.23437252228949343,100.0,MINIMAL,4,ABTArm;APAT2rm;3AIBtm;3AIBTm,0.2814317775193228,0.2814317775193228,100.0,MINIMAL,0.0,NOT_A_TARGET
89874_AT1,SLC25A21,0.23437252228949343,0.23437252228949343,100.0,MINIMAL,2,2AMADPTm;2OXOADPTm,0.2814317775193228,0.2814317775193228,100.0,MINIMAL,0.0,NOT_A_TARGET
55293_AT1,UEVLD,0.23437252228949343,0.23437252228949343,100.0,MINIMAL,4,2HBO;LDH_L;GLXO1;MCLORi,0.2814317775193228,0.2814317775193228,100.0,MINIMAL,0.0,NOT_A_TARGET
23498_AT1,HAAO,0.23437252228949343,0.23437252228949343,100.0,MINIMAL,1,3HAO,0.2814317775193228,0.2814317775193228,100.0,MINIMAL,0.0,NOT_A_TARGET
1644_AT1,DDC,0.23437252228949343,0.23437252228949343,100.0,MINIMAL,5,HISDC;3HLYTCL;PHYCBOXL;TYRCBOX;5HLTDL,0.2814317775193228,0.2814317775193228,100.0,MINIMAL,0.0,NOT_A_TARGET
3945_AT1,LDHB,0.23437252228949343,0.23437252228949343,100.0,MINIMAL,4,2HBO;LDH_L;GLXO1;MCLORi,0.2814317775193228,0.2814317775193228,100.0,MINIMAL,0.0,NOT_A_TARGET
51005_AT1,AMDHD2,0.23437252228949343,0.23437252228949343,100.0,MINIMAL,1,AGDC,0.2814317775193228,0.2814317775193228,100.0,MINIMAL,0.0,NOT_A_TARGET
10554_AT1,AGPAT1,0.23437252228949343,0.23437252228949343,100.0,MINIMAL,1,AGPAT1,0.2814317775193228,0.2814317775193228,100.0,MINIMAL,0.0,NOT_A_TARGET
126_AT1,ADH1C,0.23437252228949343,0.23437252228949343,100.0,MINIMAL,7,ALCD1;ALCD22_L;LCARS;34DHOXPEGOX;ALCD2x;ALCD21_D;ALCD22_D,0.2814317775193228,0.2814317775193228,100.0,MINIMAL,0.0,NOT_A_TARGET
92483_AT1,LDHAL6B,0.23437252228949343,0.23437252228949343,100.0,MINIMAL,4,2HBO;LDH_L;GLXO1;MCLORi,0.2814317775193228,0.2814317775193228,100.0,MINIMAL,0.0,NOT_A_TARGET
51166_AT1,AADAT,0.23437252228949343,0.23437252228949343,100.0,MINIMAL,1,AATA,0.2814317775193228,0.2814317775193228,100.0,MINIMAL,0.0,NOT_A_TARGET
3948_AT1,LDHC,0.23437252228949343,0.23437252228949343,100.0,MINIMAL,4,2HBO;LDH_L;GLXO1;MCLORi,0.2814317775193228,0.2814317775193228,100.0,MINIMAL,0.0,NOT_A_TARGET
160287_AT1,LDHAL6A,0.23437252228949343,0.23437252228949343,100.0,MINIMAL,4,2HBO;LDH_L;GLXO1;MCLORi,0.2814317775193228,0.2814317775193228,100.0,MINIMAL,0.0,NOT_A_TARGET
220_AT1,ALDH1A3,0.23437252228949343,0.23437252228949343,100.0,MINIMAL,12,LCADi;34DHXMANDACOX;ALDD2x;ALDD19xr;3MOX4HOXPGALDOX_NADP;34DHALDD;GCALDD;ALDD19x_P;MACOXO;LCADi_D,0.2814317775193228,0.2814317775193228,100.0,MINIMAL,0.0,NOT_A_TARGET
117247_AT1,SLC16A10,0.23437252228949343,0.23437252228949343,100.0,MINIMAL,4,PHEtec;TRPt;34DHPHEt;TYRt,0.2814317775193228,0.2814317775193228,100.0,MINIMAL,0.0,NOT_A_TARGET
1591_AT1,CYP24A1,0.23437252228949343,0.23437252228949343,100.0,MINIMAL,2,24_25VITD2Hm;24_25VITD3Hm,0.2814317775193228,0.2814317775193228,100.0,MINIMAL,0.0,NOT_A_TARGET
122622_AT2,ADSSL1,0.23437252228949343,0.23437252228949343,100.0,MINIMAL,1,ADSS,0.2814317775193228,0.2814317775193228,100.0,MINIMAL,0.0,NOT_A_TARGET
8671_AT1,SLC4A4,0.23437252228949343,0.23437252228949343,100.0,MINIMAL,2,2HCO3_NAt;3HCO3_NAt,0.2814317775193228,0.2814317775193228,100.0,MINIMAL,0.0,NOT_A_TARGET
10768_AT1,AHCYL1,0.23437252228949343,0.23437252228949343,100.0,MINIMAL,1,AHCi,0.2814317775193228,0.2814317775193228,100.0,MINIMAL,0.0,NOT_A_TARGET
221_AT1,ALDH3B1,0.23437252228949343,0.23437252228949343,100.0,MINIMAL,15,LCADi;34DHXMANDACOX;ALDD2x;ALDD2y;ALDD19xr;34DHXMANDACOX_NADP;3MOX4HOXPGALDOX_NADP;34DHALDD;GCALDD;ALDD19x_P,0.2814317775193228,0.2814317775193228,100.0,MINIMAL,0.0,NOT_A_TARGET
57835_AT3,SLC4A5,0.23437252228949343,0.23437252228949343,100.0,MINIMAL,2,2HCO3_NAt;3HCO3_NAt,0.2814317775193228,0.2814317775193228,100.0,MINIMAL,0.0,NOT_A_TARGET
56895_AT1,AGPAT4,0.23437252228949343,0.23437252228949343,100.0,MINIMAL,1,AGPAT1,0.2814317775193228,0.2814317775193228,100.0,MINIMAL,0.0,NOT_A_TARGET
9194_AT1,SLC16A7,0.23437252228949343,0.23437252228949343,100.0,MINIMAL,7,D_LACt2;PYRt2p;ACETONEt2;L_LACt2r;PYRt2;ACACt2;2HBt2,0.2814317775193228,0.2814317775193228,100.0,MINIMAL,0.0,NOT_A_TARGET
4128_AT1,MAOA,0.23437252228949343,0.23437252228949343,100.0,MINIMAL,4,41R1H2MAE12BOOX;TYROXDAc;PEAMNO;41R2A1H12BOOX,0.2814317775193228,0.2814317775193228,100.0,MINIMAL,0.0,NOT_A_TARGET
6566_AT1,SLC16A1,0.23437252228949343,0.23437252228949343,100.0,MINIMAL,14,BUTt2m;L_LACtm;ACACt2m;BUTt2r;ACACt2;2HBt2;PYRt2m;PYRt2p;ACETONEt2;L_LACt2r,0.2814317775193228,0.2814317775193228,100.0,MINIMAL,0.0,NOT_A_TARGET
56894_AT2,AGPAT3,0.23437252228949343,0.23437252228949343,100.0,MINIMAL,1,AGPAT1,0.2814317775193228,0.2814317775193228,100.0,MINIMAL,0.0,NOT_A_TARGET
4129_AT1,MAOB,0.23437252228949343,0.23437252228949343,100.0,MINIMAL,5,41R1H2MAE12BOOX;PEAMNO;41R2A1H12BOOX;MACOXO;TYROXDAc,0.2814317775193228,0.2814317775193228,100.0,MINIMAL,0.0,NOT_A_TARGET
8604_AT1,SLC25A12,0.23437252228949343,0.23437252228949343,100.0,MINIMAL,3,ASPGLUm;3SALAASPm;GLUt2m,0.2814317775193228,0.2814317775193228,100.0,MINIMAL,0.0,NOT_A_TARGET
5832_AT1,ALDH18A1,0.23437252228949343,0.23437252228949343,100.0,MINIMAL,2,G5SDym;GLU5Km,0.2814317775193228,0.2814317775193228,100.0,MINIMAL,0.0,NOT_A_TARGET
10165_AT1,SLC25A13,0.23437252228949343,0.23437252228949343,100.0,MINIMAL,3,ASPGLUm;3SALAASPm;GLUt2m,0.2814317775193228,0.2814317775193228,100.0,MINIMAL,0.0,NOT_A_TARGET
9123_AT1,SLC16A3,0.23437252228949343,0.23437252228949343,100.0,MINIMAL,5,ACETONEt2;L_LACt2r;PYRt2;D_LACt2;2HBt2,0.2814317775193228,0.2814317775193228,100.0,MINIMAL,0.0,NOT_A_TARGET
2572_AT1,GAD2,0.23437252228949343,0.23437252228949343,100.0,MINIMAL,3,LCYSTCBOXL;3SALACBOXL;GLUDC,0.2814317775193228,0.2814317775193228,100.0,MINIMAL,0.0,NOT_A_TARGET
57835_AT4,SLC4A5,0.23437252228949343,0.23437252228949343,100.0,MINIMAL,2,2HCO3_NAt;3HCO3_NAt,0.2814317775193228,0.2814317775193228,100.0,MINIMAL,0.0,NOT_A_TARGET
57835_AT1,SLC4A5,0.23437252228949343,0.23437252228949343,100.0,MINIMAL,2,2HCO3_NAt;3HCO3_NAt,0.2814317775193228,0.2814317775193228,100.0,MINIMAL,0.0,NOT_A_TARGET
2571_AT2,GAD1,0.23437252228949343,0.23437252228949343,100.0,MINIMAL,3,LCYSTCBOXL;3SALACBOXL;GLUDC,0.2814317775193228,0.2814317775193228,100.0,MINIMAL,0.0,NOT_A_TARGET
523_AT1,ATP6V1A,0.23437252228949343,0.23437252228949343,100.0,MINIMAL,1,ATPasel,0.2814317775193228,0.2814317775193228,100.0,MINIMAL,0.0,NOT_A_TARGET
28976_AT1,ACAD9,0.23437252228949343,0.23437252228949343,100.0,MINIMAL,1,ACOAD1fm,0.2814317775193228,0.2814317775193228,100.0,MINIMAL,0.0,NOT_A_TARGET
526_AT1,ATP6V1B2,0.23437252228949343,0.23437252228949343,100.0,MINIMAL,1,ATPasel,0.2814317775193228,0.2814317775193228,100.0,MINIMAL,0.0,NOT_A_TARGET
132_AT1,ADK,0.23437252228949343,0.23437252228949343,100.0,MINIMAL,1,ADNK1,0.2814317775193228,0.2814317775193228,100.0,MINIMAL,0.0,NOT_A_TARGET
55326_AT1,AGPAT5,0.23437252228949343,0.23437252228949343,100.0,MINIMAL,1,AGPAT1,0.2814317775193228,0.2814317775193228,100.0,MINIMAL,0.0,NOT_A_TARGET
3939_AT1,LDHA,0.23437252228949343,0.23437252228949343,100.0,MINIMAL,5,GLXO1;LDH_Lm;LDH_L;MCLORi;2HBO,0.2814317775193228,0.2814317775193228,100.0,MINIMAL,0.0,NOT_A_TARGET
2806_AT1,GOT2,0.23437252228949343,0.23437252228949343,100.0,MINIMAL,2,3SALATAim;ASPTAm,0.2814317775193228,0.2814317775193228,100.0,MINIMAL,0.0,NOT_A_TARGET
3074_AT1,HEXB,0.23437252228949343,0.23437252228949343,100.0,MINIMAL,3,AHEXASEly;AHEXASE2ly;NACHEX27ly,0.2814317775193228,0.2814317775193228,100.0,MINIMAL,0.0,NOT_A_TARGET
10768_AT2,AHCYL1,0.23437252228949343,0.23437252228949343,100.0,MINIMAL,1,AHCi,0.2814317775193228,0.2814317775193228,100.0,MINIMAL,0.0,NOT_A_TARGET
8050_AT1,PDHX,0.23437252228949343,0.23437252228949343,100.0,MINIMAL,3,2OXOADOXm;PDHm;AKGDm,0.2814317775193228,0.2814317775193228,100.0,MINIMAL,0.0,NOT_A_TARGET
191_AT1,AHCY,0.23437252228949343,0.23437252228949343,100.0,MINIMAL,1,AHCi,0.2814317775193228,0.2814317775193228,100.0,MINIMAL,0.0,NOT_A_TARGET
8659_AT2,ALDH4A1,0.23437252228949343,0.23437252228949343,100.0,MINIMAL,3,PHCDm;4HGLSDm;P5CDm,0.2814317775193228,0.2814317775193228,100.0,MINIMAL,0.0,NOT_A_TARGET
4967_AT2,OGDH,0.23437252228949343,0.23437252228949343,100.0,MINIMAL,2,2OXOADOXm;AKGDm,0.2814317775193228,0.2814317775193228,100.0,MINIMAL,0.0,NOT_A_TARGET
1743_AT1,DLST,0.23437252228949343,0.23437252228949343,100.0,MINIMAL,2,2OXOADOXm;AKGDm,0.2814317775193228,0.2814317775193228,100.0,MINIMAL,0.0,NOT_A_TARGET
10555_AT1,AGPAT2,0.23437252228949343,0.23437252228949343,100.0,MINIMAL,1,AGPAT1,0.2814317775193228,0.2814317775193228,100.0,MINIMAL,0.0,NOT_A_TARGET
3073_AT1,HEXA,0.23437252228949343,0.23437252228949343,100.0,MINIMAL,3,AHEXASEly;AHEXASE2ly;NACHEX27ly,0.2814317775193228,0.2814317775193228,100.0,MINIMAL,0.0,NOT_A_TARGET
6818_AT1,SULT1A3,0.23437252228949343,0.23437252228949343,100.0,MINIMAL,3,DOPASULT;4NPHSULT;TYMSULT,0.2814317775193228,0.2814317775193228,100.0,MINIMAL,0.0,NOT_A_TARGET
2571_AT1,GAD1,0.23437252228949343,0.23437252228949343,100.0,MINIMAL,3,LCYSTCBOXL;3SALACBOXL;GLUDC,0.2814317775193228,0.2814317775193228,100.0,MINIMAL,0.0,NOT_A_TARGET
471_AT1,ATIC,0.23437252228949343,0.23437252228949343,100.0,MINIMAL,2,IMPC;AICART,0.2814317775193228,0.2814317775193228,100.0,MINIMAL,0.0,NOT_A_TARGET
4967_AT1,OGDH,0.23437252228949343,0.23437252228949343,100.0,MINIMAL,2,2OXOADOXm;AKGDm,0.2814317775193228,0.2814317775193228,100.0,MINIMAL,0.0,NOT_A_TARGET
6817_AT3,SULT1A1,0.23437252228949343,0.23437252228949343,100.0,MINIMAL,5,DOPASULT;ESTSULT;TRIODTHYSULT;4NPHSULT;TYMSULT,0.2814317775193228,0.2814317775193228,100.0,MINIMAL,0.0,NOT_A_TARGET
1738_AT1,DLD,0.23437252228949343,0.23437252228949343,100.0,MINIMAL,12,GCCam;PDHm;GCC2bim;GCC2cm;OIVD1m;OIVD2m;GCCbim;OIVD3m;2OXOADOXm;GCCcm,0.2814317775193228,0.2814317775193228,100.0,MINIMAL,0.0,NOT_A_TARGET
6799_AT1,SULT1A2,0.23437252228949343,0.23437252228949343,100.0,MINIMAL,2,DOPASULT;4NPHSULT,0.2814317775193228,0.2814317775193228,100.0,MINIMAL,0.0,NOT_A_TARGET
2805_AT1,GOT1,0.23437252228949343,0.23437252228949343,100.0,MINIMAL,5,LCYSTAT;ASPTA;3SALATAi;CYSTA;TYRTA,0.2814317775193228,0.2814317775193228,100.0,MINIMAL,0.0,NOT_A_TARGET
57835_AT2,SLC4A5,0.23437252228949343,0.23437252228949343,100.0,MINIMAL,2,2HCO3_NAt;3HCO3_NAt,0.2814317775193228,0.2814317775193228,100.0,MINIMAL,0.0,NOT_A_TARGET
51380_AT1,CSAD,0.23437252228949343,0.23437252228949343,100.0,MINIMAL,2,LCYSTCBOXL;3SALACBOXL,0.2814317775193228,0.2814317775193228,100.0,MINIMAL,0.0,NOT_A_TARGET
3242_AT1,HPD,0.23437252228949343,0.23437252228949343,100.0,MINIMAL,1,34HPPOR,0.2814317775193228,0.2814317775193228,100.0,MINIMAL,0.0,NOT_A_TARGET
218_AT1,ALDH3A1,0.23437252228949343,0.23437252228949343,100.0,MINIMAL,14,LCADi;34DHXMANDACOX;ALDD2x;ALDD2y;ALDD19xr;3MOX4HOXPGALDOX_NADP;34DHALDD;GCALDD;ALDD19x_P;MACOXO,0.2814317775193228,0.2814317775193228,100.0,MINIMAL,0.0,NOT_A_TARGET
222_AT1,ALDH3B2,0.23437252228949343,0.23437252228949343,100.0,MINIMAL,14,LCADi;ALDD2x;ALDD2y;ALDD19xr;34DHXMANDACOX_NADP;3MOX4HOXPGALDOX_NADP;34DHALDD;GCALDD;ALDD19x_P;MACOXO,0.2814317775193228,0.2814317775193228,100.0,MINIMAL,0.0,NOT_A_TARGET
6822_AT1,SULT2A1,0.23437252228949343,0.23437252228949343,100.0,MINIMAL,2,DHEASULT;PRGNLONESULT,0.2814317775193228,0.2814317775193228,100.0,MINIMAL,0.0,NOT_A_TARGET
6817_AT2,SULT1A1,0.23437252228949343,0.23437252228949343,100.0,MINIMAL,5,DOPASULT;ESTSULT;TRIODTHYSULT;4NPHSULT;TYMSULT,0.2814317775193228,0.2814317775193228,100.0,MINIMAL,0.0,NOT_A_TARGET
1109_AT1,AKR1C4,0.23437252228949343,0.23437252228949343,100.0,MINIMAL,4,HSD3A2r;AKR1C42;HSD3A1r;AKR1C41,0.2814317775193228,0.2814317775193228,100.0,MINIMAL,0.0,NOT_A_TARGET
6817_AT5,SULT1A1,0.23437252228949343,0.23437252228949343,100.0,MINIMAL,5,DOPASULT;ESTSULT;TRIODTHYSULT;4NPHSULT;TYMSULT,0.2814317775193228,0.2814317775193228,100.0,MINIMAL,0.0,NOT_A_TARGET
6718_AT1,AKR1D1,0.23437252228949343,0.23437252228949343,100.0,MINIMAL,2,AKR1D2;AKR1D,0.2814317775193228,0.2814317775193228,100.0,MINIMAL,0.0,NOT_A_TARGET
6817_AT4,SULT1A1,0.23437252228949343,0.23437252228949343,100.0,MINIMAL,5,DOPASULT;ESTSULT;TRIODTHYSULT;4NPHSULT;TYMSULT,0.2814317775193228,0.2814317775193228,100.0,MINIMAL,0.0,NOT_A_TARGET
6818_AT2,SULT1A3,0.23437252228949343,0.23437252228949343,100.0,MINIMAL,3,DOPASULT;4NPHSULT;TYMSULT,0.2814317775193228,0.2814317775193228,100.0,MINIMAL,0.0,NOT_A_TARGET
4363_AT1,ABCC1,0.23437252228949343,0.23437252228949343,100.0,MINIMAL,3,5ADTSTSTERONEGLCte;BILDGLCURte;BILGLCURte,0.2814317775193228,0.2814317775193228,100.0,MINIMAL,0.0,NOT_A_TARGET
6510_AT1,SLC1A5,0.23437252228949343,0.23437252228949343,100.0,MINIMAL,30,ALASERNaEx;ASNCYSNaEx;THRGLNNaEx;GLNCYSNaEx;THRCYSNaEx;ASNGLNNaEx;ALAASNNaEx;SERTHRNaEx;CYSSERNaEx;ALATHRNaEx,0.2814317775193228,0.2814317775193228,100.0,MINIMAL,0.0,NOT_A_TARGET
6509_AT1,SLC1A4,0.23437252228949343,0.23437252228949343,100.0,MINIMAL,12,ALASERNaEx;THRALANaEx;THRCYSNaEx;SERTHRNaEx;CYSSERNaEx;ALATHRNaEx;CYSALANaEx;THRSERNaEx;CYSTHRNaEx;SERCYSNaEx,0.2814317775193228,0.2814317775193228,100.0,MINIMAL,0.0,NOT_A_TARGET
47_AT1,ACLY,0.23437252228949343,0.23437252228949343,100.0,MINIMAL,1,ACITL,0.2814317775193228,0.2814317775193228,100.0,MINIMAL,0.0,NOT_A_TARGET
6573_AT2,SLC19A1,0.23437252228949343,0.23437252228949343,100.0,MINIMAL,6,THMMPt4;FOLt2;5FTHFt2;THMTPt;5MTHFt2;THFt2,0.2814317775193228,0.2814317775193228,100.0,MINIMAL,0.0,NOT_A_TARGET
56301_AT1,SLC7A10,0.23437252228949343,0.23437252228949343,100.0,MINIMAL,12,ALAGLNexR;SERDGLYexR;THRGLNexR;ALAGLYexR;CYSGLYex_copy2;SERDGLNexR;CYSGLUexR;SERGLNexR;THRGLYexR;ALADGLNexR,0.2814317775193228,0.2814317775193228,100.0,MINIMAL,0.0,NOT_A_TARGET
6573_AT1,SLC19A1,0.23437252228949343,0.23437252228949343,100.0,MINIMAL,6,THMMPt4;FOLt2;5FTHFt2;THMTPt;5MTHFt2;THFt2,0.2814317775193228,0.2814317775193228,100.0,MINIMAL,0.0,NOT_A_TARGET
6520_AT1,SLC3A2,0.23437252228949343,0.23437252228949343,100.0,MINIMAL,19,SERDGLYexR;THRGLNexR;ALAGLYexR;CYSGLYex_copy2;CYSGLUexR;METLEUex;ARGLYSex;SERGLNexR;THRGLYexR;CYSGLYex_copy1,0.2814317775193228,0.2814317775193228,100.0,MINIMAL,0.0,NOT_A_TARGET
316_AT1,AOX1,0.23437252228949343,0.23437252228949343,100.0,MINIMAL,1,PYDXDH,0.2814317775193228,0.2814317775193228,100.0,MINIMAL,0.0,NOT_A_TARGET
11212_AT1,PROSC,0.23437252228949343,0.23437252228949343,100.0,MINIMAL,1,ALAR,0.2814317775193228,0.2814317775193228,100.0,MINIMAL,0.0,NOT_A_TARGET
2348_AT6,FOLR1,0.23437252228949343,0.23437252228949343,100.0,MINIMAL,1,5MTHFt,0.2814317775193228,0.2814317775193228,100.0,MINIMAL,0.0,NOT_A_TARGET
2348_AT1,FOLR1,0.23437252228949343,0.23437252228949343,100.0,MINIMAL,1,5MTHFt,0.2814317775193228,0.2814317775193228,100.0,MINIMAL,0.0,NOT_A_TARGET
6817_AT1,SULT1A1,0.23437252228949343,0.23437252228949343,100.0,MINIMAL,5,DOPASULT;ESTSULT;TRIODTHYSULT;4NPHSULT;TYMSULT,0.2814317775193228,0.2814317775193228,100.0,MINIMAL,0.0,NOT_A_TARGET
223_AT1,ALDH9A1,0.23437252228949343,0.23437252228949343,100.0,MINIMAL,7,GCALDD;ABUTD;BAMPPALDOX;ALDD2x;LCADi_D;ALDD2y;LCADi,0.2814317775193228,0.2814317775193228,100.0,MINIMAL,0.0,NOT_A_TARGET
211_AT2,ALAS1,0.23437252228949343,0.23437252228949343,100.0,MINIMAL,1,ALASm,0.2814317775193228,0.2814317775193228,100.0,MINIMAL,0.0,NOT_A_TARGET
8854_AT1,ALDH1A2,0.23437252228949343,0.23437252228949343,100.0,MINIMAL,6,GCALDD;LCADi_D;BAMPPALDOX;ALDD2x;ALDD2y;LCADi,0.2814317775193228,0.2814317775193228,100.0,MINIMAL,0.0,NOT_A_TARGET
212_AT1,ALAS2,0.23437252228949343,0.23437252228949343,100.0,MINIMAL,1,ALASm,0.2814317775193228,0.2814317775193228,100.0,MINIMAL,0.0,NOT_A_TARGET
216_AT1,ALDH1A1,0.23437252228949343,0.23437252228949343,100.0,MINIMAL,5,GCALDD;LCADi_D;BAMPPALDOX;ALDD2x;LCADi,0.2814317775193228,0.2814317775193228,100.0,MINIMAL,0.0,NOT_A_TARGET
501_AT1,ALDH7A1,0.23437252228949343,0.23437252228949343,100.0,MINIMAL,6,AASAD3;GCALDD;LCADi_D;BAMPPALDOX;ALDD2x;LCADi,0.2814317775193228,0.2814317775193228,100.0,MINIMAL,0.0,NOT_A_TARGET
8854_AT2,ALDH1A2,0.23437252228949343,0.23437252228949343,100.0,MINIMAL,6,GCALDD;LCADi_D;BAMPPALDOX;ALDD2x;ALDD2y;LCADi,0.2814317775193228,0.2814317775193228,100.0,MINIMAL,0.0,NOT_A_TARGET
2875_AT1,GPT,0.23437252228949343,0.23437252228949343,100.0,MINIMAL,1,ALATA_L,0.2814317775193228,0.2814317775193228,100.0,MINIMAL,0.0,NOT_A_TARGET
224_AT1,ALDH3A2,0.23437252228949343,0.23437252228949343,100.0,MINIMAL,6,GCALDD;LCADi_D;BAMPPALDOX;ALDD2x;ALDD2y;LCADi,0.2814317775193228,0.2814317775193228,100.0,MINIMAL,0.0,NOT_A_TARGET
219_AT1,ALDH1B1,0.23437252228949343,0.23437252228949343,100.0,MINIMAL,1,ALDD2xm,0.2814317775193228,0.2814317775193228,100.0,MINIMAL,0.0,NOT_A_TARGET
2348_AT5,FOLR1,0.23437252228949343,0.23437252228949343,100.0,MINIMAL,1,5MTHFt,0.2814317775193228,0.2814317775193228,100.0,MINIMAL,0.0,NOT_A_TARGET
6542_AT1,SLC7A2,0.23437252228949343,0.23437252228949343,100.0,MINIMAL,6,PHEt4;ORNt;LYSt5r;ALAt4;ARGt5r;LEUt4,0.2814317775193228,0.2814317775193228,100.0,MINIMAL,0.0,NOT_A_TARGET
217_AT1,ALDH2,0.23437252228949343,0.23437252228949343,100.0,MINIMAL,1,ALDD2xm,0.2814317775193228,0.2814317775193228,100.0,MINIMAL,0.0,NOT_A_TARGET
55089_AT1,SLC38A4,0.23437252228949343,0.23437252228949343,100.0,MINIMAL,10,PHEt4;LYSt5r;ASNt4;SERt4;GLNt4;LEUt4;ALAt4;PROt4;ARGt5r;GLYt4,0.2814317775193228,0.2814317775193228,100.0,MINIMAL,0.0,NOT_A_TARGET
6571_AT1,SLC18A2,0.23437252228949343,0.23437252228949343,100.0,MINIMAL,5,NRPPHRVESSEC;5HTRPVESSEC;DOPAVESSEC;HISTAVESSEC;ADRNLPVESSEC,0.2814317775193228,0.2814317775193228,100.0,MINIMAL,0.0,NOT_A_TARGET
6570_AT1,SLC18A1,0.23437252228949343,0.23437252228949343,100.0,MINIMAL,5,NRPPHRVESSEC;5HTRPVESSEC;DOPAVESSEC;HISTAVESSEC;ADRNLPVESSEC,0.2814317775193228,0.2814317775193228,100.0,MINIMAL,0.0,NOT_A_TARGET
2348_AT4,FOLR1,0.23437252228949343,0.23437252228949343,100.0,MINIMAL,1,5MTHFt,0.2814317775193228,0.2814317775193228,100.0,MINIMAL,0.0,NOT_A_TARGET
2351_AT1,2351_AT1,0.23437252228949343,0.23437252228949343,100.0,MINIMAL,1,5MTHFt,0.2814317775193228,0.2814317775193228,100.0,MINIMAL,0.0,NOT_A_TARGET
2348_AT2,FOLR1,0.23437252228949343,0.23437252228949343,100.0,MINIMAL,1,5MTHFt,0.2814317775193228,0.2814317775193228,100.0,MINIMAL,0.0,NOT_A_TARGET
23464_AT1,GCAT,0.23437252228949343,0.23437252228949343,100.0,MINIMAL,2,GLYATm;ALASm,0.2814317775193228,0.2814317775193228,100.0,MINIMAL,0.0,NOT_A_TARGET
8402_AT1,SLC25A11,0.23437252228949343,0.23437252228949343,100.0,MINIMAL,1,AKGMALtm,0.2814317775193228,0.2814317775193228,100.0,MINIMAL,0.0,NOT_A_TARGET
5973_AT1,RENBP,0.23437252228949343,0.23437252228949343,100.0,MINIMAL,1,ACGAM2E,0.2814317775193228,0.2814317775193228,100.0,MINIMAL,0.0,NOT_A_TARGET
109_AT1,ADCY3,0.23437252228949343,0.23437252228949343,100.0,MINIMAL,1,ADNCYC,0.2814317775193228,0.2814317775193228,100.0,MINIMAL,0.0,NOT_A_TARGET
30_AT1,ACAA1,0.23437252228949343,0.23437252228949343,100.0,MINIMAL,17,FAOXC16080x;FAOXC260240x;FAOXC240200x;FAOXC200180x;FAOXC183806x;FAOXC180x;FAOXC2242046x;FAOXC246226x;FAOXC2251836x;FAOXC2452256x,0.2814317775193228,0.2814317775193228,100.0,MINIMAL,0.0,NOT_A_TARGET
6539_AT1,SLC6A12,0.23437252228949343,0.23437252228949343,100.0,MINIMAL,2,GLYBt4_2_r;ABUTt4_2_r,0.2814317775193228,0.2814317775193228,100.0,MINIMAL,0.0,NOT_A_TARGET
6538_AT1,SLC6A11,0.23437252228949343,0.23437252228949343,100.0,MINIMAL,1,ABUTt4_2_r,0.2814317775193228,0.2814317775193228,100.0,MINIMAL,0.0,NOT_A_TARGET
6540_AT1,SLC6A13,0.23437252228949343,0.23437252228949343,100.0,MINIMAL,1,ABUTt4_2_r,0.2814317775193228,0.2814317775193228,100.0,MINIMAL,0.0,NOT_A_TARGET
6529_AT1,SLC6A1,0.23437252228949343,0.23437252228949343,100.0,MINIMAL,1,ABUTt4_2_r,0.2814317775193228,0.2814317775193228,100.0,MINIMAL,0.0,NOT_A_TARGET
39_AT1,ACAT2,0.23437252228949343,0.23437252228949343,100.0,MINIMAL,2,ACACT1r_copy1;ACACT1r_copy2,0.2814317775193228,0.2814317775193228,100.0,MINIMAL,0.0,NOT_A_TARGET
38_AT1,ACAT1,0.23437252228949343,0.23437252228949343,100.0,MINIMAL,2,ACACT1m;ACACT10m,0.2814317775193228,0.2814317775193228,100.0,MINIMAL,0.0,NOT_A_TARGET
3032_AT1,HADHB,0.23437252228949343,0.23437252228949343,100.0,MINIMAL,5,ECOAH9m;HACD1m;ACACT1m;ECOAH12m;ECOAH1m,0.2814317775193228,0.2814317775193228,100.0,MINIMAL,0.0,NOT_A_TARGET
3030_AT1,HADHA,0.23437252228949343,0.23437252228949343,100.0,MINIMAL,5,ECOAH9m;HACD1m;ACACT1m;ECOAH12m;ECOAH1m,0.2814317775193228,0.2814317775193228,100.0,MINIMAL,0.0,NOT_A_TARGET
32_AT1,ACACB,0.23437252228949343,0.23437252228949343,100.0,MINIMAL,2,ACCOAC;ACCOACrm,0.2814317775193228,0.2814317775193228,100.0,MINIMAL,0.0,NOT_A_TARGET
55577_AT1,NAGK,0.23437252228949343,0.23437252228949343,100.0,MINIMAL,2,ACGAMK;AMANK,0.2814317775193228,0.2814317775193228,100.0,MINIMAL,0.0,NOT_A_TARGET
31_AT4,ACACA,0.23437252228949343,0.23437252228949343,100.0,MINIMAL,1,ACCOAC,0.2814317775193228,0.2814317775193228,100.0,MINIMAL,0.0,NOT_A_TARGET
31_AT2,ACACA,0.23437252228949343,0.23437252228949343,100.0,MINIMAL,1,ACCOAC,0.2814317775193228,0.2814317775193228,100.0,MINIMAL,0.0,NOT_A_TARGET
31_AT3,ACACA,0.23437252228949343,0.23437252228949343,100.0,MINIMAL,1,ACCOAC,0.2814317775193228,0.2814317775193228,100.0,MINIMAL,0.0,NOT_A_TARGET
31_AT5,ACACA,0.23437252228949343,0.23437252228949343,100.0,MINIMAL,1,ACCOAC,0.2814317775193228,0.2814317775193228,100.0,MINIMAL,0.0,NOT_A_TARGET
6818_AT3,SULT1A3,0.23437252228949343,0.23437252228949343,100.0,MINIMAL,3,DOPASULT;4NPHSULT;TYMSULT,0.2814317775193228,0.2814317775193228,100.0,MINIMAL,0.0,NOT_A_TARGET
6799_AT2,SULT1A2,0.23437252228949343,0.23437252228949343,100.0,MINIMAL,2,DOPASULT;4NPHSULT,0.2814317775193228,0.2814317775193228,100.0,MINIMAL,0.0,NOT_A_TARGET
4514_AT1,COX3,0.23437252228949343,0.23437252228949343,100.0,MINIMAL,1,CYOOm3,0.2814317775193228,0.2814317775193228,100.0,MINIMAL,0.0,NOT_A_TARGET
3948_AT2,LDHC,0.23437252228949343,0.23437252228949343,100.0,MINIMAL,4,2HBO;LDH_L;GLXO1;MCLORi,0.2814317775193228,0.2814317775193228,100.0,MINIMAL,0.0,NOT_A_TARGET
206358_AT1,SLC36A1,0.23437252228949343,0.23437252228949343,100.0,MINIMAL,5,PROt2r;GLYt2r;ALAt2r;ABUTt2r;DALAt2r,0.2814317775193228,0.2814317775193228,100.0,MINIMAL,0.0,NOT_A_TARGET
65985_AT1,AACS,0.23437252228949343,0.23437252228949343,100.0,MINIMAL,3,AACOAT;ACS;ACS2,0.2814317775193228,0.2814317775193228,100.0,MINIMAL,0.0,NOT_A_TARGET
2348_AT3,FOLR1,0.23437252228949343,0.23437252228949343,100.0,MINIMAL,1,5MTHFt,0.2814317775193228,0.2814317775193228,100.0,MINIMAL,0.0,NOT_A_TARGET
31_AT1,ACACA,0.23437252228949343,0.23437252228949343,100.0,MINIMAL,1,ACCOAC,0.2814317775193228,0.2814317775193228,100.0,MINIMAL,0.0,NOT_A_TARGET
43_AT1,ACHE,0.23437252228949343,0.23437252228949343,100.0,MINIMAL,1,ACHEe,0.2814317775193228,0.2814317775193228,100.0,MINIMAL,0.0,NOT_A_TARGET
43_AT2,ACHE,0.23437252228949343,0.23437252228949343,100.0,MINIMAL,1,ACHEe,0.2814317775193228,0.2814317775193228,100.0,MINIMAL,0.0,NOT_A_TARGET
6572_AT1,SLC18A3,0.23437252228949343,0.23437252228949343,100.0,MINIMAL,1,ACHVESSEC,0.2814317775193228,0.2814317775193228,100.0,MINIMAL,0.0,NOT_A_TARGET
81539_AT1,SLC38A1,0.23437252228949343,0.23437252228949343,100.0,MINIMAL,10,PHEt4;METt4;ASNt4;SERt4;GLNt4;THRt4;LEUt4;ALAt4;PROt4;GLYt4,0.2814317775193228,0.2814317775193228,100.0,MINIMAL,0.0,NOT_A_TARGET
47_AT2,ACLY,0.23437252228949343,0.23437252228949343,100.0,MINIMAL,1,ACITL,0.2814317775193228,0.2814317775193228,100.0,MINIMAL,0.0,NOT_A_TARGET
2352_AT1,FOLR3,0.23437252228949343,0.23437252228949343,100.0,MINIMAL,1,5MTHFt,0.2814317775193228,0.2814317775193228,100.0,MINIMAL,0.0,NOT_A_TARGET
84889_AT1,SLC7A3,0.23437252228949343,0.23437252228949343,100.0,MINIMAL,6,PHEt4;ORNt;LYSt5r;ALAt4;ARGt5r;LEUt4,0.2814317775193228,0.2814317775193228,100.0,MINIMAL,0.0,NOT_A_TARGET
54187_AT1,NANS,0.23437252228949343,0.23437252228949343,100.0,MINIMAL,2,ACNAM9PL2;ACNAM9PL,0.2814317775193228,0.2814317775193228,100.0,MINIMAL,0.0,NOT_A_TARGET
6541_AT1,SLC7A1,0.23437252228949343,0.23437252228949343,100.0,MINIMAL,6,PHEt4;ORNt;LYSt5r;ALAt4;ARGt5r;LEUt4,0.2814317775193228,0.2814317775193228,100.0,MINIMAL,0.0,NOT_A_TARGET
26503_AT1,SLC17A5,0.23437252228949343,0.23437252228949343,100.0,MINIMAL,2,ACNAMlt;GLCURtly,0.2814317775193228,0.2814317775193228,100.0,MINIMAL,0.0,NOT_A_TARGET
51606_AT2,ATP6V1H,0.23437252228949343,0.23437252228949343,100.0,MINIMAL,1,ATPasel,0.2814317775193228,0.2814317775193228,100.0,MINIMAL,0.0,NOT_A_TARGET
36_AT1,ACADSB,0.23437252228949343,0.23437252228949343,100.0,MINIMAL,2,ACOAD1fm;ACOAD10m,0.2814317775193228,0.2814317775193228,100.0,MINIMAL,0.0,NOT_A_TARGET
11254_AT1,SLC6A14,0.23437252228949343,0.23437252228949343,100.0,MINIMAL,17,PHEt4;VALt4;SERt4;GLYt4;TRPt4;TYRt4;METt4;CYSt4;ASNt4;ARGt4,0.2814317775193228,0.2814317775193228,100.0,MINIMAL,0.0,NOT_A_TARGET
34_AT1,ACADM,0.23437252228949343,0.23437252228949343,100.0,MINIMAL,30,FAOXC183803m;FAOXC204;FAOXC204184m;FAOXC16180m;ACOAD9m;FAOXC2242046m;FAOXC170m;FAOXC2252053m;FAOXC226;ACOAD1fm,0.2814317775193228,0.2814317775193228,100.0,MINIMAL,0.0,NOT_A_TARGET
84532_AT1,ACSS1,0.23437252228949343,0.23437252228949343,100.0,MINIMAL,2,ACCOALm;ACSm,0.2814317775193228,0.2814317775193228,100.0,MINIMAL,0.0,NOT_A_TARGET
55902_AT2,ACSS2,0.23437252228949343,0.23437252228949343,100.0,MINIMAL,3,ACS;ACS2;ACCOAL,0.2814317775193228,0.2814317775193228,100.0,MINIMAL,0.0,NOT_A_TARGET
55902_AT1,ACSS2,0.23437252228949343,0.23437252228949343,100.0,MINIMAL,3,ACS;ACS2;ACCOAL,0.2814317775193228,0.2814317775193228,100.0,MINIMAL,0.0,NOT_A_TARGET
445_AT2,ASS1,0.23437252228949343,0.23437252228949343,100.0,MINIMAL,1,ARGSS,0.2814317775193228,0.2814317775193228,100.0,MINIMAL,0.0,NOT_A_TARGET
83884_AT1,SLC25A2,0.23437252228949343,0.23437252228949343,100.0,MINIMAL,5,LYStm;CITRtm;ARGtm;ORNt3m;ORNt4m,0.2814317775193228,0.2814317775193228,100.0,MINIMAL,0.0,NOT_A_TARGET
8854_AT3,ALDH1A2,0.23437252228949343,0.23437252228949343,100.0,MINIMAL,6,GCALDD;LCADi_D;BAMPPALDOX;ALDD2x;ALDD2y;LCADi,0.2814317775193228,0.2814317775193228,100.0,MINIMAL,0.0,NOT_A_TARGET
10327_AT1,AKR1A1,0.23437252228949343,0.23437252228949343,100.0,MINIMAL,7,LALDO2;PPDOy;ARABR;ALCD2y;ALR3;ALR2;SBTR,0.2814317775193228,0.2814317775193228,100.0,MINIMAL,0.0,NOT_A_TARGET
50617_AT2,ATP6V0A4,0.23437252228949343,0.23437252228949343,100.0,MINIMAL,1,ATPasel,0.2814317775193228,0.2814317775193228,100.0,MINIMAL,0.0,NOT_A_TARGET
9296_AT1,ATP6V1F,0.23437252228949343,0.23437252228949343,100.0,MINIMAL,1,ATPasel,0.2814317775193228,0.2814317775193228,100.0,MINIMAL,0.0,NOT_A_TARGET
534_AT2,ATP6V1G2,0.23437252228949343,0.23437252228949343,100.0,MINIMAL,1,ATPasel,0.2814317775193228,0.2814317775193228,100.0,MINIMAL,0.0,NOT_A_TARGET
92745_AT1,SLC38A5,0.23437252228949343,0.23437252228949343,100.0,MINIMAL,4,GLNtN1;ALAtN1;SERtN1;ASNtN1,0.2814317775193228,0.2814317775193228,100.0,MINIMAL,0.0,NOT_A_TARGET
10991_AT1,SLC38A3,0.23437252228949343,0.23437252228949343,100.0,MINIMAL,4,GLNtN1;ALAtN1;HIStN1;ASNtN1,0.2814317775193228,0.2814317775193228,100.0,MINIMAL,0.0,NOT_A_TARGET
284273_AT2,ZADH2,0.23437252228949343,0.23437252228949343,100.0,MINIMAL,6,ALCD1;ALCD22_L;LCARS;ALCD2x;ALCD21_D;ALCD22_D,0.2814317775193228,0.2814317775193228,100.0,MINIMAL,0.0,NOT_A_TARGET
284273_AT1,ZADH2,0.23437252228949343,0.23437252228949343,100.0,MINIMAL,6,ALCD1;ALCD22_L;LCARS;ALCD2x;ALCD21_D;ALCD22_D,0.2814317775193228,0.2814317775193228,100.0,MINIMAL,0.0,NOT_A_TARGET
10327_AT2,AKR1A1,0.23437252228949343,0.23437252228949343,100.0,MINIMAL,7,LALDO2;PPDOy;ARABR;ALCD2y;ALR3;ALR2;SBTR,0.2814317775193228,0.2814317775193228,100.0,MINIMAL,0.0,NOT_A_TARGET
80724_AT1,ACAD10,0.23437252228949343,0.23437252228949343,100.0,MINIMAL,1,ACOAD1fm,0.2814317775193228,0.2814317775193228,100.0,MINIMAL,0.0,NOT_A_TARGET
35_AT1,ACADS,0.23437252228949343,0.23437252228949343,100.0,MINIMAL,27,FAOXC183803m;FAOXC204;FAOXC204184m;FAOXC16180m;FAOXC2242046m;FAOXC2252053m;FAOXC226;ACOAD1fm;FAOXC160;FAOXC140,0.2814317775193228,0.2814317775193228,100.0,MINIMAL,0.0,NOT_A_TARGET
51606_AT1,ATP6V1H,0.23437252228949343,0.23437252228949343,100.0,MINIMAL,1,ATPasel,0.2814317775193228,0.2814317775193228,100.0,MINIMAL,0.0,NOT_A_TARGET
127124_AT2,ATP6V1G3,0.23437252228949343,0.23437252228949343,100.0,MINIMAL,1,ATPasel,0.2814317775193228,0.2814317775193228,100.0,MINIMAL,0.0,NOT_A_TARGET
115286_AT3,SLC25A26,0.23437252228949343,0.23437252228949343,100.0,MINIMAL,1,AMETt2m,0.2814317775193228,0.2814317775193228,100.0,MINIMAL,0.0,NOT_A_TARGET
115286_AT1,SLC25A26,0.23437252228949343,0.23437252228949343,100.0,MINIMAL,1,AMETt2m,0.2814317775193228,0.2814317775193228,100.0,MINIMAL,0.0,NOT_A_TARGET
1571_AT1,CYP2E1,0.23437252228949343,0.23437252228949343,100.0,MINIMAL,4,ACTLMO;ETOHMO;P4502E1;ACTNMO,0.2814317775193228,0.2814317775193228,100.0,MINIMAL,0.0,NOT_A_TARGET
277_AT1,AMY1B,0.23437252228949343,0.23437252228949343,100.0,MINIMAL,2,AMY1e;AMY2e,0.2814317775193228,0.2814317775193228,100.0,MINIMAL,0.0,NOT_A_TARGET
622_AT3,BDH1,0.23437252228949343,0.23437252228949343,100.0,MINIMAL,1,BDHm,0.2814317775193228,0.2814317775193228,100.0,MINIMAL,0.0,NOT_A_TARGET
26289_AT1,AK5,0.23437252228949343,0.23437252228949343,100.0,MINIMAL,5,ADK3;CYTK3;ADKd;CYTK4;ADK1,0.2814317775193228,0.2814317775193228,100.0,MINIMAL,0.0,NOT_A_TARGET
535_AT1,ATP6V0A1,0.23437252228949343,0.23437252228949343,100.0,MINIMAL,1,ATPasel,0.2814317775193228,0.2814317775193228,100.0,MINIMAL,0.0,NOT_A_TARGET
27034_AT1,ACAD8,0.23437252228949343,0.23437252228949343,100.0,MINIMAL,2,ACOAD9m;ACOAD1fm,0.2814317775193228,0.2814317775193228,100.0,MINIMAL,0.0,NOT_A_TARGET
2194_AT1,FASN,0.23437252228949343,0.23437252228949343,100.0,MINIMAL,7,FAS100COA;FAS180COA;FAS160COA;FAS140COA;FAS80COA_L;FAS120COA;KAS8,0.2814317775193228,0.2814317775193228,100.0,MINIMAL,0.0,NOT_A_TARGET
52_AT2,ACP1,0.23437252228949343,0.23437252228949343,100.0,MINIMAL,1,ACP1_FMN,0.2814317775193228,0.2814317775193228,100.0,MINIMAL,0.0,NOT_A_TARGET
48_AT1,ACO1,0.23437252228949343,0.23437252228949343,100.0,MINIMAL,1,ACONT,0.2814317775193228,0.2814317775193228,100.0,MINIMAL,0.0,NOT_A_TARGET
3658_AT1,IREB2,0.23437252228949343,0.23437252228949343,100.0,MINIMAL,1,ACONT,0.2814317775193228,0.2814317775193228,100.0,MINIMAL,0.0,NOT_A_TARGET
50_AT1,ACO2,0.23437252228949343,0.23437252228949343,100.0,MINIMAL,1,ACONTm,0.2814317775193228,0.2814317775193228,100.0,MINIMAL,0.0,NOT_A_TARGET
240_AT1,ALOX5,0.23437252228949343,0.23437252228949343,100.0,MINIMAL,2,ALOX52;ALOX5,0.2814317775193228,0.2814317775193228,100.0,MINIMAL,0.0,NOT_A_TARGET
204_AT1,AK2,0.23437252228949343,0.23437252228949343,100.0,MINIMAL,1,ADK1m,0.2814317775193228,0.2814317775193228,100.0,MINIMAL,0.0,NOT_A_TARGET
52_AT1,ACP1,0.23437252228949343,0.23437252228949343,100.0,MINIMAL,1,ACP1_FMN,0.2814317775193228,0.2814317775193228,100.0,MINIMAL,0.0,NOT_A_TARGET
231_AT1,AKR1B1,0.23437252228949343,0.23437252228949343,100.0,MINIMAL,7,LALDO2;PPDOy;ARABR;ALR;ALR3;ALR2;SBTR,0.2814317775193228,0.2814317775193228,100.0,MINIMAL,0.0,NOT_A_TARGET
8574_AT1,AKR7A2,0.23437252228949343,0.23437252228949343,100.0,MINIMAL,8,LCARR;ARABR;SBTR;LALDO2;PPDOy;ALR3;ALR2;LALDO2x,0.2814317775193228,0.2814317775193228,100.0,MINIMAL,0.0,NOT_A_TARGET
52_AT3,ACP1,0.23437252228949343,0.23437252228949343,100.0,MINIMAL,1,ACP1_FMN,0.2814317775193228,0.2814317775193228,100.0,MINIMAL,0.0,NOT_A_TARGET
51606_AT3,ATP6V1H,0.23437252228949343,0.23437252228949343,100.0,MINIMAL,1,ATPasel,0.2814317775193228,0.2814317775193228,100.0,MINIMAL,0.0,NOT_A_TARGET
23600_AT2,AMACR,0.23437252228949343,0.23437252228949343,100.0,MINIMAL,2,AMACR2p;AMACRp,0.2814317775193228,0.2814317775193228,100.0,MINIMAL,0.0,NOT_A_TARGET
23600_AT1,AMACR,0.23437252228949343,0.23437252228949343,100.0,MINIMAL,2,AMACR2p;AMACRp,0.2814317775193228,0.2814317775193228,100.0,MINIMAL,0.0,NOT_A_TARGET
10020_AT1,GNE,0.23437252228949343,0.23437252228949343,100.0,MINIMAL,2,UAG2EMA;AMANK,0.2814317775193228,0.2814317775193228,100.0,MINIMAL,0.0,NOT_A_TARGET
293_AT1,SLC25A6,0.23437252228949343,0.23437252228949343,100.0,MINIMAL,1,ATPtm,0.2814317775193228,0.2814317775193228,100.0,MINIMAL,0.0,NOT_A_TARGET
51_AT1,ACOX1,0.23437252228949343,0.23437252228949343,100.0,MINIMAL,18,FAOXC16080x;FAOXC260240x;FAOXC240200x;FAOXC200180x;FAOXC183806x;FAOXC180x;FAOXC2242046x;FAOXC246226x;FAOXC2251836x;FAOXC2452256x,0.2814317775193228,0.2814317775193228,100.0,MINIMAL,0.0,NOT_A_TARGET
9550_AT1,ATP6V1G1,0.23437252228949343,0.23437252228949343,100.0,MINIMAL,1,ATPasel,0.2814317775193228,0.2814317775193228,100.0,MINIMAL,0.0,NOT_A_TARGET
3712_AT1,IVD,0.23437252228949343,0.23437252228949343,100.0,MINIMAL,1,ACOAD8m,0.2814317775193228,0.2814317775193228,100.0,MINIMAL,0.0,NOT_A_TARGET
84129_AT1,ACAD11,0.23437252228949343,0.23437252228949343,100.0,MINIMAL,1,ACOAD1fm,0.2814317775193228,0.2814317775193228,100.0,MINIMAL,0.0,NOT_A_TARGET
635_AT1,BHMT,0.23437252228949343,0.23437252228949343,100.0,MINIMAL,1,BHMT,0.2814317775193228,0.2814317775193228,100.0,MINIMAL,0.0,NOT_A_TARGET
280_AT1,AMY2B,0.23437252228949343,0.23437252228949343,100.0,MINIMAL,2,AMY1e;AMY2e,0.2814317775193228,0.2814317775193228,100.0,MINIMAL,0.0,NOT_A_TARGET
122481_AT1,AK7,0.23437252228949343,0.23437252228949343,100.0,MINIMAL,1,ADK1,0.2814317775193228,0.2814317775193228,100.0,MINIMAL,0.0,NOT_A_TARGET
203_AT1,AK1,0.23437252228949343,0.23437252228949343,100.0,MINIMAL,1,ADK1,0.2814317775193228,0.2814317775193228,100.0,MINIMAL,0.0,NOT_A_TARGET
272_AT1,AMPD3,0.23437252228949343,0.23437252228949343,100.0,MINIMAL,1,AMPDA,0.2814317775193228,0.2814317775193228,100.0,MINIMAL,0.0,NOT_A_TARGET
271_AT3,AMPD2,0.23437252228949343,0.23437252228949343,100.0,MINIMAL,1,AMPDA,0.2814317775193228,0.2814317775193228,100.0,MINIMAL,0.0,NOT_A_TARGET
112611_AT1,RWDD2A,0.23437252228949343,0.23437252228949343,100.0,MINIMAL,1,ACYP,0.2814317775193228,0.2814317775193228,100.0,MINIMAL,0.0,NOT_A_TARGET
271_AT1,AMPD2,0.23437252228949343,0.23437252228949343,100.0,MINIMAL,1,AMPDA,0.2814317775193228,0.2814317775193228,100.0,MINIMAL,0.0,NOT_A_TARGET
100_AT1,ADA,0.23437252228949343,0.23437252228949343,100.0,MINIMAL,4,DADAe;ADAe;DADA;ADA,0.2814317775193228,0.2814317775193228,100.0,MINIMAL,0.0,NOT_A_TARGET
3177_AT1,SLC29A2,0.23437252228949343,0.23437252228949343,100.0,MINIMAL,14,ADEt;DINt;INSt;URAt;HYXNt;THYMt;GUAt;CSNt;DADNt4;URIt,0.2814317775193228,0.2814317775193228,100.0,MINIMAL,0.0,NOT_A_TARGET
270_AT1,AMPD1,0.23437252228949343,0.23437252228949343,100.0,MINIMAL,1,AMPDA,0.2814317775193228,0.2814317775193228,100.0,MINIMAL,0.0,NOT_A_TARGET
290_AT1,ANPEP,0.23437252228949343,0.23437252228949343,100.0,MINIMAL,2,AMPTASECGe;AMPTASECG,0.2814317775193228,0.2814317775193228,100.0,MINIMAL,0.0,NOT_A_TARGET
622_AT1,BDH1,0.23437252228949343,0.23437252228949343,100.0,MINIMAL,1,BDHm,0.2814317775193228,0.2814317775193228,100.0,MINIMAL,0.0,NOT_A_TARGET
276_AT1,AMY1A,0.23437252228949343,0.23437252228949343,100.0,MINIMAL,2,AMY1e;AMY2e,0.2814317775193228,0.2814317775193228,100.0,MINIMAL,0.0,NOT_A_TARGET
622_AT2,BDH1,0.23437252228949343,0.23437252228949343,100.0,MINIMAL,1,BDHm,0.2814317775193228,0.2814317775193228,100.0,MINIMAL,0.0,NOT_A_TARGET
28231_AT1,SLCO4A1,0.23437252228949343,0.23437252228949343,100.0,MINIMAL,6,PROSTGE2t;ESTRADIOLGLCt;ESTRONESt;TRIODTHYt;THYOXt;TCHOLAt,0.2814317775193228,0.2814317775193228,100.0,MINIMAL,0.0,NOT_A_TARGET
128_AT1,ADH5,0.23437252228949343,0.23437252228949343,100.0,MINIMAL,9,LALDO;ALCD22_L;34DHOXPEGOX;ALCD21_D;ALCD1;FALDH;LCARS;ALCD2x;ALCD22_D,0.2814317775193228,0.2814317775193228,100.0,MINIMAL,0.0,NOT_A_TARGET
28232_AT1,SLCO3A1,0.23437252228949343,0.23437252228949343,100.0,MINIMAL,2,ESTRONESt;PROSTGE2t,0.2814317775193228,0.2814317775193228,100.0,MINIMAL,0.0,NOT_A_TARGET
5049_AT1,PAFAH1B2,0.23437252228949343,0.23437252228949343,100.0,MINIMAL,1,PAFH,0.2814317775193228,0.2814317775193228,100.0,MINIMAL,0.0,NOT_A_TARGET
5831_AT1,PYCR1,0.23437252228949343,0.23437252228949343,100.0,MINIMAL,2,P5CRxm;P5CRm,0.2814317775193228,0.2814317775193228,100.0,MINIMAL,0.0,NOT_A_TARGET
5287_AT1,PIK3C2B,0.23437252228949343,0.23437252228949343,100.0,MINIMAL,3,PIK3;PI4P3K;PI5P3K,0.2814317775193228,0.2814317775193228,100.0,MINIMAL,0.0,NOT_A_TARGET
8396_AT2,PIP4K2B,0.23437252228949343,0.23437252228949343,100.0,MINIMAL,1,PI4P5K,0.2814317775193228,0.2814317775193228,100.0,MINIMAL,0.0,NOT_A_TARGET
97_AT2,ACYP1,0.23437252228949343,0.23437252228949343,100.0,MINIMAL,1,ACYP,0.2814317775193228,0.2814317775193228,100.0,MINIMAL,0.0,NOT_A_TARGET
3141_AT1,HLCS,0.23437252228949343,0.23437252228949343,100.0,MINIMAL,4,BACCL;BTNPLm;BTNPL;BACCLm,0.2814317775193228,0.2814317775193228,100.0,MINIMAL,0.0,NOT_A_TARGET
98_AT1,ACYP2,0.23437252228949343,0.23437252228949343,100.0,MINIMAL,1,ACYP,0.2814317775193228,0.2814317775193228,100.0,MINIMAL,0.0,NOT_A_TARGET
271_AT2,AMPD2,0.23437252228949343,0.23437252228949343,100.0,MINIMAL,1,AMPDA,0.2814317775193228,0.2814317775193228,100.0,MINIMAL,0.0,NOT_A_TARGET
6519_AT1,SLC3A1,0.23437252228949343,0.23437252228949343,100.0,MINIMAL,2,AMY1e;AMY2e,0.2814317775193228,0.2814317775193228,100.0,MINIMAL,0.0,NOT_A_TARGET
23743_AT1,BHMT2,0.23437252228949343,0.23437252228949343,100.0,MINIMAL,1,BHMT,0.2814317775193228,0.2814317775193228,100.0,MINIMAL,0.0,NOT_A_TARGET
205_AT3,AK4,0.23437252228949343,0.23437252228949343,100.0,MINIMAL,1,ADK1m,0.2814317775193228,0.2814317775193228,100.0,MINIMAL,0.0,NOT_A_TARGET
10599_AT1,SLCO1B1,0.23437252228949343,0.23437252228949343,100.0,MINIMAL,11,BILIRUBt2;ESTRADIOLGLCt;ESTRONESt;BILGLCURt;BILDGLCURt;TRIODTHYt;TCHOLAt;CHOLATEt;GCHOLAt;THYOXt,0.2814317775193228,0.2814317775193228,100.0,MINIMAL,0.0,NOT_A_TARGET
204_AT3,AK2,0.23437252228949343,0.23437252228949343,100.0,MINIMAL,1,ADK1m,0.2814317775193228,0.2814317775193228,100.0,MINIMAL,0.0,NOT_A_TARGET
28234_AT1,SLCO1B3,0.23437252228949343,0.23437252228949343,100.0,MINIMAL,7,TRIODTHYt;GCHOLAt;ESTRADIOLGLCt;ESTRONESt;BILGLCURt;LEUKTRC4t;TCHOLAt,0.2814317775193228,0.2814317775193228,100.0,MINIMAL,0.0,NOT_A_TARGET
645_AT1,BLVRB,0.23437252228949343,0.23437252228949343,100.0,MINIMAL,1,BILIRED,0.2814317775193228,0.2814317775193228,100.0,MINIMAL,0.0,NOT_A_TARGET
276_AT2,AMY1A,0.23437252228949343,0.23437252228949343,100.0,MINIMAL,2,AMY1e;AMY2e,0.2814317775193228,0.2814317775193228,100.0,MINIMAL,0.0,NOT_A_TARGET
204_AT2,AK2,0.23437252228949343,0.23437252228949343,100.0,MINIMAL,1,ADK1m,0.2814317775193228,0.2814317775193228,100.0,MINIMAL,0.0,NOT_A_TARGET
11136_AT1,SLC7A9,0.23437252228949343,0.23437252228949343,100.0,MINIMAL,2,AMY1e;AMY2e,0.2814317775193228,0.2814317775193228,100.0,MINIMAL,0.0,NOT_A_TARGET
644_AT1,BLVRA,0.23437252228949343,0.23437252228949343,100.0,MINIMAL,1,BILIRED,0.2814317775193228,0.2814317775193228,100.0,MINIMAL,0.0,NOT_A_TARGET
278_AT1,AMY1C,0.23437252228949343,0.23437252228949343,100.0,MINIMAL,2,AMY1e;AMY2e,0.2814317775193228,0.2814317775193228,100.0,MINIMAL,0.0,NOT_A_TARGET
26289_AT2,AK5,0.23437252228949343,0.23437252228949343,100.0,MINIMAL,5,ADK3;CYTK3;ADKd;CYTK4;ADK1,0.2814317775193228,0.2814317775193228,100.0,MINIMAL,0.0,NOT_A_TARGET
97_AT1,ACYP1,0.23437252228949343,0.23437252228949343,100.0,MINIMAL,1,ACYP,0.2814317775193228,0.2814317775193228,100.0,MINIMAL,0.0,NOT_A_TARGET
279_AT1,AMY2A,0.23437252228949343,0.23437252228949343,100.0,MINIMAL,2,AMY1e;AMY2e,0.2814317775193228,0.2814317775193228,100.0,MINIMAL,0.0,NOT_A_TARGET
115286_AT2,SLC25A26,0.23437252228949343,0.23437252228949343,100.0,MINIMAL,1,AMETt2m,0.2814317775193228,0.2814317775193228,100.0,MINIMAL,0.0,NOT_A_TARGET
570_AT1,BAAT,0.23437252228949343,0.23437252228949343,100.0,MINIMAL,5,BAAT4x;BAAT1x;BAAT5x;BAAT2x;BAAT3x,0.2814317775193228,0.2814317775193228,100.0,MINIMAL,0.0,NOT_A_TARGET
4125_AT1,MAN2B1,0.23437252228949343,0.23437252228949343,100.0,MINIMAL,1,A_MANASEly,0.2814317775193228,0.2814317775193228,100.0,MINIMAL,0.0,NOT_A_TARGET
291_AT1,SLC25A4,0.23437252228949343,0.23437252228949343,100.0,MINIMAL,1,ATPtm,0.2814317775193228,0.2814317775193228,100.0,MINIMAL,0.0,NOT_A_TARGET
10166_AT1,SLC25A15,0.23437252228949343,0.23437252228949343,100.0,MINIMAL,5,LYStm;CITRtm;ARGtm;ORNt3m;ORNt4m,0.2814317775193228,0.2814317775193228,100.0,MINIMAL,0.0,NOT_A_TARGET
55811_AT1,ADCY10,0.23437252228949343,0.23437252228949343,100.0,MINIMAL,1,ADNCYC,0.2814317775193228,0.2814317775193228,100.0,MINIMAL,0.0,NOT_A_TARGET
262_AT1,AMD1,0.23437252228949343,0.23437252228949343,100.0,MINIMAL,1,ADMDC,0.2814317775193228,0.2814317775193228,100.0,MINIMAL,0.0,NOT_A_TARGET
80704_AT1,SLC19A3,0.23437252228949343,0.23437252228949343,100.0,MINIMAL,1,THMt3,0.2814317775193228,0.2814317775193228,100.0,MINIMAL,0.0,NOT_A_TARGET
108_AT1,ADCY2,0.23437252228949343,0.23437252228949343,100.0,MINIMAL,1,ADNCYC,0.2814317775193228,0.2814317775193228,100.0,MINIMAL,0.0,NOT_A_TARGET
114_AT1,ADCY8,0.23437252228949343,0.23437252228949343,100.0,MINIMAL,1,ADNCYC,0.2814317775193228,0.2814317775193228,100.0,MINIMAL,0.0,NOT_A_TARGET
384_AT1,ARG2,0.23437252228949343,0.23437252228949343,100.0,MINIMAL,1,ARGNm,0.2814317775193228,0.2814317775193228,100.0,MINIMAL,0.0,NOT_A_TARGET
51733_AT1,UPB1,0.23437252228949343,0.23437252228949343,100.0,MINIMAL,2,BUP2;UPPN,0.2814317775193228,0.2814317775193228,100.0,MINIMAL,0.0,NOT_A_TARGET
196883_AT1,ADCY4,0.23437252228949343,0.23437252228949343,100.0,MINIMAL,1,ADNCYC,0.2814317775193228,0.2814317775193228,100.0,MINIMAL,0.0,NOT_A_TARGET
4126_AT1,MANBA,0.23437252228949343,0.23437252228949343,100.0,MINIMAL,1,B_MANNASEly,0.2814317775193228,0.2814317775193228,100.0,MINIMAL,0.0,NOT_A_TARGET
435_AT1,ASL,0.23437252228949343,0.23437252228949343,100.0,MINIMAL,1,ARGSL,0.2814317775193228,0.2814317775193228,100.0,MINIMAL,0.0,NOT_A_TARGET
8884_AT1,SLC5A6,0.23437252228949343,0.23437252228949343,100.0,MINIMAL,2,BTNt3i;PNTOt5,0.2814317775193228,0.2814317775193228,100.0,MINIMAL,0.0,NOT_A_TARGET
113_AT1,ADCY7,0.23437252228949343,0.23437252228949343,100.0,MINIMAL,1,ADNCYC,0.2814317775193228,0.2814317775193228,100.0,MINIMAL,0.0,NOT_A_TARGET
445_AT1,ASS1,0.23437252228949343,0.23437252228949343,100.0,MINIMAL,1,ARGSS,0.2814317775193228,0.2814317775193228,100.0,MINIMAL,0.0,NOT_A_TARGET
111_AT1,ADCY5,0.23437252228949343,0.23437252228949343,100.0,MINIMAL,1,ADNCYC,0.2814317775193228,0.2814317775193228,100.0,MINIMAL,0.0,NOT_A_TARGET
64078_AT1,SLC28A3,0.23437252228949343,0.23437252228949343,100.0,MINIMAL,12,GSNt4;INSt4;URIt4;CYTDt4;ADNt4;ADNt5;INSt5;CYTDt5;THMDt5;THMDt4,0.2814317775193228,0.2814317775193228,100.0,MINIMAL,0.0,NOT_A_TARGET
9963_AT2,SLC23A1,0.23437252228949343,0.23437252228949343,100.0,MINIMAL,1,ASCBt4,0.2814317775193228,0.2814317775193228,100.0,MINIMAL,0.0,NOT_A_TARGET
54407_AT1,SLC38A2,0.23437252228949343,0.23437252228949343,100.0,MINIMAL,10,PHEt4;METt4;ASNt4;SERt4;GLNt4;THRt4;ALAt4;PROt4;GLYt4;HISt4,0.2814317775193228,0.2814317775193228,100.0,MINIMAL,0.0,NOT_A_TARGET
2538_AT1,G6PC,0.23437252228949343,0.23437252228949343,100.0,MINIMAL,2,PPAer;G6PPer,0.2814317775193228,0.2814317775193228,100.0,MINIMAL,0.0,NOT_A_TARGET
6543_AT1,SLC8A2,0.23437252228949343,0.23437252228949343,100.0,MINIMAL,1,CAt7r,0.2814317775193228,0.2814317775193228,100.0,MINIMAL,0.0,NOT_A_TARGET
9057_AT1,SLC7A6,0.23437252228949343,0.23437252228949343,100.0,MINIMAL,1,ARGLYSex,0.2814317775193228,0.2814317775193228,100.0,MINIMAL,0.0,NOT_A_TARGET
50808_AT1,AK3,0.23437252228949343,0.23437252228949343,100.0,MINIMAL,1,ADK3m,0.2814317775193228,0.2814317775193228,100.0,MINIMAL,0.0,NOT_A_TARGET
292_AT1,SLC25A5,0.23437252228949343,0.23437252228949343,100.0,MINIMAL,1,ATPtm,0.2814317775193228,0.2814317775193228,100.0,MINIMAL,0.0,NOT_A_TARGET
492_AT1,ATP2B3,0.23437252228949343,0.23437252228949343,100.0,MINIMAL,1,CAATPS,0.2814317775193228,0.2814317775193228,100.0,MINIMAL,0.0,NOT_A_TARGET
107_AT1,ADCY1,0.23437252228949343,0.23437252228949343,100.0,MINIMAL,1,ADNCYC,0.2814317775193228,0.2814317775193228,100.0,MINIMAL,0.0,NOT_A_TARGET
427_AT1,ASAH1,0.23437252228949343,0.23437252228949343,100.0,MINIMAL,1,ASAH1,0.2814317775193228,0.2814317775193228,100.0,MINIMAL,0.0,NOT_A_TARGET
112_AT2,ADCY6,0.23437252228949343,0.23437252228949343,100.0,MINIMAL,1,ADNCYC,0.2814317775193228,0.2814317775193228,100.0,MINIMAL,0.0,NOT_A_TARGET
490_AT1,ATP2B1,0.23437252228949343,0.23437252228949343,100.0,MINIMAL,1,CAATPS,0.2814317775193228,0.2814317775193228,100.0,MINIMAL,0.0,NOT_A_TARGET
491_AT1,ATP2B2,0.23437252228949343,0.23437252228949343,100.0,MINIMAL,1,CAATPS,0.2814317775193228,0.2814317775193228,100.0,MINIMAL,0.0,NOT_A_TARGET
10057_AT1,ABCC5,0.23437252228949343,0.23437252228949343,100.0,MINIMAL,2,CAMPt;CGMPt,0.2814317775193228,0.2814317775193228,100.0,MINIMAL,0.0,NOT_A_TARGET
427_AT2,ASAH1,0.23437252228949343,0.23437252228949343,100.0,MINIMAL,1,ASAH1,0.2814317775193228,0.2814317775193228,100.0,MINIMAL,0.0,NOT_A_TARGET
132_AT2,ADK,0.23437252228949343,0.23437252228949343,100.0,MINIMAL,1,ADNK1,0.2814317775193228,0.2814317775193228,100.0,MINIMAL,0.0,NOT_A_TARGET
2030_AT1,SLC29A1,0.23437252228949343,0.23437252228949343,100.0,MINIMAL,8,INSt;GSNt;URIt;ADNtm;CYTDtm;ADNt;THYMDt1;CYTDt,0.2814317775193228,0.2814317775193228,100.0,MINIMAL,0.0,NOT_A_TARGET
686_AT1,BTD,0.23437252228949343,0.23437252228949343,100.0,MINIMAL,4,BTNDe;BTNDm;BTND1n;BTND1,0.2814317775193228,0.2814317775193228,100.0,MINIMAL,0.0,NOT_A_TARGET
9963_AT1,SLC23A1,0.23437252228949343,0.23437252228949343,100.0,MINIMAL,1,ASCBt4,0.2814317775193228,0.2814317775193228,100.0,MINIMAL,0.0,NOT_A_TARGET
9153_AT1,SLC28A2,0.23437252228949343,0.23437252228949343,100.0,MINIMAL,4,ADNt4;GSNt4;INSt4;URIt4,0.2814317775193228,0.2814317775193228,100.0,MINIMAL,0.0,NOT_A_TARGET
9962_AT2,SLC23A2,0.23437252228949343,0.23437252228949343,100.0,MINIMAL,1,ASCBt4,0.2814317775193228,0.2814317775193228,100.0,MINIMAL,0.0,NOT_A_TARGET
493_AT1,ATP2B4,0.23437252228949343,0.23437252228949343,100.0,MINIMAL,1,CAATPS,0.2814317775193228,0.2814317775193228,100.0,MINIMAL,0.0,NOT_A_TARGET
115_AT1,ADCY9,0.23437252228949343,0.23437252228949343,100.0,MINIMAL,1,ADNCYC,0.2814317775193228,0.2814317775193228,100.0,MINIMAL,0.0,NOT_A_TARGET
1962_AT1,EHHADH,0.23437252228949343,0.23437252228949343,100.0,MINIMAL,17,FAOXC16080x;FAOXC260240x;FAOXC240200x;FAOXC200180x;FAOXC183806x;FAOXC180x;FAOXC2242046x;FAOXC246226x;FAOXC2251836x;FAOXC2452256x,0.2814317775193228,0.2814317775193228,100.0,MINIMAL,0.0,NOT_A_TARGET
112_AT1,ADCY6,0.23437252228949343,0.23437252228949343,100.0,MINIMAL,1,ADNCYC,0.2814317775193228,0.2814317775193228,100.0,MINIMAL,0.0,NOT_A_TARGET
549_AT1,AUH,0.23437252228949343,0.23437252228949343,100.0,MINIMAL,2,ECOAH1m;MGCHrm,0.2814317775193228,0.2814317775193228,100.0,MINIMAL,0.0,NOT_A_TARGET
6547_AT2,SLC8A3,0.23437252228949343,0.23437252228949343,100.0,MINIMAL,1,CAt7r,0.2814317775193228,0.2814317775193228,100.0,MINIMAL,0.0,NOT_A_TARGET
1375_AT4,CPT1B,0.23437252228949343,0.23437252228949343,100.0,MINIMAL,25,RTOTALCRNCPT1;C160CPT1;ELAIDCPT1;VACCCPT1;LNELDCCPT1;C161CPT1;TMNDNCCPT1;C161CPT12;STRDNCCPT1;RTOTAL2CRNCPT1,0.2814317775193228,0.2814317775193228,100.0,MINIMAL,0.0,NOT_A_TARGET
57818_AT1,G6PC2,0.23437252228949343,0.23437252228949343,100.0,MINIMAL,2,PPAer;G6PPer,0.2814317775193228,0.2814317775193228,100.0,MINIMAL,0.0,NOT_A_TARGET
6547_AT4,SLC8A3,0.23437252228949343,0.23437252228949343,100.0,MINIMAL,1,CAt7r,0.2814317775193228,0.2814317775193228,100.0,MINIMAL,0.0,NOT_A_TARGET
11164_AT1,NUDT5,0.23437252228949343,0.23437252228949343,100.0,MINIMAL,1,ADPRDP,0.2814317775193228,0.2814317775193228,100.0,MINIMAL,0.0,NOT_A_TARGET
847_AT1,CAT,0.23437252228949343,0.23437252228949343,100.0,MINIMAL,3,CATm;CAT2p;CATp,0.2814317775193228,0.2814317775193228,100.0,MINIMAL,0.0,NOT_A_TARGET
80150_AT1,ASRGL1,0.23437252228949343,0.23437252228949343,100.0,MINIMAL,1,ASNNm,0.2814317775193228,0.2814317775193228,100.0,MINIMAL,0.0,NOT_A_TARGET
440_AT3,ASNS,0.23437252228949343,0.23437252228949343,100.0,MINIMAL,1,ASNS1,0.2814317775193228,0.2814317775193228,100.0,MINIMAL,0.0,NOT_A_TARGET
6547_AT6,SLC8A3,0.23437252228949343,0.23437252228949343,100.0,MINIMAL,1,CAt7r,0.2814317775193228,0.2814317775193228,100.0,MINIMAL,0.0,NOT_A_TARGET
6547_AT5,SLC8A3,0.23437252228949343,0.23437252228949343,100.0,MINIMAL,1,CAt7r,0.2814317775193228,0.2814317775193228,100.0,MINIMAL,0.0,NOT_A_TARGET
6547_AT3,SLC8A3,0.23437252228949343,0.23437252228949343,100.0,MINIMAL,1,CAt7r,0.2814317775193228,0.2814317775193228,100.0,MINIMAL,0.0,NOT_A_TARGET
440_AT2,ASNS,0.23437252228949343,0.23437252228949343,100.0,MINIMAL,1,ASNS1,0.2814317775193228,0.2814317775193228,100.0,MINIMAL,0.0,NOT_A_TARGET
952_AT1,CD38,0.23437252228949343,0.23437252228949343,100.0,MINIMAL,3,NADPNe;ADPRIBt;NADNe,0.2814317775193228,0.2814317775193228,100.0,MINIMAL,0.0,NOT_A_TARGET
92579_AT1,G6PC3,0.23437252228949343,0.23437252228949343,100.0,MINIMAL,2,PPAer;G6PPer,0.2814317775193228,0.2814317775193228,100.0,MINIMAL,0.0,NOT_A_TARGET
6546_AT1,SLC8A1,0.23437252228949343,0.23437252228949343,100.0,MINIMAL,1,CAt7r,0.2814317775193228,0.2814317775193228,100.0,MINIMAL,0.0,NOT_A_TARGET
6547_AT1,SLC8A3,0.23437252228949343,0.23437252228949343,100.0,MINIMAL,1,CAt7r,0.2814317775193228,0.2814317775193228,100.0,MINIMAL,0.0,NOT_A_TARGET
440_AT1,ASNS,0.23437252228949343,0.23437252228949343,100.0,MINIMAL,1,ASNS1,0.2814317775193228,0.2814317775193228,100.0,MINIMAL,0.0,NOT_A_TARGET
205_AT1,AK4,0.23437252228949343,0.23437252228949343,100.0,MINIMAL,1,ADK1m,0.2814317775193228,0.2814317775193228,100.0,MINIMAL,0.0,NOT_A_TARGET
10380_AT1,BPNT1,0.23437252228949343,0.23437252228949343,100.0,MINIMAL,2,BPNT2;BPNT,0.2814317775193228,0.2814317775193228,100.0,MINIMAL,0.0,NOT_A_TARGET
205_AT2,AK4,0.23437252228949343,0.23437252228949343,100.0,MINIMAL,1,ADK1m,0.2814317775193228,0.2814317775193228,100.0,MINIMAL,0.0,NOT_A_TARGET
8309_AT1,ACOX2,0.23437252228949343,0.23437252228949343,100.0,MINIMAL,2,ACOX22x;ACOX2x,0.2814317775193228,0.2814317775193228,100.0,MINIMAL,0.0,NOT_A_TARGET
51_AT2,ACOX1,0.23437252228949343,0.23437252228949343,100.0,MINIMAL,18,FAOXC16080x;FAOXC260240x;FAOXC240200x;FAOXC200180x;FAOXC183806x;FAOXC180x;FAOXC2242046x;FAOXC246226x;FAOXC2251836x;FAOXC2452256x,0.2814317775193228,0.2814317775193228,100.0,MINIMAL,0.0,NOT_A_TARGET
10257_AT1,ABCC4,0.23437252228949343,0.23437252228949343,100.0,MINIMAL,5,PROSTGE1t3;CAMPt;ESTRADIOLGLCt2;PROSTGE2t3;CGMPt,0.2814317775193228,0.2814317775193228,100.0,MINIMAL,0.0,NOT_A_TARGET
9154_AT2,SLC28A1,0.23437252228949343,0.23437252228949343,100.0,MINIMAL,4,ADNt4;THMDt4;URIt4;CYTDt4,0.2814317775193228,0.2814317775193228,100.0,MINIMAL,0.0,NOT_A_TARGET
10057_AT2,ABCC5,0.23437252228949343,0.23437252228949343,100.0,MINIMAL,2,CAMPt;CGMPt,0.2814317775193228,0.2814317775193228,100.0,MINIMAL,0.0,NOT_A_TARGET
9962_AT1,SLC23A2,0.23437252228949343,0.23437252228949343,100.0,MINIMAL,1,ASCBt4,0.2814317775193228,0.2814317775193228,100.0,MINIMAL,0.0,NOT_A_TARGET
6511_AT1,SLC1A6,0.23437252228949343,0.23437252228949343,100.0,MINIMAL,2,ASPt6;GLUt6,0.2814317775193228,0.2814317775193228,100.0,MINIMAL,0.0,NOT_A_TARGET
126129_AT1,CPT1C,0.23437252228949343,0.23437252228949343,100.0,MINIMAL,26,RTOTALCRNCPT1;C160CPT1;ARACHCPT1;ELAIDCPT1;VACCCPT1;LNELDCCPT1;C161CPT1;TMNDNCCPT1;C161CPT12;STRDNCCPT1,0.2814317775193228,0.2814317775193228,100.0,MINIMAL,0.0,NOT_A_TARGET
6512_AT1,SLC1A7,0.23437252228949343,0.23437252228949343,100.0,MINIMAL,2,ASPt6;GLUt6,0.2814317775193228,0.2814317775193228,100.0,MINIMAL,0.0,NOT_A_TARGET
1374_AT1,CPT1A,0.23437252228949343,0.23437252228949343,100.0,MINIMAL,26,RTOTALCRNCPT1;C160CPT1;ARACHCPT1;ELAIDCPT1;VACCCPT1;LNELDCCPT1;C161CPT1;TMNDNCCPT1;C161CPT12;STRDNCCPT1,0.2814317775193228,0.2814317775193228,100.0,MINIMAL,0.0,NOT_A_TARGET
9154_AT1,SLC28A1,0.23437252228949343,0.23437252228949343,100.0,MINIMAL,4,ADNt4;THMDt4;URIt4;CYTDt4,0.2814317775193228,0.2814317775193228,100.0,MINIMAL,0.0,NOT_A_TARGET
6505_AT1,SLC1A1,0.23437252228949343,0.23437252228949343,100.0,MINIMAL,2,ASPt6;GLUt6,0.2814317775193228,0.2814317775193228,100.0,MINIMAL,0.0,NOT_A_TARGET
6506_AT1,SLC1A2,0.23437252228949343,0.23437252228949343,100.0,MINIMAL,2,ASPt6;GLUt6,0.2814317775193228,0.2814317775193228,100.0,MINIMAL,0.0,NOT_A_TARGET
1373_AT1,CPS1,0.23437252228949343,0.23437252228949343,100.0,MINIMAL,1,CBPSam,0.2814317775193228,0.2814317775193228,100.0,MINIMAL,0.0,NOT_A_TARGET
1375_AT1,CPT1B,0.23437252228949343,0.23437252228949343,100.0,MINIMAL,26,RTOTALCRNCPT1;C160CPT1;ARACHCPT1;ELAIDCPT1;VACCCPT1;LNELDCCPT1;C161CPT1;TMNDNCCPT1;C161CPT12;STRDNCCPT1,0.2814317775193228,0.2814317775193228,100.0,MINIMAL,0.0,NOT_A_TARGET
1373_AT2,CPS1,0.23437252228949343,0.23437252228949343,100.0,MINIMAL,1,CBPSam,0.2814317775193228,0.2814317775193228,100.0,MINIMAL,0.0,NOT_A_TARGET
1375_AT3,CPT1B,0.23437252228949343,0.23437252228949343,100.0,MINIMAL,25,RTOTALCRNCPT1;C160CPT1;ARACHCPT1;ELAIDCPT1;VACCCPT1;LNELDCCPT1;C161CPT1;TMNDNCCPT1;C161CPT12;STRDNCCPT1,0.2814317775193228,0.2814317775193228,100.0,MINIMAL,0.0,NOT_A_TARGET
873_AT1,CBR1,0.23437252228949343,0.23437252228949343,100.0,MINIMAL,1,CBR2,0.2814317775193228,0.2814317775193228,100.0,MINIMAL,0.0,NOT_A_TARGET
955_AT1,ENTPD6,0.23437252228949343,0.23437252228949343,100.0,MINIMAL,2,ATPH1e;ATPH2e,0.2814317775193228,0.2814317775193228,100.0,MINIMAL,0.0,NOT_A_TARGET
6507_AT1,SLC1A3,0.23437252228949343,0.23437252228949343,100.0,MINIMAL,2,ASPt6;GLUt6,0.2814317775193228,0.2814317775193228,100.0,MINIMAL,0.0,NOT_A_TARGET
1375_AT2,CPT1B,0.23437252228949343,0.23437252228949343,100.0,MINIMAL,26,RTOTALCRNCPT1;C160CPT1;ARACHCPT1;ELAIDCPT1;VACCCPT1;LNELDCCPT1;C161CPT1;TMNDNCCPT1;C161CPT12;STRDNCCPT1,0.2814317775193228,0.2814317775193228,100.0,MINIMAL,0.0,NOT_A_TARGET
790_AT1,CAD,0.23437252228949343,0.23437252228949343,100.0,MINIMAL,3,ASPCT;CBPS;DHORTS,0.2814317775193228,0.2814317775193228,100.0,MINIMAL,0.0,NOT_A_TARGET
353_AT1,APRT,0.23437252228949343,0.23437252228949343,100.0,MINIMAL,1,ADPT,0.2814317775193228,0.2814317775193228,100.0,MINIMAL,0.0,NOT_A_TARGET
211_AT1,ALAS1,0.23437252228949343,0.23437252228949343,100.0,MINIMAL,1,ALASm,0.2814317775193228,0.2814317775193228,100.0,MINIMAL,0.0,NOT_A_TARGET
84706_AT1,GPT2,0.23437252228949343,0.23437252228949343,100.0,MINIMAL,1,ALATA_L,0.2814317775193228,0.2814317775193228,100.0,MINIMAL,0.0,NOT_A_TARGET
5313_AT2,PKLR,0.23437252228949343,0.23437252228949343,100.0,MINIMAL,1,PYK,0.2814317775193228,0.2814317775193228,100.0,MINIMAL,0.0,NOT_A_TARGET
1327_AT1,COX4I1,0.23437252228949343,0.23437252228949343,100.0,MINIMAL,1,CYOOm3,0.2814317775193228,0.2814317775193228,100.0,MINIMAL,0.0,NOT_A_TARGET
953_AT1,ENTPD1,0.23437252228949343,0.23437252228949343,100.0,MINIMAL,2,ATPH1e;ATPH2e,0.2814317775193228,0.2814317775193228,100.0,MINIMAL,0.0,NOT_A_TARGET
954_AT2,ENTPD2,0.23437252228949343,0.23437252228949343,100.0,MINIMAL,2,ATPH1e;ATPH2e,0.2814317775193228,0.2814317775193228,100.0,MINIMAL,0.0,NOT_A_TARGET
9551_AT2,ATP5J2,0.23437252228949343,0.23437252228949343,100.0,MINIMAL,1,ATPS4m,0.2814317775193228,0.2814317775193228,100.0,MINIMAL,0.0,NOT_A_TARGET
10423_AT1,CDIPT,0.23437252228949343,0.23437252228949343,100.0,MINIMAL,1,CDIPTr,0.2814317775193228,0.2814317775193228,100.0,MINIMAL,0.0,NOT_A_TARGET
10423_AT2,CDIPT,0.23437252228949343,0.23437252228949343,100.0,MINIMAL,1,CDIPTr,0.2814317775193228,0.2814317775193228,100.0,MINIMAL,0.0,NOT_A_TARGET
1040_AT1,CDS1,0.23437252228949343,0.23437252228949343,100.0,MINIMAL,1,CDS,0.2814317775193228,0.2814317775193228,100.0,MINIMAL,0.0,NOT_A_TARGET
8760_AT1,CDS2,0.23437252228949343,0.23437252228949343,100.0,MINIMAL,1,CDSm,0.2814317775193228,0.2814317775193228,100.0,MINIMAL,0.0,NOT_A_TARGET
10390_AT1,CEPT1,0.23437252228949343,0.23437252228949343,100.0,MINIMAL,2,CEPTE;CEPTC,0.2814317775193228,0.2814317775193228,100.0,MINIMAL,0.0,NOT_A_TARGET
56994_AT1,CHPT1,0.23437252228949343,0.23437252228949343,100.0,MINIMAL,1,CEPTC,0.2814317775193228,0.2814317775193228,100.0,MINIMAL,0.0,NOT_A_TARGET
6565_AT1,SLC15A2,0.23437252228949343,0.23437252228949343,100.0,MINIMAL,1,CGLYt3_2,0.2814317775193228,0.2814317775193228,100.0,MINIMAL,0.0,NOT_A_TARGET
64781_AT2,CERK,0.23437252228949343,0.23437252228949343,100.0,MINIMAL,1,CERK,0.2814317775193228,0.2814317775193228,100.0,MINIMAL,0.0,NOT_A_TARGET
4513_AT1,COX2,0.23437252228949343,0.23437252228949343,100.0,MINIMAL,1,CYOOm3,0.2814317775193228,0.2814317775193228,100.0,MINIMAL,0.0,NOT_A_TARGET
518_AT1,ATP5G3,0.23437252228949343,0.23437252228949343,100.0,MINIMAL,1,ATPS4m,0.2814317775193228,0.2814317775193228,100.0,MINIMAL,0.0,NOT_A_TARGET
1346_AT1,COX7A1,0.23437252228949343,0.23437252228949343,100.0,MINIMAL,1,CYOOm3,0.2814317775193228,0.2814317775193228,100.0,MINIMAL,0.0,NOT_A_TARGET
517_AT2,ATP5G2,0.23437252228949343,0.23437252228949343,100.0,MINIMAL,1,ATPS4m,0.2814317775193228,0.2814317775193228,100.0,MINIMAL,0.0,NOT_A_TARGET
64781_AT1,CERK,0.23437252228949343,0.23437252228949343,100.0,MINIMAL,1,CERK,0.2814317775193228,0.2814317775193228,100.0,MINIMAL,0.0,NOT_A_TARGET
10975_AT1,UQCR11,0.23437252228949343,0.23437252228949343,100.0,MINIMAL,1,CYOR_u10m,0.2814317775193228,0.2814317775193228,100.0,MINIMAL,0.0,NOT_A_TARGET
7385_AT1,UQCRC2,0.23437252228949343,0.23437252228949343,100.0,MINIMAL,1,CYOR_u10m,0.2814317775193228,0.2814317775193228,100.0,MINIMAL,0.0,NOT_A_TARGET
10087_AT1,COL4A3BP,0.23437252228949343,0.23437252228949343,100.0,MINIMAL,2,CERT2rt;CERT1rt,0.2814317775193228,0.2814317775193228,100.0,MINIMAL,0.0,NOT_A_TARGET
514_AT1,ATP5E,0.23437252228949343,0.23437252228949343,100.0,MINIMAL,1,ATPS4m,0.2814317775193228,0.2814317775193228,100.0,MINIMAL,0.0,NOT_A_TARGET
230_AT1,ALDOC,0.23437252228949343,0.23437252228949343,100.0,MINIMAL,3,FBA;FBA4;FBA2,0.2814317775193228,0.2814317775193228,100.0,MINIMAL,0.0,NOT_A_TARGET
7386_AT1,UQCRFS1,0.23437252228949343,0.23437252228949343,100.0,MINIMAL,1,CYOR_u10m,0.2814317775193228,0.2814317775193228,100.0,MINIMAL,0.0,NOT_A_TARGET
521_AT1,ATP5I,0.23437252228949343,0.23437252228949343,100.0,MINIMAL,1,ATPS4m,0.2814317775193228,0.2814317775193228,100.0,MINIMAL,0.0,NOT_A_TARGET
27089_AT1,UQCRQ,0.23437252228949343,0.23437252228949343,100.0,MINIMAL,1,CYOR_u10m,0.2814317775193228,0.2814317775193228,100.0,MINIMAL,0.0,NOT_A_TARGET
509_AT2,ATP5C1,0.23437252228949343,0.23437252228949343,100.0,MINIMAL,1,ATPS4m,0.2814317775193228,0.2814317775193228,100.0,MINIMAL,0.0,NOT_A_TARGET
513_AT1,ATP5D,0.23437252228949343,0.23437252228949343,100.0,MINIMAL,1,ATPS4m,0.2814317775193228,0.2814317775193228,100.0,MINIMAL,0.0,NOT_A_TARGET
1103_AT3,CHAT,0.23437252228949343,0.23437252228949343,100.0,MINIMAL,2,CHATn;CHAT,0.2814317775193228,0.2814317775193228,100.0,MINIMAL,0.0,NOT_A_TARGET
29796_AT1,UQCR10,0.23437252228949343,0.23437252228949343,100.0,MINIMAL,1,CYOR_u10m,0.2814317775193228,0.2814317775193228,100.0,MINIMAL,0.0,NOT_A_TARGET
1103_AT1,CHAT,0.23437252228949343,0.23437252228949343,100.0,MINIMAL,2,CHATn;CHAT,0.2814317775193228,0.2814317775193228,100.0,MINIMAL,0.0,NOT_A_TARGET
10476_AT2,ATP5H,0.23437252228949343,0.23437252228949343,100.0,MINIMAL,1,ATPS4m,0.2814317775193228,0.2814317775193228,100.0,MINIMAL,0.0,NOT_A_TARGET
162466_AT1,PHOSPHO1,0.23437252228949343,0.23437252228949343,100.0,MINIMAL,2,ETHP;CHLP,0.2814317775193228,0.2814317775193228,100.0,MINIMAL,0.0,NOT_A_TARGET
7384_AT1,UQCRC1,0.23437252228949343,0.23437252228949343,100.0,MINIMAL,1,CYOR_u10m,0.2814317775193228,0.2814317775193228,100.0,MINIMAL,0.0,NOT_A_TARGET
515_AT1,ATP5F1,0.23437252228949343,0.23437252228949343,100.0,MINIMAL,1,ATPS4m,0.2814317775193228,0.2814317775193228,100.0,MINIMAL,0.0,NOT_A_TARGET
522_AT5,ATP5J,0.23437252228949343,0.23437252228949343,100.0,MINIMAL,1,ATPS4m,0.2814317775193228,0.2814317775193228,100.0,MINIMAL,0.0,NOT_A_TARGET
1103_AT2,CHAT,0.23437252228949343,0.23437252228949343,100.0,MINIMAL,2,CHATn;CHAT,0.2814317775193228,0.2814317775193228,100.0,MINIMAL,0.0,NOT_A_TARGET
1537_AT1,CYC1,0.23437252228949343,0.23437252228949343,100.0,MINIMAL,1,CYOR_u10m,0.2814317775193228,0.2814317775193228,100.0,MINIMAL,0.0,NOT_A_TARGET
516_AT1,ATP5G1,0.23437252228949343,0.23437252228949343,100.0,MINIMAL,1,ATPS4m,0.2814317775193228,0.2814317775193228,100.0,MINIMAL,0.0,NOT_A_TARGET
4519_AT1,CYTB,0.23437252228949343,0.23437252228949343,100.0,MINIMAL,1,CYOR_u10m,0.2814317775193228,0.2814317775193228,100.0,MINIMAL,0.0,NOT_A_TARGET
498_AT3,ATP5A1,0.23437252228949343,0.23437252228949343,100.0,MINIMAL,1,ATPS4m,0.2814317775193228,0.2814317775193228,100.0,MINIMAL,0.0,NOT_A_TARGET
1103_AT4,CHAT,0.23437252228949343,0.23437252228949343,100.0,MINIMAL,2,CHATn;CHAT,0.2814317775193228,0.2814317775193228,100.0,MINIMAL,0.0,NOT_A_TARGET
522_AT3,ATP5J,0.23437252228949343,0.23437252228949343,100.0,MINIMAL,1,ATPS4m,0.2814317775193228,0.2814317775193228,100.0,MINIMAL,0.0,NOT_A_TARGET
83549_AT1,UCK1,0.23437252228949343,0.23437252228949343,100.0,MINIMAL,2,URIK1;CYTDK1,0.2814317775193228,0.2814317775193228,100.0,MINIMAL,0.0,NOT_A_TARGET
124935_AT1,SLC43A2,0.23437252228949343,0.23437252228949343,100.0,MINIMAL,6,CYStec;PHEtec;ILEtec;VALtec;METtec;LEUtec,0.2814317775193228,0.2814317775193228,100.0,MINIMAL,0.0,NOT_A_TARGET
518_AT2,ATP5G3,0.23437252228949343,0.23437252228949343,100.0,MINIMAL,1,ATPS4m,0.2814317775193228,0.2814317775193228,100.0,MINIMAL,0.0,NOT_A_TARGET
9468_AT1,PCYT1B,0.23437252228949343,0.23437252228949343,100.0,MINIMAL,1,CHLPCTD,0.2814317775193228,0.2814317775193228,100.0,MINIMAL,0.0,NOT_A_TARGET
29796_AT2,UQCR10,0.23437252228949343,0.23437252228949343,100.0,MINIMAL,1,CYOR_u10m,0.2814317775193228,0.2814317775193228,100.0,MINIMAL,0.0,NOT_A_TARGET
498_AT2,ATP5A1,0.23437252228949343,0.23437252228949343,100.0,MINIMAL,1,ATPS4m,0.2814317775193228,0.2814317775193228,100.0,MINIMAL,0.0,NOT_A_TARGET
7381_AT1,UQCRB,0.23437252228949343,0.23437252228949343,100.0,MINIMAL,1,CYOR_u10m,0.2814317775193228,0.2814317775193228,100.0,MINIMAL,0.0,NOT_A_TARGET
522_AT2,ATP5J,0.23437252228949343,0.23437252228949343,100.0,MINIMAL,1,ATPS4m,0.2814317775193228,0.2814317775193228,100.0,MINIMAL,0.0,NOT_A_TARGET
5130_AT1,PCYT1A,0.23437252228949343,0.23437252228949343,100.0,MINIMAL,1,CHLPCTD,0.2814317775193228,0.2814317775193228,100.0,MINIMAL,0.0,NOT_A_TARGET
23428_AT1,SLC7A8,0.23437252228949343,0.23437252228949343,100.0,MINIMAL,1,CYSGLYex_copy1,0.2814317775193228,0.2814317775193228,100.0,MINIMAL,0.0,NOT_A_TARGET
6579_AT1,SLCO1A2,0.23437252228949343,0.23437252228949343,100.0,MINIMAL,8,PROSTGE2t;ESTRADIOLGLCt;ESTRONESt;TRIODTHYt;TCHOLAt;CHOLATEt;GCHOLAt;THYOXt,0.2814317775193228,0.2814317775193228,100.0,MINIMAL,0.0,NOT_A_TARGET
23428_AT2,SLC7A8,0.23437252228949343,0.23437252228949343,100.0,MINIMAL,1,CYSGLYex_copy1,0.2814317775193228,0.2814317775193228,100.0,MINIMAL,0.0,NOT_A_TARGET
522_AT4,ATP5J,0.23437252228949343,0.23437252228949343,100.0,MINIMAL,1,ATPS4m,0.2814317775193228,0.2814317775193228,100.0,MINIMAL,0.0,NOT_A_TARGET
498_AT1,ATP5A1,0.23437252228949343,0.23437252228949343,100.0,MINIMAL,1,ATPS4m,0.2814317775193228,0.2814317775193228,100.0,MINIMAL,0.0,NOT_A_TARGET
1036_AT1,CDO1,0.23437252228949343,0.23437252228949343,100.0,MINIMAL,1,CYSO,0.2814317775193228,0.2814317775193228,100.0,MINIMAL,0.0,NOT_A_TARGET
514_AT2,ATP5E,0.23437252228949343,0.23437252228949343,100.0,MINIMAL,1,ATPS4m,0.2814317775193228,0.2814317775193228,100.0,MINIMAL,0.0,NOT_A_TARGET
6555_AT1,SLC10A2,0.23437252228949343,0.23437252228949343,100.0,MINIMAL,3,GCHOLAt2;TCHOLAt2;CHOLATEt2,0.2814317775193228,0.2814317775193228,100.0,MINIMAL,0.0,NOT_A_TARGET
6554_AT1,SLC10A1,0.23437252228949343,0.23437252228949343,100.0,MINIMAL,4,ESTRONESt2;GCHOLAt2;TCHOLAt2;CHOLATEt2,0.2814317775193228,0.2814317775193228,100.0,MINIMAL,0.0,NOT_A_TARGET
513_AT2,ATP5D,0.23437252228949343,0.23437252228949343,100.0,MINIMAL,1,ATPS4m,0.2814317775193228,0.2814317775193228,100.0,MINIMAL,0.0,NOT_A_TARGET
1491_AT2,CTH,0.23437252228949343,0.23437252228949343,100.0,MINIMAL,1,CYSTGL,0.2814317775193228,0.2814317775193228,100.0,MINIMAL,0.0,NOT_A_TARGET
10998_AT1,SLC27A5,0.23437252228949343,0.23437252228949343,100.0,MINIMAL,12,FATP6t;FATP9t;LNLCt;FATP5t;DLNLCGt;FATP8t;HDCAt;LNLNCGt;FATP4t;LNLNCAt,0.2814317775193228,0.2814317775193228,100.0,MINIMAL,0.0,NOT_A_TARGET
8714_AT1,ABCC3,0.23437252228949343,0.23437252228949343,100.0,MINIMAL,4,ESTRONEGLCt;CHOLATEt3;GCHOLAt3;TCHOLAt3,0.2814317775193228,0.2814317775193228,100.0,MINIMAL,0.0,NOT_A_TARGET
1491_AT1,CTH,0.23437252228949343,0.23437252228949343,100.0,MINIMAL,1,CYSTGL,0.2814317775193228,0.2814317775193228,100.0,MINIMAL,0.0,NOT_A_TARGET
8714_AT3,ABCC3,0.23437252228949343,0.23437252228949343,100.0,MINIMAL,4,ESTRONEGLCt;CHOLATEt3;GCHOLAt3;TCHOLAt3,0.2814317775193228,0.2814317775193228,100.0,MINIMAL,0.0,NOT_A_TARGET
506_AT1,ATP5B,0.23437252228949343,0.23437252228949343,100.0,MINIMAL,1,ATPS4m,0.2814317775193228,0.2814317775193228,100.0,MINIMAL,0.0,NOT_A_TARGET
23657_AT1,SLC7A11,0.23437252228949343,0.23437252228949343,100.0,MINIMAL,1,CYSTGLUex,0.2814317775193228,0.2814317775193228,100.0,MINIMAL,0.0,NOT_A_TARGET
10632_AT1,ATP5L,0.23437252228949343,0.23437252228949343,100.0,MINIMAL,1,ATPS4m,0.2814317775193228,0.2814317775193228,100.0,MINIMAL,0.0,NOT_A_TARGET
515_AT2,ATP5F1,0.23437252228949343,0.23437252228949343,100.0,MINIMAL,1,ATPS4m,0.2814317775193228,0.2814317775193228,100.0,MINIMAL,0.0,NOT_A_TARGET
8647_AT1,ABCB11,0.23437252228949343,0.23437252228949343,100.0,MINIMAL,3,CHOLATEt3;GCHOLAt3;TCHOLAt3,0.2814317775193228,0.2814317775193228,100.0,MINIMAL,0.0,NOT_A_TARGET
8714_AT2,ABCC3,0.23437252228949343,0.23437252228949343,100.0,MINIMAL,4,ESTRONEGLCt;CHOLATEt3;GCHOLAt3;TCHOLAt3,0.2814317775193228,0.2814317775193228,100.0,MINIMAL,0.0,NOT_A_TARGET
875_AT1,CBS,0.23437252228949343,0.23437252228949343,100.0,MINIMAL,1,CYSTS,0.2814317775193228,0.2814317775193228,100.0,MINIMAL,0.0,NOT_A_TARGET
1119_AT2,CHKA,0.23437252228949343,0.23437252228949343,100.0,MINIMAL,2,CHOLK;ETHAK,0.2814317775193228,0.2814317775193228,100.0,MINIMAL,0.0,NOT_A_TARGET
1120_AT1,CHKB,0.23437252228949343,0.23437252228949343,100.0,MINIMAL,1,CHOLK,0.2814317775193228,0.2814317775193228,100.0,MINIMAL,0.0,NOT_A_TARGET
7388_AT1,UQCRH,0.23437252228949343,0.23437252228949343,100.0,MINIMAL,1,CYOR_u10m,0.2814317775193228,0.2814317775193228,100.0,MINIMAL,0.0,NOT_A_TARGET
10476_AT1,ATP5H,0.23437252228949343,0.23437252228949343,100.0,MINIMAL,1,ATPS4m,0.2814317775193228,0.2814317775193228,100.0,MINIMAL,0.0,NOT_A_TARGET
57379_AT1,AICDA,0.23437252228949343,0.23437252228949343,100.0,MINIMAL,2,DCYTD;CYTD,0.2814317775193228,0.2814317775193228,100.0,MINIMAL,0.0,NOT_A_TARGET
522_AT1,ATP5J,0.23437252228949343,0.23437252228949343,100.0,MINIMAL,1,ATPS4m,0.2814317775193228,0.2814317775193228,100.0,MINIMAL,0.0,NOT_A_TARGET
978_AT1,CDA,0.23437252228949343,0.23437252228949343,100.0,MINIMAL,2,DCYTD;CYTD,0.2814317775193228,0.2814317775193228,100.0,MINIMAL,0.0,NOT_A_TARGET
9551_AT1,ATP5J2,0.23437252228949343,0.23437252228949343,100.0,MINIMAL,1,ATPS4m,0.2814317775193228,0.2814317775193228,100.0,MINIMAL,0.0,NOT_A_TARGET
7371_AT1,UCK2,0.23437252228949343,0.23437252228949343,100.0,MINIMAL,2,URIK1;CYTDK1,0.2814317775193228,0.2814317775193228,100.0,MINIMAL,0.0,NOT_A_TARGET
516_AT2,ATP5G1,0.23437252228949343,0.23437252228949343,100.0,MINIMAL,1,ATPS4m,0.2814317775193228,0.2814317775193228,100.0,MINIMAL,0.0,NOT_A_TARGET
1120_AT2,CHKB,0.23437252228949343,0.23437252228949343,100.0,MINIMAL,1,CHOLK,0.2814317775193228,0.2814317775193228,100.0,MINIMAL,0.0,NOT_A_TARGET
517_AT1,ATP5G2,0.23437252228949343,0.23437252228949343,100.0,MINIMAL,1,ATPS4m,0.2814317775193228,0.2814317775193228,100.0,MINIMAL,0.0,NOT_A_TARGET
1119_AT1,CHKA,0.23437252228949343,0.23437252228949343,100.0,MINIMAL,2,CHOLK;ETHAK,0.2814317775193228,0.2814317775193228,100.0,MINIMAL,0.0,NOT_A_TARGET
954_AT1,ENTPD2,0.23437252228949343,0.23437252228949343,100.0,MINIMAL,2,ATPH1e;ATPH2e,0.2814317775193228,0.2814317775193228,100.0,MINIMAL,0.0,NOT_A_TARGET
9551_AT3,ATP5J2,0.23437252228949343,0.23437252228949343,100.0,MINIMAL,1,ATPS4m,0.2814317775193228,0.2814317775193228,100.0,MINIMAL,0.0,NOT_A_TARGET
8527_AT1,DGKD,0.23437252228949343,0.23437252228949343,100.0,MINIMAL,1,DAGK_hs,0.2814317775193228,0.2814317775193228,100.0,MINIMAL,0.0,NOT_A_TARGET
509_AT1,ATP5C1,0.23437252228949343,0.23437252228949343,100.0,MINIMAL,1,ATPS4m,0.2814317775193228,0.2814317775193228,100.0,MINIMAL,0.0,NOT_A_TARGET
1606_AT1,DGKA,0.23437252228949343,0.23437252228949343,100.0,MINIMAL,1,DAGK_hs,0.2814317775193228,0.2814317775193228,100.0,MINIMAL,0.0,NOT_A_TARGET
515_AT3,ATP5F1,0.23437252228949343,0.23437252228949343,100.0,MINIMAL,1,ATPS4m,0.2814317775193228,0.2814317775193228,100.0,MINIMAL,0.0,NOT_A_TARGET
6582_AT1,SLC22A2,0.23437252228949343,0.23437252228949343,100.0,MINIMAL,8,NRPPHRtu;DEBRISOQUINEt;SRTNtu;DOPAtu;PROSTGF2t;HISTAtu;CHOLtu;PROSTGE2t2,0.2814317775193228,0.2814317775193228,100.0,MINIMAL,0.0,NOT_A_TARGET
9162_AT1,DGKI,0.23437252228949343,0.23437252228949343,100.0,MINIMAL,1,DAGK_hs,0.2814317775193228,0.2814317775193228,100.0,MINIMAL,0.0,NOT_A_TARGET
6584_AT1,SLC22A5,0.23437252228949343,0.23437252228949343,100.0,MINIMAL,5,LYSt4;CRNtuNa;CHOLtu;METt4;CRNt_copy1,0.2814317775193228,0.2814317775193228,100.0,MINIMAL,0.0,NOT_A_TARGET
4905_AT1,NSF,0.23437252228949343,0.23437252228949343,100.0,MINIMAL,1,ATPS4m,0.2814317775193228,0.2814317775193228,100.0,MINIMAL,0.0,NOT_A_TARGET
518_AT3,ATP5G3,0.23437252228949343,0.23437252228949343,100.0,MINIMAL,1,ATPS4m,0.2814317775193228,0.2814317775193228,100.0,MINIMAL,0.0,NOT_A_TARGET
8526_AT1,DGKE,0.23437252228949343,0.23437252228949343,100.0,MINIMAL,1,DAGK_hs,0.2814317775193228,0.2814317775193228,100.0,MINIMAL,0.0,NOT_A_TARGET
160851_AT2,DGKH,0.23437252228949343,0.23437252228949343,100.0,MINIMAL,1,DAGK_hs,0.2814317775193228,0.2814317775193228,100.0,MINIMAL,0.0,NOT_A_TARGET
6820_AT1,SULT2B1,0.23437252228949343,0.23437252228949343,100.0,MINIMAL,1,CHSTEROLSULT,0.2814317775193228,0.2814317775193228,100.0,MINIMAL,0.0,NOT_A_TARGET
1607_AT1,DGKB,0.23437252228949343,0.23437252228949343,100.0,MINIMAL,1,DAGK_hs,0.2814317775193228,0.2814317775193228,100.0,MINIMAL,0.0,NOT_A_TARGET
19_AT1,ABCA1,0.23437252228949343,0.23437252228949343,100.0,MINIMAL,1,CHSTEROLt,0.2814317775193228,0.2814317775193228,100.0,MINIMAL,0.0,NOT_A_TARGET
51382_AT1,ATP6V1D,0.23437252228949343,0.23437252228949343,100.0,MINIMAL,1,ATPasel,0.2814317775193228,0.2814317775193228,100.0,MINIMAL,0.0,NOT_A_TARGET
1608_AT1,DGKG,0.23437252228949343,0.23437252228949343,100.0,MINIMAL,1,DAGK_hs,0.2814317775193228,0.2814317775193228,100.0,MINIMAL,0.0,NOT_A_TARGET
90423_AT1,ATP6V1E2,0.23437252228949343,0.23437252228949343,100.0,MINIMAL,1,ATPasel,0.2814317775193228,0.2814317775193228,100.0,MINIMAL,0.0,NOT_A_TARGET
8527_AT2,DGKD,0.23437252228949343,0.23437252228949343,100.0,MINIMAL,1,DAGK_hs,0.2814317775193228,0.2814317775193228,100.0,MINIMAL,0.0,NOT_A_TARGET
525_AT1,ATP6V1B1,0.23437252228949343,0.23437252228949343,100.0,MINIMAL,1,ATPasel,0.2814317775193228,0.2814317775193228,100.0,MINIMAL,0.0,NOT_A_TARGET
527_AT1,ATP6V0C,0.23437252228949343,0.23437252228949343,100.0,MINIMAL,1,ATPasel,0.2814317775193228,0.2814317775193228,100.0,MINIMAL,0.0,NOT_A_TARGET
6582_AT2,SLC22A2,0.23437252228949343,0.23437252228949343,100.0,MINIMAL,8,NRPPHRtu;DEBRISOQUINEt;SRTNtu;DOPAtu;PROSTGF2t;HISTAtu;CHOLtu;PROSTGE2t2,0.2814317775193228,0.2814317775193228,100.0,MINIMAL,0.0,NOT_A_TARGET
171425_AT2,CLYBL,0.23437252228949343,0.23437252228949343,100.0,MINIMAL,1,CITL,0.2814317775193228,0.2814317775193228,100.0,MINIMAL,0.0,NOT_A_TARGET
171425_AT1,CLYBL,0.23437252228949343,0.23437252228949343,100.0,MINIMAL,1,CITL,0.2814317775193228,0.2814317775193228,100.0,MINIMAL,0.0,NOT_A_TARGET
8525_AT3,DGKZ,0.23437252228949343,0.23437252228949343,100.0,MINIMAL,1,DAGK_hs,0.2814317775193228,0.2814317775193228,100.0,MINIMAL,0.0,NOT_A_TARGET
9114_AT1,ATP6V0D1,0.23437252228949343,0.23437252228949343,100.0,MINIMAL,1,ATPasel,0.2814317775193228,0.2814317775193228,100.0,MINIMAL,0.0,NOT_A_TARGET
1609_AT1,DGKQ,0.23437252228949343,0.23437252228949343,100.0,MINIMAL,1,DAGK_hs,0.2814317775193228,0.2814317775193228,100.0,MINIMAL,0.0,NOT_A_TARGET
245973_AT1,ATP6V1C2,0.23437252228949343,0.23437252228949343,100.0,MINIMAL,1,ATPasel,0.2814317775193228,0.2814317775193228,100.0,MINIMAL,0.0,NOT_A_TARGET
50617_AT3,ATP6V0A4,0.23437252228949343,0.23437252228949343,100.0,MINIMAL,1,ATPasel,0.2814317775193228,0.2814317775193228,100.0,MINIMAL,0.0,NOT_A_TARGET
27159_AT2,CHIA,0.23437252228949343,0.23437252228949343,100.0,MINIMAL,1,CHTNASEe,0.2814317775193228,0.2814317775193228,100.0,MINIMAL,0.0,NOT_A_TARGET
1607_AT2,DGKB,0.23437252228949343,0.23437252228949343,100.0,MINIMAL,1,DAGK_hs,0.2814317775193228,0.2814317775193228,100.0,MINIMAL,0.0,NOT_A_TARGET
245972_AT1,ATP6V0D2,0.23437252228949343,0.23437252228949343,100.0,MINIMAL,1,ATPasel,0.2814317775193228,0.2814317775193228,100.0,MINIMAL,0.0,NOT_A_TARGET
127124_AT1,ATP6V1G3,0.23437252228949343,0.23437252228949343,100.0,MINIMAL,1,ATPasel,0.2814317775193228,0.2814317775193228,100.0,MINIMAL,0.0,NOT_A_TARGET
51022_AT1,GLRX2,0.23437252228949343,0.23437252228949343,100.0,MINIMAL,1,DASCBR,0.2814317775193228,0.2814317775193228,100.0,MINIMAL,0.0,NOT_A_TARGET
160851_AT1,DGKH,0.23437252228949343,0.23437252228949343,100.0,MINIMAL,1,DAGK_hs,0.2814317775193228,0.2814317775193228,100.0,MINIMAL,0.0,NOT_A_TARGET
23545_AT1,ATP6V0A2,0.23437252228949343,0.23437252228949343,100.0,MINIMAL,1,ATPasel,0.2814317775193228,0.2814317775193228,100.0,MINIMAL,0.0,NOT_A_TARGET
9058_AT1,SLC13A2,0.23437252228949343,0.23437252228949343,100.0,MINIMAL,2,SUCCt4_2;CITt4_2,0.2814317775193228,0.2814317775193228,100.0,MINIMAL,0.0,NOT_A_TARGET
8525_AT2,DGKZ,0.23437252228949343,0.23437252228949343,100.0,MINIMAL,1,DAGK_hs,0.2814317775193228,0.2814317775193228,100.0,MINIMAL,0.0,NOT_A_TARGET
8525_AT1,DGKZ,0.23437252228949343,0.23437252228949343,100.0,MINIMAL,1,DAGK_hs,0.2814317775193228,0.2814317775193228,100.0,MINIMAL,0.0,NOT_A_TARGET
284111_AT1,SLC13A5,0.23437252228949343,0.23437252228949343,100.0,MINIMAL,1,CITt4_4,0.2814317775193228,0.2814317775193228,100.0,MINIMAL,0.0,NOT_A_TARGET
1610_AT1,DAO,0.23437252228949343,0.23437252228949343,100.0,MINIMAL,1,DALAOXx,0.2814317775193228,0.2814317775193228,100.0,MINIMAL,0.0,NOT_A_TARGET
10312_AT1,TCIRG1,0.23437252228949343,0.23437252228949343,100.0,MINIMAL,1,ATPasel,0.2814317775193228,0.2814317775193228,100.0,MINIMAL,0.0,NOT_A_TARGET
6576_AT1,SLC25A1,0.23437252228949343,0.23437252228949343,100.0,MINIMAL,2,CITtbm;CITtam,0.2814317775193228,0.2814317775193228,100.0,MINIMAL,0.0,NOT_A_TARGET
60482_AT1,SLC5A7,0.23437252228949343,0.23437252228949343,100.0,MINIMAL,1,CHOLt4,0.2814317775193228,0.2814317775193228,100.0,MINIMAL,0.0,NOT_A_TARGET
65010_AT1,SLC26A6,0.23437252228949343,0.23437252228949343,100.0,MINIMAL,6,SO4CLtex2;CLOXAtex2;SO4OXAtex2;CLOHtex2;CLFORtex2;CLHCO3tex2,0.2814317775193228,0.2814317775193228,100.0,MINIMAL,0.0,NOT_A_TARGET
115111_AT2,SLC26A7,0.23437252228949343,0.23437252228949343,100.0,MINIMAL,2,SO4HCOtex;CLHCOtex,0.2814317775193228,0.2814317775193228,100.0,MINIMAL,0.0,NOT_A_TARGET
528_AT1,ATP6V1C1,0.23437252228949343,0.23437252228949343,100.0,MINIMAL,1,ATPasel,0.2814317775193228,0.2814317775193228,100.0,MINIMAL,0.0,NOT_A_TARGET
51022_AT2,GLRX2,0.23437252228949343,0.23437252228949343,100.0,MINIMAL,1,DASCBR,0.2814317775193228,0.2814317775193228,100.0,MINIMAL,0.0,NOT_A_TARGET
528_AT2,ATP6V1C1,0.23437252228949343,0.23437252228949343,100.0,MINIMAL,1,ATPasel,0.2814317775193228,0.2814317775193228,100.0,MINIMAL,0.0,NOT_A_TARGET
5172_AT1,SLC26A4,0.23437252228949343,0.23437252228949343,100.0,MINIMAL,1,CLHCOtex,0.2814317775193228,0.2814317775193228,100.0,MINIMAL,0.0,NOT_A_TARGET
50617_AT1,ATP6V0A4,0.23437252228949343,0.23437252228949343,100.0,MINIMAL,1,ATPasel,0.2814317775193228,0.2814317775193228,100.0,MINIMAL,0.0,NOT_A_TARGET
8992_AT1,ATP6V0E1,0.23437252228949343,0.23437252228949343,100.0,MINIMAL,1,ATPasel,0.2814317775193228,0.2814317775193228,100.0,MINIMAL,0.0,NOT_A_TARGET
65010_AT2,SLC26A6,0.23437252228949343,0.23437252228949343,100.0,MINIMAL,6,SO4CLtex2;CLOXAtex2;SO4OXAtex2;CLOHtex2;CLFORtex2;CLHCO3tex2,0.2814317775193228,0.2814317775193228,100.0,MINIMAL,0.0,NOT_A_TARGET
1633_AT1,DCK,0.23437252228949343,0.23437252228949343,100.0,MINIMAL,2,DCK1n;DCK2n,0.2814317775193228,0.2814317775193228,100.0,MINIMAL,0.0,NOT_A_TARGET
1384_AT2,CRAT,0.23437252228949343,0.23437252228949343,100.0,MINIMAL,2,CSNATp;CSNAT3x,0.2814317775193228,0.2814317775193228,100.0,MINIMAL,0.0,NOT_A_TARGET
65010_AT3,SLC26A6,0.23437252228949343,0.23437252228949343,100.0,MINIMAL,6,SO4CLtex2;CLOXAtex2;SO4OXAtex2;CLOHtex2;CLFORtex2;CLHCO3tex2,0.2814317775193228,0.2814317775193228,100.0,MINIMAL,0.0,NOT_A_TARGET
115111_AT1,SLC26A7,0.23437252228949343,0.23437252228949343,100.0,MINIMAL,2,SO4HCOtex;CLHCOtex,0.2814317775193228,0.2814317775193228,100.0,MINIMAL,0.0,NOT_A_TARGET
533_AT1,ATP6V0B,0.23437252228949343,0.23437252228949343,100.0,MINIMAL,1,ATPasel,0.2814317775193228,0.2814317775193228,100.0,MINIMAL,0.0,NOT_A_TARGET
534_AT1,ATP6V1G2,0.23437252228949343,0.23437252228949343,100.0,MINIMAL,1,ATPasel,0.2814317775193228,0.2814317775193228,100.0,MINIMAL,0.0,NOT_A_TARGET
1635_AT1,DCTD,0.23437252228949343,0.23437252228949343,100.0,MINIMAL,1,DCMPDA,0.2814317775193228,0.2814317775193228,100.0,MINIMAL,0.0,NOT_A_TARGET
10312_AT2,TCIRG1,0.23437252228949343,0.23437252228949343,100.0,MINIMAL,1,ATPasel,0.2814317775193228,0.2814317775193228,100.0,MINIMAL,0.0,NOT_A_TARGET
116369_AT2,SLC26A8,0.23437252228949343,0.23437252228949343,100.0,MINIMAL,2,SO4HCOtex;CLHCOtex,0.2814317775193228,0.2814317775193228,100.0,MINIMAL,0.0,NOT_A_TARGET
529_AT1,ATP6V1E1,0.23437252228949343,0.23437252228949343,100.0,MINIMAL,1,ATPasel,0.2814317775193228,0.2814317775193228,100.0,MINIMAL,0.0,NOT_A_TARGET
1811_AT1,SLC26A3,0.23437252228949343,0.23437252228949343,100.0,MINIMAL,3,SO4HCOtex;CLHCOtex;OXAHCOtex,0.2814317775193228,0.2814317775193228,100.0,MINIMAL,0.0,NOT_A_TARGET
115019_AT2,SLC26A9,0.23437252228949343,0.23437252228949343,100.0,MINIMAL,2,SO4HCOtex;CLHCOtex,0.2814317775193228,0.2814317775193228,100.0,MINIMAL,0.0,NOT_A_TARGET
1836_AT1,SLC26A2,0.23437252228949343,0.23437252228949343,100.0,MINIMAL,3,SO4HCOtex;CLHCOtex;OXAHCOtex,0.2814317775193228,0.2814317775193228,100.0,MINIMAL,0.0,NOT_A_TARGET
8694_AT1,DGAT1,0.23437252228949343,0.23437252228949343,100.0,MINIMAL,1,DGAT,0.2814317775193228,0.2814317775193228,100.0,MINIMAL,0.0,NOT_A_TARGET
116369_AT1,SLC26A8,0.23437252228949343,0.23437252228949343,100.0,MINIMAL,2,SO4HCOtex;CLHCOtex,0.2814317775193228,0.2814317775193228,100.0,MINIMAL,0.0,NOT_A_TARGET
115019_AT1,SLC26A9,0.23437252228949343,0.23437252228949343,100.0,MINIMAL,2,SO4HCOtex;CLHCOtex,0.2814317775193228,0.2814317775193228,100.0,MINIMAL,0.0,NOT_A_TARGET
8034_AT1,SLC25A16,0.23437252228949343,0.23437252228949343,100.0,MINIMAL,1,COAtim,0.2814317775193228,0.2814317775193228,100.0,MINIMAL,0.0,NOT_A_TARGET
1371_AT1,CPOX,0.23437252228949343,0.23437252228949343,100.0,MINIMAL,1,CPPPGO,0.2814317775193228,0.2814317775193228,100.0,MINIMAL,0.0,NOT_A_TARGET
6537_AT1,6537_AT1,0.23437252228949343,0.23437252228949343,100.0,MINIMAL,1,CREATt4_2_r,0.2814317775193228,0.2814317775193228,100.0,MINIMAL,0.0,NOT_A_TARGET
6535_AT1,SLC6A8,0.23437252228949343,0.23437252228949343,100.0,MINIMAL,1,CREATt4_2_r,0.2814317775193228,0.2814317775193228,100.0,MINIMAL,0.0,NOT_A_TARGET
6583_AT1,SLC22A4,0.23437252228949343,0.23437252228949343,100.0,MINIMAL,2,CRNt_copy2;CRNtHa,0.2814317775193228,0.2814317775193228,100.0,MINIMAL,0.0,NOT_A_TARGET
1384_AT1,CRAT,0.23437252228949343,0.23437252228949343,100.0,MINIMAL,3,CSNAT2m;CRNCARtp;CSNATm,0.2814317775193228,0.2814317775193228,100.0,MINIMAL,0.0,NOT_A_TARGET
1431_AT1,CS,0.23437252228949343,0.23437252228949343,100.0,MINIMAL,1,CSm,0.2814317775193228,0.2814317775193228,100.0,MINIMAL,0.0,NOT_A_TARGET
2745_AT1,GLRX,0.23437252228949343,0.23437252228949343,100.0,MINIMAL,1,DASCBR,0.2814317775193228,0.2814317775193228,100.0,MINIMAL,0.0,NOT_A_TARGET
1431_AT2,CS,0.23437252228949343,0.23437252228949343,100.0,MINIMAL,1,CSm,0.2814317775193228,0.2814317775193228,100.0,MINIMAL,0.0,NOT_A_TARGET
9415_AT1,FADS2,0.23437252228949343,0.23437252228949343,100.0,MINIMAL,6,DESAT18_7;DESAT18_9;DESAT24_1;DESAT18_6;DESAT18_8;DESAT18_10,0.2814317775193228,0.2814317775193228,100.0,MINIMAL,0.0,NOT_A_TARGET
1503_AT1,CTPS1,0.23437252228949343,0.23437252228949343,100.0,MINIMAL,1,CTPS1,0.2814317775193228,0.2814317775193228,100.0,MINIMAL,0.0,NOT_A_TARGET
3992_AT1,FADS1,0.23437252228949343,0.23437252228949343,100.0,MINIMAL,2,DESAT20_2;DESAT20_1,0.2814317775193228,0.2814317775193228,100.0,MINIMAL,0.0,NOT_A_TARGET
56474_AT2,CTPS2,0.23437252228949343,0.23437252228949343,100.0,MINIMAL,1,CTPS2,0.2814317775193228,0.2814317775193228,100.0,MINIMAL,0.0,NOT_A_TARGET
84649_AT1,DGAT2,0.23437252228949343,0.23437252228949343,100.0,MINIMAL,1,DGAT,0.2814317775193228,0.2814317775193228,100.0,MINIMAL,0.0,NOT_A_TARGET
56474_AT1,CTPS2,0.23437252228949343,0.23437252228949343,100.0,MINIMAL,1,CTPS2,0.2814317775193228,0.2814317775193228,100.0,MINIMAL,0.0,NOT_A_TARGET
1716_AT1,DGUOK,0.23437252228949343,0.23437252228949343,100.0,MINIMAL,1,DGNSKm,0.2814317775193228,0.2814317775193228,100.0,MINIMAL,0.0,NOT_A_TARGET
53919_AT1,SLCO1C1,0.23437252228949343,0.23437252228949343,100.0,MINIMAL,4,ESTRADIOLGLCt;ESTRONESt;TRIODTHYt;THYOXt,0.2814317775193228,0.2814317775193228,100.0,MINIMAL,0.0,NOT_A_TARGET
5052_AT1,PRDX1,0.23437252228949343,0.23437252228949343,100.0,MINIMAL,1,GTHPi,0.2814317775193228,0.2814317775193228,100.0,MINIMAL,0.0,NOT_A_TARGET
8789_AT1,FBP2,0.23437252228949343,0.23437252228949343,100.0,MINIMAL,2,FBP26;FBP,0.2814317775193228,0.2814317775193228,100.0,MINIMAL,0.0,NOT_A_TARGET
226_AT3,ALDOA,0.23437252228949343,0.23437252228949343,100.0,MINIMAL,3,FBA;FBA4;FBA2,0.2814317775193228,0.2814317775193228,100.0,MINIMAL,0.0,NOT_A_TARGET
1716_AT5,DGUOK,0.23437252228949343,0.23437252228949343,100.0,MINIMAL,1,DGNSKm,0.2814317775193228,0.2814317775193228,100.0,MINIMAL,0.0,NOT_A_TARGET
84701_AT1,COX4I2,0.23437252228949343,0.23437252228949343,100.0,MINIMAL,1,CYOOm3,0.2814317775193228,0.2814317775193228,100.0,MINIMAL,0.0,NOT_A_TARGET
1351_AT1,COX8A,0.23437252228949343,0.23437252228949343,100.0,MINIMAL,1,CYOOm3,0.2814317775193228,0.2814317775193228,100.0,MINIMAL,0.0,NOT_A_TARGET
1716_AT3,DGUOK,0.23437252228949343,0.23437252228949343,100.0,MINIMAL,1,DGNSKm,0.2814317775193228,0.2814317775193228,100.0,MINIMAL,0.0,NOT_A_TARGET
170712_AT1,COX7B2,0.23437252228949343,0.23437252228949343,100.0,MINIMAL,1,CYOOm3,0.2814317775193228,0.2814317775193228,100.0,MINIMAL,0.0,NOT_A_TARGET
226_AT2,ALDOA,0.23437252228949343,0.23437252228949343,100.0,MINIMAL,3,FBA;FBA4;FBA2,0.2814317775193228,0.2814317775193228,100.0,MINIMAL,0.0,NOT_A_TARGET
229_AT1,ALDOB,0.23437252228949343,0.23437252228949343,100.0,MINIMAL,3,FBA;FBA4;FBA2,0.2814317775193228,0.2814317775193228,100.0,MINIMAL,0.0,NOT_A_TARGET
9377_AT1,COX5A,0.23437252228949343,0.23437252228949343,100.0,MINIMAL,1,CYOOm3,0.2814317775193228,0.2814317775193228,100.0,MINIMAL,0.0,NOT_A_TARGET
6513_AT1,SLC2A1,0.23437252228949343,0.23437252228949343,100.0,MINIMAL,5,DHAAt1r;GALt1r;GAMt1r;MANt1r;GLCt1,0.2814317775193228,0.2814317775193228,100.0,MINIMAL,0.0,NOT_A_TARGET
1716_AT2,DGUOK,0.23437252228949343,0.23437252228949343,100.0,MINIMAL,1,DGNSKm,0.2814317775193228,0.2814317775193228,100.0,MINIMAL,0.0,NOT_A_TARGET
9167_AT1,COX7A2L,0.23437252228949343,0.23437252228949343,100.0,MINIMAL,1,CYOOm3,0.2814317775193228,0.2814317775193228,100.0,MINIMAL,0.0,NOT_A_TARGET
1340_AT1,COX6B1,0.23437252228949343,0.23437252228949343,100.0,MINIMAL,1,CYOOm3,0.2814317775193228,0.2814317775193228,100.0,MINIMAL,0.0,NOT_A_TARGET
2203_AT1,FBP1,0.23437252228949343,0.23437252228949343,100.0,MINIMAL,2,FBP26;FBP,0.2814317775193228,0.2814317775193228,100.0,MINIMAL,0.0,NOT_A_TARGET
5208_AT1,PFKFB2,0.23437252228949343,0.23437252228949343,100.0,MINIMAL,2,PFK26;FBP26,0.2814317775193228,0.2814317775193228,100.0,MINIMAL,0.0,NOT_A_TARGET
1716_AT4,DGUOK,0.23437252228949343,0.23437252228949343,100.0,MINIMAL,1,DGNSKm,0.2814317775193228,0.2814317775193228,100.0,MINIMAL,0.0,NOT_A_TARGET
11309_AT1,SLCO2B1,0.23437252228949343,0.23437252228949343,100.0,MINIMAL,1,ESTRONESt,0.2814317775193228,0.2814317775193228,100.0,MINIMAL,0.0,NOT_A_TARGET
80308_AT1,FLAD1,0.23437252228949343,0.23437252228949343,100.0,MINIMAL,1,FMNAT,0.2814317775193228,0.2814317775193228,100.0,MINIMAL,0.0,NOT_A_TARGET
1350_AT1,COX7C,0.23437252228949343,0.23437252228949343,100.0,MINIMAL,1,CYOOm3,0.2814317775193228,0.2814317775193228,100.0,MINIMAL,0.0,NOT_A_TARGET
5207_AT1,PFKFB1,0.23437252228949343,0.23437252228949343,100.0,MINIMAL,2,PFK26;FBP26,0.2814317775193228,0.2814317775193228,100.0,MINIMAL,0.0,NOT_A_TARGET
7001_AT2,PRDX2,0.23437252228949343,0.23437252228949343,100.0,MINIMAL,1,GTHPi,0.2814317775193228,0.2814317775193228,100.0,MINIMAL,0.0,NOT_A_TARGET
1723_AT1,DHODH,0.23437252228949343,0.23437252228949343,100.0,MINIMAL,1,DHORD9,0.2814317775193228,0.2814317775193228,100.0,MINIMAL,0.0,NOT_A_TARGET
6517_AT1,SLC2A4,0.23437252228949343,0.23437252228949343,100.0,MINIMAL,3,GAMt1r;DHAAt1r;GLCt1,0.2814317775193228,0.2814317775193228,100.0,MINIMAL,0.0,NOT_A_TARGET
5209_AT1,PFKFB3,0.23437252228949343,0.23437252228949343,100.0,MINIMAL,2,PFK26;FBP26,0.2814317775193228,0.2814317775193228,100.0,MINIMAL,0.0,NOT_A_TARGET
6515_AT1,SLC2A3,0.23437252228949343,0.23437252228949343,100.0,MINIMAL,5,DHAAt1r;MALTt1r;GALt1r;MANt1r;GLCt1,0.2814317775193228,0.2814317775193228,100.0,MINIMAL,0.0,NOT_A_TARGET
1337_AT1,COX6A1,0.23437252228949343,0.23437252228949343,100.0,MINIMAL,1,CYOOm3,0.2814317775193228,0.2814317775193228,100.0,MINIMAL,0.0,NOT_A_TARGET
2235_AT1,FECH,0.23437252228949343,0.23437252228949343,100.0,MINIMAL,1,FCLTm,0.2814317775193228,0.2814317775193228,100.0,MINIMAL,0.0,NOT_A_TARGET
1347_AT1,COX7A2,0.23437252228949343,0.23437252228949343,100.0,MINIMAL,1,CYOOm3,0.2814317775193228,0.2814317775193228,100.0,MINIMAL,0.0,NOT_A_TARGET
1329_AT1,COX5B,0.23437252228949343,0.23437252228949343,100.0,MINIMAL,1,CYOOm3,0.2814317775193228,0.2814317775193228,100.0,MINIMAL,0.0,NOT_A_TARGET
8560_AT2,DEGS1,0.23437252228949343,0.23437252228949343,100.0,MINIMAL,2,DHCRD1;DHCRD2,0.2814317775193228,0.2814317775193228,100.0,MINIMAL,0.0,NOT_A_TARGET
10840_AT1,ALDH1L1,0.23437252228949343,0.23437252228949343,100.0,MINIMAL,2,FDH;FTHFDH,0.2814317775193228,0.2814317775193228,100.0,MINIMAL,0.0,NOT_A_TARGET
5210_AT1,PFKFB4,0.23437252228949343,0.23437252228949343,100.0,MINIMAL,2,PFK26;FBP26,0.2814317775193228,0.2814317775193228,100.0,MINIMAL,0.0,NOT_A_TARGET
341947_AT1,COX8C,0.23437252228949343,0.23437252228949343,100.0,MINIMAL,1,CYOOm3,0.2814317775193228,0.2814317775193228,100.0,MINIMAL,0.0,NOT_A_TARGET
8560_AT1,DEGS1,0.23437252228949343,0.23437252228949343,100.0,MINIMAL,2,DHCRD1;DHCRD2,0.2814317775193228,0.2814317775193228,100.0,MINIMAL,0.0,NOT_A_TARGET
125965_AT1,COX6B2,0.23437252228949343,0.23437252228949343,100.0,MINIMAL,1,CYOOm3,0.2814317775193228,0.2814317775193228,100.0,MINIMAL,0.0,NOT_A_TARGET
6783_AT1,SULT1E1,0.23437252228949343,0.23437252228949343,100.0,MINIMAL,2,DHEASULT;ESTSULT,0.2814317775193228,0.2814317775193228,100.0,MINIMAL,0.0,NOT_A_TARGET
4512_AT1,COX1,0.23437252228949343,0.23437252228949343,100.0,MINIMAL,1,CYOOm3,0.2814317775193228,0.2814317775193228,100.0,MINIMAL,0.0,NOT_A_TARGET
1345_AT1,COX6C,0.23437252228949343,0.23437252228949343,100.0,MINIMAL,1,CYOOm3,0.2814317775193228,0.2814317775193228,100.0,MINIMAL,0.0,NOT_A_TARGET
79901_AT1,CYBRD1,0.23437252228949343,0.23437252228949343,100.0,MINIMAL,1,FE3R2e,0.2814317775193228,0.2814317775193228,100.0,MINIMAL,0.0,NOT_A_TARGET
1349_AT1,COX7B,0.23437252228949343,0.23437252228949343,100.0,MINIMAL,1,CYOOm3,0.2814317775193228,0.2814317775193228,100.0,MINIMAL,0.0,NOT_A_TARGET
3029_AT1,HAGH,0.23437252228949343,0.23437252228949343,100.0,MINIMAL,1,GLYOX,0.2814317775193228,0.2814317775193228,100.0,MINIMAL,0.0,NOT_A_TARGET
25902_AT1,MTHFD1L,0.23437252228949343,0.23437252228949343,100.0,MINIMAL,3,MTHFCm;MTHFDm;FTHFLmi,0.2814317775193228,0.2814317775193228,100.0,MINIMAL,0.0,NOT_A_TARGET
51179_AT2,HAO2,0.23437252228949343,0.23437252228949343,100.0,MINIMAL,2,GLYCTO1p;GLXO2p,0.2814317775193228,0.2814317775193228,100.0,MINIMAL,0.0,NOT_A_TARGET
83733_AT1,SLC25A18,0.23437252228949343,0.23437252228949343,100.0,MINIMAL,1,GLUt2m,0.2814317775193228,0.2814317775193228,100.0,MINIMAL,0.0,NOT_A_TARGET
1808_AT1,DPYSL2,0.23437252228949343,0.23437252228949343,100.0,MINIMAL,1,DHPM1,0.2814317775193228,0.2814317775193228,100.0,MINIMAL,0.0,NOT_A_TARGET
1809_AT1,DPYSL3,0.23437252228949343,0.23437252228949343,100.0,MINIMAL,1,DHPM1,0.2814317775193228,0.2814317775193228,100.0,MINIMAL,0.0,NOT_A_TARGET
66035_AT1,SLC2A11,0.23437252228949343,0.23437252228949343,100.0,MINIMAL,2,FRUt1r;GLCt1,0.2814317775193228,0.2814317775193228,100.0,MINIMAL,0.0,NOT_A_TARGET
1807_AT1,DPYS,0.23437252228949343,0.23437252228949343,100.0,MINIMAL,2,DHPM2;DHPM1,0.2814317775193228,0.2814317775193228,100.0,MINIMAL,0.0,NOT_A_TARGET
5860_AT1,QDPR,0.23437252228949343,0.23437252228949343,100.0,MINIMAL,1,DHPR,0.2814317775193228,0.2814317775193228,100.0,MINIMAL,0.0,NOT_A_TARGET
155184_AT1,SLC2A7,0.23437252228949343,0.23437252228949343,100.0,MINIMAL,2,FRUt1r;GLCt1,0.2814317775193228,0.2814317775193228,100.0,MINIMAL,0.0,NOT_A_TARGET
6514_AT1,SLC2A2,0.23437252228949343,0.23437252228949343,100.0,MINIMAL,5,FRUt1r;GALt1r;GAMt1r;MANt1r;GLCt1,0.2814317775193228,0.2814317775193228,100.0,MINIMAL,0.0,NOT_A_TARGET
79751_AT1,SLC25A22,0.23437252228949343,0.23437252228949343,100.0,MINIMAL,1,GLUt2m,0.2814317775193228,0.2814317775193228,100.0,MINIMAL,0.0,NOT_A_TARGET
197257_AT2,LDHD,0.23437252228949343,0.23437252228949343,100.0,MINIMAL,2,LDH_D;GLXO1,0.2814317775193228,0.2814317775193228,100.0,MINIMAL,0.0,NOT_A_TARGET
54363_AT1,HAO1,0.23437252228949343,0.23437252228949343,100.0,MINIMAL,2,GLYCTO1p;GLXO2p,0.2814317775193228,0.2814317775193228,100.0,MINIMAL,0.0,NOT_A_TARGET
29988_AT1,SLC2A8,0.23437252228949343,0.23437252228949343,100.0,MINIMAL,3,GALt1r;FRUt1r;GLCt1,0.2814317775193228,0.2814317775193228,100.0,MINIMAL,0.0,NOT_A_TARGET
29958_AT1,DMGDH,0.23437252228949343,0.23437252228949343,100.0,MINIMAL,1,DMGDHm,0.2814317775193228,0.2814317775193228,100.0,MINIMAL,0.0,NOT_A_TARGET
6518_AT1,SLC2A5,0.23437252228949343,0.23437252228949343,100.0,MINIMAL,1,FRUt1r,0.2814317775193228,0.2814317775193228,100.0,MINIMAL,0.0,NOT_A_TARGET
5167_AT1,ENPP1,0.23437252228949343,0.23437252228949343,100.0,MINIMAL,4,FADDP;NNATr_copy1;UDPGP;DNADDP,0.2814317775193228,0.2814317775193228,100.0,MINIMAL,0.0,NOT_A_TARGET
200010_AT1,SLC5A9,0.23437252228949343,0.23437252228949343,100.0,MINIMAL,4,GALt4;MANt4;GLCt4;FRUt4,0.2814317775193228,0.2814317775193228,100.0,MINIMAL,0.0,NOT_A_TARGET
197257_AT1,LDHD,0.23437252228949343,0.23437252228949343,100.0,MINIMAL,2,LDH_D;GLXO1,0.2814317775193228,0.2814317775193228,100.0,MINIMAL,0.0,NOT_A_TARGET
956_AT1,ENTPD3,0.23437252228949343,0.23437252228949343,100.0,MINIMAL,2,ATPH1e;ATPH2e,0.2814317775193228,0.2814317775193228,100.0,MINIMAL,0.0,NOT_A_TARGET
957_AT1,ENTPD5,0.23437252228949343,0.23437252228949343,100.0,MINIMAL,3,NDP7er;ATPH1e;ATPH2e,0.2814317775193228,0.2814317775193228,100.0,MINIMAL,0.0,NOT_A_TARGET
2356_AT1,FPGS,0.23437252228949343,0.23437252228949343,100.0,MINIMAL,18,FPGSm;FPGS5;FPGS7m;FPGS4;FPGS;FPGS6;FPGS5m;FPGS9m;FPGS6m;FPGS7,0.2814317775193228,0.2814317775193228,100.0,MINIMAL,0.0,NOT_A_TARGET
5168_AT1,ENPP2,0.23437252228949343,0.23437252228949343,100.0,MINIMAL,3,NNATr_copy1;UDPGP;DNADDP,0.2814317775193228,0.2814317775193228,100.0,MINIMAL,0.0,NOT_A_TARGET
10841_AT1,FTCD,0.23437252228949343,0.23437252228949343,100.0,MINIMAL,2,FTCD;GluForTx,0.2814317775193228,0.2814317775193228,100.0,MINIMAL,0.0,NOT_A_TARGET
5169_AT1,ENPP3,0.23437252228949343,0.23437252228949343,100.0,MINIMAL,3,NNATr_copy1;UDPGP;DNADDP,0.2814317775193228,0.2814317775193228,100.0,MINIMAL,0.0,NOT_A_TARGET
10841_AT2,FTCD,0.23437252228949343,0.23437252228949343,100.0,MINIMAL,2,FTCD;GluForTx,0.2814317775193228,0.2814317775193228,100.0,MINIMAL,0.0,NOT_A_TARGET
10588_AT1,MTHFS,0.23437252228949343,0.23437252228949343,100.0,MINIMAL,1,FTHFCL,0.2814317775193228,0.2814317775193228,100.0,MINIMAL,0.0,NOT_A_TARGET
2628_AT1,GATM,0.23437252228949343,0.23437252228949343,100.0,MINIMAL,1,GLYAMDTRc,0.2814317775193228,0.2814317775193228,100.0,MINIMAL,0.0,NOT_A_TARGET
9380_AT1,GRHPR,0.23437252228949343,0.23437252228949343,100.0,MINIMAL,2,GLYCLTDy;LALDD,0.2814317775193228,0.2814317775193228,100.0,MINIMAL,0.0,NOT_A_TARGET
4522_AT1,MTHFD1,0.23437252228949343,0.23437252228949343,100.0,MINIMAL,3,MTHFC;FTHFLi;MTHFD,0.2814317775193228,0.2814317775193228,100.0,MINIMAL,0.0,NOT_A_TARGET
286297_AT1,286297_AT1,0.23437252228949343,0.23437252228949343,100.0,MINIMAL,1,FTHFLi,0.2814317775193228,0.2814317775193228,100.0,MINIMAL,0.0,NOT_A_TARGET
2519_AT1,FUCA2,0.23437252228949343,0.23437252228949343,100.0,MINIMAL,2,FUCASEe;FUCASE2e,0.2814317775193228,0.2814317775193228,100.0,MINIMAL,0.0,NOT_A_TARGET
80308_AT2,FLAD1,0.23437252228949343,0.23437252228949343,100.0,MINIMAL,1,FMNAT,0.2814317775193228,0.2814317775193228,100.0,MINIMAL,0.0,NOT_A_TARGET
2713_AT1,2713_AT1,0.23437252228949343,0.23437252228949343,100.0,MINIMAL,1,GLYK,0.2814317775193228,0.2814317775193228,100.0,MINIMAL,0.0,NOT_A_TARGET
2710_AT1,GK,0.23437252228949343,0.23437252228949343,100.0,MINIMAL,1,GLYK,0.2814317775193228,0.2814317775193228,100.0,MINIMAL,0.0,NOT_A_TARGET
2712_AT1,GK2,0.23437252228949343,0.23437252228949343,100.0,MINIMAL,1,GLYK,0.2814317775193228,0.2814317775193228,100.0,MINIMAL,0.0,NOT_A_TARGET
2710_AT2,GK,0.23437252228949343,0.23437252228949343,100.0,MINIMAL,1,GLYK,0.2814317775193228,0.2814317775193228,100.0,MINIMAL,0.0,NOT_A_TARGET
84264_AT2,HAGHL,0.23437252228949343,0.23437252228949343,100.0,MINIMAL,1,GLYOX,0.2814317775193228,0.2814317775193228,100.0,MINIMAL,0.0,NOT_A_TARGET
2271_AT1,FH,0.23437252228949343,0.23437252228949343,100.0,MINIMAL,2,FUM;FUMm,0.2814317775193228,0.2814317775193228,100.0,MINIMAL,0.0,NOT_A_TARGET
2184_AT1,FAH,0.23437252228949343,0.23437252228949343,100.0,MINIMAL,1,FUMAC,0.2814317775193228,0.2814317775193228,100.0,MINIMAL,0.0,NOT_A_TARGET
1468_AT1,SLC25A10,0.23437252228949343,0.23437252228949343,100.0,MINIMAL,9,FUMtm;MALSO4tm;MALTSULtm;FUMTSULtm;SUCCtm;MALSO3tm;FUMSO4tm;FUMSO3tm;MALtm,0.2814317775193228,0.2814317775193228,100.0,MINIMAL,0.0,NOT_A_TARGET
51179_AT1,HAO2,0.23437252228949343,0.23437252228949343,100.0,MINIMAL,2,GLYCTO1p;GLXO2p,0.2814317775193228,0.2814317775193228,100.0,MINIMAL,0.0,NOT_A_TARGET
1339_AT1,COX6A2,0.23437252228949343,0.23437252228949343,100.0,MINIMAL,1,CYOOm3,0.2814317775193228,0.2814317775193228,100.0,MINIMAL,0.0,NOT_A_TARGET
2235_AT2,FECH,0.23437252228949343,0.23437252228949343,100.0,MINIMAL,1,FCLTm,0.2814317775193228,0.2814317775193228,100.0,MINIMAL,0.0,NOT_A_TARGET
226_AT1,ALDOA,0.23437252228949343,0.23437252228949343,100.0,MINIMAL,3,FBA;FBA4;FBA2,0.2814317775193228,0.2814317775193228,100.0,MINIMAL,0.0,NOT_A_TARGET
5226_AT1,PGD,0.23437252228949343,0.23437252228949343,100.0,MINIMAL,1,GND,0.2814317775193228,0.2814317775193228,100.0,MINIMAL,0.0,NOT_A_TARGET
9152_AT1,SLC6A5,0.23437252228949343,0.23437252228949343,100.0,MINIMAL,1,GLYt7_311_r,0.2814317775193228,0.2814317775193228,100.0,MINIMAL,0.0,NOT_A_TARGET
51292_AT1,GMPR2,0.23437252228949343,0.23437252228949343,100.0,MINIMAL,1,GMPR,0.2814317775193228,0.2814317775193228,100.0,MINIMAL,0.0,NOT_A_TARGET
2766_AT1,GMPR,0.23437252228949343,0.23437252228949343,100.0,MINIMAL,1,GMPR,0.2814317775193228,0.2814317775193228,100.0,MINIMAL,0.0,NOT_A_TARGET
60386_AT1,SLC25A19,0.23437252228949343,0.23437252228949343,100.0,MINIMAL,63,DNDPt59m;DNDPt16m;DNDPt42m;DNDPt43m;DNDPt24m;DNDPt40m;DNDPt62m;DNDPt41m;DNDPt48m;DNDPt3m,0.2814317775193228,0.2814317775193228,100.0,MINIMAL,0.0,NOT_A_TARGET
51292_AT3,GMPR2,0.23437252228949343,0.23437252228949343,100.0,MINIMAL,1,GMPR,0.2814317775193228,0.2814317775193228,100.0,MINIMAL,0.0,NOT_A_TARGET
2819_AT1,GPD1,0.23437252228949343,0.23437252228949343,100.0,MINIMAL,1,G3PD1ir,0.2814317775193228,0.2814317775193228,100.0,MINIMAL,0.0,NOT_A_TARGET
51292_AT2,GMPR2,0.23437252228949343,0.23437252228949343,100.0,MINIMAL,1,GMPR,0.2814317775193228,0.2814317775193228,100.0,MINIMAL,0.0,NOT_A_TARGET
2820_AT1,GPD2,0.23437252228949343,0.23437252228949343,100.0,MINIMAL,1,G3PD2m,0.2814317775193228,0.2814317775193228,100.0,MINIMAL,0.0,NOT_A_TARGET
10007_AT1,GNPDA1,0.23437252228949343,0.23437252228949343,100.0,MINIMAL,1,G6PDA,0.2814317775193228,0.2814317775193228,100.0,MINIMAL,0.0,NOT_A_TARGET
6536_AT2,SLC6A9,0.23437252228949343,0.23437252228949343,100.0,MINIMAL,1,GLYt7_211_r,0.2814317775193228,0.2814317775193228,100.0,MINIMAL,0.0,NOT_A_TARGET
27232_AT1,GNMT,0.23437252228949343,0.23437252228949343,100.0,MINIMAL,1,GNMT,0.2814317775193228,0.2814317775193228,100.0,MINIMAL,0.0,NOT_A_TARGET
132789_AT1,GNPDA2,0.23437252228949343,0.23437252228949343,100.0,MINIMAL,1,G6PDA,0.2814317775193228,0.2814317775193228,100.0,MINIMAL,0.0,NOT_A_TARGET
9563_AT1,H6PD,0.23437252228949343,0.23437252228949343,100.0,MINIMAL,3,G6PDH1er_copy2;G6PDH2er;G6PDH1er_copy1,0.2814317775193228,0.2814317775193228,100.0,MINIMAL,0.0,NOT_A_TARGET
2936_AT1,GSR,0.23437252228949343,0.23437252228949343,100.0,MINIMAL,2,GTHOr;GTHOm,0.2814317775193228,0.2814317775193228,100.0,MINIMAL,0.0,NOT_A_TARGET
2876_AT1,GPX1,0.23437252228949343,0.23437252228949343,100.0,MINIMAL,1,GTHPi,0.2814317775193228,0.2814317775193228,100.0,MINIMAL,0.0,NOT_A_TARGET
2539_AT1,G6PD,0.23437252228949343,0.23437252228949343,100.0,MINIMAL,1,G6PDH2r,0.2814317775193228,0.2814317775193228,100.0,MINIMAL,0.0,NOT_A_TARGET
2542_AT1,SLC37A4,0.23437252228949343,0.23437252228949343,100.0,MINIMAL,1,G6Pter,0.2814317775193228,0.2814317775193228,100.0,MINIMAL,0.0,NOT_A_TARGET
10935_AT2,PRDX3,0.23437252228949343,0.23437252228949343,100.0,MINIMAL,1,GTHPm,0.2814317775193228,0.2814317775193228,100.0,MINIMAL,0.0,NOT_A_TARGET
2593_AT1,GAMT,0.23437252228949343,0.23437252228949343,100.0,MINIMAL,1,GACMTRc,0.2814317775193228,0.2814317775193228,100.0,MINIMAL,0.0,NOT_A_TARGET
2593_AT2,GAMT,0.23437252228949343,0.23437252228949343,100.0,MINIMAL,1,GACMTRc,0.2814317775193228,0.2814317775193228,100.0,MINIMAL,0.0,NOT_A_TARGET
5052_AT3,PRDX1,0.23437252228949343,0.23437252228949343,100.0,MINIMAL,1,GTHPi,0.2814317775193228,0.2814317775193228,100.0,MINIMAL,0.0,NOT_A_TARGET
7001_AT3,PRDX2,0.23437252228949343,0.23437252228949343,100.0,MINIMAL,1,GTHPi,0.2814317775193228,0.2814317775193228,100.0,MINIMAL,0.0,NOT_A_TARGET
2876_AT2,GPX1,0.23437252228949343,0.23437252228949343,100.0,MINIMAL,1,GTHPi,0.2814317775193228,0.2814317775193228,100.0,MINIMAL,0.0,NOT_A_TARGET
2879_AT1,GPX4,0.23437252228949343,0.23437252228949343,100.0,MINIMAL,2,GTHPm;GTHPi,0.2814317775193228,0.2814317775193228,100.0,MINIMAL,0.0,NOT_A_TARGET
2720_AT1,GLB1,0.23437252228949343,0.23437252228949343,100.0,MINIMAL,2,SIAASEly;GALASE1ly,0.2814317775193228,0.2814317775193228,100.0,MINIMAL,0.0,NOT_A_TARGET
26002_AT1,MOXD1,0.23437252228949343,0.23437252228949343,100.0,MINIMAL,1,DOPABMO,0.2814317775193228,0.2814317775193228,100.0,MINIMAL,0.0,NOT_A_TARGET
5476_AT1,CTSA,0.23437252228949343,0.23437252228949343,100.0,MINIMAL,2,SIAASEly;GALASE1ly,0.2814317775193228,0.2814317775193228,100.0,MINIMAL,0.0,NOT_A_TARGET
5052_AT2,PRDX1,0.23437252228949343,0.23437252228949343,100.0,MINIMAL,1,GTHPi,0.2814317775193228,0.2814317775193228,100.0,MINIMAL,0.0,NOT_A_TARGET
2877_AT1,GPX2,0.23437252228949343,0.23437252228949343,100.0,MINIMAL,1,GTHPi,0.2814317775193228,0.2814317775193228,100.0,MINIMAL,0.0,NOT_A_TARGET
1621_AT1,DBH,0.23437252228949343,0.23437252228949343,100.0,MINIMAL,1,DOPABMO,0.2814317775193228,0.2814317775193228,100.0,MINIMAL,0.0,NOT_A_TARGET
10935_AT1,PRDX3,0.23437252228949343,0.23437252228949343,100.0,MINIMAL,1,GTHPm,0.2814317775193228,0.2814317775193228,100.0,MINIMAL,0.0,NOT_A_TARGET
7001_AT1,PRDX2,0.23437252228949343,0.23437252228949343,100.0,MINIMAL,1,GTHPi,0.2814317775193228,0.2814317775193228,100.0,MINIMAL,0.0,NOT_A_TARGET
4758_AT1,NEU1,0.23437252228949343,0.23437252228949343,100.0,MINIMAL,2,SIAASEly;GALASE1ly,0.2814317775193228,0.2814317775193228,100.0,MINIMAL,0.0,NOT_A_TARGET
2878_AT1,GPX3,0.23437252228949343,0.23437252228949343,100.0,MINIMAL,1,GTHPe,0.2814317775193228,0.2814317775193228,100.0,MINIMAL,0.0,NOT_A_TARGET
6530_AT1,SLC6A2,0.23437252228949343,0.23437252228949343,100.0,MINIMAL,2,DOPAt4_2_r;NRPPHRt4_2_r,0.2814317775193228,0.2814317775193228,100.0,MINIMAL,0.0,NOT_A_TARGET
6531_AT1,SLC6A3,0.23437252228949343,0.23437252228949343,100.0,MINIMAL,2,DOPAt4_2_r;NRPPHRt4_2_r,0.2814317775193228,0.2814317775193228,100.0,MINIMAL,0.0,NOT_A_TARGET
257202_AT1,GPX6,0.23437252228949343,0.23437252228949343,100.0,MINIMAL,1,GTHPe,0.2814317775193228,0.2814317775193228,100.0,MINIMAL,0.0,NOT_A_TARGET
2588_AT1,GALNS,0.23437252228949343,0.23437252228949343,100.0,MINIMAL,2,SIAASEly;GALASE1ly,0.2814317775193228,0.2814317775193228,100.0,MINIMAL,0.0,NOT_A_TARGET
6581_AT1,SLC22A3,0.23437252228949343,0.23437252228949343,100.0,MINIMAL,3,HISTAtu;DOPAtu;NRPPHRtu,0.2814317775193228,0.2814317775193228,100.0,MINIMAL,0.0,NOT_A_TARGET
80347_AT1,COASY,0.23437252228949343,0.23437252228949343,100.0,MINIMAL,2,DPCOAK;PTPATi,0.2814317775193228,0.2814317775193228,100.0,MINIMAL,0.0,NOT_A_TARGET
2983_AT1,GUCY1B3,0.23437252228949343,0.23437252228949343,100.0,MINIMAL,1,GUACYC,0.2814317775193228,0.2814317775193228,100.0,MINIMAL,0.0,NOT_A_TARGET
84264_AT1,HAGHL,0.23437252228949343,0.23437252228949343,100.0,MINIMAL,1,GLYOX,0.2814317775193228,0.2814317775193228,100.0,MINIMAL,0.0,NOT_A_TARGET
64080_AT1,RBKS,0.23437252228949343,0.23437252228949343,100.0,MINIMAL,2,RBK;DRBK,0.2814317775193228,0.2814317775193228,100.0,MINIMAL,0.0,NOT_A_TARGET
2585_AT2,GALK2,0.23437252228949343,0.23437252228949343,100.0,MINIMAL,1,GALKr,0.2814317775193228,0.2814317775193228,100.0,MINIMAL,0.0,NOT_A_TARGET
669_AT2,BPGM,0.23437252228949343,0.23437252228949343,100.0,MINIMAL,3,PGM;DPGase;DPGM,0.2814317775193228,0.2814317775193228,100.0,MINIMAL,0.0,NOT_A_TARGET
2937_AT1,GSS,0.23437252228949343,0.23437252228949343,100.0,MINIMAL,1,GTHS,0.2814317775193228,0.2814317775193228,100.0,MINIMAL,0.0,NOT_A_TARGET
5223_AT1,PGAM1,0.23437252228949343,0.23437252228949343,100.0,MINIMAL,3,PGM;DPGase;DPGM,0.2814317775193228,0.2814317775193228,100.0,MINIMAL,0.0,NOT_A_TARGET
2585_AT1,GALK2,0.23437252228949343,0.23437252228949343,100.0,MINIMAL,1,GALKr,0.2814317775193228,0.2814317775193228,100.0,MINIMAL,0.0,NOT_A_TARGET
669_AT1,BPGM,0.23437252228949343,0.23437252228949343,100.0,MINIMAL,3,PGM;DPGase;DPGM,0.2814317775193228,0.2814317775193228,100.0,MINIMAL,0.0,NOT_A_TARGET
5224_AT1,PGAM2,0.23437252228949343,0.23437252228949343,100.0,MINIMAL,3,PGM;DPGase;DPGM,0.2814317775193228,0.2814317775193228,100.0,MINIMAL,0.0,NOT_A_TARGET
5224_AT2,PGAM2,0.23437252228949343,0.23437252228949343,100.0,MINIMAL,3,PGM;DPGase;DPGM,0.2814317775193228,0.2814317775193228,100.0,MINIMAL,0.0,NOT_A_TARGET
1841_AT1,DTYMK,0.23437252228949343,0.23437252228949343,100.0,MINIMAL,3,DTMPK;NDP8;URIDK2m,0.2814317775193228,0.2814317775193228,100.0,MINIMAL,0.0,NOT_A_TARGET
3000_AT1,GUCY2D,0.23437252228949343,0.23437252228949343,100.0,MINIMAL,1,GUACYC,0.2814317775193228,0.2814317775193228,100.0,MINIMAL,0.0,NOT_A_TARGET
1806_AT1,DPYD,0.23437252228949343,0.23437252228949343,100.0,MINIMAL,2,DURAD;DURAD2,0.2814317775193228,0.2814317775193228,100.0,MINIMAL,0.0,NOT_A_TARGET
7084_AT1,TK2,0.23437252228949343,0.23437252228949343,100.0,MINIMAL,4,DURIK1m;DURIK1;TMDK1m;TMDK1,0.2814317775193228,0.2814317775193228,100.0,MINIMAL,0.0,NOT_A_TARGET
7083_AT1,TK1,0.23437252228949343,0.23437252228949343,100.0,MINIMAL,2,DURIK1;TMDK1,0.2814317775193228,0.2814317775193228,100.0,MINIMAL,0.0,NOT_A_TARGET
4860_AT1,PNP,0.23437252228949343,0.23437252228949343,100.0,MINIMAL,10,PUNP7;PNP;PUNP6;PUNP4;PUNP1;PUNP3;PUNP5;PUNP2;DURIPP;NP1,0.2814317775193228,0.2814317775193228,100.0,MINIMAL,0.0,NOT_A_TARGET
151531_AT1,UPP2,0.23437252228949343,0.23437252228949343,100.0,MINIMAL,2,DURIPP;PYNP2r,0.2814317775193228,0.2814317775193228,100.0,MINIMAL,0.0,NOT_A_TARGET
2678_AT3,GGT1,0.23437252228949343,0.23437252228949343,100.0,MINIMAL,1,GTMLTe,0.2814317775193228,0.2814317775193228,100.0,MINIMAL,0.0,NOT_A_TARGET
1854_AT1,DUT,0.23437252228949343,0.23437252228949343,100.0,MINIMAL,2,DUTPDPn;DUTPDPm,0.2814317775193228,0.2814317775193228,100.0,MINIMAL,0.0,NOT_A_TARGET
6536_AT1,SLC6A9,0.23437252228949343,0.23437252228949343,100.0,MINIMAL,1,GLYt7_211_r,0.2814317775193228,0.2814317775193228,100.0,MINIMAL,0.0,NOT_A_TARGET
2678_AT2,GGT1,0.23437252228949343,0.23437252228949343,100.0,MINIMAL,1,GTMLTe,0.2814317775193228,0.2814317775193228,100.0,MINIMAL,0.0,NOT_A_TARGET
23539_AT1,SLC16A8,0.23437252228949343,0.23437252228949343,100.0,MINIMAL,2,D_LACt2;L_LACt2r,0.2814317775193228,0.2814317775193228,100.0,MINIMAL,0.0,NOT_A_TARGET
2678_AT1,GGT1,0.23437252228949343,0.23437252228949343,100.0,MINIMAL,1,GTMLTe,0.2814317775193228,0.2814317775193228,100.0,MINIMAL,0.0,NOT_A_TARGET
2679_AT1,2679_AT1,0.23437252228949343,0.23437252228949343,100.0,MINIMAL,1,GTMLTe,0.2814317775193228,0.2814317775193228,100.0,MINIMAL,0.0,NOT_A_TARGET
1892_AT1,ECHS1,0.23437252228949343,0.23437252228949343,100.0,MINIMAL,3,ECOAH9m;ECOAH12m;ECOAH1m,0.2814317775193228,0.2814317775193228,100.0,MINIMAL,0.0,NOT_A_TARGET
2982_AT1,GUCY1A3,0.23437252228949343,0.23437252228949343,100.0,MINIMAL,1,GUACYC,0.2814317775193228,0.2814317775193228,100.0,MINIMAL,0.0,NOT_A_TARGET
2974_AT1,2974_AT1,0.23437252228949343,0.23437252228949343,100.0,MINIMAL,1,GUACYC,0.2814317775193228,0.2814317775193228,100.0,MINIMAL,0.0,NOT_A_TARGET
2986_AT1,GUCY2F,0.23437252228949343,0.23437252228949343,100.0,MINIMAL,1,GUACYC,0.2814317775193228,0.2814317775193228,100.0,MINIMAL,0.0,NOT_A_TARGET
2026_AT1,ENO2,0.23437252228949343,0.23437252228949343,100.0,MINIMAL,1,ENO,0.2814317775193228,0.2814317775193228,100.0,MINIMAL,0.0,NOT_A_TARGET
4881_AT1,NPR1,0.23437252228949343,0.23437252228949343,100.0,MINIMAL,1,GUACYC,0.2814317775193228,0.2814317775193228,100.0,MINIMAL,0.0,NOT_A_TARGET
2027_AT2,ENO3,0.23437252228949343,0.23437252228949343,100.0,MINIMAL,1,ENO,0.2814317775193228,0.2814317775193228,100.0,MINIMAL,0.0,NOT_A_TARGET
2023_AT1,ENO1,0.23437252228949343,0.23437252228949343,100.0,MINIMAL,1,ENO,0.2814317775193228,0.2814317775193228,100.0,MINIMAL,0.0,NOT_A_TARGET
2584_AT1,GALK1,0.23437252228949343,0.23437252228949343,100.0,MINIMAL,1,GALKr,0.2814317775193228,0.2814317775193228,100.0,MINIMAL,0.0,NOT_A_TARGET
9583_AT1,G_9583_AT1,0.23437252228949343,0.23437252228949343,100.0,MINIMAL,1,NDP7er,0.2814317775193228,0.2814317775193228,100.0,MINIMAL,0.0,NOT_A_TARGET
4882_AT1,NPR2,0.23437252228949343,0.23437252228949343,100.0,MINIMAL,1,GUACYC,0.2814317775193228,0.2814317775193228,100.0,MINIMAL,0.0,NOT_A_TARGET
26237_AT1,26237_AT1,0.23437252228949343,0.23437252228949343,100.0,MINIMAL,1,ENO,0.2814317775193228,0.2814317775193228,100.0,MINIMAL,0.0,NOT_A_TARGET
2977_AT1,GUCY1A2,0.23437252228949343,0.23437252228949343,100.0,MINIMAL,1,GUACYC,0.2814317775193228,0.2814317775193228,100.0,MINIMAL,0.0,NOT_A_TARGET
2027_AT1,ENO3,0.23437252228949343,0.23437252228949343,100.0,MINIMAL,1,ENO,0.2814317775193228,0.2814317775193228,100.0,MINIMAL,0.0,NOT_A_TARGET
4882_AT2,NPR2,0.23437252228949343,0.23437252228949343,100.0,MINIMAL,1,GUACYC,0.2814317775193228,0.2814317775193228,100.0,MINIMAL,0.0,NOT_A_TARGET
5833_AT1,PCYT2,0.23437252228949343,0.23437252228949343,100.0,MINIMAL,1,PETHCT,0.2814317775193228,0.2814317775193228,100.0,MINIMAL,0.0,NOT_A_TARGET
9615_AT1,GDA,0.23437252228949343,0.23437252228949343,100.0,MINIMAL,1,GUAD,0.2814317775193228,0.2814317775193228,100.0,MINIMAL,0.0,NOT_A_TARGET
5050_AT1,PAFAH1B3,0.23437252228949343,0.23437252228949343,100.0,MINIMAL,1,PAFH,0.2814317775193228,0.2814317775193228,100.0,MINIMAL,0.0,NOT_A_TARGET
2984_AT1,GUCY2C,0.23437252228949343,0.23437252228949343,100.0,MINIMAL,1,GUACYC,0.2814317775193228,0.2814317775193228,100.0,MINIMAL,0.0,NOT_A_TARGET
3156_AT1,HMGCR,0.0,0.23437252228949343,0.0,LETHAL,1,HMGCOARx,0.0,0.2814317775193228,0.0,LETHAL,0.0,CRITICAL_VIRAL_TARGET
7360_AT1,UGP2,0.23437252228949343,0.23437252228949343,100.0,MINIMAL,1,GALUi,0.2814317775193228,0.2814317775193228,100.0,MINIMAL,0.0,NOT_A_TARGET
768_AT1,CA9,0.23437252228949343,0.23437252228949343,100.0,MINIMAL,1,H2CO3D,0.2814317775193228,0.2814317775193228,100.0,MINIMAL,0.0,NOT_A_TARGET
55224_AT1,ETNK2,0.23437252228949343,0.23437252228949343,100.0,MINIMAL,1,ETHAK,0.2814317775193228,0.2814317775193228,100.0,MINIMAL,0.0,NOT_A_TARGET
762_AT1,CA4,0.23437252228949343,0.23437252228949343,100.0,MINIMAL,1,H2CO3D,0.2814317775193228,0.2814317775193228,100.0,MINIMAL,0.0,NOT_A_TARGET
55500_AT1,ETNK1,0.23437252228949343,0.23437252228949343,100.0,MINIMAL,1,ETHAK,0.2814317775193228,0.2814317775193228,100.0,MINIMAL,0.0,NOT_A_TARGET
766_AT2,CA7,0.23437252228949343,0.23437252228949343,100.0,MINIMAL,1,H2CO3D,0.2814317775193228,0.2814317775193228,100.0,MINIMAL,0.0,NOT_A_TARGET
761_AT1,CA3,0.23437252228949343,0.23437252228949343,100.0,MINIMAL,1,H2CO3D,0.2814317775193228,0.2814317775193228,100.0,MINIMAL,0.0,NOT_A_TARGET
377677_AT1,CA13,0.23437252228949343,0.23437252228949343,100.0,MINIMAL,1,H2CO3D,0.2814317775193228,0.2814317775193228,100.0,MINIMAL,0.0,NOT_A_TARGET
771_AT2,CA12,0.23437252228949343,0.23437252228949343,100.0,MINIMAL,1,H2CO3D,0.2814317775193228,0.2814317775193228,100.0,MINIMAL,0.0,NOT_A_TARGET
53905_AT1,DUOX1,0.23437252228949343,0.23437252228949343,100.0,MINIMAL,1,H2O2syn,0.2814317775193228,0.2814317775193228,100.0,MINIMAL,0.0,NOT_A_TARGET
3795_AT2,KHK,0.23437252228949343,0.23437252228949343,100.0,MINIMAL,2,KHK2;KHK,0.2814317775193228,0.2814317775193228,100.0,MINIMAL,0.0,NOT_A_TARGET
50506_AT1,DUOX2,0.23437252228949343,0.23437252228949343,100.0,MINIMAL,1,H2O2syn,0.2814317775193228,0.2814317775193228,100.0,MINIMAL,0.0,NOT_A_TARGET
6470_AT2,SHMT1,0.23437252228949343,0.23437252228949343,100.0,MINIMAL,1,GHMT2r,0.2814317775193228,0.2814317775193228,100.0,MINIMAL,0.0,NOT_A_TARGET
9990_AT1,SLC12A6,0.23437252228949343,0.23437252228949343,100.0,MINIMAL,2,KCCt;KCC2t,0.2814317775193228,0.2814317775193228,100.0,MINIMAL,0.0,NOT_A_TARGET
2673_AT1,GFPT1,0.23437252228949343,0.23437252228949343,100.0,MINIMAL,1,GF6PTA,0.2814317775193228,0.2814317775193228,100.0,MINIMAL,0.0,NOT_A_TARGET
57468_AT1,SLC12A5,0.23437252228949343,0.23437252228949343,100.0,MINIMAL,1,KCCt,0.2814317775193228,0.2814317775193228,100.0,MINIMAL,0.0,NOT_A_TARGET
9945_AT1,GFPT2,0.23437252228949343,0.23437252228949343,100.0,MINIMAL,1,GF6PTA,0.2814317775193228,0.2814317775193228,100.0,MINIMAL,0.0,NOT_A_TARGET
8836_AT1,GGH,0.23437252228949343,0.23437252228949343,100.0,MINIMAL,18,GGH_6THFe;GGH_5DHFl;GGH_10FTHF7GLUl;GGH_6DHFl;GGH_10FTHF6GLUe;GGH_10FTHF5GLUe;GGH_10FTHF5GLUl;GGH_10FTHF6GLUl;GGH_5THFl;GGH_6THFl,0.2814317775193228,0.2814317775193228,100.0,MINIMAL,0.0,NOT_A_TARGET
3033_AT1,HADH,0.23437252228949343,0.23437252228949343,100.0,MINIMAL,1,HACD1m,0.2814317775193228,0.2814317775193228,100.0,MINIMAL,0.0,NOT_A_TARGET
2110_AT1,ETFDH,0.23437252228949343,0.23437252228949343,100.0,MINIMAL,1,ETFQO,0.2814317775193228,0.2814317775193228,100.0,MINIMAL,0.0,NOT_A_TARGET
760_AT1,CA2,0.23437252228949343,0.23437252228949343,100.0,MINIMAL,1,H2CO3D,0.2814317775193228,0.2814317775193228,100.0,MINIMAL,0.0,NOT_A_TARGET
2592_AT2,GALT,0.23437252228949343,0.23437252228949343,100.0,MINIMAL,2,GALT;UGLT,0.2814317775193228,0.2814317775193228,100.0,MINIMAL,0.0,NOT_A_TARGET
2109_AT1,ETFB,0.23437252228949343,0.23437252228949343,100.0,MINIMAL,1,ETF,0.2814317775193228,0.2814317775193228,100.0,MINIMAL,0.0,NOT_A_TARGET
2181_AT2,ACSL3,0.23437252228949343,0.23437252228949343,100.0,MINIMAL,7,FACOAL80;FACOAL181;FACOAL160;FACOAL170;FACOAL180;FACOAL204_copy2;FACOAL150,0.2814317775193228,0.2814317775193228,100.0,MINIMAL,0.0,NOT_A_TARGET
22305_AT1,22305_AT1,0.23437252228949343,0.23437252228949343,100.0,MINIMAL,5,FACOAL160;FACOAL170;FACOAL180;FACOAL204_copy2;FACOAL150,0.2814317775193228,0.2814317775193228,100.0,MINIMAL,0.0,NOT_A_TARGET
26330_AT1,GAPDHS,0.23437252228949343,0.23437252228949343,100.0,MINIMAL,1,GAPD,0.2814317775193228,0.2814317775193228,100.0,MINIMAL,0.0,NOT_A_TARGET
2182_AT1,ACSL4,0.23437252228949343,0.23437252228949343,100.0,MINIMAL,3,FACOAL170;FACOAL204_copy2;FACOAL150,0.2814317775193228,0.2814317775193228,100.0,MINIMAL,0.0,NOT_A_TARGET
2618_AT2,GART,0.23437252228949343,0.23437252228949343,100.0,MINIMAL,3,PRAGSr;GARFT;PRAIS,0.2814317775193228,0.2814317775193228,100.0,MINIMAL,0.0,NOT_A_TARGET
51703_AT1,ACSL5,0.23437252228949343,0.23437252228949343,100.0,MINIMAL,2,FACOAL160;FACOAL180,0.2814317775193228,0.2814317775193228,100.0,MINIMAL,0.0,NOT_A_TARGET
2618_AT1,GART,0.23437252228949343,0.23437252228949343,100.0,MINIMAL,3,PRAGSr;GARFT;PRAIS,0.2814317775193228,0.2814317775193228,100.0,MINIMAL,0.0,NOT_A_TARGET
175_AT1,AGA,0.23437252228949343,0.23437252228949343,100.0,MINIMAL,2,GASNASEly;GASNASE2ly,0.2814317775193228,0.2814317775193228,100.0,MINIMAL,0.0,NOT_A_TARGET
53905_AT2,DUOX1,0.23437252228949343,0.23437252228949343,100.0,MINIMAL,1,H2O2syn,0.2814317775193228,0.2814317775193228,100.0,MINIMAL,0.0,NOT_A_TARGET
766_AT1,CA7,0.23437252228949343,0.23437252228949343,100.0,MINIMAL,1,H2CO3D,0.2814317775193228,0.2814317775193228,100.0,MINIMAL,0.0,NOT_A_TARGET
7360_AT2,UGP2,0.23437252228949343,0.23437252228949343,100.0,MINIMAL,1,GALUi,0.2814317775193228,0.2814317775193228,100.0,MINIMAL,0.0,NOT_A_TARGET
2182_AT2,ACSL4,0.23437252228949343,0.23437252228949343,100.0,MINIMAL,1,FACOAL204_copy2,0.2814317775193228,0.2814317775193228,100.0,MINIMAL,0.0,NOT_A_TARGET
7359_AT1,7359_AT1,0.23437252228949343,0.23437252228949343,100.0,MINIMAL,1,GALUi,0.2814317775193228,0.2814317775193228,100.0,MINIMAL,0.0,NOT_A_TARGET
2109_AT2,ETFB,0.23437252228949343,0.23437252228949343,100.0,MINIMAL,1,ETF,0.2814317775193228,0.2814317775193228,100.0,MINIMAL,0.0,NOT_A_TARGET
2592_AT1,GALT,0.23437252228949343,0.23437252228949343,100.0,MINIMAL,2,GALT;UGLT,0.2814317775193228,0.2814317775193228,100.0,MINIMAL,0.0,NOT_A_TARGET
2108_AT1,ETFA,0.23437252228949343,0.23437252228949343,100.0,MINIMAL,1,ETF,0.2814317775193228,0.2814317775193228,100.0,MINIMAL,0.0,NOT_A_TARGET
2592_AT3,GALT,0.23437252228949343,0.23437252228949343,100.0,MINIMAL,2,GALT;UGLT,0.2814317775193228,0.2814317775193228,100.0,MINIMAL,0.0,NOT_A_TARGET
3795_AT1,KHK,0.23437252228949343,0.23437252228949343,100.0,MINIMAL,2,KHK2;KHK,0.2814317775193228,0.2814317775193228,100.0,MINIMAL,0.0,NOT_A_TARGET
2655_AT1,2655_AT1,0.23437252228949343,0.23437252228949343,100.0,MINIMAL,1,GGLUCT,0.2814317775193228,0.2814317775193228,100.0,MINIMAL,0.0,NOT_A_TARGET
2597_AT1,GAPDH,0.23437252228949343,0.23437252228949343,100.0,MINIMAL,1,GAPD,0.2814317775193228,0.2814317775193228,100.0,MINIMAL,0.0,NOT_A_TARGET
3290_AT1,HSD11B1,0.23437252228949343,0.23437252228949343,100.0,MINIMAL,1,HSD11B1r,0.2814317775193228,0.2814317775193228,100.0,MINIMAL,0.0,NOT_A_TARGET
7915_AT2,ALDH5A1,0.23437252228949343,0.23437252228949343,100.0,MINIMAL,1,SSALxm,0.2814317775193228,0.2814317775193228,100.0,MINIMAL,0.0,NOT_A_TARGET
7915_AT1,ALDH5A1,0.23437252228949343,0.23437252228949343,100.0,MINIMAL,1,SSALxm,0.2814317775193228,0.2814317775193228,100.0,MINIMAL,0.0,NOT_A_TARGET
10999_AT1,SLC27A4,0.23437252228949343,0.23437252228949343,100.0,MINIMAL,1,FATP1t,0.2814317775193228,0.2814317775193228,100.0,MINIMAL,0.0,NOT_A_TARGET
11000_AT1,SLC27A3,0.23437252228949343,0.23437252228949343,100.0,MINIMAL,1,FATP1t,0.2814317775193228,0.2814317775193228,100.0,MINIMAL,0.0,NOT_A_TARGET
160728_AT1,SLC5A8,0.23437252228949343,0.23437252228949343,100.0,MINIMAL,2,It;L_LACt4r,0.2814317775193228,0.2814317775193228,100.0,MINIMAL,0.0,NOT_A_TARGET
4329_AT1,ALDH6A1,0.23437252228949343,0.23437252228949343,100.0,MINIMAL,2,MMSAD1m;MMSAD3m,0.2814317775193228,0.2814317775193228,100.0,MINIMAL,0.0,NOT_A_TARGET
2653_AT1,GCSH,0.23437252228949343,0.23437252228949343,100.0,MINIMAL,6,GCC2cm;GCCam;GCCbim;GCC2bim;GCCcm;GCC2am,0.2814317775193228,0.2814317775193228,100.0,MINIMAL,0.0,NOT_A_TARGET
2731_AT1,GLDC,0.23437252228949343,0.23437252228949343,100.0,MINIMAL,6,GCC2cm;GCCam;GCCbim;GCC2bim;GCCcm;GCC2am,0.2814317775193228,0.2814317775193228,100.0,MINIMAL,0.0,NOT_A_TARGET
2954_AT2,GSTZ1,0.23437252228949343,0.23437252228949343,100.0,MINIMAL,1,MACACI,0.2814317775193228,0.2814317775193228,100.0,MINIMAL,0.0,NOT_A_TARGET
8564_AT1,KMO,0.23437252228949343,0.23437252228949343,100.0,MINIMAL,1,KYN3OX,0.2814317775193228,0.2814317775193228,100.0,MINIMAL,0.0,NOT_A_TARGET
2729_AT1,GCLC,0.23437252228949343,0.23437252228949343,100.0,MINIMAL,1,GLUCYS,0.2814317775193228,0.2814317775193228,100.0,MINIMAL,0.0,NOT_A_TARGET
3613_AT1,IMPA2,0.23437252228949343,0.23437252228949343,100.0,MINIMAL,3,MI4PP;MI1PP;MI3PP,0.2814317775193228,0.2814317775193228,100.0,MINIMAL,0.0,NOT_A_TARGET
4830_AT1,NME1,0.23437252228949343,0.23437252228949343,100.0,MINIMAL,19,NDPK8;NDPK2n;NDPK4;NDPK3;NDPK7;NDPK9;NDPK6n;NDPK1;NDPK10;NDPK3n,0.2814317775193228,0.2814317775193228,100.0,MINIMAL,0.0,NOT_A_TARGET
80271_AT1,ITPKC,0.23437252228949343,0.23437252228949343,100.0,MINIMAL,1,MI145PK,0.2814317775193228,0.2814317775193228,100.0,MINIMAL,0.0,NOT_A_TARGET
4830_AT2,NME1,0.23437252228949343,0.23437252228949343,100.0,MINIMAL,19,NDPK8;NDPK2n;NDPK4;NDPK3;NDPK7;NDPK9;NDPK6n;NDPK1;NDPK10;NDPK3n,0.2814317775193228,0.2814317775193228,100.0,MINIMAL,0.0,NOT_A_TARGET
3706_AT1,ITPKA,0.23437252228949343,0.23437252228949343,100.0,MINIMAL,1,MI145PK,0.2814317775193228,0.2814317775193228,100.0,MINIMAL,0.0,NOT_A_TARGET
115584_AT1,SLC5A11,0.23437252228949343,0.23437252228949343,100.0,MINIMAL,1,INSTt4_2,0.2814317775193228,0.2814317775193228,100.0,MINIMAL,0.0,NOT_A_TARGET
3612_AT1,IMPA1,0.23437252228949343,0.23437252228949343,100.0,MINIMAL,3,MI4PP;MI1PP;MI3PP,0.2814317775193228,0.2814317775193228,100.0,MINIMAL,0.0,NOT_A_TARGET
376497_AT2,SLC27A1,0.23437252228949343,0.23437252228949343,100.0,MINIMAL,3,FATP1t;FATP2t;FATP3t,0.2814317775193228,0.2814317775193228,100.0,MINIMAL,0.0,NOT_A_TARGET
376497_AT1,SLC27A1,0.23437252228949343,0.23437252228949343,100.0,MINIMAL,3,FATP1t;FATP2t;FATP3t,0.2814317775193228,0.2814317775193228,100.0,MINIMAL,0.0,NOT_A_TARGET
2629_AT2,GBA,0.23437252228949343,0.23437252228949343,100.0,MINIMAL,1,GBA,0.2814317775193228,0.2814317775193228,100.0,MINIMAL,0.0,NOT_A_TARGET
343_AT1,AQP8,0.23437252228949343,0.23437252228949343,100.0,MINIMAL,1,H2Otm,0.2814317775193228,0.2814317775193228,100.0,MINIMAL,0.0,NOT_A_TARGET
2992_AT1,GYG1,0.23437252228949343,0.23437252228949343,100.0,MINIMAL,2,GLGNS1;GGNG,0.2814317775193228,0.2814317775193228,100.0,MINIMAL,0.0,NOT_A_TARGET
8908_AT1,GYG2,0.23437252228949343,0.23437252228949343,100.0,MINIMAL,2,GLGNS1;GGNG,0.2814317775193228,0.2814317775193228,100.0,MINIMAL,0.0,NOT_A_TARGET
3938_AT1,LCT,0.23437252228949343,0.23437252228949343,100.0,MINIMAL,1,LACZe,0.2814317775193228,0.2814317775193228,100.0,MINIMAL,0.0,NOT_A_TARGET
2998_AT1,GYS2,0.23437252228949343,0.23437252228949343,100.0,MINIMAL,2,GLGNS1;GGNG,0.2814317775193228,0.2814317775193228,100.0,MINIMAL,0.0,NOT_A_TARGET
3931_AT1,LCAT,0.23437252228949343,0.23437252228949343,100.0,MINIMAL,1,LCAT1e,0.2814317775193228,0.2814317775193228,100.0,MINIMAL,0.0,NOT_A_TARGET
2997_AT1,GYS1,0.23437252228949343,0.23437252228949343,100.0,MINIMAL,2,GLGNS1;GGNG,0.2814317775193228,0.2814317775193228,100.0,MINIMAL,0.0,NOT_A_TARGET
2739_AT1,GLO1,0.23437252228949343,0.23437252228949343,100.0,MINIMAL,1,LGTHL,0.2814317775193228,0.2814317775193228,100.0,MINIMAL,0.0,NOT_A_TARGET
2687_AT1,GGT5,0.23437252228949343,0.23437252228949343,100.0,MINIMAL,1,GGT5r,0.2814317775193228,0.2814317775193228,100.0,MINIMAL,0.0,NOT_A_TARGET
6560_AT1,SLC12A4,0.23437252228949343,0.23437252228949343,100.0,MINIMAL,2,KCCt;KCC2t,0.2814317775193228,0.2814317775193228,100.0,MINIMAL,0.0,NOT_A_TARGET
10723_AT1,SLC12A7,0.23437252228949343,0.23437252228949343,100.0,MINIMAL,2,KCCt;KCC2t,0.2814317775193228,0.2814317775193228,100.0,MINIMAL,0.0,NOT_A_TARGET
116285_AT1,ACSM1,0.23437252228949343,0.23437252228949343,100.0,MINIMAL,1,FACOAL40im,0.2814317775193228,0.2814317775193228,100.0,MINIMAL,0.0,NOT_A_TARGET
275_AT1,AMT,0.23437252228949343,0.23437252228949343,100.0,MINIMAL,6,GCC2cm;GCCam;GCCbim;GCC2bim;GCCcm;GCC2am,0.2814317775193228,0.2814317775193228,100.0,MINIMAL,0.0,NOT_A_TARGET
2629_AT4,GBA,0.23437252228949343,0.23437252228949343,100.0,MINIMAL,1,GBA,0.2814317775193228,0.2814317775193228,100.0,MINIMAL,0.0,NOT_A_TARGET
2629_AT5,GBA,0.23437252228949343,0.23437252228949343,100.0,MINIMAL,1,GBA,0.2814317775193228,0.2814317775193228,100.0,MINIMAL,0.0,NOT_A_TARGET
2629_AT1,GBA,0.23437252228949343,0.23437252228949343,100.0,MINIMAL,1,GBA,0.2814317775193228,0.2814317775193228,100.0,MINIMAL,0.0,NOT_A_TARGET
6785_AT1,ELOVL4,0.23437252228949343,0.23437252228949343,100.0,MINIMAL,4,FAEL183;FAEL204;FAEL184;FAEL205,0.2814317775193228,0.2814317775193228,100.0,MINIMAL,0.0,NOT_A_TARGET
2629_AT3,GBA,0.23437252228949343,0.23437252228949343,100.0,MINIMAL,1,GBA,0.2814317775193228,0.2814317775193228,100.0,MINIMAL,0.0,NOT_A_TARGET
763_AT1,CA5A,0.23437252228949343,0.23437252228949343,100.0,MINIMAL,1,H2CO3Dm,0.2814317775193228,0.2814317775193228,100.0,MINIMAL,0.0,NOT_A_TARGET
22305_AT2,22305_AT2,0.23437252228949343,0.23437252228949343,100.0,MINIMAL,5,FACOAL160;FACOAL170;FACOAL180;FACOAL204_copy2;FACOAL150,0.2814317775193228,0.2814317775193228,100.0,MINIMAL,0.0,NOT_A_TARGET
3099_AT1,HK2,0.23437252228949343,0.23437252228949343,100.0,MINIMAL,4,HEX1;HEX10;HEX7;HEX4,0.2814317775193228,0.2814317775193228,100.0,MINIMAL,0.0,NOT_A_TARGET
11343_AT1,MGLL,0.23437252228949343,0.23437252228949343,100.0,MINIMAL,1,LPS3,0.2814317775193228,0.2814317775193228,100.0,MINIMAL,0.0,NOT_A_TARGET
1178_AT1,CLC,0.23437252228949343,0.23437252228949343,100.0,MINIMAL,1,LPASE,0.2814317775193228,0.2814317775193228,100.0,MINIMAL,0.0,NOT_A_TARGET
2990_AT1,GUSB,0.23437252228949343,0.23437252228949343,100.0,MINIMAL,2,GLCAASE9ly;GLCAASE8ly,0.2814317775193228,0.2814317775193228,100.0,MINIMAL,0.0,NOT_A_TARGET
83697_AT1,SLC4A9,0.23437252228949343,0.23437252228949343,100.0,MINIMAL,1,HCO3_CLt,0.2814317775193228,0.2814317775193228,100.0,MINIMAL,0.0,NOT_A_TARGET
51268_AT1,PIPOX,0.23437252228949343,0.23437252228949343,100.0,MINIMAL,1,LPCOXp,0.2814317775193228,0.2814317775193228,100.0,MINIMAL,0.0,NOT_A_TARGET
4023_AT1,LPL,0.23437252228949343,0.23437252228949343,100.0,MINIMAL,1,LPS2,0.2814317775193228,0.2814317775193228,100.0,MINIMAL,0.0,NOT_A_TARGET
6521_AT1,SLC4A1,0.23437252228949343,0.23437252228949343,100.0,MINIMAL,1,HCO3_CLt,0.2814317775193228,0.2814317775193228,100.0,MINIMAL,0.0,NOT_A_TARGET
3990_AT1,LIPC,0.23437252228949343,0.23437252228949343,100.0,MINIMAL,1,LPSe,0.2814317775193228,0.2814317775193228,100.0,MINIMAL,0.0,NOT_A_TARGET
11343_AT2,MGLL,0.23437252228949343,0.23437252228949343,100.0,MINIMAL,1,LPS3,0.2814317775193228,0.2814317775193228,100.0,MINIMAL,0.0,NOT_A_TARGET
6508_AT1,SLC4A3,0.23437252228949343,0.23437252228949343,100.0,MINIMAL,1,HCO3_CLt,0.2814317775193228,0.2814317775193228,100.0,MINIMAL,0.0,NOT_A_TARGET
178_AT3,AGL,0.23437252228949343,0.23437252228949343,100.0,MINIMAL,1,GLDBRAN,0.2814317775193228,0.2814317775193228,100.0,MINIMAL,0.0,NOT_A_TARGET
50487_AT1,PLA2G3,0.23437252228949343,0.23437252228949343,100.0,MINIMAL,1,LPS4e,0.2814317775193228,0.2814317775193228,100.0,MINIMAL,0.0,NOT_A_TARGET
4258_AT1,MGST2,0.23437252228949343,0.23437252228949343,100.0,MINIMAL,1,LTC4Sr,0.2814317775193228,0.2814317775193228,100.0,MINIMAL,0.0,NOT_A_TARGET
3081_AT1,HGD,0.23437252228949343,0.23437252228949343,100.0,MINIMAL,1,HGNTOR,0.2814317775193228,0.2814317775193228,100.0,MINIMAL,0.0,NOT_A_TARGET
11112_AT1,HIBADH,0.23437252228949343,0.23437252228949343,100.0,MINIMAL,1,HIBDm,0.2814317775193228,0.2814317775193228,100.0,MINIMAL,0.0,NOT_A_TARGET
178_AT1,AGL,0.23437252228949343,0.23437252228949343,100.0,MINIMAL,1,GLDBRAN,0.2814317775193228,0.2814317775193228,100.0,MINIMAL,0.0,NOT_A_TARGET
3157_AT2,HMGCS1,0.23437252228949343,0.23437252228949343,100.0,MINIMAL,1,HMGCOAS,0.2814317775193228,0.2814317775193228,100.0,MINIMAL,0.0,NOT_A_TARGET
3158_AT1,HMGCS2,0.23437252228949343,0.23437252228949343,100.0,MINIMAL,1,HMGCOASm,0.2814317775193228,0.2814317775193228,100.0,MINIMAL,0.0,NOT_A_TARGET
3155_AT1,HMGCL,0.23437252228949343,0.23437252228949343,100.0,MINIMAL,2,HMGLx;HMGLm,0.2814317775193228,0.2814317775193228,100.0,MINIMAL,0.0,NOT_A_TARGET
2632_AT1,GBE1,0.23437252228949343,0.23437252228949343,100.0,MINIMAL,1,GLBRAN,0.2814317775193228,0.2814317775193228,100.0,MINIMAL,0.0,NOT_A_TARGET
3037_AT1,HAS2,0.23437252228949343,0.23437252228949343,100.0,MINIMAL,2,HAS1;HAS2,0.2814317775193228,0.2814317775193228,100.0,MINIMAL,0.0,NOT_A_TARGET
3038_AT2,HAS3,0.23437252228949343,0.23437252228949343,100.0,MINIMAL,2,HAS1;HAS2,0.2814317775193228,0.2814317775193228,100.0,MINIMAL,0.0,NOT_A_TARGET
5321_AT1,PLA2G4A,0.23437252228949343,0.23437252228949343,100.0,MINIMAL,1,LPASE,0.2814317775193228,0.2814317775193228,100.0,MINIMAL,0.0,NOT_A_TARGET
3098_AT1,HK1,0.23437252228949343,0.23437252228949343,100.0,MINIMAL,4,HEX1;HEX10;HEX7;HEX4,0.2814317775193228,0.2814317775193228,100.0,MINIMAL,0.0,NOT_A_TARGET
80201_AT1,HKDC1,0.23437252228949343,0.23437252228949343,100.0,MINIMAL,4,HEX1;HEX10;HEX7;HEX4,0.2814317775193228,0.2814317775193228,100.0,MINIMAL,0.0,NOT_A_TARGET
7378_AT2,UPP1,0.23437252228949343,0.23437252228949343,100.0,MINIMAL,1,PYNP2r,0.2814317775193228,0.2814317775193228,100.0,MINIMAL,0.0,NOT_A_TARGET
4056_AT2,LTC4S,0.23437252228949343,0.23437252228949343,100.0,MINIMAL,1,LTC4Sr,0.2814317775193228,0.2814317775193228,100.0,MINIMAL,0.0,NOT_A_TARGET
3098_AT5,HK1,0.23437252228949343,0.23437252228949343,100.0,MINIMAL,4,HEX1;HEX10;HEX7;HEX4,0.2814317775193228,0.2814317775193228,100.0,MINIMAL,0.0,NOT_A_TARGET
3098_AT2,HK1,0.23437252228949343,0.23437252228949343,100.0,MINIMAL,4,HEX1;HEX10;HEX7;HEX4,0.2814317775193228,0.2814317775193228,100.0,MINIMAL,0.0,NOT_A_TARGET
3098_AT4,HK1,0.23437252228949343,0.23437252228949343,100.0,MINIMAL,4,HEX1;HEX10;HEX7;HEX4,0.2814317775193228,0.2814317775193228,100.0,MINIMAL,0.0,NOT_A_TARGET
4259_AT1,MGST3,0.23437252228949343,0.23437252228949343,100.0,MINIMAL,1,LTC4Sr,0.2814317775193228,0.2814317775193228,100.0,MINIMAL,0.0,NOT_A_TARGET
2645_AT2,GCK,0.23437252228949343,0.23437252228949343,100.0,MINIMAL,4,HEX1;HEX10;HEX7;HEX4,0.2814317775193228,0.2814317775193228,100.0,MINIMAL,0.0,NOT_A_TARGET
4056_AT1,LTC4S,0.23437252228949343,0.23437252228949343,100.0,MINIMAL,1,LTC4Sr,0.2814317775193228,0.2814317775193228,100.0,MINIMAL,0.0,NOT_A_TARGET
2645_AT1,GCK,0.23437252228949343,0.23437252228949343,100.0,MINIMAL,4,HEX1;HEX10;HEX7;HEX4,0.2814317775193228,0.2814317775193228,100.0,MINIMAL,0.0,NOT_A_TARGET
6508_AT2,SLC4A3,0.23437252228949343,0.23437252228949343,100.0,MINIMAL,1,HCO3_CLt,0.2814317775193228,0.2814317775193228,100.0,MINIMAL,0.0,NOT_A_TARGET
5406_AT1,PNLIP,0.23437252228949343,0.23437252228949343,100.0,MINIMAL,1,LPSe,0.2814317775193228,0.2814317775193228,100.0,MINIMAL,0.0,NOT_A_TARGET
8513_AT1,LIPF,0.23437252228949343,0.23437252228949343,100.0,MINIMAL,1,LPSe,0.2814317775193228,0.2814317775193228,100.0,MINIMAL,0.0,NOT_A_TARGET
6522_AT1,SLC4A2,0.23437252228949343,0.23437252228949343,100.0,MINIMAL,1,HCO3_CLt,0.2814317775193228,0.2814317775193228,100.0,MINIMAL,0.0,NOT_A_TARGET
29124_AT1,LGALS13,0.23437252228949343,0.23437252228949343,100.0,MINIMAL,1,LPASE,0.2814317775193228,0.2814317775193228,100.0,MINIMAL,0.0,NOT_A_TARGET
3036_AT1,HAS1,0.23437252228949343,0.23437252228949343,100.0,MINIMAL,2,HAS1;HAS2,0.2814317775193228,0.2814317775193228,100.0,MINIMAL,0.0,NOT_A_TARGET
178_AT4,AGL,0.23437252228949343,0.23437252228949343,100.0,MINIMAL,1,GLDBRAN,0.2814317775193228,0.2814317775193228,100.0,MINIMAL,0.0,NOT_A_TARGET
54511_AT1,HMGCLL1,0.23437252228949343,0.23437252228949343,100.0,MINIMAL,1,HMGLm,0.2814317775193228,0.2814317775193228,100.0,MINIMAL,0.0,NOT_A_TARGET
6523_AT1,SLC5A1,0.23437252228949343,0.23437252228949343,100.0,MINIMAL,8,GALt2_2;UREAt5;GALt4_2;H2Ot;UREAt;GLCt4_2;GLCt2_2;NAt,0.2814317775193228,0.2814317775193228,100.0,MINIMAL,0.0,NOT_A_TARGET
178_AT6,AGL,0.23437252228949343,0.23437252228949343,100.0,MINIMAL,1,GLDBRAN,0.2814317775193228,0.2814317775193228,100.0,MINIMAL,0.0,NOT_A_TARGET
6524_AT1,SLC5A2,0.23437252228949343,0.23437252228949343,100.0,MINIMAL,2,GLCt4;GLCt2,0.2814317775193228,0.2814317775193228,100.0,MINIMAL,0.0,NOT_A_TARGET
125206_AT1,SLC5A10,0.23437252228949343,0.23437252228949343,100.0,MINIMAL,1,GLCt4,0.2814317775193228,0.2814317775193228,100.0,MINIMAL,0.0,NOT_A_TARGET
124637_AT1,CYB5D1,0.23437252228949343,0.23437252228949343,100.0,MINIMAL,1,L_LACDcm,0.2814317775193228,0.2814317775193228,100.0,MINIMAL,0.0,NOT_A_TARGET
495_AT1,ATP4A,0.23437252228949343,0.23437252228949343,100.0,MINIMAL,1,HKt,0.2814317775193228,0.2814317775193228,100.0,MINIMAL,0.0,NOT_A_TARGET
366_AT1,AQP9,0.23437252228949343,0.23437252228949343,100.0,MINIMAL,2,UREAtm;L_LACtcm,0.2814317775193228,0.2814317775193228,100.0,MINIMAL,0.0,NOT_A_TARGET
496_AT1,ATP4B,0.23437252228949343,0.23437252228949343,100.0,MINIMAL,1,HKt,0.2814317775193228,0.2814317775193228,100.0,MINIMAL,0.0,NOT_A_TARGET
159963_AT1,SLC5A12,0.23437252228949343,0.23437252228949343,100.0,MINIMAL,1,GLCt4,0.2814317775193228,0.2814317775193228,100.0,MINIMAL,0.0,NOT_A_TARGET
6526_AT1,SLC5A3,0.23437252228949343,0.23437252228949343,100.0,MINIMAL,3,GLCt4;NAt;INSTt4,0.2814317775193228,0.2814317775193228,100.0,MINIMAL,0.0,NOT_A_TARGET
178_AT2,AGL,0.23437252228949343,0.23437252228949343,100.0,MINIMAL,1,GLDBRAN,0.2814317775193228,0.2814317775193228,100.0,MINIMAL,0.0,NOT_A_TARGET
3162_AT1,HMOX1,0.23437252228949343,0.23437252228949343,100.0,MINIMAL,1,HOXG,0.2814317775193228,0.2814317775193228,100.0,MINIMAL,0.0,NOT_A_TARGET
3038_AT1,HAS3,0.23437252228949343,0.23437252228949343,100.0,MINIMAL,2,HAS1;HAS2,0.2814317775193228,0.2814317775193228,100.0,MINIMAL,0.0,NOT_A_TARGET
3028_AT1,HSD17B10,0.23437252228949343,0.23437252228949343,100.0,MINIMAL,2,HACD1m;HACD9m,0.2814317775193228,0.2814317775193228,100.0,MINIMAL,0.0,NOT_A_TARGET
6470_AT1,SHMT1,0.23437252228949343,0.23437252228949343,100.0,MINIMAL,1,GHMT2r,0.2814317775193228,0.2814317775193228,100.0,MINIMAL,0.0,NOT_A_TARGET
771_AT1,CA12,0.23437252228949343,0.23437252228949343,100.0,MINIMAL,1,H2CO3D,0.2814317775193228,0.2814317775193228,100.0,MINIMAL,0.0,NOT_A_TARGET
81031_AT1,SLC2A10,0.23437252228949343,0.23437252228949343,100.0,MINIMAL,2,GALt1r;GLCt1,0.2814317775193228,0.2814317775193228,100.0,MINIMAL,0.0,NOT_A_TARGET
759_AT1,CA1,0.23437252228949343,0.23437252228949343,100.0,MINIMAL,1,H2CO3D,0.2814317775193228,0.2814317775193228,100.0,MINIMAL,0.0,NOT_A_TARGET
11238_AT1,CA5B,0.23437252228949343,0.23437252228949343,100.0,MINIMAL,1,H2CO3Dm,0.2814317775193228,0.2814317775193228,100.0,MINIMAL,0.0,NOT_A_TARGET
2181_AT1,ACSL3,0.23437252228949343,0.23437252228949343,100.0,MINIMAL,8,FACOAL170;FACOAL180;FACOAL204_copy2;FACOAL150;FACOAL80;FACOAL160;FACOAL140;FACOAL181,0.2814317775193228,0.2814317775193228,100.0,MINIMAL,0.0,NOT_A_TARGET
8942_AT1,KYNU,0.23437252228949343,0.23437252228949343,100.0,MINIMAL,1,HKYNH,0.2814317775193228,0.2814317775193228,100.0,MINIMAL,0.0,NOT_A_TARGET
11182_AT1,SLC2A6,0.23437252228949343,0.23437252228949343,100.0,MINIMAL,1,GLCt1,0.2814317775193228,0.2814317775193228,100.0,MINIMAL,0.0,NOT_A_TARGET
56606_AT2,SLC2A9,0.23437252228949343,0.23437252228949343,100.0,MINIMAL,1,GLCt1,0.2814317775193228,0.2814317775193228,100.0,MINIMAL,0.0,NOT_A_TARGET
3067_AT1,HDC,0.23437252228949343,0.23437252228949343,100.0,MINIMAL,1,HISDC,0.2814317775193228,0.2814317775193228,100.0,MINIMAL,0.0,NOT_A_TARGET
4907_AT1,NT5E,0.23437252228949343,0.23437252228949343,100.0,MINIMAL,4,NTD4e;NTD9e;NTD2e;NTD7e,0.2814317775193228,0.2814317775193228,100.0,MINIMAL,0.0,NOT_A_TARGET
3163_AT1,HMOX2,0.23437252228949343,0.23437252228949343,100.0,MINIMAL,1,HOXG,0.2814317775193228,0.2814317775193228,100.0,MINIMAL,0.0,NOT_A_TARGET
2752_AT1,GLUL,0.23437252228949343,0.23437252228949343,100.0,MINIMAL,1,GLNS,0.2814317775193228,0.2814317775193228,100.0,MINIMAL,0.0,NOT_A_TARGET
2954_AT1,GSTZ1,0.23437252228949343,0.23437252228949343,100.0,MINIMAL,1,MACACI,0.2814317775193228,0.2814317775193228,100.0,MINIMAL,0.0,NOT_A_TARGET
51557_AT1,LGSN,0.23437252228949343,0.23437252228949343,100.0,MINIMAL,1,GLNS,0.2814317775193228,0.2814317775193228,100.0,MINIMAL,0.0,NOT_A_TARGET
2954_AT3,GSTZ1,0.23437252228949343,0.23437252228949343,100.0,MINIMAL,1,MACACI,0.2814317775193228,0.2814317775193228,100.0,MINIMAL,0.0,NOT_A_TARGET
5834_AT1,PYGB,0.23437252228949343,0.23437252228949343,100.0,MINIMAL,2,GLPASE1;GLPASE2,0.2814317775193228,0.2814317775193228,100.0,MINIMAL,0.0,NOT_A_TARGET
2595_AT1,GANC,0.23437252228949343,0.23437252228949343,100.0,MINIMAL,1,MALT,0.2814317775193228,0.2814317775193228,100.0,MINIMAL,0.0,NOT_A_TARGET
5836_AT1,PYGL,0.23437252228949343,0.23437252228949343,100.0,MINIMAL,2,GLPASE1;GLPASE2,0.2814317775193228,0.2814317775193228,100.0,MINIMAL,0.0,NOT_A_TARGET
5837_AT1,PYGM,0.23437252228949343,0.23437252228949343,100.0,MINIMAL,2,GLPASE1;GLPASE2,0.2814317775193228,0.2814317775193228,100.0,MINIMAL,0.0,NOT_A_TARGET
178_AT5,AGL,0.23437252228949343,0.23437252228949343,100.0,MINIMAL,1,GLDBRAN,0.2814317775193228,0.2814317775193228,100.0,MINIMAL,0.0,NOT_A_TARGET
3157_AT1,HMGCS1,0.23437252228949343,0.23437252228949343,100.0,MINIMAL,1,HMGCOAS,0.2814317775193228,0.2814317775193228,100.0,MINIMAL,0.0,NOT_A_TARGET
3034_AT1,HAL,0.23437252228949343,0.23437252228949343,100.0,MINIMAL,1,HISDr,0.2814317775193228,0.2814317775193228,100.0,MINIMAL,0.0,NOT_A_TARGET
3145_AT1,HMBS,0.23437252228949343,0.23437252228949343,100.0,MINIMAL,1,HMBS,0.2814317775193228,0.2814317775193228,100.0,MINIMAL,0.0,NOT_A_TARGET
144195_AT1,SLC2A14,0.23437252228949343,0.23437252228949343,100.0,MINIMAL,1,GLCt1,0.2814317775193228,0.2814317775193228,100.0,MINIMAL,0.0,NOT_A_TARGET
154091_AT1,SLC2A12,0.23437252228949343,0.23437252228949343,100.0,MINIMAL,1,GLCt1,0.2814317775193228,0.2814317775193228,100.0,MINIMAL,0.0,NOT_A_TARGET
56606_AT1,SLC2A9,0.23437252228949343,0.23437252228949343,100.0,MINIMAL,1,GLCt1,0.2814317775193228,0.2814317775193228,100.0,MINIMAL,0.0,NOT_A_TARGET
91734_AT1,IDI2,0.23437252228949343,0.23437252228949343,100.0,MINIMAL,1,IPDDIx,0.2814317775193228,0.2814317775193228,100.0,MINIMAL,0.0,NOT_A_TARGET
4833_AT1,NME4,0.23437252228949343,0.23437252228949343,100.0,MINIMAL,7,NDPK1m;NDPK6m;NDPK3m;NDPK4m;NDPK5m;NDPK7m;NDPK8m,0.2814317775193228,0.2814317775193228,100.0,MINIMAL,0.0,NOT_A_TARGET
57127_AT1,RHBG,0.23437252228949343,0.23437252228949343,100.0,MINIMAL,1,NH4t3r,0.2814317775193228,0.2814317775193228,100.0,MINIMAL,0.0,NOT_A_TARGET
3420_AT2,IDH3B,0.23437252228949343,0.23437252228949343,100.0,MINIMAL,1,ICDHxm,0.2814317775193228,0.2814317775193228,100.0,MINIMAL,0.0,NOT_A_TARGET
51478_AT1,HSD17B7,0.23437252228949343,0.23437252228949343,100.0,MINIMAL,2,HSD17B7r;HSD17B9r,0.2814317775193228,0.2814317775193228,100.0,MINIMAL,0.0,NOT_A_TARGET
2744_AT1,GLS,0.23437252228949343,0.23437252228949343,100.0,MINIMAL,1,GLUNm,0.2814317775193228,0.2814317775193228,100.0,MINIMAL,0.0,NOT_A_TARGET
27165_AT1,GLS2,0.23437252228949343,0.23437252228949343,100.0,MINIMAL,1,GLUNm,0.2814317775193228,0.2814317775193228,100.0,MINIMAL,0.0,NOT_A_TARGET
56922_AT1,MCCC1,0.23437252228949343,0.23437252228949343,100.0,MINIMAL,1,MCCCrm,0.2814317775193228,0.2814317775193228,100.0,MINIMAL,0.0,NOT_A_TARGET
27165_AT2,GLS2,0.23437252228949343,0.23437252228949343,100.0,MINIMAL,1,GLUNm,0.2814317775193228,0.2814317775193228,100.0,MINIMAL,0.0,NOT_A_TARGET
23417_AT1,MLYCD,0.23437252228949343,0.23437252228949343,100.0,MINIMAL,3,MCD;MMCDm;MCDm,0.2814317775193228,0.2814317775193228,100.0,MINIMAL,0.0,NOT_A_TARGET
5471_AT1,PPAT,0.23437252228949343,0.23437252228949343,100.0,MINIMAL,1,GLUPRT,0.2814317775193228,0.2814317775193228,100.0,MINIMAL,0.0,NOT_A_TARGET
3284_AT1,HSD3B2,0.23437252228949343,0.23437252228949343,100.0,MINIMAL,1,HSD3B3r,0.2814317775193228,0.2814317775193228,100.0,MINIMAL,0.0,NOT_A_TARGET
7352_AT1,UCP3,0.23437252228949343,0.23437252228949343,100.0,MINIMAL,1,Htm,0.2814317775193228,0.2814317775193228,100.0,MINIMAL,0.0,NOT_A_TARGET
6548_AT1,SLC9A1,0.23437252228949343,0.23437252228949343,100.0,MINIMAL,2,NAt3_1;NAt5,0.2814317775193228,0.2814317775193228,100.0,MINIMAL,0.0,NOT_A_TARGET
6549_AT1,SLC9A2,0.23437252228949343,0.23437252228949343,100.0,MINIMAL,2,NAt3_1;NAt5,0.2814317775193228,0.2814317775193228,100.0,MINIMAL,0.0,NOT_A_TARGET
7173_AT5,TPO,0.23437252228949343,0.23437252228949343,100.0,MINIMAL,5,IDHPOXOX3;IDHPOXOX4;IDHPOXOXb;THYPX;IDHPOXOX2b,0.2814317775193228,0.2814317775193228,100.0,MINIMAL,0.0,NOT_A_TARGET
27430_AT2,MAT2B,0.23437252228949343,0.23437252228949343,100.0,MINIMAL,1,METAT,0.2814317775193228,0.2814317775193228,100.0,MINIMAL,0.0,NOT_A_TARGET
1557_AT1,CYP2C19,0.23437252228949343,0.23437252228949343,100.0,MINIMAL,4,P4502C94;P4502C92;P4502C93;P4502C19,0.2814317775193228,0.2814317775193228,100.0,MINIMAL,0.0,NOT_A_TARGET
3418_AT1,IDH2,0.23437252228949343,0.23437252228949343,100.0,MINIMAL,1,ICDHym,0.2814317775193228,0.2814317775193228,100.0,MINIMAL,0.0,NOT_A_TARGET
8140_AT1,SLC7A5,0.23437252228949343,0.23437252228949343,100.0,MINIMAL,1,METLEUex,0.2814317775193228,0.2814317775193228,100.0,MINIMAL,0.0,NOT_A_TARGET
4548_AT1,MTR,0.23437252228949343,0.23437252228949343,100.0,MINIMAL,1,METS,0.2814317775193228,0.2814317775193228,100.0,MINIMAL,0.0,NOT_A_TARGET
123041_AT3,SLC24A4,0.23437252228949343,0.23437252228949343,100.0,MINIMAL,1,NCKt,0.2814317775193228,0.2814317775193228,100.0,MINIMAL,0.0,NOT_A_TARGET
64087_AT1,MCCC2,0.23437252228949343,0.23437252228949343,100.0,MINIMAL,1,MCCCrm,0.2814317775193228,0.2814317775193228,100.0,MINIMAL,0.0,NOT_A_TARGET
3294_AT1,HSD17B2,0.23437252228949343,0.23437252228949343,100.0,MINIMAL,1,HSD17B8r,0.2814317775193228,0.2814317775193228,100.0,MINIMAL,0.0,NOT_A_TARGET
4351_AT1,MPI,0.23437252228949343,0.23437252228949343,100.0,MINIMAL,1,MAN6PI,0.2814317775193228,0.2814317775193228,100.0,MINIMAL,0.0,NOT_A_TARGET
7923_AT1,HSD17B8,0.23437252228949343,0.23437252228949343,100.0,MINIMAL,1,HSD17B1,0.2814317775193228,0.2814317775193228,100.0,MINIMAL,0.0,NOT_A_TARGET
4191_AT1,MDH2,0.23437252228949343,0.23437252228949343,100.0,MINIMAL,1,MDHm,0.2814317775193228,0.2814317775193228,100.0,MINIMAL,0.0,NOT_A_TARGET
123041_AT2,SLC24A4,0.23437252228949343,0.23437252228949343,100.0,MINIMAL,1,NCKt,0.2814317775193228,0.2814317775193228,100.0,MINIMAL,0.0,NOT_A_TARGET
4200_AT1,ME2,0.23437252228949343,0.23437252228949343,100.0,MINIMAL,2,ME1m;ME2m,0.2814317775193228,0.2814317775193228,100.0,MINIMAL,0.0,NOT_A_TARGET
9016_AT2,SLC25A14,0.23437252228949343,0.23437252228949343,100.0,MINIMAL,1,Htm,0.2814317775193228,0.2814317775193228,100.0,MINIMAL,0.0,NOT_A_TARGET
4199_AT1,ME1,0.23437252228949343,0.23437252228949343,100.0,MINIMAL,1,ME2,0.2814317775193228,0.2814317775193228,100.0,MINIMAL,0.0,NOT_A_TARGET
10873_AT1,ME3,0.23437252228949343,0.23437252228949343,100.0,MINIMAL,1,ME2m,0.2814317775193228,0.2814317775193228,100.0,MINIMAL,0.0,NOT_A_TARGET
1545_AT1,CYP1B1,0.23437252228949343,0.23437252228949343,100.0,MINIMAL,1,P4501B1r,0.2814317775193228,0.2814317775193228,100.0,MINIMAL,0.0,NOT_A_TARGET
7352_AT2,UCP3,0.23437252228949343,0.23437252228949343,100.0,MINIMAL,1,Htm,0.2814317775193228,0.2814317775193228,100.0,MINIMAL,0.0,NOT_A_TARGET
2639_AT1,GCDH,0.23437252228949343,0.23437252228949343,100.0,MINIMAL,1,GLUTCOADHm,0.2814317775193228,0.2814317775193228,100.0,MINIMAL,0.0,NOT_A_TARGET
7351_AT1,UCP2,0.23437252228949343,0.23437252228949343,100.0,MINIMAL,1,Htm,0.2814317775193228,0.2814317775193228,100.0,MINIMAL,0.0,NOT_A_TARGET
57026_AT1,PDXP,0.23437252228949343,0.23437252228949343,100.0,MINIMAL,1,PYDXPP,0.2814317775193228,0.2814317775193228,100.0,MINIMAL,0.0,NOT_A_TARGET
80270_AT1,HSD3B7,0.23437252228949343,0.23437252228949343,100.0,MINIMAL,2,HSD3B7P;HSD3B7,0.2814317775193228,0.2814317775193228,100.0,MINIMAL,0.0,NOT_A_TARGET
2730_AT1,GCLM,0.23437252228949343,0.23437252228949343,100.0,MINIMAL,1,GLUCYS,0.2814317775193228,0.2814317775193228,100.0,MINIMAL,0.0,NOT_A_TARGET
3291_AT1,HSD11B2,0.23437252228949343,0.23437252228949343,100.0,MINIMAL,1,HSD11B2r,0.2814317775193228,0.2814317775193228,100.0,MINIMAL,0.0,NOT_A_TARGET
3292_AT1,HSD17B1,0.23437252228949343,0.23437252228949343,100.0,MINIMAL,1,HSD17B1,0.2814317775193228,0.2814317775193228,100.0,MINIMAL,0.0,NOT_A_TARGET
2746_AT1,GLUD1,0.23437252228949343,0.23437252228949343,100.0,MINIMAL,2,GDHm;GLUDym,0.2814317775193228,0.2814317775193228,100.0,MINIMAL,0.0,NOT_A_TARGET
2747_AT1,GLUD2,0.23437252228949343,0.23437252228949343,100.0,MINIMAL,2,GDHm;GLUDym,0.2814317775193228,0.2814317775193228,100.0,MINIMAL,0.0,NOT_A_TARGET
7173_AT2,TPO,0.23437252228949343,0.23437252228949343,100.0,MINIMAL,5,IDHPOXOX3;IDHPOXOX4;IDHPOXOXb;THYPX;IDHPOXOX2b,0.2814317775193228,0.2814317775193228,100.0,MINIMAL,0.0,NOT_A_TARGET
57419_AT1,SLC24A3,0.23437252228949343,0.23437252228949343,100.0,MINIMAL,1,NCKt,0.2814317775193228,0.2814317775193228,100.0,MINIMAL,0.0,NOT_A_TARGET
123041_AT1,SLC24A4,0.23437252228949343,0.23437252228949343,100.0,MINIMAL,1,NCKt,0.2814317775193228,0.2814317775193228,100.0,MINIMAL,0.0,NOT_A_TARGET
2222_AT1,FDFT1,0.0,0.23437252228949343,0.0,LETHAL,1,SQLSr,0.0,0.2814317775193228,0.0,LETHAL,0.0,CRITICAL_VIRAL_TARGET
10682_AT1,EBP,0.0,0.23437252228949343,0.0,LETHAL,2,EBP2r;EBP1r,0.0,0.2814317775193228,0.0,LETHAL,0.0,CRITICAL_VIRAL_TARGET
259230_AT1,SGMS1,0.0,0.23437252228949343,0.0,LETHAL,1,SMS,0.0,0.2814317775193228,0.0,LETHAL,0.0,CRITICAL_VIRAL_TARGET
7108_AT1,TM7SF2,0.0,0.23437252228949343,0.0,LETHAL,1,C14STRr,0.0,0.2814317775193228,0.0,LETHAL,0.0,CRITICAL_VIRAL_TARGET
2224_AT1,FDPS,0.0,0.23437252228949343,0.0,LETHAL,2,GRTTx;DMATTx,0.0,0.2814317775193228,0.0,LETHAL,0.0,CRITICAL_VIRAL_TARGET
788_AT1,SLC25A20,0.0,0.23437252228949343,0.0,LETHAL,28,C181CRNt;LNLNCGCRNt;DLNLCGCRNt;C161CRN2t;STRDNCCRNt;RTOTAL3CRNt;C180CRNt;ACRNtm;PCRNtm;LNELDCCRNt,0.0,0.2814317775193228,0.0,LETHAL,0.0,CRITICAL_VIRAL_TARGET
1717_AT1,DHCR7,0.0,0.23437252228949343,0.0,LETHAL,2,DHCR72r;DHCR71r,0.0,0.2814317775193228,0.0,LETHAL,0.0,CRITICAL_VIRAL_TARGET
1718_AT1,DHCR24,0.0,0.23437252228949343,0.0,LETHAL,3,DHCR241r;DHCR243r;DHCR242r,0.0,0.2814317775193228,0.0,LETHAL,0.0,CRITICAL_VIRAL_TARGET
6307_AT1,MSMO1,0.0,0.23437252228949343,0.0,LETHAL,2,C4STMO1r;C4STMO2r,0.0,0.2814317775193228,0.0,LETHAL,0.0,CRITICAL_VIRAL_TARGET
9517_AT1,SPTLC2,0.0,0.23437252228949343,0.0,LETHAL,1,SERPT,0.0,0.2814317775193228,0.0,LETHAL,0.0,CRITICAL_VIRAL_TARGET
25769_AT1,SLC24A2,0.23437252228949343,0.23437252228949343,100.0,MINIMAL,2,NCKt;NCNt,0.2814317775193228,0.2814317775193228,100.0,MINIMAL,0.0,NOT_A_TARGET
3295_AT1,HSD17B4,0.0,0.23437252228949343,0.0,LETHAL,20,FAOXC16080x;FAOXC260240x;FAOXC240200x;C3STKR2r;FAOXC200180x;FAOXC183806x;FAOXC180x;FAOXC2242046x;FAOXC246226x;HSD17B4x,0.0,0.2814317775193228,0.0,LETHAL,0.0,CRITICAL_VIRAL_TARGET
4597_AT1,MVD,0.0,0.23437252228949343,0.0,LETHAL,1,DPMVDx,0.0,0.2814317775193228,0.0,LETHAL,0.0,CRITICAL_VIRAL_TARGET
50814_AT1,NSDHL,0.0,0.23437252228949343,0.0,LETHAL,4,C3STDH1Pr;C3STDH1r;C4STMO2Pr;C4STMO2r,0.0,0.2814317775193228,0.0,LETHAL,0.0,CRITICAL_VIRAL_TARGET
6713_AT1,SQLE,0.0,0.23437252228949343,0.0,LETHAL,1,SQLEr,0.0,0.2814317775193228,0.0,LETHAL,0.0,CRITICAL_VIRAL_TARGET
10558_AT1,SPTLC1,0.0,0.23437252228949343,0.0,LETHAL,1,SERPT,0.0,0.2814317775193228,0.0,LETHAL,0.0,CRITICAL_VIRAL_TARGET
2531_AT1,KDSR,0.0,0.23437252228949343,0.0,LETHAL,1,3DSPHR,0.0,0.2814317775193228,0.0,LETHAL,0.0,CRITICAL_VIRAL_TARGET
8833_AT1,GMPS,0.0,0.23437252228949343,0.0,LETHAL,1,GMPS2,0.0,0.2814317775193228,0.0,LETHAL,0.0,CRITICAL_VIRAL_TARGET
10654_AT1,PMVK,0.0,0.23437252228949343,0.0,LETHAL,1,PMEVKx,0.0,0.2814317775193228,0.0,LETHAL,0.0,CRITICAL_VIRAL_TARGET
4598_AT1,MVK,0.0,0.23437252228949343,0.0,LETHAL,1,MEVK1x,0.0,0.2814317775193228,0.0,LETHAL,0.0,CRITICAL_VIRAL_TARGET
4047_AT1,LSS,0.0,0.23437252228949343,0.0,LETHAL,1,LNSTLSr,0.0,0.2814317775193228,0.0,LETHAL,0.0,CRITICAL_VIRAL_TARGET
1376_AT1,CPT2,0.0,0.23437252228949343,0.0,LETHAL,26,ADRNCPT2;C180CPT2;RTOTALCRNCPT2;RTOTAL3CRNCPT2;STRDNCCPT2;TMNDNCCPT2;C161CPT22;C160CPT2;EICOSTETCPT2;DLNLCGCPT2,0.0,0.2814317775193228,0.0,LETHAL,0.0,CRITICAL_VIRAL_TARGET
2544_AT1,2544_AT1,0.0,0.23437252228949343,0.0,LETHAL,1,PIter,0.0,0.2814317775193228,0.0,LETHAL,0.0,CRITICAL_VIRAL_TARGET
9187_AT1,SLC24A1,0.23437252228949343,0.23437252228949343,100.0,MINIMAL,2,NCKt;NCNt,0.2814317775193228,0.2814317775193228,100.0,MINIMAL,0.0,NOT_A_TARGET
7173_AT1,TPO,0.23437252228949343,0.23437252228949343,100.0,MINIMAL,5,IDHPOXOX3;IDHPOXOX4;IDHPOXOXb;THYPX;IDHPOXOX2b,0.2814317775193228,0.2814317775193228,100.0,MINIMAL,0.0,NOT_A_TARGET
7173_AT4,TPO,0.23437252228949343,0.23437252228949343,100.0,MINIMAL,5,IDHPOXOX3;IDHPOXOX4;IDHPOXOXb;THYPX;IDHPOXOX2b,0.2814317775193228,0.2814317775193228,100.0,MINIMAL,0.0,NOT_A_TARGET
7173_AT3,TPO,0.23437252228949343,0.23437252228949343,100.0,MINIMAL,5,IDHPOXOX3;IDHPOXOX4;IDHPOXOXb;THYPX;IDHPOXOX2b,0.2814317775193228,0.2814317775193228,100.0,MINIMAL,0.0,NOT_A_TARGET
3420_AT3,IDH3B,0.23437252228949343,0.23437252228949343,100.0,MINIMAL,1,ICDHxm,0.2814317775193228,0.2814317775193228,100.0,MINIMAL,0.0,NOT_A_TARGET
3417_AT1,IDH1,0.23437252228949343,0.23437252228949343,100.0,MINIMAL,1,ICDHyr,0.2814317775193228,0.2814317775193228,100.0,MINIMAL,0.0,NOT_A_TARGET
3421_AT1,IDH3G,0.23437252228949343,0.23437252228949343,100.0,MINIMAL,1,ICDHxm,0.2814317775193228,0.2814317775193228,100.0,MINIMAL,0.0,NOT_A_TARGET
3419_AT1,IDH3A,0.23437252228949343,0.23437252228949343,100.0,MINIMAL,1,ICDHxm,0.2814317775193228,0.2814317775193228,100.0,MINIMAL,0.0,NOT_A_TARGET
6553_AT1,SLC9A5,0.23437252228949343,0.23437252228949343,100.0,MINIMAL,1,NAt3_1,0.2814317775193228,0.2814317775193228,100.0,MINIMAL,0.0,NOT_A_TARGET
4144_AT1,MAT2A,0.23437252228949343,0.23437252228949343,100.0,MINIMAL,1,METAT,0.2814317775193228,0.2814317775193228,100.0,MINIMAL,0.0,NOT_A_TARGET
27430_AT1,MAT2B,0.23437252228949343,0.23437252228949343,100.0,MINIMAL,1,METAT,0.2814317775193228,0.2814317775193228,100.0,MINIMAL,0.0,NOT_A_TARGET
3420_AT1,IDH3B,0.23437252228949343,0.23437252228949343,100.0,MINIMAL,1,ICDHxm,0.2814317775193228,0.2814317775193228,100.0,MINIMAL,0.0,NOT_A_TARGET
4143_AT1,MAT1A,0.23437252228949343,0.23437252228949343,100.0,MINIMAL,1,METAT,0.2814317775193228,0.2814317775193228,100.0,MINIMAL,0.0,NOT_A_TARGET
389015_AT1,SLC9A4,0.23437252228949343,0.23437252228949343,100.0,MINIMAL,1,NAt3_1,0.2814317775193228,0.2814317775193228,100.0,MINIMAL,0.0,NOT_A_TARGET
1595_AT1,CYP51A1,0.0,0.23437252228949343,0.0,LETHAL,1,LNS14DMr,0.0,0.2814317775193228,0.0,LETHAL,0.0,CRITICAL_VIRAL_TARGET
2987_AT1,GUK1,0.0,0.23437252228949343,0.0,LETHAL,2,DGK1;GK1,0.0,0.2814317775193228,0.0,LETHAL,0.0,CRITICAL_VIRAL_TARGET
6309_AT1,SC5D,0.0,0.23437252228949343,0.0,LETHAL,2,LSTO1r;LSTO2r,0.0,0.2814317775193228,0.0,LETHAL,0.0,CRITICAL_VIRAL_TARGET
3421_AT2,IDH3G,0.23437252228949343,0.23437252228949343,100.0,MINIMAL,1,ICDHxm,0.2814317775193228,0.2814317775193228,100.0,MINIMAL,0.0,NOT_A_TARGET
7350_AT1,UCP1,0.23437252228949343,0.23437252228949343,100.0,MINIMAL,1,Htm,0.2814317775193228,0.2814317775193228,100.0,MINIMAL,0.0,NOT_A_TARGET
130752_AT1,MDH1B,0.23437252228949343,0.23437252228949343,100.0,MINIMAL,2,SLDx;MDH,0.2814317775193228,0.2814317775193228,100.0,MINIMAL,0.0,NOT_A_TARGET
6558_AT1,SLC12A2,0.23437252228949343,0.23437252228949343,100.0,MINIMAL,2,NKCCt;NKCC2t,0.2814317775193228,0.2814317775193228,100.0,MINIMAL,0.0,NOT_A_TARGET
8867_AT1,SYNJ1,0.23437252228949343,0.23437252228949343,100.0,MINIMAL,4,PI45P5P;PI345P5P;MI145PP;MI1345PP,0.2814317775193228,0.2814317775193228,100.0,MINIMAL,0.0,NOT_A_TARGET
3615_AT1,IMPDH2,0.23437252228949343,0.23437252228949343,100.0,MINIMAL,1,IMPD,0.2814317775193228,0.2814317775193228,100.0,MINIMAL,0.0,NOT_A_TARGET
4832_AT1,NME3,0.23437252228949343,0.23437252228949343,100.0,MINIMAL,10,NDPK1;NDPK10;NDPK8;NDPK5;NDPK2;NDPK6;NDPK7;NDPK3;NDPK4;NDPK9,0.2814317775193228,0.2814317775193228,100.0,MINIMAL,0.0,NOT_A_TARGET
3635_AT1,INPP5D,0.23437252228949343,0.23437252228949343,100.0,MINIMAL,3,PI345P5P;MI145PP;MI1345PP,0.2814317775193228,0.2814317775193228,100.0,MINIMAL,0.0,NOT_A_TARGET
3633_AT1,INPP5B,0.23437252228949343,0.23437252228949343,100.0,MINIMAL,4,PI45P5P;PI345P5P;MI145PP;MI1345PP,0.2814317775193228,0.2814317775193228,100.0,MINIMAL,0.0,NOT_A_TARGET
29922_AT1,NME7,0.23437252228949343,0.23437252228949343,100.0,MINIMAL,10,NDPK1;NDPK10;NDPK8;NDPK5;NDPK2;NDPK6;NDPK7;NDPK3;NDPK4;NDPK9,0.2814317775193228,0.2814317775193228,100.0,MINIMAL,0.0,NOT_A_TARGET
3614_AT1,IMPDH1,0.23437252228949343,0.23437252228949343,100.0,MINIMAL,1,IMPD,0.2814317775193228,0.2814317775193228,100.0,MINIMAL,0.0,NOT_A_TARGET
10201_AT1,NME6,0.23437252228949343,0.23437252228949343,100.0,MINIMAL,10,NDPK1;NDPK10;NDPK8;NDPK5;NDPK2;NDPK6;NDPK7;NDPK3;NDPK4;NDPK9,0.2814317775193228,0.2814317775193228,100.0,MINIMAL,0.0,NOT_A_TARGET
349565_AT1,NMNAT3,0.23437252228949343,0.23437252228949343,100.0,MINIMAL,2,NNATr_copy2;NMNAT,0.2814317775193228,0.2814317775193228,100.0,MINIMAL,0.0,NOT_A_TARGET
9481_AT1,SLC25A27,0.23437252228949343,0.23437252228949343,100.0,MINIMAL,1,Htm,0.2814317775193228,0.2814317775193228,100.0,MINIMAL,0.0,NOT_A_TARGET
8803_AT1,SUCLA2,0.23437252228949343,0.23437252228949343,100.0,MINIMAL,3,ITCOALm;SUCOASm;MECOALm,0.2814317775193228,0.2814317775193228,100.0,MINIMAL,0.0,NOT_A_TARGET
5214_AT1,PFKP,0.23437252228949343,0.23437252228949343,100.0,MINIMAL,1,PFK,0.2814317775193228,0.2814317775193228,100.0,MINIMAL,0.0,NOT_A_TARGET
4524_AT1,MTHFR,0.23437252228949343,0.23437252228949343,100.0,MINIMAL,1,MTHFR3,0.2814317775193228,0.2814317775193228,100.0,MINIMAL,0.0,NOT_A_TARGET
5211_AT1,PFKL,0.23437252228949343,0.23437252228949343,100.0,MINIMAL,1,PFK,0.2814317775193228,0.2814317775193228,100.0,MINIMAL,0.0,NOT_A_TARGET
5211_AT2,PFKL,0.23437252228949343,0.23437252228949343,100.0,MINIMAL,1,PFK,0.2814317775193228,0.2814317775193228,100.0,MINIMAL,0.0,NOT_A_TARGET
4846_AT1,NOS3,0.23437252228949343,0.23437252228949343,100.0,MINIMAL,2,NOS1;NOS2,0.2814317775193228,0.2814317775193228,100.0,MINIMAL,0.0,NOT_A_TARGET
4843_AT1,NOS2,0.23437252228949343,0.23437252228949343,100.0,MINIMAL,2,NOS1;NOS2,0.2814317775193228,0.2814317775193228,100.0,MINIMAL,0.0,NOT_A_TARGET
443_AT1,ASPA,0.23437252228949343,0.23437252228949343,100.0,MINIMAL,1,NACASPAH,0.2814317775193228,0.2814317775193228,100.0,MINIMAL,0.0,NOT_A_TARGET
8501_AT1,SLC43A1,0.23437252228949343,0.23437252228949343,100.0,MINIMAL,4,METtec;VALtec;ILEtec;LEUtec,0.2814317775193228,0.2814317775193228,100.0,MINIMAL,0.0,NOT_A_TARGET
4831_AT1,NME2,0.23437252228949343,0.23437252228949343,100.0,MINIMAL,19,NDPK8;NDPK2n;NDPK4;NDPK3;NDPK7;NDPK9;NDPK6n;NDPK1;NDPK10;NDPK3n,0.2814317775193228,0.2814317775193228,100.0,MINIMAL,0.0,NOT_A_TARGET
3632_AT1,INPP5A,0.23437252228949343,0.23437252228949343,100.0,MINIMAL,3,PI345P5P;MI145PP;MI1345PP,0.2814317775193228,0.2814317775193228,100.0,MINIMAL,0.0,NOT_A_TARGET
27124_AT2,INPP5J,0.23437252228949343,0.23437252228949343,100.0,MINIMAL,3,PI345P5P;MI145PP;MI1345PP,0.2814317775193228,0.2814317775193228,100.0,MINIMAL,0.0,NOT_A_TARGET
3422_AT1,IDI1,0.23437252228949343,0.23437252228949343,100.0,MINIMAL,1,IPDDIx,0.2814317775193228,0.2814317775193228,100.0,MINIMAL,0.0,NOT_A_TARGET
51477_AT1,ISYNA1,0.23437252228949343,0.23437252228949343,100.0,MINIMAL,1,MI1PS,0.2814317775193228,0.2814317775193228,100.0,MINIMAL,0.0,NOT_A_TARGET
6005_AT1,RHAG,0.23437252228949343,0.23437252228949343,100.0,MINIMAL,1,NH4t3r,0.2814317775193228,0.2814317775193228,100.0,MINIMAL,0.0,NOT_A_TARGET
8801_AT1,SUCLG2,0.23437252228949343,0.23437252228949343,100.0,MINIMAL,3,MECOAS1m;SUCOAS1m;ITCOAL1m,0.2814317775193228,0.2814317775193228,100.0,MINIMAL,0.0,NOT_A_TARGET
3631_AT1,INPP4A,0.23437252228949343,0.23437252228949343,100.0,MINIMAL,1,MI34PP,0.2814317775193228,0.2814317775193228,100.0,MINIMAL,0.0,NOT_A_TARGET
8802_AT1,SUCLG1,0.23437252228949343,0.23437252228949343,100.0,MINIMAL,6,ITCOALm;SUCOAS1m;SUCOASm;MECOALm;MECOAS1m;ITCOAL1m,0.2814317775193228,0.2814317775193228,100.0,MINIMAL,0.0,NOT_A_TARGET
6557_AT1,SLC12A1,0.23437252228949343,0.23437252228949343,100.0,MINIMAL,2,NKCCt;NKCC2t,0.2814317775193228,0.2814317775193228,100.0,MINIMAL,0.0,NOT_A_TARGET
8821_AT1,INPP4B,0.23437252228949343,0.23437252228949343,100.0,MINIMAL,1,MI34PP,0.2814317775193228,0.2814317775193228,100.0,MINIMAL,0.0,NOT_A_TARGET
55586_AT1,MIOX,0.23437252228949343,0.23437252228949343,100.0,MINIMAL,1,INOSTO,0.2814317775193228,0.2814317775193228,100.0,MINIMAL,0.0,NOT_A_TARGET
3707_AT1,ITPKB,0.23437252228949343,0.23437252228949343,100.0,MINIMAL,1,MI145PK,0.2814317775193228,0.2814317775193228,100.0,MINIMAL,0.0,NOT_A_TARGET
3614_AT2,IMPDH1,0.23437252228949343,0.23437252228949343,100.0,MINIMAL,1,IMPD,0.2814317775193228,0.2814317775193228,100.0,MINIMAL,0.0,NOT_A_TARGET
3628_AT1,INPP1,0.23437252228949343,0.23437252228949343,100.0,MINIMAL,2,MI134PP;MI14PP,0.2814317775193228,0.2814317775193228,100.0,MINIMAL,0.0,NOT_A_TARGET
124583_AT1,CANT1,0.23437252228949343,0.23437252228949343,100.0,MINIMAL,6,NDP8ex;NDP7ex;NTP3e;NDP7er;NDP3ex;NDP10ex,0.2814317775193228,0.2814317775193228,100.0,MINIMAL,0.0,NOT_A_TARGET
8867_AT2,SYNJ1,0.23437252228949343,0.23437252228949343,100.0,MINIMAL,4,PI45P5P;PI345P5P;MI145PP;MI1345PP,0.2814317775193228,0.2814317775193228,100.0,MINIMAL,0.0,NOT_A_TARGET
56623_AT1,INPP5E,0.23437252228949343,0.23437252228949343,100.0,MINIMAL,4,PI45P5P;PI345P5P;MI145PP;MI1345PP,0.2814317775193228,0.2814317775193228,100.0,MINIMAL,0.0,NOT_A_TARGET
586_AT1,BCAT1,0.23437252228949343,0.23437252228949343,100.0,MINIMAL,3,ILETA;LEUTA;VALTA,0.2814317775193228,0.2814317775193228,100.0,MINIMAL,0.0,NOT_A_TARGET
587_AT1,BCAT2,0.23437252228949343,0.23437252228949343,100.0,MINIMAL,3,ILETAm;VALTAim;LEUTAm,0.2814317775193228,0.2814317775193228,100.0,MINIMAL,0.0,NOT_A_TARGET
26227_AT1,PHGDH,0.23437252228949343,0.23437252228949343,100.0,MINIMAL,1,PGCD,0.2814317775193228,0.2814317775193228,100.0,MINIMAL,0.0,NOT_A_TARGET
91703_AT1,ACY3,0.23437252228949343,0.23437252228949343,100.0,MINIMAL,1,NACASPAH,0.2814317775193228,0.2814317775193228,100.0,MINIMAL,0.0,NOT_A_TARGET
4843_AT2,NOS2,0.23437252228949343,0.23437252228949343,100.0,MINIMAL,2,NOS1;NOS2,0.2814317775193228,0.2814317775193228,100.0,MINIMAL,0.0,NOT_A_TARGET
116255_AT1,MOGAT1,0.23437252228949343,0.23437252228949343,100.0,MINIMAL,1,MOGAT,0.2814317775193228,0.2814317775193228,100.0,MINIMAL,0.0,NOT_A_TARGET
4844_AT1,4844_AT1,0.23437252228949343,0.23437252228949343,100.0,MINIMAL,2,NOS1;NOS2,0.2814317775193228,0.2814317775193228,100.0,MINIMAL,0.0,NOT_A_TARGET
4507_AT1,MTAP,0.23437252228949343,0.23437252228949343,100.0,MINIMAL,1,MTAP,0.2814317775193228,0.2814317775193228,100.0,MINIMAL,0.0,NOT_A_TARGET
4845_AT1,4845_AT1,0.23437252228949343,0.23437252228949343,100.0,MINIMAL,2,NOS1;NOS2,0.2814317775193228,0.2814317775193228,100.0,MINIMAL,0.0,NOT_A_TARGET
4842_AT1,NOS1,0.23437252228949343,0.23437252228949343,100.0,MINIMAL,2,NOS1;NOS2,0.2814317775193228,0.2814317775193228,100.0,MINIMAL,0.0,NOT_A_TARGET
10400_AT2,PEMT,0.23437252228949343,0.23437252228949343,100.0,MINIMAL,2,PETOHMm_hs;PETOHMr_hs,0.2814317775193228,0.2814317775193228,100.0,MINIMAL,0.0,NOT_A_TARGET
10400_AT1,PEMT,0.23437252228949343,0.23437252228949343,100.0,MINIMAL,2,PETOHMm_hs;PETOHMr_hs,0.2814317775193228,0.2814317775193228,100.0,MINIMAL,0.0,NOT_A_TARGET
80068_AT1,80068_AT1,0.23437252228949343,0.23437252228949343,100.0,MINIMAL,1,MTHFC,0.2814317775193228,0.2814317775193228,100.0,MINIMAL,0.0,NOT_A_TARGET
3636_AT1,INPPL1,0.23437252228949343,0.23437252228949343,100.0,MINIMAL,3,PI345P5P;MI145PP;MI1345PP,0.2814317775193228,0.2814317775193228,100.0,MINIMAL,0.0,NOT_A_TARGET
29922_AT2,NME7,0.23437252228949343,0.23437252228949343,100.0,MINIMAL,10,NDPK1;NDPK10;NDPK8;NDPK5;NDPK2;NDPK6;NDPK7;NDPK3;NDPK4;NDPK9,0.2814317775193228,0.2814317775193228,100.0,MINIMAL,0.0,NOT_A_TARGET
27124_AT1,INPP5J,0.23437252228949343,0.23437252228949343,100.0,MINIMAL,3,PI345P5P;MI145PP;MI1345PP,0.2814317775193228,0.2814317775193228,100.0,MINIMAL,0.0,NOT_A_TARGET
9016_AT1,SLC25A14,0.23437252228949343,0.23437252228949343,100.0,MINIMAL,1,Htm,0.2814317775193228,0.2814317775193228,100.0,MINIMAL,0.0,NOT_A_TARGET
2639_AT2,GCDH,0.23437252228949343,0.23437252228949343,100.0,MINIMAL,1,GLUTCOADHm,0.2814317775193228,0.2814317775193228,100.0,MINIMAL,0.0,NOT_A_TARGET
4357_AT1,MPST,0.23437252228949343,0.23437252228949343,100.0,MINIMAL,1,MCPST,0.2814317775193228,0.2814317775193228,100.0,MINIMAL,0.0,NOT_A_TARGET
57030_AT1,SLC17A7,0.23437252228949343,0.23437252228949343,100.0,MINIMAL,1,GLUVESSEC,0.2814317775193228,0.2814317775193228,100.0,MINIMAL,0.0,NOT_A_TARGET
246213_AT1,SLC17A8,0.23437252228949343,0.23437252228949343,100.0,MINIMAL,1,GLUVESSEC,0.2814317775193228,0.2814317775193228,100.0,MINIMAL,0.0,NOT_A_TARGET
57084_AT1,SLC17A6,0.23437252228949343,0.23437252228949343,100.0,MINIMAL,1,GLUVESSEC,0.2814317775193228,0.2814317775193228,100.0,MINIMAL,0.0,NOT_A_TARGET
4190_AT1,MDH1,0.23437252228949343,0.23437252228949343,100.0,MINIMAL,2,SLDx;MDH,0.2814317775193228,0.2814317775193228,100.0,MINIMAL,0.0,NOT_A_TARGET
80168_AT1,MOGAT2,0.23437252228949343,0.23437252228949343,100.0,MINIMAL,1,MOGAT,0.2814317775193228,0.2814317775193228,100.0,MINIMAL,0.0,NOT_A_TARGET
5409_AT1,PNMT,0.23437252228949343,0.23437252228949343,100.0,MINIMAL,1,NORANMT,0.2814317775193228,0.2814317775193228,100.0,MINIMAL,0.0,NOT_A_TARGET
27306_AT1,HPGDS,0.23437252228949343,0.23437252228949343,100.0,MINIMAL,1,PGDI,0.2814317775193228,0.2814317775193228,100.0,MINIMAL,0.0,NOT_A_TARGET
4594_AT1,MUT,0.23437252228949343,0.23437252228949343,100.0,MINIMAL,1,MMMm,0.2814317775193228,0.2814317775193228,100.0,MINIMAL,0.0,NOT_A_TARGET
5730_AT1,PTGDS,0.23437252228949343,0.23437252228949343,100.0,MINIMAL,1,PGDI,0.2814317775193228,0.2814317775193228,100.0,MINIMAL,0.0,NOT_A_TARGET
22978_AT1,NT5C2,0.23437252228949343,0.23437252228949343,100.0,MINIMAL,7,NTD7;NTD10;NTD9;NTD6;NTD8;NT5C;NTD11,0.2814317775193228,0.2814317775193228,100.0,MINIMAL,0.0,NOT_A_TARGET
30833_AT1,NT5C,0.23437252228949343,0.23437252228949343,100.0,MINIMAL,4,NTD3;NTD1;NTD8;NTD5,0.2814317775193228,0.2814317775193228,100.0,MINIMAL,0.0,NOT_A_TARGET
93034_AT1,NT5C1B,0.23437252228949343,0.23437252228949343,100.0,MINIMAL,3,NTD7;NTD3;NTD11,0.2814317775193228,0.2814317775193228,100.0,MINIMAL,0.0,NOT_A_TARGET
93034_AT2,NT5C1B,0.23437252228949343,0.23437252228949343,100.0,MINIMAL,3,NTD7;NTD3;NTD11,0.2814317775193228,0.2814317775193228,100.0,MINIMAL,0.0,NOT_A_TARGET
56953_AT1,NT5M,0.23437252228949343,0.23437252228949343,100.0,MINIMAL,2,NTD1m;NTD5m,0.2814317775193228,0.2814317775193228,100.0,MINIMAL,0.0,NOT_A_TARGET
51251_AT1,NT5C3A,0.23437252228949343,0.23437252228949343,100.0,MINIMAL,2,NTD2;NTD4,0.2814317775193228,0.2814317775193228,100.0,MINIMAL,0.0,NOT_A_TARGET
5213_AT1,PFKM,0.23437252228949343,0.23437252228949343,100.0,MINIMAL,1,PFK,0.2814317775193228,0.2814317775193228,100.0,MINIMAL,0.0,NOT_A_TARGET
10797_AT1,MTHFD2,0.23437252228949343,0.23437252228949343,100.0,MINIMAL,3,MTHFCm;MTHFDm;MTHFD2m,0.2814317775193228,0.2814317775193228,100.0,MINIMAL,0.0,NOT_A_TARGET
3631_AT2,INPP4A,0.23437252228949343,0.23437252228949343,100.0,MINIMAL,1,MI34PP,0.2814317775193228,0.2814317775193228,100.0,MINIMAL,0.0,NOT_A_TARGET
285216_AT1,285216_AT1,0.23437252228949343,0.23437252228949343,100.0,MINIMAL,1,MTHFC,0.2814317775193228,0.2814317775193228,100.0,MINIMAL,0.0,NOT_A_TARGET
64802_AT1,NMNAT1,0.23437252228949343,0.23437252228949343,100.0,MINIMAL,2,NNATn;NMNATn,0.2814317775193228,0.2814317775193228,100.0,MINIMAL,0.0,NOT_A_TARGET
23057_AT1,NMNAT2,0.23437252228949343,0.23437252228949343,100.0,MINIMAL,2,NNATr_copy2;NMNAT,0.2814317775193228,0.2814317775193228,100.0,MINIMAL,0.0,NOT_A_TARGET
23057_AT2,NMNAT2,0.23437252228949343,0.23437252228949343,100.0,MINIMAL,2,NNATr_copy2;NMNAT,0.2814317775193228,0.2814317775193228,100.0,MINIMAL,0.0,NOT_A_TARGET
23475_AT1,QPRT,0.23437252228949343,0.23437252228949343,100.0,MINIMAL,1,NNDPR,0.2814317775193228,0.2814317775193228,100.0,MINIMAL,0.0,NOT_A_TARGET
84693_AT1,MCEE,0.23437252228949343,0.23437252228949343,100.0,MINIMAL,1,MMEm,0.2814317775193228,0.2814317775193228,100.0,MINIMAL,0.0,NOT_A_TARGET
4837_AT1,NNMT,0.23437252228949343,0.23437252228949343,100.0,MINIMAL,1,NNMT,0.2814317775193228,0.2814317775193228,100.0,MINIMAL,0.0,NOT_A_TARGET
9227_AT1,LRAT,0.23437252228949343,0.23437252228949343,100.0,MINIMAL,1,LRAT,0.2814317775193228,0.2814317775193228,100.0,MINIMAL,0.0,NOT_A_TARGET
3290_AT2,HSD11B1,0.23437252228949343,0.23437252228949343,100.0,MINIMAL,1,HSD11B1r,0.2814317775193228,0.2814317775193228,100.0,MINIMAL,0.0,NOT_A_TARGET
9388_AT1,LIPG,0.23437252228949343,0.23437252228949343,100.0,MINIMAL,1,LPSe,0.2814317775193228,0.2814317775193228,100.0,MINIMAL,0.0,NOT_A_TARGET
5009_AT1,OTC,0.23437252228949343,0.23437252228949343,100.0,MINIMAL,1,OCBTm,0.2814317775193228,0.2814317775193228,100.0,MINIMAL,0.0,NOT_A_TARGET
23632_AT1,CA14,0.23437252228949343,0.23437252228949343,100.0,MINIMAL,1,H2CO3D,0.2814317775193228,0.2814317775193228,100.0,MINIMAL,0.0,NOT_A_TARGET
5236_AT1,PGM1,0.23437252228949343,0.23437252228949343,100.0,MINIMAL,2,PPM;PGMT,0.2814317775193228,0.2814317775193228,100.0,MINIMAL,0.0,NOT_A_TARGET
55276_AT1,PGM2,0.23437252228949343,0.23437252228949343,100.0,MINIMAL,1,PGMT,0.2814317775193228,0.2814317775193228,100.0,MINIMAL,0.0,NOT_A_TARGET
480_AT1,ATP1A4,0.23437252228949343,0.23437252228949343,100.0,MINIMAL,1,NaKt,0.2814317775193228,0.2814317775193228,100.0,MINIMAL,0.0,NOT_A_TARGET
482_AT1,ATP1B2,0.23437252228949343,0.23437252228949343,100.0,MINIMAL,1,NaKt,0.2814317775193228,0.2814317775193228,100.0,MINIMAL,0.0,NOT_A_TARGET
483_AT1,ATP1B3,0.23437252228949343,0.23437252228949343,100.0,MINIMAL,1,NaKt,0.2814317775193228,0.2814317775193228,100.0,MINIMAL,0.0,NOT_A_TARGET
5742_AT1,PTGS1,0.23437252228949343,0.23437252228949343,100.0,MINIMAL,2,PGSr;PGS,0.2814317775193228,0.2814317775193228,100.0,MINIMAL,0.0,NOT_A_TARGET
5743_AT1,PTGS2,0.23437252228949343,0.23437252228949343,100.0,MINIMAL,2,PGSr;PGS,0.2814317775193228,0.2814317775193228,100.0,MINIMAL,0.0,NOT_A_TARGET
5053_AT1,PAH,0.23437252228949343,0.23437252228949343,100.0,MINIMAL,1,PHETHPTOX2,0.2814317775193228,0.2814317775193228,100.0,MINIMAL,0.0,NOT_A_TARGET
1572_AT1,CYP2F1,0.23437252228949343,0.23437252228949343,100.0,MINIMAL,1,P4502F1,0.2814317775193228,0.2814317775193228,100.0,MINIMAL,0.0,NOT_A_TARGET
5019_AT1,OXCT1,0.23437252228949343,0.23437252228949343,100.0,MINIMAL,1,OCOAT1m,0.2814317775193228,0.2814317775193228,100.0,MINIMAL,0.0,NOT_A_TARGET
10861_AT2,SLC26A1,0.23437252228949343,0.23437252228949343,100.0,MINIMAL,2,SO4HCOtex;OXAHCOtex,0.2814317775193228,0.2814317775193228,100.0,MINIMAL,0.0,NOT_A_TARGET
5294_AT1,PIK3CG,0.23437252228949343,0.23437252228949343,100.0,MINIMAL,4,PIK3;PI45P3K;PI4P3K;PI5P3K,0.2814317775193228,0.2814317775193228,100.0,MINIMAL,0.0,NOT_A_TARGET
5333_AT1,PLCD1,0.23437252228949343,0.23437252228949343,100.0,MINIMAL,3,PI45PLC;PIPLC;PI4PLC,0.2814317775193228,0.2814317775193228,100.0,MINIMAL,0.0,NOT_A_TARGET
5723_AT1,PSPH,0.23437252228949343,0.23437252228949343,100.0,MINIMAL,1,PSP_L,0.2814317775193228,0.2814317775193228,100.0,MINIMAL,0.0,NOT_A_TARGET
1562_AT1,CYP2C18,0.23437252228949343,0.23437252228949343,100.0,MINIMAL,1,P4502C18,0.2814317775193228,0.2814317775193228,100.0,MINIMAL,0.0,NOT_A_TARGET
1559_AT1,CYP2C9,0.23437252228949343,0.23437252228949343,100.0,MINIMAL,4,P4502C94;P4502C9;P4502C92;P4502C93,0.2814317775193228,0.2814317775193228,100.0,MINIMAL,0.0,NOT_A_TARGET
29968_AT2,PSAT1,0.23437252228949343,0.23437252228949343,100.0,MINIMAL,1,PSERT,0.2814317775193228,0.2814317775193228,100.0,MINIMAL,0.0,NOT_A_TARGET
23439_AT1,ATP1B4,0.23437252228949343,0.23437252228949343,100.0,MINIMAL,1,NaKt,0.2814317775193228,0.2814317775193228,100.0,MINIMAL,0.0,NOT_A_TARGET
476_AT1,ATP1A1,0.23437252228949343,0.23437252228949343,100.0,MINIMAL,1,NaKt,0.2814317775193228,0.2814317775193228,100.0,MINIMAL,0.0,NOT_A_TARGET
25796_AT1,PGLS,0.23437252228949343,0.23437252228949343,100.0,MINIMAL,1,PGL,0.2814317775193228,0.2814317775193228,100.0,MINIMAL,0.0,NOT_A_TARGET
481_AT1,ATP1B1,0.23437252228949343,0.23437252228949343,100.0,MINIMAL,1,NaKt,0.2814317775193228,0.2814317775193228,100.0,MINIMAL,0.0,NOT_A_TARGET
8897_AT1,MTMR3,0.23437252228949343,0.23437252228949343,100.0,MINIMAL,2,PI3PP;PI35P3P,0.2814317775193228,0.2814317775193228,100.0,MINIMAL,0.0,NOT_A_TARGET
4953_AT1,ODC1,0.23437252228949343,0.23437252228949343,100.0,MINIMAL,1,ORNDC,0.2814317775193228,0.2814317775193228,100.0,MINIMAL,0.0,NOT_A_TARGET
10861_AT3,SLC26A1,0.23437252228949343,0.23437252228949343,100.0,MINIMAL,2,SO4HCOtex;OXAHCOtex,0.2814317775193228,0.2814317775193228,100.0,MINIMAL,0.0,NOT_A_TARGET
8897_AT3,MTMR3,0.23437252228949343,0.23437252228949343,100.0,MINIMAL,2,PI3PP;PI35P3P,0.2814317775193228,0.2814317775193228,100.0,MINIMAL,0.0,NOT_A_TARGET
8897_AT2,MTMR3,0.23437252228949343,0.23437252228949343,100.0,MINIMAL,2,PI3PP;PI35P3P,0.2814317775193228,0.2814317775193228,100.0,MINIMAL,0.0,NOT_A_TARGET
5298_AT1,PI4KB,0.23437252228949343,0.23437252228949343,100.0,MINIMAL,3,PI3P4K;PI5P4K;PIK4,0.2814317775193228,0.2814317775193228,100.0,MINIMAL,0.0,NOT_A_TARGET
4942_AT1,OAT,0.23437252228949343,0.23437252228949343,100.0,MINIMAL,1,ORNTArm,0.2814317775193228,0.2814317775193228,100.0,MINIMAL,0.0,NOT_A_TARGET
10861_AT1,SLC26A1,0.23437252228949343,0.23437252228949343,100.0,MINIMAL,2,SO4HCOtex;OXAHCOtex,0.2814317775193228,0.2814317775193228,100.0,MINIMAL,0.0,NOT_A_TARGET
55361_AT1,PI4K2A,0.23437252228949343,0.23437252228949343,100.0,MINIMAL,3,PI3P4K;PI5P4K;PIK4,0.2814317775193228,0.2814317775193228,100.0,MINIMAL,0.0,NOT_A_TARGET
5297_AT1,PI4KA,0.23437252228949343,0.23437252228949343,100.0,MINIMAL,3,PI3P4K;PI5P4K;PIK4,0.2814317775193228,0.2814317775193228,100.0,MINIMAL,0.0,NOT_A_TARGET
8503_AT1,PIK3R3,0.23437252228949343,0.23437252228949343,100.0,MINIMAL,4,PIK3;PI45P3K;PI4P3K;PI5P3K,0.2814317775193228,0.2814317775193228,100.0,MINIMAL,0.0,NOT_A_TARGET
8871_AT1,SYNJ2,0.23437252228949343,0.23437252228949343,100.0,MINIMAL,2,PI45P5P;PI345P5P,0.2814317775193228,0.2814317775193228,100.0,MINIMAL,0.0,NOT_A_TARGET
5728_AT1,PTEN,0.23437252228949343,0.23437252228949343,100.0,MINIMAL,2,PI345P3Pn;PI345P3P,0.2814317775193228,0.2814317775193228,100.0,MINIMAL,0.0,NOT_A_TARGET
593_AT1,BCKDHA,0.23437252228949343,0.23437252228949343,100.0,MINIMAL,3,OIVD1m;OIVD2m;OIVD3m,0.2814317775193228,0.2814317775193228,100.0,MINIMAL,0.0,NOT_A_TARGET
64064_AT1,OXCT2,0.23437252228949343,0.23437252228949343,100.0,MINIMAL,1,OCOAT1m,0.2814317775193228,0.2814317775193228,100.0,MINIMAL,0.0,NOT_A_TARGET
5230_AT1,PGK1,0.23437252228949343,0.23437252228949343,100.0,MINIMAL,1,PGK,0.2814317775193228,0.2814317775193228,100.0,MINIMAL,0.0,NOT_A_TARGET
477_AT1,ATP1A2,0.23437252228949343,0.23437252228949343,100.0,MINIMAL,1,NaKt,0.2814317775193228,0.2814317775193228,100.0,MINIMAL,0.0,NOT_A_TARGET
1565_AT1,CYP2D6,0.23437252228949343,0.23437252228949343,100.0,MINIMAL,1,P4502D6,0.2814317775193228,0.2814317775193228,100.0,MINIMAL,0.0,NOT_A_TARGET
5336_AT1,PLCG2,0.23437252228949343,0.23437252228949343,100.0,MINIMAL,3,PI45PLC;PIPLC;PI4PLC,0.2814317775193228,0.2814317775193228,100.0,MINIMAL,0.0,NOT_A_TARGET
7372_AT1,UMPS,0.23437252228949343,0.23437252228949343,100.0,MINIMAL,2,OMPDC;ORPT,0.2814317775193228,0.2814317775193228,100.0,MINIMAL,0.0,NOT_A_TARGET
6550_AT1,SLC9A3,0.23437252228949343,0.23437252228949343,100.0,MINIMAL,2,NAt3_1;NAt5,0.2814317775193228,0.2814317775193228,100.0,MINIMAL,0.0,NOT_A_TARGET
5291_AT1,PIK3CB,0.23437252228949343,0.23437252228949343,100.0,MINIMAL,4,PIK3;PI45P3K;PI4P3K;PI5P3K,0.2814317775193228,0.2814317775193228,100.0,MINIMAL,0.0,NOT_A_TARGET
5295_AT1,PIK3R1,0.23437252228949343,0.23437252228949343,100.0,MINIMAL,4,PIK3;PI45P3K;PI4P3K;PI5P3K,0.2814317775193228,0.2814317775193228,100.0,MINIMAL,0.0,NOT_A_TARGET
9498_AT1,SLC4A8,0.23437252228949343,0.23437252228949343,100.0,MINIMAL,1,NAHCO3_HCLt,0.2814317775193228,0.2814317775193228,100.0,MINIMAL,0.0,NOT_A_TARGET
57282_AT1,SLC4A10,0.23437252228949343,0.23437252228949343,100.0,MINIMAL,1,NAHCO3_HCLt,0.2814317775193228,0.2814317775193228,100.0,MINIMAL,0.0,NOT_A_TARGET
10870_AT1,HCST,0.23437252228949343,0.23437252228949343,100.0,MINIMAL,4,PIK3;PI45P3K;PI4P3K;PI5P3K,0.2814317775193228,0.2814317775193228,100.0,MINIMAL,0.0,NOT_A_TARGET
6528_AT1,SLC5A5,0.23437252228949343,0.23437252228949343,100.0,MINIMAL,3,UREAt;NAt;NAIt,0.2814317775193228,0.2814317775193228,100.0,MINIMAL,0.0,NOT_A_TARGET
5290_AT1,PIK3CA,0.23437252228949343,0.23437252228949343,100.0,MINIMAL,4,PIK3;PI45P3K;PI4P3K;PI5P3K,0.2814317775193228,0.2814317775193228,100.0,MINIMAL,0.0,NOT_A_TARGET
1553_AT1,CYP2A13,0.23437252228949343,0.23437252228949343,100.0,MINIMAL,1,P4502A6,0.2814317775193228,0.2814317775193228,100.0,MINIMAL,0.0,NOT_A_TARGET
23533_AT1,PIK3R5,0.23437252228949343,0.23437252228949343,100.0,MINIMAL,4,PIK3;PI45P3K;PI4P3K;PI5P3K,0.2814317775193228,0.2814317775193228,100.0,MINIMAL,0.0,NOT_A_TARGET
5335_AT1,PLCG1,0.23437252228949343,0.23437252228949343,100.0,MINIMAL,3,PI45PLC;PIPLC;PI4PLC,0.2814317775193228,0.2814317775193228,100.0,MINIMAL,0.0,NOT_A_TARGET
29968_AT1,PSAT1,0.23437252228949343,0.23437252228949343,100.0,MINIMAL,1,PSERT,0.2814317775193228,0.2814317775193228,100.0,MINIMAL,0.0,NOT_A_TARGET
5140_AT1,PDE3B,0.23437252228949343,0.23437252228949343,100.0,MINIMAL,2,PDE1;PDE4,0.2814317775193228,0.2814317775193228,100.0,MINIMAL,0.0,NOT_A_TARGET
5151_AT4,PDE8A,0.23437252228949343,0.23437252228949343,100.0,MINIMAL,1,PDE1,0.2814317775193228,0.2814317775193228,100.0,MINIMAL,0.0,NOT_A_TARGET
8398_AT1,PLA2G6,0.23437252228949343,0.23437252228949343,100.0,MINIMAL,1,PLA2_2,0.2814317775193228,0.2814317775193228,100.0,MINIMAL,0.0,NOT_A_TARGET
7498_AT1,XDH,0.23437252228949343,0.23437252228949343,100.0,MINIMAL,3,XAO2x;XANDp;XAOx,0.2814317775193228,0.2814317775193228,100.0,MINIMAL,0.0,NOT_A_TARGET
3098_AT3,HK1,0.23437252228949343,0.23437252228949343,100.0,MINIMAL,4,HEX1;HEX10;HEX7;HEX4,0.2814317775193228,0.2814317775193228,100.0,MINIMAL,0.0,NOT_A_TARGET
7389_AT1,UROD,0.23437252228949343,0.23437252228949343,100.0,MINIMAL,1,UPPDC1,0.2814317775193228,0.2814317775193228,100.0,MINIMAL,0.0,NOT_A_TARGET
55512_AT1,SMPD3,0.23437252228949343,0.23437252228949343,100.0,MINIMAL,1,SMPD3l,0.2814317775193228,0.2814317775193228,100.0,MINIMAL,0.0,NOT_A_TARGET
1548_AT1,CYP2A6,0.23437252228949343,0.23437252228949343,100.0,MINIMAL,1,P4502A6,0.2814317775193228,0.2814317775193228,100.0,MINIMAL,0.0,NOT_A_TARGET
1593_AT1,CYP27A1,0.23437252228949343,0.23437252228949343,100.0,MINIMAL,7,P45027A11m;P45027A15m;P45027A14m;P45027A13m;P45027A16m;P45027A12m;VITD3Hm,0.2814317775193228,0.2814317775193228,100.0,MINIMAL,0.0,NOT_A_TARGET
5295_AT2,PIK3R1,0.23437252228949343,0.23437252228949343,100.0,MINIMAL,4,PIK3;PI45P3K;PI4P3K;PI5P3K,0.2814317775193228,0.2814317775193228,100.0,MINIMAL,0.0,NOT_A_TARGET
55191_AT1,NADSYN1,0.23437252228949343,0.23437252228949343,100.0,MINIMAL,1,NADS2,0.2814317775193228,0.2814317775193228,100.0,MINIMAL,0.0,NOT_A_TARGET
8781_AT1,8781_AT1,0.23437252228949343,0.23437252228949343,100.0,MINIMAL,1,PSP_L,0.2814317775193228,0.2814317775193228,100.0,MINIMAL,0.0,NOT_A_TARGET
257068_AT1,PLCXD2,0.23437252228949343,0.23437252228949343,100.0,MINIMAL,3,PI45PLC;PIPLC;PI4PLC,0.2814317775193228,0.2814317775193228,100.0,MINIMAL,0.0,NOT_A_TARGET
5295_AT3,PIK3R1,0.23437252228949343,0.23437252228949343,100.0,MINIMAL,4,PIK3;PI45P3K;PI4P3K;PI5P3K,0.2814317775193228,0.2814317775193228,100.0,MINIMAL,0.0,NOT_A_TARGET
9791_AT1,PTDSS1,0.23437252228949343,0.23437252228949343,100.0,MINIMAL,1,PSSA1_hs,0.2814317775193228,0.2814317775193228,100.0,MINIMAL,0.0,NOT_A_TARGET
89869_AT1,PLCZ1,0.23437252228949343,0.23437252228949343,100.0,MINIMAL,3,PI45PLC;PIPLC;PI4PLC,0.2814317775193228,0.2814317775193228,100.0,MINIMAL,0.0,NOT_A_TARGET
5334_AT1,PLCL1,0.23437252228949343,0.23437252228949343,100.0,MINIMAL,3,PI45PLC;PIPLC;PI4PLC,0.2814317775193228,0.2814317775193228,100.0,MINIMAL,0.0,NOT_A_TARGET
51302_AT1,CYP39A1,0.23437252228949343,0.23437252228949343,100.0,MINIMAL,1,P45039A1r,0.2814317775193228,0.2814317775193228,100.0,MINIMAL,0.0,NOT_A_TARGET
81490_AT1,PTDSS2,0.23437252228949343,0.23437252228949343,100.0,MINIMAL,1,PSSA2_hs,0.2814317775193228,0.2814317775193228,100.0,MINIMAL,0.0,NOT_A_TARGET
10965_AT1,ACOT2,0.23437252228949343,0.23437252228949343,100.0,MINIMAL,1,PTE3x,0.2814317775193228,0.2814317775193228,100.0,MINIMAL,0.0,NOT_A_TARGET
5335_AT2,PLCG1,0.23437252228949343,0.23437252228949343,100.0,MINIMAL,3,PI45PLC;PIPLC;PI4PLC,0.2814317775193228,0.2814317775193228,100.0,MINIMAL,0.0,NOT_A_TARGET
84812_AT1,PLCD4,0.23437252228949343,0.23437252228949343,100.0,MINIMAL,3,PI45PLC;PIPLC;PI4PLC,0.2814317775193228,0.2814317775193228,100.0,MINIMAL,0.0,NOT_A_TARGET
23236_AT1,PLCB1,0.23437252228949343,0.23437252228949343,100.0,MINIMAL,3,PI45PLC;PIPLC;PI4PLC,0.2814317775193228,0.2814317775193228,100.0,MINIMAL,0.0,NOT_A_TARGET
5332_AT2,PLCB4,0.23437252228949343,0.23437252228949343,100.0,MINIMAL,3,PI45PLC;PIPLC;PI4PLC,0.2814317775193228,0.2814317775193228,100.0,MINIMAL,0.0,NOT_A_TARGET
4952_AT1,OCRL,0.23437252228949343,0.23437252228949343,100.0,MINIMAL,1,PI45P5P,0.2814317775193228,0.2814317775193228,100.0,MINIMAL,0.0,NOT_A_TARGET
4952_AT2,OCRL,0.23437252228949343,0.23437252228949343,100.0,MINIMAL,1,PI45P5P,0.2814317775193228,0.2814317775193228,100.0,MINIMAL,0.0,NOT_A_TARGET
5293_AT1,PIK3CD,0.23437252228949343,0.23437252228949343,100.0,MINIMAL,4,PIK3;PI45P3K;PI4P3K;PI5P3K,0.2814317775193228,0.2814317775193228,100.0,MINIMAL,0.0,NOT_A_TARGET
5296_AT1,PIK3R2,0.23437252228949343,0.23437252228949343,100.0,MINIMAL,4,PIK3;PI45P3K;PI4P3K;PI5P3K,0.2814317775193228,0.2814317775193228,100.0,MINIMAL,0.0,NOT_A_TARGET
8395_AT1,PIP5K1B,0.23437252228949343,0.23437252228949343,100.0,MINIMAL,5,PI3P4K;PI4P5K;PI3P5K;PIK5;PI34P5K,0.2814317775193228,0.2814317775193228,100.0,MINIMAL,0.0,NOT_A_TARGET
1629_AT1,DBT,0.23437252228949343,0.23437252228949343,100.0,MINIMAL,3,OIVD1m;OIVD2m;OIVD3m,0.2814317775193228,0.2814317775193228,100.0,MINIMAL,0.0,NOT_A_TARGET
8170_AT1,SLC14A2,0.23437252228949343,0.23437252228949343,100.0,MINIMAL,1,UREAt,0.2814317775193228,0.2814317775193228,100.0,MINIMAL,0.0,NOT_A_TARGET
65263_AT1,PYCRL,0.23437252228949343,0.23437252228949343,100.0,MINIMAL,2,P5CRx;P5CR,0.2814317775193228,0.2814317775193228,100.0,MINIMAL,0.0,NOT_A_TARGET
23236_AT2,PLCB1,0.23437252228949343,0.23437252228949343,100.0,MINIMAL,3,PI45PLC;PIPLC;PI4PLC,0.2814317775193228,0.2814317775193228,100.0,MINIMAL,0.0,NOT_A_TARGET
113026_AT1,PLCD3,0.23437252228949343,0.23437252228949343,100.0,MINIMAL,3,PI45PLC;PIPLC;PI4PLC,0.2814317775193228,0.2814317775193228,100.0,MINIMAL,0.0,NOT_A_TARGET
5315_AT1,PKM,0.23437252228949343,0.23437252228949343,100.0,MINIMAL,1,PYK,0.2814317775193228,0.2814317775193228,100.0,MINIMAL,0.0,NOT_A_TARGET
1581_AT1,CYP7A1,0.23437252228949343,0.23437252228949343,100.0,MINIMAL,1,P4507A1r,0.2814317775193228,0.2814317775193228,100.0,MINIMAL,0.0,NOT_A_TARGET
23007_AT1,PLCH1,0.23437252228949343,0.23437252228949343,100.0,MINIMAL,3,PI45PLC;PIPLC;PI4PLC,0.2814317775193228,0.2814317775193228,100.0,MINIMAL,0.0,NOT_A_TARGET
5315_AT3,PKM,0.23437252228949343,0.23437252228949343,100.0,MINIMAL,1,PYK,0.2814317775193228,0.2814317775193228,100.0,MINIMAL,0.0,NOT_A_TARGET
5288_AT1,PIK3C2G,0.23437252228949343,0.23437252228949343,100.0,MINIMAL,3,PIK3;PI4P3K;PI5P3K,0.2814317775193228,0.2814317775193228,100.0,MINIMAL,0.0,NOT_A_TARGET
1582_AT1,CYP8B1,0.23437252228949343,0.23437252228949343,100.0,MINIMAL,2,P4508B13r;P4508B11r,0.2814317775193228,0.2814317775193228,100.0,MINIMAL,0.0,NOT_A_TARGET
113452_AT1,TMEM54,0.23437252228949343,0.23437252228949343,100.0,MINIMAL,1,PYK,0.2814317775193228,0.2814317775193228,100.0,MINIMAL,0.0,NOT_A_TARGET
10050_AT1,SLC17A4,0.23437252228949343,0.23437252228949343,100.0,MINIMAL,1,PIt7_copy2,0.2814317775193228,0.2814317775193228,100.0,MINIMAL,0.0,NOT_A_TARGET
5286_AT1,PIK3C2A,0.23437252228949343,0.23437252228949343,100.0,MINIMAL,3,PIK3;PI4P3K;PI5P3K,0.2814317775193228,0.2814317775193228,100.0,MINIMAL,0.0,NOT_A_TARGET
57194_AT1,ATP10A,0.23437252228949343,0.23437252228949343,100.0,MINIMAL,5,PSFLIPm;PEFLIPm;PSFLIP;PEFLIP;PCFLOPm,0.2814317775193228,0.2814317775193228,100.0,MINIMAL,0.0,NOT_A_TARGET
55312_AT1,RFK,0.23437252228949343,0.23437252228949343,100.0,MINIMAL,1,RBFK,0.2814317775193228,0.2814317775193228,100.0,MINIMAL,0.0,NOT_A_TARGET
5330_AT1,PLCB2,0.23437252228949343,0.23437252228949343,100.0,MINIMAL,3,PI45PLC;PIPLC;PI4PLC,0.2814317775193228,0.2814317775193228,100.0,MINIMAL,0.0,NOT_A_TARGET
6575_AT1,SLC20A2,0.23437252228949343,0.23437252228949343,100.0,MINIMAL,1,PIt8,0.2814317775193228,0.2814317775193228,100.0,MINIMAL,0.0,NOT_A_TARGET
5137_AT1,PDE1C,0.23437252228949343,0.23437252228949343,100.0,MINIMAL,2,PDE1;PDE4,0.2814317775193228,0.2814317775193228,100.0,MINIMAL,0.0,NOT_A_TARGET
10568_AT1,SLC34A2,0.23437252228949343,0.23437252228949343,100.0,MINIMAL,1,PIt7_copy1,0.2814317775193228,0.2814317775193228,100.0,MINIMAL,0.0,NOT_A_TARGET
22934_AT1,RPIA,0.23437252228949343,0.23437252228949343,100.0,MINIMAL,1,RPI,0.2814317775193228,0.2814317775193228,100.0,MINIMAL,0.0,NOT_A_TARGET
8566_AT1,PDXK,0.23437252228949343,0.23437252228949343,100.0,MINIMAL,3,PYDAMK;PYDXK;PYDXNK,0.2814317775193228,0.2814317775193228,100.0,MINIMAL,0.0,NOT_A_TARGET
9651_AT1,PLCH2,0.23437252228949343,0.23437252228949343,100.0,MINIMAL,3,PI45PLC;PIPLC;PI4PLC,0.2814317775193228,0.2814317775193228,100.0,MINIMAL,0.0,NOT_A_TARGET
66002_AT1,CYP4F12,0.23437252228949343,0.23437252228949343,100.0,MINIMAL,1,P4504F123r,0.2814317775193228,0.2814317775193228,100.0,MINIMAL,0.0,NOT_A_TARGET
10858_AT1,CYP46A1,0.23437252228949343,0.23437252228949343,100.0,MINIMAL,1,P45046A1r,0.2814317775193228,0.2814317775193228,100.0,MINIMAL,0.0,NOT_A_TARGET
79837_AT1,PIP4K2C,0.23437252228949343,0.23437252228949343,100.0,MINIMAL,1,PI4P5K,0.2814317775193228,0.2814317775193228,100.0,MINIMAL,0.0,NOT_A_TARGET
5048_AT1,PAFAH1B1,0.23437252228949343,0.23437252228949343,100.0,MINIMAL,1,PAFH,0.2814317775193228,0.2814317775193228,100.0,MINIMAL,0.0,NOT_A_TARGET
5289_AT1,PIK3C3,0.23437252228949343,0.23437252228949343,100.0,MINIMAL,2,PIK3;PI5P3K,0.2814317775193228,0.2814317775193228,100.0,MINIMAL,0.0,NOT_A_TARGET
7378_AT1,UPP1,0.23437252228949343,0.23437252228949343,100.0,MINIMAL,1,PYNP2r,0.2814317775193228,0.2814317775193228,100.0,MINIMAL,0.0,NOT_A_TARGET
5051_AT1,PAFAH2,0.23437252228949343,0.23437252228949343,100.0,MINIMAL,1,PAFH,0.2814317775193228,0.2814317775193228,100.0,MINIMAL,0.0,NOT_A_TARGET
200576_AT1,PIKFYVE,0.23437252228949343,0.23437252228949343,100.0,MINIMAL,1,PI4P5K,0.2814317775193228,0.2814317775193228,100.0,MINIMAL,0.0,NOT_A_TARGET
8396_AT1,PIP4K2B,0.23437252228949343,0.23437252228949343,100.0,MINIMAL,1,PI4P5K,0.2814317775193228,0.2814317775193228,100.0,MINIMAL,0.0,NOT_A_TARGET
2944_AT1,GSTM1,0.23437252228949343,0.23437252228949343,100.0,MINIMAL,1,RAI3,0.2814317775193228,0.2814317775193228,100.0,MINIMAL,0.0,NOT_A_TARGET
5305_AT1,PIP4K2A,0.23437252228949343,0.23437252228949343,100.0,MINIMAL,1,PI4P5K,0.2814317775193228,0.2814317775193228,100.0,MINIMAL,0.0,NOT_A_TARGET
200576_AT3,PIKFYVE,0.23437252228949343,0.23437252228949343,100.0,MINIMAL,1,PI4P5K,0.2814317775193228,0.2814317775193228,100.0,MINIMAL,0.0,NOT_A_TARGET
2944_AT2,GSTM1,0.23437252228949343,0.23437252228949343,100.0,MINIMAL,1,RAI3,0.2814317775193228,0.2814317775193228,100.0,MINIMAL,0.0,NOT_A_TARGET
5831_AT2,PYCR1,0.23437252228949343,0.23437252228949343,100.0,MINIMAL,2,P5CRxm;P5CRm,0.2814317775193228,0.2814317775193228,100.0,MINIMAL,0.0,NOT_A_TARGET
5313_AT1,PKLR,0.23437252228949343,0.23437252228949343,100.0,MINIMAL,1,PYK,0.2814317775193228,0.2814317775193228,100.0,MINIMAL,0.0,NOT_A_TARGET
29920_AT1,PYCR2,0.23437252228949343,0.23437252228949343,100.0,MINIMAL,2,P5CRx;P5CR,0.2814317775193228,0.2814317775193228,100.0,MINIMAL,0.0,NOT_A_TARGET
5315_AT2,PKM,0.23437252228949343,0.23437252228949343,100.0,MINIMAL,1,PYK,0.2814317775193228,0.2814317775193228,100.0,MINIMAL,0.0,NOT_A_TARGET
1577_AT1,CYP3A5,0.23437252228949343,0.23437252228949343,100.0,MINIMAL,1,P4503A5,0.2814317775193228,0.2814317775193228,100.0,MINIMAL,0.0,NOT_A_TARGET
5332_AT1,PLCB4,0.23437252228949343,0.23437252228949343,100.0,MINIMAL,3,PI45PLC;PIPLC;PI4PLC,0.2814317775193228,0.2814317775193228,100.0,MINIMAL,0.0,NOT_A_TARGET
6568_AT1,SLC17A1,0.23437252228949343,0.23437252228949343,100.0,MINIMAL,1,PIt7_copy2,0.2814317775193228,0.2814317775193228,100.0,MINIMAL,0.0,NOT_A_TARGET
10786_AT1,SLC17A3,0.23437252228949343,0.23437252228949343,100.0,MINIMAL,1,PIt7_copy2,0.2814317775193228,0.2814317775193228,100.0,MINIMAL,0.0,NOT_A_TARGET
23396_AT1,PIP5K1C,0.23437252228949343,0.23437252228949343,100.0,MINIMAL,5,PI3P4K;PI4P5K;PI3P5K;PIK5;PI34P5K,0.2814317775193228,0.2814317775193228,100.0,MINIMAL,0.0,NOT_A_TARGET
5250_AT1,SLC25A3,0.23437252228949343,0.23437252228949343,100.0,MINIMAL,1,PIt2m,0.2814317775193228,0.2814317775193228,100.0,MINIMAL,0.0,NOT_A_TARGET
5091_AT1,PC,0.23437252228949343,0.23437252228949343,100.0,MINIMAL,1,PCm,0.2814317775193228,0.2814317775193228,100.0,MINIMAL,0.0,NOT_A_TARGET
112724_AT1,RDH13,0.23437252228949343,0.23437252228949343,100.0,MINIMAL,3,RDH1a;RDH2a;RDH3a,0.2814317775193228,0.2814317775193228,100.0,MINIMAL,0.0,NOT_A_TARGET
5091_AT2,PC,0.23437252228949343,0.23437252228949343,100.0,MINIMAL,1,PCm,0.2814317775193228,0.2814317775193228,100.0,MINIMAL,0.0,NOT_A_TARGET
157506_AT1,RDH10,0.23437252228949343,0.23437252228949343,100.0,MINIMAL,1,RDH1a,0.2814317775193228,0.2814317775193228,100.0,MINIMAL,0.0,NOT_A_TARGET
50700_AT1,RDH8,0.23437252228949343,0.23437252228949343,100.0,MINIMAL,2,RDH1a;RDH2a,0.2814317775193228,0.2814317775193228,100.0,MINIMAL,0.0,NOT_A_TARGET
145226_AT1,RDH12,0.23437252228949343,0.23437252228949343,100.0,MINIMAL,3,RDH1a;RDH2a;RDH3a,0.2814317775193228,0.2814317775193228,100.0,MINIMAL,0.0,NOT_A_TARGET
8228_AT1,PNPLA4,0.23437252228949343,0.23437252228949343,100.0,MINIMAL,1,RETH,0.2814317775193228,0.2814317775193228,100.0,MINIMAL,0.0,NOT_A_TARGET
5140_AT2,PDE3B,0.23437252228949343,0.23437252228949343,100.0,MINIMAL,2,PDE1;PDE4,0.2814317775193228,0.2814317775193228,100.0,MINIMAL,0.0,NOT_A_TARGET
5250_AT3,SLC25A3,0.23437252228949343,0.23437252228949343,100.0,MINIMAL,1,PIt2m,0.2814317775193228,0.2814317775193228,100.0,MINIMAL,0.0,NOT_A_TARGET
10246_AT1,SLC17A2,0.23437252228949343,0.23437252228949343,100.0,MINIMAL,1,PIt7_copy2,0.2814317775193228,0.2814317775193228,100.0,MINIMAL,0.0,NOT_A_TARGET
54981_AT1,NMRK1,0.23437252228949343,0.23437252228949343,100.0,MINIMAL,1,RNMK,0.2814317775193228,0.2814317775193228,100.0,MINIMAL,0.0,NOT_A_TARGET
5331_AT1,PLCB3,0.23437252228949343,0.23437252228949343,100.0,MINIMAL,3,PI45PLC;PIPLC;PI4PLC,0.2814317775193228,0.2814317775193228,100.0,MINIMAL,0.0,NOT_A_TARGET
51196_AT1,PLCE1,0.23437252228949343,0.23437252228949343,100.0,MINIMAL,3,PI45PLC;PIPLC;PI4PLC,0.2814317775193228,0.2814317775193228,100.0,MINIMAL,0.0,NOT_A_TARGET
5232_AT1,PGK2,0.23437252228949343,0.23437252228949343,100.0,MINIMAL,1,PGK,0.2814317775193228,0.2814317775193228,100.0,MINIMAL,0.0,NOT_A_TARGET
26873_AT1,OPLAH,0.23437252228949343,0.23437252228949343,100.0,MINIMAL,1,OPAH,0.2814317775193228,0.2814317775193228,100.0,MINIMAL,0.0,NOT_A_TARGET
594_AT2,BCKDHB,0.23437252228949343,0.23437252228949343,100.0,MINIMAL,3,OIVD1m;OIVD2m;OIVD3m,0.2814317775193228,0.2814317775193228,100.0,MINIMAL,0.0,NOT_A_TARGET
594_AT1,BCKDHB,0.23437252228949343,0.23437252228949343,100.0,MINIMAL,3,OIVD1m;OIVD2m;OIVD3m,0.2814317775193228,0.2814317775193228,100.0,MINIMAL,0.0,NOT_A_TARGET
8394_AT1,PIP5K1A,0.23437252228949343,0.23437252228949343,100.0,MINIMAL,5,PI3P4K;PI4P5K;PI3P5K;PIK5;PI34P5K,0.2814317775193228,0.2814317775193228,100.0,MINIMAL,0.0,NOT_A_TARGET
51109_AT1,RDH11,0.23437252228949343,0.23437252228949343,100.0,MINIMAL,3,RDH1a;RDH2a;RDH3a,0.2814317775193228,0.2814317775193228,100.0,MINIMAL,0.0,NOT_A_TARGET
195814_AT1,SDR16C5,0.23437252228949343,0.23437252228949343,100.0,MINIMAL,3,RDH1a;RDH2a;RDH3a,0.2814317775193228,0.2814317775193228,100.0,MINIMAL,0.0,NOT_A_TARGET
57665_AT1,RDH14,0.23437252228949343,0.23437252228949343,100.0,MINIMAL,3,RDH1a;RDH2a;RDH3a,0.2814317775193228,0.2814317775193228,100.0,MINIMAL,0.0,NOT_A_TARGET
5959_AT1,RDH5,0.23437252228949343,0.23437252228949343,100.0,MINIMAL,4,RDH4;RDH3;RDH2;RDH1,0.2814317775193228,0.2814317775193228,100.0,MINIMAL,0.0,NOT_A_TARGET
6574_AT1,SLC20A1,0.23437252228949343,0.23437252228949343,100.0,MINIMAL,1,PIt8,0.2814317775193228,0.2814317775193228,100.0,MINIMAL,0.0,NOT_A_TARGET
5151_AT1,PDE8A,0.23437252228949343,0.23437252228949343,100.0,MINIMAL,1,PDE1,0.2814317775193228,0.2814317775193228,100.0,MINIMAL,0.0,NOT_A_TARGET
5338_AT1,PLD2,0.23437252228949343,0.23437252228949343,100.0,MINIMAL,1,PCHOLP_hs,0.2814317775193228,0.2814317775193228,100.0,MINIMAL,0.0,NOT_A_TARGET
5143_AT1,PDE4C,0.23437252228949343,0.23437252228949343,100.0,MINIMAL,1,PDE1,0.2814317775193228,0.2814317775193228,100.0,MINIMAL,0.0,NOT_A_TARGET
5139_AT1,PDE3A,0.23437252228949343,0.23437252228949343,100.0,MINIMAL,2,PDE1;PDE4,0.2814317775193228,0.2814317775193228,100.0,MINIMAL,0.0,NOT_A_TARGET
5151_AT2,PDE8A,0.23437252228949343,0.23437252228949343,100.0,MINIMAL,1,PDE1,0.2814317775193228,0.2814317775193228,100.0,MINIMAL,0.0,NOT_A_TARGET
5150_AT2,PDE7A,0.23437252228949343,0.23437252228949343,100.0,MINIMAL,1,PDE1,0.2814317775193228,0.2814317775193228,100.0,MINIMAL,0.0,NOT_A_TARGET
27115_AT1,PDE7B,0.23437252228949343,0.23437252228949343,100.0,MINIMAL,1,PDE1,0.2814317775193228,0.2814317775193228,100.0,MINIMAL,0.0,NOT_A_TARGET
5151_AT5,PDE8A,0.23437252228949343,0.23437252228949343,100.0,MINIMAL,1,PDE1,0.2814317775193228,0.2814317775193228,100.0,MINIMAL,0.0,NOT_A_TARGET
10846_AT1,PDE10A,0.23437252228949343,0.23437252228949343,100.0,MINIMAL,2,PDE1;PDE4,0.2814317775193228,0.2814317775193228,100.0,MINIMAL,0.0,NOT_A_TARGET
142680_AT1,SLC34A3,0.23437252228949343,0.23437252228949343,100.0,MINIMAL,1,PIt9,0.2814317775193228,0.2814317775193228,100.0,MINIMAL,0.0,NOT_A_TARGET
5136_AT2,PDE1A,0.23437252228949343,0.23437252228949343,100.0,MINIMAL,2,PDE1;PDE4,0.2814317775193228,0.2814317775193228,100.0,MINIMAL,0.0,NOT_A_TARGET
6569_AT1,SLC34A1,0.23437252228949343,0.23437252228949343,100.0,MINIMAL,1,PIt7_copy1,0.2814317775193228,0.2814317775193228,100.0,MINIMAL,0.0,NOT_A_TARGET
5250_AT2,SLC25A3,0.23437252228949343,0.23437252228949343,100.0,MINIMAL,1,PIt2m,0.2814317775193228,0.2814317775193228,100.0,MINIMAL,0.0,NOT_A_TARGET
5250_AT4,SLC25A3,0.23437252228949343,0.23437252228949343,100.0,MINIMAL,1,PIt2m,0.2814317775193228,0.2814317775193228,100.0,MINIMAL,0.0,NOT_A_TARGET
5337_AT1,PLD1,0.23437252228949343,0.23437252228949343,100.0,MINIMAL,1,PCHOLPm_hs,0.2814317775193228,0.2814317775193228,100.0,MINIMAL,0.0,NOT_A_TARGET
8608_AT1,RDH16,0.23437252228949343,0.23437252228949343,100.0,MINIMAL,1,RDH1,0.2814317775193228,0.2814317775193228,100.0,MINIMAL,0.0,NOT_A_TARGET
131669_AT1,UROC1,0.23437252228949343,0.23437252228949343,100.0,MINIMAL,1,URCN,0.2814317775193228,0.2814317775193228,100.0,MINIMAL,0.0,NOT_A_TARGET
7390_AT1,UROS,0.23437252228949343,0.23437252228949343,100.0,MINIMAL,1,UPP3S,0.2814317775193228,0.2814317775193228,100.0,MINIMAL,0.0,NOT_A_TARGET
55512_AT2,SMPD3,0.23437252228949343,0.23437252228949343,100.0,MINIMAL,1,SMPD3l,0.2814317775193228,0.2814317775193228,100.0,MINIMAL,0.0,NOT_A_TARGET
5151_AT3,PDE8A,0.23437252228949343,0.23437252228949343,100.0,MINIMAL,1,PDE1,0.2814317775193228,0.2814317775193228,100.0,MINIMAL,0.0,NOT_A_TARGET
50940_AT1,PDE11A,0.23437252228949343,0.23437252228949343,100.0,MINIMAL,2,PDE1;PDE4,0.2814317775193228,0.2814317775193228,100.0,MINIMAL,0.0,NOT_A_TARGET
5322_AT1,PLA2G5,0.23437252228949343,0.23437252228949343,100.0,MINIMAL,1,PLA2_2e,0.2814317775193228,0.2814317775193228,100.0,MINIMAL,0.0,NOT_A_TARGET
64600_AT1,PLA2G2F,0.23437252228949343,0.23437252228949343,100.0,MINIMAL,1,PLA2_2e,0.2814317775193228,0.2814317775193228,100.0,MINIMAL,0.0,NOT_A_TARGET
5136_AT1,PDE1A,0.23437252228949343,0.23437252228949343,100.0,MINIMAL,2,PDE1;PDE4,0.2814317775193228,0.2814317775193228,100.0,MINIMAL,0.0,NOT_A_TARGET
5142_AT1,PDE4B,0.23437252228949343,0.23437252228949343,100.0,MINIMAL,1,PDE1,0.2814317775193228,0.2814317775193228,100.0,MINIMAL,0.0,NOT_A_TARGET
81579_AT1,PLA2G12A,0.23437252228949343,0.23437252228949343,100.0,MINIMAL,1,PLA2_2e,0.2814317775193228,0.2814317775193228,100.0,MINIMAL,0.0,NOT_A_TARGET
26279_AT1,PLA2G2D,0.23437252228949343,0.23437252228949343,100.0,MINIMAL,1,PLA2_2e,0.2814317775193228,0.2814317775193228,100.0,MINIMAL,0.0,NOT_A_TARGET
5141_AT1,PDE4A,0.23437252228949343,0.23437252228949343,100.0,MINIMAL,1,PDE1,0.2814317775193228,0.2814317775193228,100.0,MINIMAL,0.0,NOT_A_TARGET
5144_AT1,PDE4D,0.23437252228949343,0.23437252228949343,100.0,MINIMAL,1,PDE1,0.2814317775193228,0.2814317775193228,100.0,MINIMAL,0.0,NOT_A_TARGET
210_AT2,ALAD,0.23437252228949343,0.23437252228949343,100.0,MINIMAL,1,PPBNGS,0.2814317775193228,0.2814317775193228,100.0,MINIMAL,0.0,NOT_A_TARGET
5319_AT1,PLA2G1B,0.23437252228949343,0.23437252228949343,100.0,MINIMAL,1,PLA2_2e,0.2814317775193228,0.2814317775193228,100.0,MINIMAL,0.0,NOT_A_TARGET
8399_AT1,PLA2G10,0.23437252228949343,0.23437252228949343,100.0,MINIMAL,1,PLA2_2e,0.2814317775193228,0.2814317775193228,100.0,MINIMAL,0.0,NOT_A_TARGET
80025_AT1,PANK2,0.23437252228949343,0.23437252228949343,100.0,MINIMAL,1,PNTK,0.2814317775193228,0.2814317775193228,100.0,MINIMAL,0.0,NOT_A_TARGET
53354_AT2,PANK1,0.23437252228949343,0.23437252228949343,100.0,MINIMAL,1,PNTK,0.2814317775193228,0.2814317775193228,100.0,MINIMAL,0.0,NOT_A_TARGET
5152_AT2,PDE9A,0.23437252228949343,0.23437252228949343,100.0,MINIMAL,1,PDE4,0.2814317775193228,0.2814317775193228,100.0,MINIMAL,0.0,NOT_A_TARGET
27068_AT2,PPA2,0.23437252228949343,0.23437252228949343,100.0,MINIMAL,1,PPAm,0.2814317775193228,0.2814317775193228,100.0,MINIMAL,0.0,NOT_A_TARGET
27068_AT3,PPA2,0.23437252228949343,0.23437252228949343,100.0,MINIMAL,1,PPAm,0.2814317775193228,0.2814317775193228,100.0,MINIMAL,0.0,NOT_A_TARGET
27068_AT4,PPA2,0.23437252228949343,0.23437252228949343,100.0,MINIMAL,1,PPAm,0.2814317775193228,0.2814317775193228,100.0,MINIMAL,0.0,NOT_A_TARGET
30814_AT1,PLA2G2E,0.23437252228949343,0.23437252228949343,100.0,MINIMAL,1,PLA2_2e,0.2814317775193228,0.2814317775193228,100.0,MINIMAL,0.0,NOT_A_TARGET
8398_AT2,PLA2G6,0.23437252228949343,0.23437252228949343,100.0,MINIMAL,1,PLA2_2,0.2814317775193228,0.2814317775193228,100.0,MINIMAL,0.0,NOT_A_TARGET
5320_AT1,PLA2G2A,0.23437252228949343,0.23437252228949343,100.0,MINIMAL,2,PLA2_2;PLA2_2e,0.2814317775193228,0.2814317775193228,100.0,MINIMAL,0.0,NOT_A_TARGET
5138_AT1,PDE2A,0.23437252228949343,0.23437252228949343,100.0,MINIMAL,2,PDE1;PDE4,0.2814317775193228,0.2814317775193228,100.0,MINIMAL,0.0,NOT_A_TARGET
5152_AT12,PDE9A,0.23437252228949343,0.23437252228949343,100.0,MINIMAL,1,PDE4,0.2814317775193228,0.2814317775193228,100.0,MINIMAL,0.0,NOT_A_TARGET
5149_AT1,PDE6H,0.23437252228949343,0.23437252228949343,100.0,MINIMAL,1,PDE4,0.2814317775193228,0.2814317775193228,100.0,MINIMAL,0.0,NOT_A_TARGET
6563_AT1,SLC14A1,0.23437252228949343,0.23437252228949343,100.0,MINIMAL,1,UREAt,0.2814317775193228,0.2814317775193228,100.0,MINIMAL,0.0,NOT_A_TARGET
6652_AT1,SORD,0.23437252228949343,0.23437252228949343,100.0,MINIMAL,1,SBTD_D2,0.2814317775193228,0.2814317775193228,100.0,MINIMAL,0.0,NOT_A_TARGET
5152_AT7,PDE9A,0.23437252228949343,0.23437252228949343,100.0,MINIMAL,1,PDE4,0.2814317775193228,0.2814317775193228,100.0,MINIMAL,0.0,NOT_A_TARGET
8654_AT2,PDE5A,0.23437252228949343,0.23437252228949343,100.0,MINIMAL,1,PDE4,0.2814317775193228,0.2814317775193228,100.0,MINIMAL,0.0,NOT_A_TARGET
5152_AT20,PDE9A,0.23437252228949343,0.23437252228949343,100.0,MINIMAL,1,PDE4,0.2814317775193228,0.2814317775193228,100.0,MINIMAL,0.0,NOT_A_TARGET
5152_AT17,PDE9A,0.23437252228949343,0.23437252228949343,100.0,MINIMAL,1,PDE4,0.2814317775193228,0.2814317775193228,100.0,MINIMAL,0.0,NOT_A_TARGET
5145_AT1,PDE6A,0.23437252228949343,0.23437252228949343,100.0,MINIMAL,1,PDE4,0.2814317775193228,0.2814317775193228,100.0,MINIMAL,0.0,NOT_A_TARGET
5152_AT16,PDE9A,0.23437252228949343,0.23437252228949343,100.0,MINIMAL,1,PDE4,0.2814317775193228,0.2814317775193228,100.0,MINIMAL,0.0,NOT_A_TARGET
5152_AT13,PDE9A,0.23437252228949343,0.23437252228949343,100.0,MINIMAL,1,PDE4,0.2814317775193228,0.2814317775193228,100.0,MINIMAL,0.0,NOT_A_TARGET
5152_AT6,PDE9A,0.23437252228949343,0.23437252228949343,100.0,MINIMAL,1,PDE4,0.2814317775193228,0.2814317775193228,100.0,MINIMAL,0.0,NOT_A_TARGET
5152_AT3,PDE9A,0.23437252228949343,0.23437252228949343,100.0,MINIMAL,1,PDE4,0.2814317775193228,0.2814317775193228,100.0,MINIMAL,0.0,NOT_A_TARGET
5152_AT10,PDE9A,0.23437252228949343,0.23437252228949343,100.0,MINIMAL,1,PDE4,0.2814317775193228,0.2814317775193228,100.0,MINIMAL,0.0,NOT_A_TARGET
8654_AT3,PDE5A,0.23437252228949343,0.23437252228949343,100.0,MINIMAL,1,PDE4,0.2814317775193228,0.2814317775193228,100.0,MINIMAL,0.0,NOT_A_TARGET
5153_AT1,PDE1B,0.23437252228949343,0.23437252228949343,100.0,MINIMAL,2,PDE1;PDE4,0.2814317775193228,0.2814317775193228,100.0,MINIMAL,0.0,NOT_A_TARGET
8622_AT1,PDE8B,0.23437252228949343,0.23437252228949343,100.0,MINIMAL,1,PDE1,0.2814317775193228,0.2814317775193228,100.0,MINIMAL,0.0,NOT_A_TARGET
27068_AT1,PPA2,0.23437252228949343,0.23437252228949343,100.0,MINIMAL,1,PPAm,0.2814317775193228,0.2814317775193228,100.0,MINIMAL,0.0,NOT_A_TARGET
10157_AT1,AASS,0.23437252228949343,0.23437252228949343,100.0,MINIMAL,2,SACCD4m;SACCD3m,0.2814317775193228,0.2814317775193228,100.0,MINIMAL,0.0,NOT_A_TARGET
8654_AT1,PDE5A,0.23437252228949343,0.23437252228949343,100.0,MINIMAL,1,PDE4,0.2814317775193228,0.2814317775193228,100.0,MINIMAL,0.0,NOT_A_TARGET
5464_AT1,PPA1,0.23437252228949343,0.23437252228949343,100.0,MINIMAL,1,PPA,0.2814317775193228,0.2814317775193228,100.0,MINIMAL,0.0,NOT_A_TARGET
5152_AT5,PDE9A,0.23437252228949343,0.23437252228949343,100.0,MINIMAL,1,PDE4,0.2814317775193228,0.2814317775193228,100.0,MINIMAL,0.0,NOT_A_TARGET
5152_AT1,PDE9A,0.23437252228949343,0.23437252228949343,100.0,MINIMAL,1,GCPNn,0.2814317775193228,0.2814317775193228,100.0,MINIMAL,0.0,NOT_A_TARGET
1737_AT1,DLAT,0.23437252228949343,0.23437252228949343,100.0,MINIMAL,1,PDHm,0.2814317775193228,0.2814317775193228,100.0,MINIMAL,0.0,NOT_A_TARGET
5160_AT1,PDHA1,0.23437252228949343,0.23437252228949343,100.0,MINIMAL,1,PDHm,0.2814317775193228,0.2814317775193228,100.0,MINIMAL,0.0,NOT_A_TARGET
5161_AT1,PDHA2,0.23437252228949343,0.23437252228949343,100.0,MINIMAL,1,PDHm,0.2814317775193228,0.2814317775193228,100.0,MINIMAL,0.0,NOT_A_TARGET
79646_AT1,PANK3,0.23437252228949343,0.23437252228949343,100.0,MINIMAL,1,PNTK,0.2814317775193228,0.2814317775193228,100.0,MINIMAL,0.0,NOT_A_TARGET
55229_AT1,PANK4,0.23437252228949343,0.23437252228949343,100.0,MINIMAL,1,PNTK,0.2814317775193228,0.2814317775193228,100.0,MINIMAL,0.0,NOT_A_TARGET
53354_AT3,PANK1,0.23437252228949343,0.23437252228949343,100.0,MINIMAL,1,PNTK,0.2814317775193228,0.2814317775193228,100.0,MINIMAL,0.0,NOT_A_TARGET
5162_AT1,PDHB,0.23437252228949343,0.23437252228949343,100.0,MINIMAL,1,PDHm,0.2814317775193228,0.2814317775193228,100.0,MINIMAL,0.0,NOT_A_TARGET
210_AT1,ALAD,0.23437252228949343,0.23437252228949343,100.0,MINIMAL,1,PPBNGS,0.2814317775193228,0.2814317775193228,100.0,MINIMAL,0.0,NOT_A_TARGET
55163_AT1,PNPO,0.23437252228949343,0.23437252228949343,100.0,MINIMAL,2,PDX5POi;PYAM5PO,0.2814317775193228,0.2814317775193228,100.0,MINIMAL,0.0,NOT_A_TARGET
348477_AT1,348477_AT1,0.23437252228949343,0.23437252228949343,100.0,MINIMAL,1,PGK,0.2814317775193228,0.2814317775193228,100.0,MINIMAL,0.0,NOT_A_TARGET
478_AT1,ATP1A3,0.23437252228949343,0.23437252228949343,100.0,MINIMAL,1,NaKt,0.2814317775193228,0.2814317775193228,100.0,MINIMAL,0.0,NOT_A_TARGET
2821_AT1,GPI,0.23437252228949343,0.23437252228949343,100.0,MINIMAL,1,PGI,0.2814317775193228,0.2814317775193228,100.0,MINIMAL,0.0,NOT_A_TARGET
3101_AT1,HK3,0.23437252228949343,0.23437252228949343,100.0,MINIMAL,4,HEX1;HEX10;HEX7;HEX4,0.2814317775193228,0.2814317775193228,100.0,MINIMAL,0.0,NOT_A_TARGET
5408_AT1,PNLIPRP2,0.23437252228949343,0.23437252228949343,100.0,MINIMAL,1,LPSe,0.2814317775193228,0.2814317775193228,100.0,MINIMAL,0.0,NOT_A_TARGET
2645_AT3,GCK,0.23437252228949343,0.23437252228949343,100.0,MINIMAL,4,HEX1;HEX10;HEX7;HEX4,0.2814317775193228,0.2814317775193228,100.0,MINIMAL,0.0,NOT_A_TARGET
5407_AT1,PNLIPRP1,0.23437252228949343,0.23437252228949343,100.0,MINIMAL,1,LPSe,0.2814317775193228,0.2814317775193228,100.0,MINIMAL,0.0,NOT_A_TARGET
80025_AT2,PANK2,0.23437252228949343,0.23437252228949343,100.0,MINIMAL,1,PNTK,0.2814317775193228,0.2814317775193228,100.0,MINIMAL,0.0,NOT_A_TARGET
80025_AT3,PANK2,0.23437252228949343,0.23437252228949343,100.0,MINIMAL,1,PNTK,0.2814317775193228,0.2814317775193228,100.0,MINIMAL,0.0,NOT_A_TARGET
5152_AT11,PDE9A,0.23437252228949343,0.23437252228949343,100.0,MINIMAL,1,PDE4,0.2814317775193228,0.2814317775193228,100.0,MINIMAL,0.0,NOT_A_TARGET
80025_AT4,PANK2,0.23437252228949343,0.23437252228949343,100.0,MINIMAL,1,PNTK,0.2814317775193228,0.2814317775193228,100.0,MINIMAL,0.0,NOT_A_TARGET
6675_AT1,UAP1,0.23437252228949343,0.23437252228949343,100.0,MINIMAL,1,UAGDP,0.2814317775193228,0.2814317775193228,100.0,MINIMAL,0.0,NOT_A_TARGET
118881_AT1,COMTD1,0.23437252228949343,0.23437252228949343,100.0,MINIMAL,1,SALMCOM2,0.2814317775193228,0.2814317775193228,100.0,MINIMAL,0.0,NOT_A_TARGET
60490_AT1,PPCDC,0.23437252228949343,0.23437252228949343,100.0,MINIMAL,1,PPCDC,0.2814317775193228,0.2814317775193228,100.0,MINIMAL,0.0,NOT_A_TARGET
5096_AT1,PCCB,0.23437252228949343,0.23437252228949343,100.0,MINIMAL,1,PPCOACm,0.2814317775193228,0.2814317775193228,100.0,MINIMAL,0.0,NOT_A_TARGET
3176_AT1,HNMT,0.23437252228949343,0.23437252228949343,100.0,MINIMAL,1,SAMHISTA,0.2814317775193228,0.2814317775193228,100.0,MINIMAL,0.0,NOT_A_TARGET
5095_AT1,PCCA,0.23437252228949343,0.23437252228949343,100.0,MINIMAL,1,PPCOACm,0.2814317775193228,0.2814317775193228,100.0,MINIMAL,0.0,NOT_A_TARGET
79717_AT1,PPCS,0.23437252228949343,0.23437252228949343,100.0,MINIMAL,1,PPNCL3,0.2814317775193228,0.2814317775193228,100.0,MINIMAL,0.0,NOT_A_TARGET
91373_AT1,UAP1L1,0.23437252228949343,0.23437252228949343,100.0,MINIMAL,1,UAGDP,0.2814317775193228,0.2814317775193228,100.0,MINIMAL,0.0,NOT_A_TARGET
1757_AT1,SARDH,0.23437252228949343,0.23437252228949343,100.0,MINIMAL,1,SARDHm,0.2814317775193228,0.2814317775193228,100.0,MINIMAL,0.0,NOT_A_TARGET
5498_AT1,PPOX,0.23437252228949343,0.23437252228949343,100.0,MINIMAL,1,PPPGOm,0.2814317775193228,0.2814317775193228,100.0,MINIMAL,0.0,NOT_A_TARGET
81537_AT1,SGPP1,0.23437252228949343,0.23437252228949343,100.0,MINIMAL,2,SBPP3er;SBPP1er,0.2814317775193228,0.2814317775193228,100.0,MINIMAL,0.0,NOT_A_TARGET
10400_AT3,PEMT,0.23437252228949343,0.23437252228949343,100.0,MINIMAL,2,PETOHMm_hs;PETOHMr_hs,0.2814317775193228,0.2814317775193228,100.0,MINIMAL,0.0,NOT_A_TARGET
5106_AT1,PCK2,0.23437252228949343,0.23437252228949343,100.0,MINIMAL,1,PEPCKm,0.2814317775193228,0.2814317775193228,100.0,MINIMAL,0.0,NOT_A_TARGET
5152_AT14,PDE9A,0.23437252228949343,0.23437252228949343,100.0,MINIMAL,1,PDE4,0.2814317775193228,0.2814317775193228,100.0,MINIMAL,0.0,NOT_A_TARGET
10396_AT1,ATP8A1,0.23437252228949343,0.23437252228949343,100.0,MINIMAL,4,PSFLIPm;PEFLIPm;PEFLIP;PSFLIP,0.2814317775193228,0.2814317775193228,100.0,MINIMAL,0.0,NOT_A_TARGET
5152_AT18,PDE9A,0.23437252228949343,0.23437252228949343,100.0,MINIMAL,1,PDE4,0.2814317775193228,0.2814317775193228,100.0,MINIMAL,0.0,NOT_A_TARGET
53354_AT1,PANK1,0.23437252228949343,0.23437252228949343,100.0,MINIMAL,1,PNTK,0.2814317775193228,0.2814317775193228,100.0,MINIMAL,0.0,NOT_A_TARGET
5152_AT19,PDE9A,0.23437252228949343,0.23437252228949343,100.0,MINIMAL,1,PDE4,0.2814317775193228,0.2814317775193228,100.0,MINIMAL,0.0,NOT_A_TARGET
5152_AT4,PDE9A,0.23437252228949343,0.23437252228949343,100.0,MINIMAL,1,PDE4,0.2814317775193228,0.2814317775193228,100.0,MINIMAL,0.0,NOT_A_TARGET
5147_AT1,PDE6D,0.23437252228949343,0.23437252228949343,100.0,MINIMAL,1,PDE4,0.2814317775193228,0.2814317775193228,100.0,MINIMAL,0.0,NOT_A_TARGET
5631_AT1,PRPS1,0.23437252228949343,0.23437252228949343,100.0,MINIMAL,1,PRPPS,0.2814317775193228,0.2814317775193228,100.0,MINIMAL,0.0,NOT_A_TARGET
6578_AT1,SLCO2A1,0.23437252228949343,0.23437252228949343,100.0,MINIMAL,3,PROSTGE2t;PROSTGE1t;PROSTGD2t,0.2814317775193228,0.2814317775193228,100.0,MINIMAL,0.0,NOT_A_TARGET
6580_AT1,SLC22A1,0.23437252228949343,0.23437252228949343,100.0,MINIMAL,3,PROSTGF2t;PROSTGE2t2;SRTNtu,0.2814317775193228,0.2814317775193228,100.0,MINIMAL,0.0,NOT_A_TARGET
6534_AT1,SLC6A7,0.23437252228949343,0.23437252228949343,100.0,MINIMAL,1,PROt4_2_r,0.2814317775193228,0.2814317775193228,100.0,MINIMAL,0.0,NOT_A_TARGET
7357_AT1,UGCG,0.23437252228949343,0.23437252228949343,100.0,MINIMAL,1,UGCG,0.2814317775193228,0.2814317775193228,100.0,MINIMAL,0.0,NOT_A_TARGET
54576_AT1,UGT1A8,0.23437252228949343,0.23437252228949343,100.0,MINIMAL,6,UGT1A10r;UGT1A1r;UGT1A5r;UGT1A5r2;UGT1A6r;UGT1A2r,0.2814317775193228,0.2814317775193228,100.0,MINIMAL,0.0,NOT_A_TARGET
54575_AT1,UGT1A10,0.23437252228949343,0.23437252228949343,100.0,MINIMAL,5,UGT1A1r;UGT1A5r;UGT1A5r2;UGT1A6r;UGT1A2r,0.2814317775193228,0.2814317775193228,100.0,MINIMAL,0.0,NOT_A_TARGET
5634_AT1,PRPS2,0.23437252228949343,0.23437252228949343,100.0,MINIMAL,1,PRPPS,0.2814317775193228,0.2814317775193228,100.0,MINIMAL,0.0,NOT_A_TARGET
221823_AT2,PRPS1L1,0.23437252228949343,0.23437252228949343,100.0,MINIMAL,1,PRPPS,0.2814317775193228,0.2814317775193228,100.0,MINIMAL,0.0,NOT_A_TARGET
54490_AT1,UGT2B28,0.23437252228949343,0.23437252228949343,100.0,MINIMAL,1,UGT1A9r,0.2814317775193228,0.2814317775193228,100.0,MINIMAL,0.0,NOT_A_TARGET
6999_AT1,TDO2,0.23437252228949343,0.23437252228949343,100.0,MINIMAL,1,TRPO2,0.2814317775193228,0.2814317775193228,100.0,MINIMAL,0.0,NOT_A_TARGET
2098_AT1,ESD,0.23437252228949343,0.23437252228949343,100.0,MINIMAL,1,SFGTHi,0.2814317775193228,0.2814317775193228,100.0,MINIMAL,0.0,NOT_A_TARGET
6532_AT1,SLC6A4,0.23437252228949343,0.23437252228949343,100.0,MINIMAL,1,SRTNt6_2_r,0.2814317775193228,0.2814317775193228,100.0,MINIMAL,0.0,NOT_A_TARGET
6389_AT1,SDHA,0.23437252228949343,0.23437252228949343,100.0,MINIMAL,1,SUCD1m,0.2814317775193228,0.2814317775193228,100.0,MINIMAL,0.0,NOT_A_TARGET
5150_AT1,PDE7A,0.23437252228949343,0.23437252228949343,100.0,MINIMAL,1,PDE1,0.2814317775193228,0.2814317775193228,100.0,MINIMAL,0.0,NOT_A_TARGET
7054_AT3,TH,0.23437252228949343,0.23437252228949343,100.0,MINIMAL,1,TYR3MO2,0.2814317775193228,0.2814317775193228,100.0,MINIMAL,0.0,NOT_A_TARGET
5146_AT1,PDE6C,0.23437252228949343,0.23437252228949343,100.0,MINIMAL,1,PDE4,0.2814317775193228,0.2814317775193228,100.0,MINIMAL,0.0,NOT_A_TARGET
7296_AT3,TXNRD1,0.23437252228949343,0.23437252228949343,100.0,MINIMAL,1,TRDR,0.2814317775193228,0.2814317775193228,100.0,MINIMAL,0.0,NOT_A_TARGET
121278_AT1,TPH2,0.23437252228949343,0.23437252228949343,100.0,MINIMAL,1,TRPHYDRO2,0.2814317775193228,0.2814317775193228,100.0,MINIMAL,0.0,NOT_A_TARGET
10993_AT1,SDS,0.23437252228949343,0.23437252228949343,100.0,MINIMAL,3,SERHL;2AMACHYD;THRD_L,0.2814317775193228,0.2814317775193228,100.0,MINIMAL,0.0,NOT_A_TARGET
58510_AT1,PRODH2,0.23437252228949343,0.23437252228949343,100.0,MINIMAL,2,PROD2;PRO1x,0.2814317775193228,0.2814317775193228,100.0,MINIMAL,0.0,NOT_A_TARGET
23169_AT1,SLC35D1,0.23437252228949343,0.23437252228949343,100.0,MINIMAL,1,UDPGLCAter,0.2814317775193228,0.2814317775193228,100.0,MINIMAL,0.0,NOT_A_TARGET
7358_AT1,UGDH,0.23437252228949343,0.23437252228949343,100.0,MINIMAL,1,UDPGD,0.2814317775193228,0.2814317775193228,100.0,MINIMAL,0.0,NOT_A_TARGET
284129_AT1,SLC26A11,0.23437252228949343,0.23437252228949343,100.0,MINIMAL,1,SO4HCOtex,0.2814317775193228,0.2814317775193228,100.0,MINIMAL,0.0,NOT_A_TARGET
26266_AT1,SLC13A4,0.23437252228949343,0.23437252228949343,100.0,MINIMAL,1,SO4t4_2,0.2814317775193228,0.2814317775193228,100.0,MINIMAL,0.0,NOT_A_TARGET
412_AT1,STS,0.23437252228949343,0.23437252228949343,100.0,MINIMAL,4,STS2;STS1;STS3;STS4,0.2814317775193228,0.2814317775193228,100.0,MINIMAL,0.0,NOT_A_TARGET
9942_AT1,XYLB,0.23437252228949343,0.23437252228949343,100.0,MINIMAL,1,XYLK,0.2814317775193228,0.2814317775193228,100.0,MINIMAL,0.0,NOT_A_TARGET
6646_AT1,SOAT1,0.23437252228949343,0.23437252228949343,100.0,MINIMAL,2,SOAT12;SOAT11,0.2814317775193228,0.2814317775193228,100.0,MINIMAL,0.0,NOT_A_TARGET
6723_AT1,SRM,0.23437252228949343,0.23437252228949343,100.0,MINIMAL,1,SPMS,0.2814317775193228,0.2814317775193228,100.0,MINIMAL,0.0,NOT_A_TARGET
6647_AT1,SOD1,0.23437252228949343,0.23437252228949343,100.0,MINIMAL,3,SPODMn;SPODMx;SPODM,0.2814317775193228,0.2814317775193228,100.0,MINIMAL,0.0,NOT_A_TARGET
6649_AT1,SOD3,0.23437252228949343,0.23437252228949343,100.0,MINIMAL,1,SPODMe,0.2814317775193228,0.2814317775193228,100.0,MINIMAL,0.0,NOT_A_TARGET
51181_AT1,DCXR,0.23437252228949343,0.23437252228949343,100.0,MINIMAL,1,XYLUR,0.2814317775193228,0.2814317775193228,100.0,MINIMAL,0.0,NOT_A_TARGET
6648_AT1,SOD2,0.23437252228949343,0.23437252228949343,100.0,MINIMAL,1,SPODMm,0.2814317775193228,0.2814317775193228,100.0,MINIMAL,0.0,NOT_A_TARGET
6611_AT1,SMS,0.23437252228949343,0.23437252228949343,100.0,MINIMAL,1,SPRMS,0.2814317775193228,0.2814317775193228,100.0,MINIMAL,0.0,NOT_A_TARGET
56848_AT1,SPHK2,0.23437252228949343,0.23437252228949343,100.0,MINIMAL,2,SLCBK1;SPHK21c,0.2814317775193228,0.2814317775193228,100.0,MINIMAL,0.0,NOT_A_TARGET
23761_AT1,PISD,0.23437252228949343,0.23437252228949343,100.0,MINIMAL,1,PSDm_hs,0.2814317775193228,0.2814317775193228,100.0,MINIMAL,0.0,NOT_A_TARGET
221823_AT1,PRPS1L1,0.23437252228949343,0.23437252228949343,100.0,MINIMAL,1,PRPPS,0.2814317775193228,0.2814317775193228,100.0,MINIMAL,0.0,NOT_A_TARGET
8879_AT1,SGPL1,0.23437252228949343,0.23437252228949343,100.0,MINIMAL,1,SGPL12r,0.2814317775193228,0.2814317775193228,100.0,MINIMAL,0.0,NOT_A_TARGET
5198_AT1,PFAS,0.23437252228949343,0.23437252228949343,100.0,MINIMAL,1,PRFGS,0.2814317775193228,0.2814317775193228,100.0,MINIMAL,0.0,NOT_A_TARGET
6820_AT2,SULT2B1,0.23437252228949343,0.23437252228949343,100.0,MINIMAL,1,PRGNLONESULT,0.2814317775193228,0.2814317775193228,100.0,MINIMAL,0.0,NOT_A_TARGET
7166_AT1,TPH1,0.23437252228949343,0.23437252228949343,100.0,MINIMAL,1,TRPHYDRO2,0.2814317775193228,0.2814317775193228,100.0,MINIMAL,0.0,NOT_A_TARGET
7296_AT4,TXNRD1,0.23437252228949343,0.23437252228949343,100.0,MINIMAL,1,TRDR,0.2814317775193228,0.2814317775193228,100.0,MINIMAL,0.0,NOT_A_TARGET
6916_AT1,TBXAS1,0.23437252228949343,0.23437252228949343,100.0,MINIMAL,1,TXASr,0.2814317775193228,0.2814317775193228,100.0,MINIMAL,0.0,NOT_A_TARGET
6821_AT1,SUOX,0.23437252228949343,0.23437252228949343,100.0,MINIMAL,1,SULFOX,0.2814317775193228,0.2814317775193228,100.0,MINIMAL,0.0,NOT_A_TARGET
7054_AT1,TH,0.23437252228949343,0.23437252228949343,100.0,MINIMAL,1,TYR3MO2,0.2814317775193228,0.2814317775193228,100.0,MINIMAL,0.0,NOT_A_TARGET
5092_AT2,PCBD1,0.23437252228949343,0.23437252228949343,100.0,MINIMAL,1,THBPT4ACAMDASE,0.2814317775193228,0.2814317775193228,100.0,MINIMAL,0.0,NOT_A_TARGET
5092_AT1,PCBD1,0.23437252228949343,0.23437252228949343,100.0,MINIMAL,1,THBPT4ACAMDASE,0.2814317775193228,0.2814317775193228,100.0,MINIMAL,0.0,NOT_A_TARGET
23530_AT2,NNT,0.23437252228949343,0.23437252228949343,100.0,MINIMAL,1,THD1m,0.2814317775193228,0.2814317775193228,100.0,MINIMAL,0.0,NOT_A_TARGET
23530_AT1,NNT,0.23437252228949343,0.23437252228949343,100.0,MINIMAL,1,THD1m,0.2814317775193228,0.2814317775193228,100.0,MINIMAL,0.0,NOT_A_TARGET
79178_AT1,THTPA,0.23437252228949343,0.23437252228949343,100.0,MINIMAL,1,THMTP,0.2814317775193228,0.2814317775193228,100.0,MINIMAL,0.0,NOT_A_TARGET
10560_AT1,SLC19A2,0.23437252228949343,0.23437252228949343,100.0,MINIMAL,1,THMt3,0.2814317775193228,0.2814317775193228,100.0,MINIMAL,0.0,NOT_A_TARGET
6567_AT1,SLC16A2,0.23437252228949343,0.23437252228949343,100.0,MINIMAL,2,TRIODTHYt2;THYOXt2,0.2814317775193228,0.2814317775193228,100.0,MINIMAL,0.0,NOT_A_TARGET
8277_AT1,TKTL1,0.23437252228949343,0.23437252228949343,100.0,MINIMAL,2,TKT2;TKT1,0.2814317775193228,0.2814317775193228,100.0,MINIMAL,0.0,NOT_A_TARGET
84076_AT1,TKTL2,0.23437252228949343,0.23437252228949343,100.0,MINIMAL,2,TKT2;TKT1,0.2814317775193228,0.2814317775193228,100.0,MINIMAL,0.0,NOT_A_TARGET
7086_AT1,TKT,0.23437252228949343,0.23437252228949343,100.0,MINIMAL,2,TKT2;TKT1,0.2814317775193228,0.2814317775193228,100.0,MINIMAL,0.0,NOT_A_TARGET
27010_AT1,TPK1,0.23437252228949343,0.23437252228949343,100.0,MINIMAL,1,TMDPK,0.2814317775193228,0.2814317775193228,100.0,MINIMAL,0.0,NOT_A_TARGET
1890_AT1,TYMP,0.23437252228949343,0.23437252228949343,100.0,MINIMAL,1,TMDPP,0.2814317775193228,0.2814317775193228,100.0,MINIMAL,0.0,NOT_A_TARGET
6342_AT1,SCP2,0.23437252228949343,0.23437252228949343,100.0,MINIMAL,3,SCP3x;SCPx;SCP2x,0.2814317775193228,0.2814317775193228,100.0,MINIMAL,0.0,NOT_A_TARGET
4353_AT1,MPO,0.23437252228949343,0.23437252228949343,100.0,MINIMAL,1,PRDXl,0.2814317775193228,0.2814317775193228,100.0,MINIMAL,0.0,NOT_A_TARGET
8288_AT1,EPX,0.23437252228949343,0.23437252228949343,100.0,MINIMAL,1,PRDX,0.2814317775193228,0.2814317775193228,100.0,MINIMAL,0.0,NOT_A_TARGET
5148_AT1,PDE6G,0.23437252228949343,0.23437252228949343,100.0,MINIMAL,1,PDE4,0.2814317775193228,0.2814317775193228,100.0,MINIMAL,0.0,NOT_A_TARGET
5158_AT1,PDE6B,0.23437252228949343,0.23437252228949343,100.0,MINIMAL,1,PDE4,0.2814317775193228,0.2814317775193228,100.0,MINIMAL,0.0,NOT_A_TARGET
5152_AT15,PDE9A,0.23437252228949343,0.23437252228949343,100.0,MINIMAL,1,PDE4,0.2814317775193228,0.2814317775193228,100.0,MINIMAL,0.0,NOT_A_TARGET
6888_AT1,TALDO1,0.23437252228949343,0.23437252228949343,100.0,MINIMAL,1,TALA,0.2814317775193228,0.2814317775193228,100.0,MINIMAL,0.0,NOT_A_TARGET
6533_AT1,SLC6A6,0.23437252228949343,0.23437252228949343,100.0,MINIMAL,2,TAURt4_2_r;TAURtcx,0.2814317775193228,0.2814317775193228,100.0,MINIMAL,0.0,NOT_A_TARGET
6391_AT1,SDHC,0.23437252228949343,0.23437252228949343,100.0,MINIMAL,1,SUCD1m,0.2814317775193228,0.2814317775193228,100.0,MINIMAL,0.0,NOT_A_TARGET
144193_AT1,G_144193_AT1,0.23437252228949343,0.23437252228949343,100.0,MINIMAL,1,IZPN,0.2814317775193228,0.2814317775193228,100.0,MINIMAL,0.0,NOT_A_TARGET
7054_AT2,TH,0.23437252228949343,0.23437252228949343,100.0,MINIMAL,1,TYR3MO2,0.2814317775193228,0.2814317775193228,100.0,MINIMAL,0.0,NOT_A_TARGET
2582_AT1,GALE,0.23437252228949343,0.23437252228949343,100.0,MINIMAL,1,UDPG4E,0.2814317775193228,0.2814317775193228,100.0,MINIMAL,0.0,NOT_A_TARGET
6390_AT1,SDHB,0.23437252228949343,0.23437252228949343,100.0,MINIMAL,1,SUCD1m,0.2814317775193228,0.2814317775193228,100.0,MINIMAL,0.0,NOT_A_TARGET
2582_AT2,GALE,0.23437252228949343,0.23437252228949343,100.0,MINIMAL,1,UDPG4E,0.2814317775193228,0.2814317775193228,100.0,MINIMAL,0.0,NOT_A_TARGET
129607_AT1,G_129607_AT1,0.23437252228949343,0.23437252228949343,100.0,MINIMAL,1,CYTK1m,0.2814317775193228,0.2814317775193228,100.0,MINIMAL,0.0,NOT_A_TARGET
140838_AT1,G_140838_AT1,0.23437252228949343,0.23437252228949343,100.0,MINIMAL,1,ACNAMPH,0.2814317775193228,0.2814317775193228,100.0,MINIMAL,0.0,NOT_A_TARGET
54_AT1,G_54_AT1,0.23437252228949343,0.23437252228949343,100.0,MINIMAL,1,ACNAMPH,0.2814317775193228,0.2814317775193228,100.0,MINIMAL,0.0,NOT_A_TARGET
51205_AT1,G_51205_AT1,0.23437252228949343,0.23437252228949343,100.0,MINIMAL,1,ACNAMPH,0.2814317775193228,0.2814317775193228,100.0,MINIMAL,0.0,NOT_A_TARGET
51071_AT1,G_51071_AT1,0.23437252228949343,0.23437252228949343,100.0,MINIMAL,1,DRPA,0.2814317775193228,0.2814317775193228,100.0,MINIMAL,0.0,NOT_A_TARGET
125061_AT1,G_125061_AT1,0.23437252228949343,0.23437252228949343,100.0,MINIMAL,1,FKYNH,0.2814317775193228,0.2814317775193228,100.0,MINIMAL,0.0,NOT_A_TARGET
7296_AT1,TXNRD1,0.23437252228949343,0.23437252228949343,100.0,MINIMAL,1,TRDR,0.2814317775193228,0.2814317775193228,100.0,MINIMAL,0.0,NOT_A_TARGET
7296_AT2,TXNRD1,0.23437252228949343,0.23437252228949343,100.0,MINIMAL,1,TRDR,0.2814317775193228,0.2814317775193228,100.0,MINIMAL,0.0,NOT_A_TARGET
286016_AT1,286016_AT1,0.23437252228949343,0.23437252228949343,100.0,MINIMAL,1,TPI,0.2814317775193228,0.2814317775193228,100.0,MINIMAL,0.0,NOT_A_TARGET
7167_AT1,TPI1,0.23437252228949343,0.23437252228949343,100.0,MINIMAL,1,TPI,0.2814317775193228,0.2814317775193228,100.0,MINIMAL,0.0,NOT_A_TARGET
6392_AT1,SDHD,0.23437252228949343,0.23437252228949343,100.0,MINIMAL,1,SUCD1m,0.2814317775193228,0.2814317775193228,100.0,MINIMAL,0.0,NOT_A_TARGET
1719_AT1,DHFR,0.006357965720795223,0.23437252228949343,2.7127607189984326,SIGNIFICANT,2,FOLR2;DHFR,0.2814317775193228,0.2814317775193228,100.0,MINIMAL,-97.28723928100156,NOT_A_TARGET
7298_AT1,TYMS,0.006357965720795218,0.23437252228949343,2.71276071899843,SIGNIFICANT,1,TMDS,0.2814317775193228,0.2814317775193228,100.0,MINIMAL,-97.28723928100158,NOT_A_TARGET
6241_AT1,RRM2,0.0,0.23437252228949343,0.0,LETHAL,4,RNDR4;RNDR1;RNDR2;RNDR3,0.2814317775193228,0.2814317775193228,100.0,MINIMAL,-100.0,NOT_A_TARGET
57678_AT1,GPAM,0.0,0.23437252228949343,0.0,LETHAL,1,GPAM_hs,0.2814317775193228,0.2814317775193228,100.0,MINIMAL,-100.0,NOT_A_TARGET
2180_AT1,ACSL1,0.0,0.23437252228949343,0.0,LETHAL,30,FACOAL161;FACOAL1812;FACOAL226_copy1;FACOAL1821;FACOAL245_2;FACOAL2042;FACOAL260;FACOAL184;FACOAL205;FACOAL2252,0.2814317775193228,0.2814317775193228,100.0,MINIMAL,-100.0,NOT_A_TARGET
11001_AT1,SLC27A2,0.0,0.23437252228949343,0.0,LETHAL,9,FATP6t;FATP7t;TTDCAtr;FATP9t;VLCSp;FACOAL191;ELAIDt;VLCS2p;FATP8t,0.2814317775193228,0.2814317775193228,100.0,MINIMAL,-100.0,NOT_A_TARGET
6240_AT1,RRM1,0.0,0.23437252228949343,0.0,LETHAL,4,RNDR4;RNDR1;RNDR2;RNDR3,0.2814317775193228,0.2814317775193228,100.0,MINIMAL,-100.0,NOT_A_TARGET
6319_AT1,SCD,0.0,0.23437252228949343,0.0,LETHAL,4,DESAT18_3;DESAT16_2;DESAT18_4;DESAT18_5,0.2814317775193228,0.2814317775193228,100.0,MINIMAL,-100.0,NOT_A_TARGET
9489_AT1,PGS1,0.0,0.23437252228949343,0.0,LETHAL,1,PGPPT,0.2814317775193228,0.2814317775193228,100.0,MINIMAL,-100.0,NOT_A_TARGET
114971_AT1,G_114971_AT1,0.0,0.23437252228949343,0.0,LETHAL,1,PGPP_hs,0.2814317775193228,0.2814317775193228,100.0,MINIMAL,-100.0,NOT_A_TARGET
