reaction_id,reaction_name,subsystem,host_flux,host_baseline,host_growth_pct,host_status,num_genes,gene_ids,gene_names,equation,virus_flux,virus_baseline,virus_growth_pct,virus_status,selectivity_score,target_class
UAGDP,UDP-N-acetylglucosamine diphosphorylase,Unknown,0.23437252228949343,0.23437252228949343,100.0,MINIMAL,2,6675_AT1;91373_AT1,UAP1;UAP1L1,acgam1p_c + h_c + utp_c --> ppi_c + uacgam_c,0.0,0.2814317775193228,0.0,LETHAL,100.0,CRITICAL_VIRAL_TARGET
GK1,Guanylate kinase (GMP:ATP),Unknown,0.23437252228949343,0.23437252228949343,100.0,MINIMAL,1,2987_AT1,GUK1,atp_c + gmp_c <=> adp_c + gdp_c,0.0,0.2814317775193228,0.0,LETHAL,100.0,CRITICAL_VIRAL_TARGET
ACGAMPM,Phosphoacetylglucosamine mutase,Unknown,0.23437252228949343,0.23437252228949343,100.0,MINIMAL,1,5238_AT1,PGM3,acgam6p_c <=> acgam1p_c,0.0,0.2814317775193228,0.0,LETHAL,100.0,CRITICAL_VIRAL_TARGET
ACGAM6PS,N acetylglucosamine 6 phosphate synthase,Unknown,0.23437252228949343,0.23437252228949343,100.0,MINIMAL,1,64841_AT1,GNPNAT1,accoa_c + gam6p_c --> acgam6p_c + coa_c + h_c,0.017256403480807966,0.2814317775193228,6.131647119921687,SIGNIFICANT,93.86835288007832,HIGH_CONFIDENCE_TARGET
GF6PTA,Glutamine-fructose-6-phosphate transaminase,Unknown,0.23437252228949343,0.23437252228949343,100.0,MINIMAL,2,9945_AT1;2673_AT1,GFPT2;GFPT1,f6p_c + gln__L_c --> gam6p_c + glu__L_c,0.06446731866415052,0.2814317775193228,22.90690810838668,SIGNIFICANT,77.09309189161331,SELECTIVE_TARGET
METAT,Methionine adenosyltransferase,Unknown,0.22081439917212925,0.23437252228949343,94.21513964823171,MINIMAL,4,4144_AT1;27430_AT2;4143_AT1;27430_AT1,MAT2A;MAT2B;MAT1A;MAT2B,atp_c + h2o_c + met__L_c --> amet_c + pi_c + ppi_c,0.06789510869040215,0.2814317775193228,24.124890688913244,SIGNIFICANT,70.09024895931847,SELECTIVE_TARGET
AHCi,Adenosylhomocysteinase,Unknown,0.22081439917212925,0.23437252228949343,94.21513964823171,MINIMAL,3,191_AT1;10768_AT2;10768_AT1,AHCY;AHCYL1;AHCYL1,ahcys_c + h2o_c <=> adn_c + hcys__L_c,0.06789510869040216,0.2814317775193228,24.12489068891325,SIGNIFICANT,70.09024895931846,SELECTIVE_TARGET
NDPK2,Nucleoside-diphosphate kinase (ATP:UDP),Unknown,0.004129972159031681,0.23437252228949343,1.7621400830983083,SIGNIFICANT,7,29922_AT1;4830_AT1;29922_AT2;4832_AT1;10201_AT1;4830_AT2;4831_AT1,NME7;NME1;NME7;NME3;NME6;NME1;NME2,atp_c + udp_c <=> adp_c + utp_c,0.0,0.2814317775193228,0.0,LETHAL,1.7621400830983083,CRITICAL_VIRAL_TARGET
UMPK5,UMP kinase (dATP),Unknown,0.004129972159031681,0.23437252228949343,1.7621400830983083,SIGNIFICANT,1,51727_AT1,CMPK1,datp_c + ump_c <=> dadp_c + udp_c,0.0,0.2814317775193228,0.0,LETHAL,1.7621400830983083,CRITICAL_VIRAL_TARGET
3SALATAim,"3-sulfino-alanine transaminase (irreversible), mitochondrial",Unknown,0.23437252228949343,0.23437252228949343,100.0,MINIMAL,1,2806_AT1,GOT2,3sala_m + akg_m + h_m --> 3snpyr_m + glu__L_m,0.2814317775193228,0.2814317775193228,100.0,MINIMAL,0.0,NOT_A_TARGET
34DHPLACOX_NADP,34DHPLACOX LPAREN NADP RPAREN,Unknown,0.23437252228949343,0.23437252228949343,100.0,MINIMAL,3,218_AT1;222_AT1;221_AT1,ALDH3A1;ALDH3B2;ALDH3B1,34dhpac_c + h2o_c + nadp_c <=> 34dhpha_c + 2.0 h_c + nadph_c,0.2814317775193228,0.2814317775193228,100.0,MINIMAL,0.0,NOT_A_TARGET
2OXOADOXm,2-Oxoadipate:lipoamde 2-oxidoreductase(decarboxylating and acceptor-succinylating) (mitochondria),Unknown,0.23437252228949343,0.23437252228949343,100.0,MINIMAL,5,4967_AT1;1743_AT1;8050_AT1;1738_AT1;4967_AT2,OGDH;DLST;PDHX;DLD;OGDH,2oxoadp_m + coa_m + nad_m --> co2_m + glutcoa_m + nadh_m,0.2814317775193228,0.2814317775193228,100.0,MINIMAL,0.0,NOT_A_TARGET
2OXOADPTm,2-oxoadipate shuttle (cytosol/mitochondria),Unknown,0.23437252228949343,0.23437252228949343,100.0,MINIMAL,1,89874_AT1,SLC25A21,2oxoadp_c + akg_m <=> 2oxoadp_m + akg_c,0.2814317775193228,0.2814317775193228,100.0,MINIMAL,0.0,NOT_A_TARGET
34DHOXPEGOX,"3,4-Dihydroxyphenylethyleneglycol NAD+ oxidoreductase",Unknown,0.23437252228949343,0.23437252228949343,100.0,MINIMAL,8,125_AT1;126_AT1;128_AT1;127_AT1;124_AT1;137872_AT1;131_AT1;130_AT1,ADH1B;ADH1C;ADH5;ADH4;ADH1A;ADHFE1;ADH7;ADH6,34dhmald_c + h_c + nadh_c <=> 34dhoxpeg_c + nad_c,0.2814317775193228,0.2814317775193228,100.0,MINIMAL,0.0,NOT_A_TARGET
34DHOXPEGt,"3,4-Dihydroxyphenylethyleneglycol transport (diffusion)",Unknown,0.23437252228949343,0.23437252228949343,100.0,MINIMAL,0,,,34dhoxpeg_c <=> 34dhoxpeg_e,0.2814317775193228,0.2814317775193228,100.0,MINIMAL,0.0,NOT_A_TARGET
34DHPHEt,"3,4-Dihydroxy-L-phenylalanine transport",Unknown,0.23437252228949343,0.23437252228949343,100.0,MINIMAL,1,117247_AT1,SLC16A10,34dhphe_e <=> 34dhphe_c,0.2814317775193228,0.2814317775193228,100.0,MINIMAL,0.0,NOT_A_TARGET
AADSACYCL,AAPSAS,Unknown,0.23437252228949343,0.23437252228949343,100.0,MINIMAL,0,,,h2o_c + h_c + thp2c_c --> L2aadp6sa_c,0.2814317775193228,0.2814317775193228,100.0,MINIMAL,0.0,NOT_A_TARGET
34DHALDD,Aldehyde dehydrogenase  3 4 dihydroxyphenylacetaldehyde  NAD,Unknown,0.23437252228949343,0.23437252228949343,100.0,MINIMAL,4,218_AT1;222_AT1;220_AT1;221_AT1,ALDH3A1;ALDH3B2;ALDH1A3;ALDH3B1,34dhpac_c + h2o_c + nad_c --> 34dhpha_c + 2.0 h_c + nadh_c,0.2814317775193228,0.2814317775193228,100.0,MINIMAL,0.0,NOT_A_TARGET
CYTK1m,"Cytidylate kinase (CMP),mitochondrial",Unknown,0.23437252228949343,0.23437252228949343,100.0,MINIMAL,1,129607_AT1,G_129607_AT1,atp_m + cmp_m <=> adp_m + cdp_m,0.2814317775193228,0.2814317775193228,100.0,MINIMAL,0.0,NOT_A_TARGET
34DHXMANDACOX_NADP,"3,4-Dihydroxymandelaldehyde:NADP+ oxidoreductase",Unknown,0.23437252228949343,0.23437252228949343,100.0,MINIMAL,2,222_AT1;221_AT1,ALDH3B2;ALDH3B1,34dhmald_c + h2o_c + nadp_c <=> 34dhoxmand_c + 2.0 h_c + nadph_c,0.2814317775193228,0.2814317775193228,100.0,MINIMAL,0.0,NOT_A_TARGET
34DHXMANDACOX,"3,4-Dihydroxymandelaldehyde:NAD+ oxidoreductase",Unknown,0.23437252228949343,0.23437252228949343,100.0,MINIMAL,3,218_AT1;220_AT1;221_AT1,ALDH3A1;ALDH1A3;ALDH3B1,34dhmald_c + h2o_c + nad_c --> 34dhoxmand_c + 2.0 h_c + nadh_c,0.2814317775193228,0.2814317775193228,100.0,MINIMAL,0.0,NOT_A_TARGET
5AOPtm,5 Aminolevulinate mitochondrial transport,Unknown,0.23437252228949343,0.23437252228949343,100.0,MINIMAL,0,,,5aop_c <=> 5aop_m,0.2814317775193228,0.2814317775193228,100.0,MINIMAL,0.0,NOT_A_TARGET
41R1H2MAE12BOOX,"4-[(1R)-1-Hydroxy-2-(methylamino)ethyl]-1,2-benzenediol:oxygen oxidoreductase(deaminating)(flavin-containing)",Unknown,0.23437252228949343,0.23437252228949343,100.0,MINIMAL,2,4128_AT1;4129_AT1,MAOA;MAOB,adrnl_c + h2o_c + o2_c --> 34dhmald_c + h2o2_c + mma_c,0.2814317775193228,0.2814317775193228,100.0,MINIMAL,0.0,NOT_A_TARGET
AACTtm,Aminoacetone transport (mitochondrial),Unknown,0.23437252228949343,0.23437252228949343,100.0,MINIMAL,0,,,aact_m --> aact_c,0.2814317775193228,0.2814317775193228,100.0,MINIMAL,0.0,NOT_A_TARGET
AACTOOR,Aminoacetone:oxygen oxidoreductase(deaminating)(flavin-containing),Unknown,0.23437252228949343,0.23437252228949343,100.0,MINIMAL,1,8639_AT1,AOC3,aact_c + h2o_c + o2_c --> h2o2_c + mthgxl_c + nh4_c,0.2814317775193228,0.2814317775193228,100.0,MINIMAL,0.0,NOT_A_TARGET
CYTK3,Cytidylate kinase (CMP)(GTP),Unknown,0.23437252228949343,0.23437252228949343,100.0,MINIMAL,2,26289_AT1;26289_AT2,AK5;AK5,cmp_c + gtp_c <=> cdp_c + gdp_c,0.2814317775193228,0.2814317775193228,100.0,MINIMAL,0.0,NOT_A_TARGET
10FTHF7GLUtl,"7-glutamyl-10FTHF transport, lysosomal",Unknown,0.23437252228949343,0.23437252228949343,100.0,MINIMAL,0,,,10fthf7glu_c --> 10fthf7glu_l,0.2814317775193228,0.2814317775193228,100.0,MINIMAL,0.0,NOT_A_TARGET
CYTK3n,"Cytidylate kinase (dCMP,CTP),nuclear",Unknown,0.23437252228949343,0.23437252228949343,100.0,MINIMAL,1,51727_AT1,CMPK1,ctp_n + dcmp_n <=> cdp_n + dcdp_n,0.2814317775193228,0.2814317775193228,100.0,MINIMAL,0.0,NOT_A_TARGET
3HBCOAHLm,"3-hydroxyisobutyryl-CoA hydrolase, mitochondrial",Unknown,0.23437252228949343,0.23437252228949343,100.0,MINIMAL,0,,,3hibutcoa_m + h2o_m --> 3hmp_m + coa_m + h_m,0.2814317775193228,0.2814317775193228,100.0,MINIMAL,0.0,NOT_A_TARGET
2MCITt,2-methylcitrate transport via diffusion,Unknown,0.23437252228949343,0.23437252228949343,100.0,MINIMAL,0,,,2mcit_c <=> 2mcit_e,0.2814317775193228,0.2814317775193228,100.0,MINIMAL,0.0,NOT_A_TARGET
2HBt2,2 hydroxybutyrate cotransport with proton,Unknown,0.23437252228949343,0.23437252228949343,100.0,MINIMAL,3,6566_AT1;9123_AT1;9194_AT1,SLC16A1;SLC16A3;SLC16A7,2hb_e + h_e <=> 2hb_c + h_c,0.2814317775193228,0.2814317775193228,100.0,MINIMAL,0.0,NOT_A_TARGET
2HCO3_NAt,Bicarbonate transport (Na/HCO3 1:2 cotransport),Unknown,0.23437252228949343,0.23437252228949343,100.0,MINIMAL,5,57835_AT3;57835_AT4;8671_AT1;57835_AT2;57835_AT1,SLC4A5;SLC4A5;SLC4A4;SLC4A5;SLC4A5,2.0 hco3_e + na1_e <=> 2.0 hco3_c + na1_c,0.2814317775193228,0.2814317775193228,100.0,MINIMAL,0.0,NOT_A_TARGET
5ADTSTSTERONEGLCte,Glucuronidated compound transport,Unknown,0.23437252228949343,0.23437252228949343,100.0,MINIMAL,1,4363_AT1,ABCC1,5adtststeroneglc_c + atp_c + h2o_c --> 5adtststeroneglc_e + adp_c + h_c + pi_c,0.2814317775193228,0.2814317775193228,100.0,MINIMAL,0.0,NOT_A_TARGET
4MOPt2im,4-methyl-2-oxopentanoate mitochondrial transport  via proton symport,Unknown,0.23437252228949343,0.23437252228949343,100.0,MINIMAL,0,,,4mop_c + h_c --> 4mop_m + h_m,0.2814317775193228,0.2814317775193228,100.0,MINIMAL,0.0,NOT_A_TARGET
DADA,Deoxyadenosine deaminase,Unknown,0.23437252228949343,0.23437252228949343,100.0,MINIMAL,1,100_AT1,ADA,dad_2_c + h2o_c + h_c --> din_c + nh4_c,0.2814317775193228,0.2814317775193228,100.0,MINIMAL,0.0,NOT_A_TARGET
DADAe,"Deoxyadenosine deaminase, extracellular",Unknown,0.23437252228949343,0.23437252228949343,100.0,MINIMAL,1,100_AT1,ADA,dad_2_e + h2o_e + h_e --> din_e + nh4_e,0.2814317775193228,0.2814317775193228,100.0,MINIMAL,0.0,NOT_A_TARGET
DADNt4,Deoxyadenosine transport via diffusion,Unknown,0.23437252228949343,0.23437252228949343,100.0,MINIMAL,1,3177_AT1,SLC29A2,dad_2_e <=> dad_2_c,0.2814317775193228,0.2814317775193228,100.0,MINIMAL,0.0,NOT_A_TARGET
4MTOLBUTAMIDEte,Xenobiotic transport,Unknown,0.23437252228949343,0.23437252228949343,100.0,MINIMAL,0,,,4mtolbutamide_e <=> 4mtolbutamide_c,0.2814317775193228,0.2814317775193228,100.0,MINIMAL,0.0,NOT_A_TARGET
4NPHSFte,Xenobiotic transport,Unknown,0.23437252228949343,0.23437252228949343,100.0,MINIMAL,0,,,4nphsf_e <=> 4nphsf_c,0.2814317775193228,0.2814317775193228,100.0,MINIMAL,0.0,NOT_A_TARGET
3HAO,3 hydroxyanthranilate 3 4 dioxygenase,Unknown,0.23437252228949343,0.23437252228949343,100.0,MINIMAL,1,23498_AT1,HAAO,3hanthrn_c + o2_c --> cmusa_c + h_c,0.2814317775193228,0.2814317775193228,100.0,MINIMAL,0.0,NOT_A_TARGET
4NPHSULT,4-Nitrophenol Sulfotransferase,Unknown,0.23437252228949343,0.23437252228949343,100.0,MINIMAL,10,6817_AT5;6817_AT3;6817_AT4;6799_AT1;6818_AT2;6799_AT2;6818_AT3;6817_AT1;6818_AT1;6817_AT2,SULT1A1;SULT1A1;SULT1A1;SULT1A2;SULT1A3;SULT1A2;SULT1A3;SULT1A1;SULT1A3;SULT1A1,4nph_c + paps_c --> 4nphsf_c + h_c + pap_c,0.2814317775193228,0.2814317775193228,100.0,MINIMAL,0.0,NOT_A_TARGET
DAGK_hs,Diacylglycerol phosphate kinase (homo sapiens),Unknown,0.23437252228949343,0.23437252228949343,100.0,MINIMAL,14,160851_AT2;160851_AT1;8525_AT3;1607_AT1;1606_AT1;1609_AT1;8525_AT2;8525_AT1;1608_AT1;9162_AT1,DGKH;DGKH;DGKZ;DGKB;DGKA;DGKQ;DGKZ;DGKZ;DGKG;DGKI,atp_c + dag_hs_c <=> adp_c + h_c + pa_hs_c,0.2814317775193228,0.2814317775193228,100.0,MINIMAL,0.0,NOT_A_TARGET
4NPHte,Xenobiotic transport,Unknown,0.23437252228949343,0.23437252228949343,100.0,MINIMAL,0,,,4nph_e <=> 4nph_c,0.2814317775193228,0.2814317775193228,100.0,MINIMAL,0.0,NOT_A_TARGET
4PYRDX,4-Pyridoxal secretion,Unknown,0.23437252228949343,0.23437252228949343,100.0,MINIMAL,0,,,4pyrdx_c + atp_c + h2o_c --> 4pyrdx_e + adp_c + h_c + pi_c,0.2814317775193228,0.2814317775193228,100.0,MINIMAL,0.0,NOT_A_TARGET
DALAOXx,D-Alanine Oxidase (x),Unknown,0.23437252228949343,0.23437252228949343,100.0,MINIMAL,1,1610_AT1,DAO,ala__D_x + h2o_x + o2_x --> h2o2_x + nh4_x + pyr_x,0.2814317775193228,0.2814317775193228,100.0,MINIMAL,0.0,NOT_A_TARGET
1PPDCRp,"Delta1-piperideine-2-carboxylate reductase, perixosomal",Unknown,0.23437252228949343,0.23437252228949343,100.0,MINIMAL,0,,,1pipdn2c_x + h_x + nadh_x --> Lpipecol_x + nad_x,0.2814317775193228,0.2814317775193228,100.0,MINIMAL,0.0,NOT_A_TARGET
34HPPOR,4 Hydroxyphenylpyruvateoxygen oxidoreductase,Unknown,0.23437252228949343,0.23437252228949343,100.0,MINIMAL,1,3242_AT1,HPD,34hpp_c + o2_c --> co2_c + hgentis_c,0.2814317775193228,0.2814317775193228,100.0,MINIMAL,0.0,NOT_A_TARGET
41R2A1H12BOOX,"4-[(1R)-2-Amino-1-hydroxyethyl]-1,2-benzenediol:oxygen oxidoreductase(deaminating)(flavin-containing)",Unknown,0.23437252228949343,0.23437252228949343,100.0,MINIMAL,2,4128_AT1;4129_AT1,MAOA;MAOB,h2o_c + nrpphr_c + o2_c --> 34dhmald_c + h2o2_c + nh4_c,0.2814317775193228,0.2814317775193228,100.0,MINIMAL,0.0,NOT_A_TARGET
5ADTSTSTERONEGLCtr,Glucuronidated compound transport,Unknown,0.23437252228949343,0.23437252228949343,100.0,MINIMAL,0,,,5adtststeroneglc_c <=> 5adtststeroneglc_r,0.2814317775193228,0.2814317775193228,100.0,MINIMAL,0.0,NOT_A_TARGET
CYTK4,Cytidylate kinase (dCMP)(GTP),Unknown,0.23437252228949343,0.23437252228949343,100.0,MINIMAL,2,26289_AT1;26289_AT2,AK5;AK5,dcmp_c + gtp_c <=> dcdp_c + gdp_c,0.2814317775193228,0.2814317775193228,100.0,MINIMAL,0.0,NOT_A_TARGET
25HVITD2tin_m,25-hydroxyvitamin D2 transport in mitochondria,Unknown,0.23437252228949343,0.23437252228949343,100.0,MINIMAL,0,,,25hvitd2_c --> 25hvitd2_m,0.2814317775193228,0.2814317775193228,100.0,MINIMAL,0.0,NOT_A_TARGET
3SPYRSP,3-sulfinopyruvate hydrolase (spotaneous reaction),Unknown,0.23437252228949343,0.23437252228949343,100.0,MINIMAL,0,,,3snpyr_c + h2o_c --> h_c + pyr_c + so3_c,0.2814317775193228,0.2814317775193228,100.0,MINIMAL,0.0,NOT_A_TARGET
3SPYRSPm,"3-sulfinopyruvate hydrolase (spotaneous reaction), mitochondrial",Unknown,0.23437252228949343,0.23437252228949343,100.0,MINIMAL,0,,,3snpyr_m + h2o_m --> h_m + pyr_m + so3_m,0.2814317775193228,0.2814317775193228,100.0,MINIMAL,0.0,NOT_A_TARGET
2AMACHYD,2-Aminoacrylate hydrolysis,Unknown,0.23437252228949343,0.23437252228949343,100.0,MINIMAL,1,10993_AT1,SDS,2amac_c + h2o_c --> nh4_c + pyr_c,0.2814317775193228,0.2814317775193228,100.0,MINIMAL,0.0,NOT_A_TARGET
2AMADPTm,L-2-aminoadipate shuttle (cytosol/mitochondria),Unknown,0.23437252228949343,0.23437252228949343,100.0,MINIMAL,1,89874_AT1,SLC25A21,L2aadp_c + akg_m <=> L2aadp_m + akg_c,0.2814317775193228,0.2814317775193228,100.0,MINIMAL,0.0,NOT_A_TARGET
2DR1PP,2-deoxy-D-ribose 1-phosphate phosphorylase,Unknown,0.23437252228949343,0.23437252228949343,100.0,MINIMAL,0,,,2dr1p_c + h2o_c --> drib_c + pi_c,0.2814317775193228,0.2814317775193228,100.0,MINIMAL,0.0,NOT_A_TARGET
2HBO,2 HydroxybutyrateNAD oxidoreductase,Unknown,0.23437252228949343,0.23437252228949343,100.0,MINIMAL,7,3945_AT1;3948_AT1;55293_AT1;160287_AT1;3939_AT1;3948_AT2;92483_AT1,LDHB;LDHC;UEVLD;LDHAL6A;LDHA;LDHC;LDHAL6B,2hb_c + nad_c <=> 2obut_c + h_c + nadh_c,0.2814317775193228,0.2814317775193228,100.0,MINIMAL,0.0,NOT_A_TARGET
1MNCAMti,N1-Methylnicotinamide transport,Unknown,0.23437252228949343,0.23437252228949343,100.0,MINIMAL,0,,,1mncam_c + atp_c + h2o_c --> 1mncam_e + adp_c + h_c + pi_c,0.2814317775193228,0.2814317775193228,100.0,MINIMAL,0.0,NOT_A_TARGET
3SALAASPm,Cysteinesulfinate-aspartate mitochondrial shuttle,Unknown,0.23437252228949343,0.23437252228949343,100.0,MINIMAL,2,8604_AT1;10165_AT1,SLC25A12;SLC25A13,3sala_m + asp__L_c <=> 3sala_c + asp__L_m,0.2814317775193228,0.2814317775193228,100.0,MINIMAL,0.0,NOT_A_TARGET
AASAD3,L-aminoadipate-semialdehyde dehydrogenase (NADH),Unknown,0.23437252228949343,0.23437252228949343,100.0,MINIMAL,1,501_AT1,ALDH7A1,L2aadp6sa_c + h2o_c + nad_c --> L2aadp_c + 2.0 h_c + nadh_c,0.2814317775193228,0.2814317775193228,100.0,MINIMAL,0.0,NOT_A_TARGET
4HGLSDm,L 4 hydroxyglutamate semialdehyde dehydrogenase  mitochondrial,Unknown,0.23437252228949343,0.23437252228949343,100.0,MINIMAL,2,8659_AT1;8659_AT2,ALDH4A1;ALDH4A1,4hglusa_m + h2o_m + nad_m <=> e4hglu_m + 2.0 h_m + nadh_m,0.2814317775193228,0.2814317775193228,100.0,MINIMAL,0.0,NOT_A_TARGET
5MTHFt,5-Methyltetrahydrofolate transport via receptor binding and protolysis,Unknown,0.23437252228949343,0.23437252228949343,100.0,MINIMAL,8,2348_AT4;2351_AT1;2352_AT1;2348_AT2;2348_AT6;2348_AT5;2348_AT1;2348_AT3,FOLR1;2351_AT1;FOLR3;FOLR1;FOLR1;FOLR1;FOLR1;FOLR1,5mthf_e <=> 5mthf_c,0.2814317775193228,0.2814317775193228,100.0,MINIMAL,0.0,NOT_A_TARGET
5MTHFt2,5-methyltetrahydrofolate transport via anion exchange,Unknown,0.23437252228949343,0.23437252228949343,100.0,MINIMAL,2,6573_AT1;6573_AT2,SLC19A1;SLC19A1,5mthf_e + oh1_c <=> 5mthf_c + oh1_e,0.2814317775193228,0.2814317775193228,100.0,MINIMAL,0.0,NOT_A_TARGET
ABUTD,Aminobutyraldehyde dehydrogenase,Unknown,0.23437252228949343,0.23437252228949343,100.0,MINIMAL,1,223_AT1,ALDH9A1,4abutn_c + h2o_c + nad_c --> 4abut_c + 2.0 h_c + nadh_c,0.2814317775193228,0.2814317775193228,100.0,MINIMAL,0.0,NOT_A_TARGET
ABUTt2r,4 aminobutyrate reversible transport in via proton symport,Unknown,0.23437252228949343,0.23437252228949343,100.0,MINIMAL,1,206358_AT1,SLC36A1,4abut_e + h_e <=> 4abut_c + h_c,0.2814317775193228,0.2814317775193228,100.0,MINIMAL,0.0,NOT_A_TARGET
3MLDAt,3MLDA extracellular transport via diffusion,Unknown,0.23437252228949343,0.23437252228949343,100.0,MINIMAL,0,,,3mlda_c <=> 3mlda_e,0.2814317775193228,0.2814317775193228,100.0,MINIMAL,0.0,NOT_A_TARGET
7DHCHSTEROLtr,Cholesterol precursor intracellular transport,Unknown,0.23437252228949343,0.23437252228949343,100.0,MINIMAL,0,,,7dhchsterol_r <=> 7dhchsterol_c,0.2814317775193228,0.2814317775193228,100.0,MINIMAL,0.0,NOT_A_TARGET
3MOBt2im,3-methyl-2-oxobutanoate mitochondrial transport via proton symport,Unknown,0.23437252228949343,0.23437252228949343,100.0,MINIMAL,0,,,3mob_c + h_c --> 3mob_m + h_m,0.2814317775193228,0.2814317775193228,100.0,MINIMAL,0.0,NOT_A_TARGET
7DHFtl,"7-glutamyl-DHF transport, lysosomal",Unknown,0.23437252228949343,0.23437252228949343,100.0,MINIMAL,0,,,7dhf_c --> 7dhf_l,0.2814317775193228,0.2814317775193228,100.0,MINIMAL,0.0,NOT_A_TARGET
7DHFtm,"7-glutamyl-DHF transport,m mitochondrial",Unknown,0.23437252228949343,0.23437252228949343,100.0,MINIMAL,0,,,7dhf_m --> 7dhf_c,0.2814317775193228,0.2814317775193228,100.0,MINIMAL,0.0,NOT_A_TARGET
7THFtl,"7-glutamyl-THF transport, lysosomal",Unknown,0.23437252228949343,0.23437252228949343,100.0,MINIMAL,0,,,7thf_c --> 7thf_l,0.2814317775193228,0.2814317775193228,100.0,MINIMAL,0.0,NOT_A_TARGET
10FTHF7GLUtm,"7-glutamyl-10FTHF transport, mitochondrial",Unknown,0.23437252228949343,0.23437252228949343,100.0,MINIMAL,0,,,10fthf7glu_m --> 10fthf7glu_c,0.2814317775193228,0.2814317775193228,100.0,MINIMAL,0.0,NOT_A_TARGET
10FTHFtl,10-Formyltetrahydrofolate lysosomal transport via diffusion,Unknown,0.23437252228949343,0.23437252228949343,100.0,MINIMAL,0,,,10fthf_c <=> 10fthf_l,0.2814317775193228,0.2814317775193228,100.0,MINIMAL,0.0,NOT_A_TARGET
7THFtm,"7-glutamyl-THF transport,m mitochondrial",Unknown,0.23437252228949343,0.23437252228949343,100.0,MINIMAL,0,,,7thf_m --> 7thf_c,0.2814317775193228,0.2814317775193228,100.0,MINIMAL,0.0,NOT_A_TARGET
3MOPt2im,3-Methyl-2-oxopentanoate mitochondrial transport via proton symport,Unknown,0.23437252228949343,0.23437252228949343,100.0,MINIMAL,0,,,3mop_c + h_c --> 3mop_m + h_m,0.2814317775193228,0.2814317775193228,100.0,MINIMAL,0.0,NOT_A_TARGET
3MOX4HOXPGALDOX,3-Methoxy-4-hydroxyphenylglycolaldehyde:NAD+ oxidoreductase,Unknown,0.23437252228949343,0.23437252228949343,100.0,MINIMAL,4,218_AT1;222_AT1;220_AT1;221_AT1,ALDH3A1;ALDH3B2;ALDH1A3;ALDH3B1,3m4hpga_c + h2o_c + nad_c --> 3mox4hoxm_c + 2.0 h_c + nadh_c,0.2814317775193228,0.2814317775193228,100.0,MINIMAL,0.0,NOT_A_TARGET
ALR3,Aldose reductase (acetol),Unknown,0.23437252228949343,0.23437252228949343,100.0,MINIMAL,4,10327_AT1;231_AT1;8574_AT1;10327_AT2,AKR1A1;AKR1B1;AKR7A2;AKR1A1,acetol_c + h_c + nadph_c --> 12ppd__S_c + nadp_c,0.2814317775193228,0.2814317775193228,100.0,MINIMAL,0.0,NOT_A_TARGET
AMACRp,Alpha-methylacyl-CoA racemase,Unknown,0.23437252228949343,0.23437252228949343,100.0,MINIMAL,2,23600_AT1;23600_AT2,AMACR;AMACR,cholcoar_x --> cholcoas_x,0.2814317775193228,0.2814317775193228,100.0,MINIMAL,0.0,NOT_A_TARGET
C226COAtx,Fatty acid intracellular transport,Unknown,0.23437252228949343,0.23437252228949343,100.0,MINIMAL,0,,,c226coa_c <=> c226coa_x,0.2814317775193228,0.2814317775193228,100.0,MINIMAL,0.0,NOT_A_TARGET
DM_ethamp_r,Ethanolamine phosphate demand,Unknown,0.23437252228949343,0.23437252228949343,100.0,MINIMAL,0,,,ethamp_r --> ,0.2814317775193228,0.2814317775193228,100.0,MINIMAL,0.0,NOT_A_TARGET
DITPtn,DITP nuclear transport,Unknown,0.23437252228949343,0.23437252228949343,100.0,MINIMAL,0,,,ditp_c <=> ditp_n,0.2814317775193228,0.2814317775193228,100.0,MINIMAL,0.0,NOT_A_TARGET
DKMPPD,"2,3-diketo-5-methylthio-1-phosphopentane degradation reaction",Unknown,0.23437252228949343,0.23437252228949343,100.0,MINIMAL,0,,,dkmpp_c + h2o_c + o2_c --> 2kmb_c + for_c + 2.0 h_c + pi_c,0.2814317775193228,0.2814317775193228,100.0,MINIMAL,0.0,NOT_A_TARGET
DLNLCGCPT1,Carnitine O-palmitoyltransferase,Unknown,0.23437252228949343,0.23437252228949343,100.0,MINIMAL,6,1375_AT2;1374_AT1;1375_AT3;126129_AT1;1375_AT4;1375_AT1,CPT1B;CPT1A;CPT1B;CPT1C;CPT1B;CPT1B,crn_c + dlnlcgcoa_c --> coa_c + dlnlcgcrn_c,0.2814317775193228,0.2814317775193228,100.0,MINIMAL,0.0,NOT_A_TARGET
DLNLCGCPT2,Carnitine transferase,Unknown,0.23437252228949343,0.23437252228949343,100.0,MINIMAL,1,1376_AT1,CPT2,coa_m + dlnlcgcrn_m --> crn_m + dlnlcgcoa_m,0.2814317775193228,0.2814317775193228,100.0,MINIMAL,0.0,NOT_A_TARGET
DLNLCGCRNt,Transport into the mitochondria (carnitine),Unknown,0.23437252228949343,0.23437252228949343,100.0,MINIMAL,1,788_AT1,SLC25A20,dlnlcgcrn_c --> dlnlcgcrn_m,0.2814317775193228,0.2814317775193228,100.0,MINIMAL,0.0,NOT_A_TARGET
DLNLCGt,Fatty acid transport via diffusion,Unknown,0.23437252228949343,0.23437252228949343,100.0,MINIMAL,1,10998_AT1,SLC27A5,dlnlcg_e <=> dlnlcg_c,0.2814317775193228,0.2814317775193228,100.0,MINIMAL,0.0,NOT_A_TARGET
3HLYTCL,3-Hydroxy-L-tyrosine carboxy-lyase,Unknown,0.23437252228949343,0.23437252228949343,100.0,MINIMAL,1,1644_AT1,DDC,34dhphe_c + h_c --> co2_c + dopa_c,0.2814317775193228,0.2814317775193228,100.0,MINIMAL,0.0,NOT_A_TARGET
5HTRPVESSEC,5-hydroxy-L-tryptophan secretion via secretory vesicle (ATP driven),Unknown,0.23437252228949343,0.23437252228949343,100.0,MINIMAL,2,6571_AT1;6570_AT1,SLC18A2;SLC18A1,3.0 5htrp_c + 2.0 atp_c + 2.0 h2o_c --> 3.0 5htrp_e + 2.0 adp_c + 2.0 h_c + 2.0 pi_c,0.2814317775193228,0.2814317775193228,100.0,MINIMAL,0.0,NOT_A_TARGET
DASCBR,Dehydroascorbate reductase,Unknown,0.23437252228949343,0.23437252228949343,100.0,MINIMAL,3,51022_AT2;2745_AT1;51022_AT1,GLRX2;GLRX;GLRX2,dhdascb_c + h_c + nadph_c --> ascb__L_c + nadp_c,0.2814317775193228,0.2814317775193228,100.0,MINIMAL,0.0,NOT_A_TARGET
24_25VITD3Hm,24R-Vitamin D-25-hydroxylase (D3),Unknown,0.23437252228949343,0.23437252228949343,100.0,MINIMAL,1,1591_AT1,CYP24A1,25hvitd3_m + h_m + nadph_m + o2_m --> 2425dhvitd3_m + h2o_m + nadp_m,0.2814317775193228,0.2814317775193228,100.0,MINIMAL,0.0,NOT_A_TARGET
AASAD3m,"L-aminoadipate-semialdehyde dehydrogenase (NADH), mitochondrial",Unknown,0.23437252228949343,0.23437252228949343,100.0,MINIMAL,0,,,L2aadp6sa_m + h2o_m + nad_m --> L2aadp_m + 2.0 h_m + nadh_m,0.2814317775193228,0.2814317775193228,100.0,MINIMAL,0.0,NOT_A_TARGET
3SALACBOXL,3-Sulfino-L-alanine carboxy-lyase,Unknown,0.23437252228949343,0.23437252228949343,100.0,MINIMAL,4,2571_AT2;2572_AT1;2571_AT1;51380_AT1,GAD1;GAD2;GAD1;CSAD,3sala_c + h_c --> co2_c + hyptaur_c,0.2814317775193228,0.2814317775193228,100.0,MINIMAL,0.0,NOT_A_TARGET
24NPHte,Xenobiotic transport,Unknown,0.23437252228949343,0.23437252228949343,100.0,MINIMAL,0,,,24nph_e <=> 24nph_c,0.2814317775193228,0.2814317775193228,100.0,MINIMAL,0.0,NOT_A_TARGET
AATA,2 aminoadipate transaminase,Unknown,0.23437252228949343,0.23437252228949343,100.0,MINIMAL,2,51166_AT2;51166_AT1,AADAT;AADAT,2oxoadp_c + glu__L_c <-- L2aadp_c + akg_c,0.2814317775193228,0.2814317775193228,100.0,MINIMAL,0.0,NOT_A_TARGET
24_25DHVITD2t,"24,25-Dihydroxyvitamin D2 transport from cytoplasm",Unknown,0.23437252228949343,0.23437252228949343,100.0,MINIMAL,0,,,2425dhvitd2_c --> 2425dhvitd2_e,0.2814317775193228,0.2814317775193228,100.0,MINIMAL,0.0,NOT_A_TARGET
3SALAOX,Cysteinesulfinic acid oxidase,Unknown,0.23437252228949343,0.23437252228949343,100.0,MINIMAL,0,,,2.0 3sala_c + 2.0 h_c + o2_c --> 2.0 Lcyst_c,0.2814317775193228,0.2814317775193228,100.0,MINIMAL,0.0,NOT_A_TARGET
24_25DHVITD2tm,"24,25-Dihydroxyvitamin D2 transport from mitochondria",Unknown,0.23437252228949343,0.23437252228949343,100.0,MINIMAL,0,,,2425dhvitd2_m --> 2425dhvitd2_c,0.2814317775193228,0.2814317775193228,100.0,MINIMAL,0.0,NOT_A_TARGET
24_25DHVITD3t,"24,25-Dihydroxyvitamin D3 transport from cytoplasm",Unknown,0.23437252228949343,0.23437252228949343,100.0,MINIMAL,0,,,2425dhvitd3_c --> 2425dhvitd3_e,0.2814317775193228,0.2814317775193228,100.0,MINIMAL,0.0,NOT_A_TARGET
24_25DHVITD3tm,"24,25-Dihydroxyvitamin D3 transport from mitochondria",Unknown,0.23437252228949343,0.23437252228949343,100.0,MINIMAL,0,,,2425dhvitd3_m --> 2425dhvitd3_c,0.2814317775193228,0.2814317775193228,100.0,MINIMAL,0.0,NOT_A_TARGET
24_25VITD2Hm,24R-Vitamin D-25-hydroxylase (D2),Unknown,0.23437252228949343,0.23437252228949343,100.0,MINIMAL,1,1591_AT1,CYP24A1,25hvitd2_m + h_m + nadph_m + o2_m --> 2425dhvitd2_m + h2o_m + nadp_m,0.2814317775193228,0.2814317775193228,100.0,MINIMAL,0.0,NOT_A_TARGET
3SALATAi,3-sulfino-alanine transaminase (irreversible),Unknown,0.23437252228949343,0.23437252228949343,100.0,MINIMAL,1,2805_AT1,GOT1,3sala_c + akg_c + h_c --> 3snpyr_c + glu__L_c,0.2814317775193228,0.2814317775193228,100.0,MINIMAL,0.0,NOT_A_TARGET
ABTArm,"4-aminobutyrate transaminase, reversible (mitochondrial)",Unknown,0.23437252228949343,0.23437252228949343,100.0,MINIMAL,2,18_AT2;18_AT1,ABAT;ABAT,4abut_m + akg_m <=> glu__L_m + sucsal_m,0.2814317775193228,0.2814317775193228,100.0,MINIMAL,0.0,NOT_A_TARGET
DALAxt,D-Alanine transport to perixosome,Unknown,0.23437252228949343,0.23437252228949343,100.0,MINIMAL,0,,,ala__D_c --> ala__D_x,0.2814317775193228,0.2814317775193228,100.0,MINIMAL,0.0,NOT_A_TARGET
ABTD,L-arabinitol 4-dehydrogenase,Unknown,0.23437252228949343,0.23437252228949343,100.0,MINIMAL,0,,,abt_c + nad_c <=> h_c + nadh_c + xylu__L_c,0.2814317775193228,0.2814317775193228,100.0,MINIMAL,0.0,NOT_A_TARGET
ABUTt4_2_r,ABUTt4 LPAREN 2 RPAREN r,Unknown,0.23437252228949343,0.23437252228949343,100.0,MINIMAL,4,6538_AT1;6540_AT1;6539_AT1;6529_AT1,SLC6A11;SLC6A13;SLC6A12;SLC6A1,4abut_e + 2.0 na1_e <=> 4abut_c + 2.0 na1_c,0.2814317775193228,0.2814317775193228,100.0,MINIMAL,0.0,NOT_A_TARGET
ACACT1r_copy1,Acetyl-CoA C-acetyltransferase,Unknown,0.23437252228949343,0.23437252228949343,100.0,MINIMAL,1,39_AT1,ACAT2,2.0 accoa_c --> aacoa_c + coa_c,0.2814317775193228,0.2814317775193228,100.0,MINIMAL,0.0,NOT_A_TARGET
13DAMPPOX,"1,3-Diaminopropane:oxygen oxidoreductase (deaminating)",Unknown,0.23437252228949343,0.23437252228949343,100.0,MINIMAL,4,8639_AT1;314_AT2;314_AT1;26_AT1,AOC3;AOC2;AOC2;AOC1,13dampp_c + h2o_c + o2_c --> bamppald_c + h2o2_c + nh4_c,0.2814317775193228,0.2814317775193228,100.0,MINIMAL,0.0,NOT_A_TARGET
AACOAT,Acetoacetyl-CoA:acetate CoA-transferase,Unknown,0.23437252228949343,0.23437252228949343,100.0,MINIMAL,1,65985_AT1,AACS,acac_c + atp_c + coa_c <=> aacoa_c + amp_c + ppi_c,0.2814317775193228,0.2814317775193228,100.0,MINIMAL,0.0,NOT_A_TARGET
3HCO3_NAt,Bicarbonate transport (Na/HCO3 1:3 cotransport),Unknown,0.23437252228949343,0.23437252228949343,100.0,MINIMAL,5,57835_AT3;57835_AT4;8671_AT1;57835_AT2;57835_AT1,SLC4A5;SLC4A5;SLC4A4;SLC4A5;SLC4A5,3.0 hco3_e + na1_e <=> 3.0 hco3_c + na1_c,0.2814317775193228,0.2814317775193228,100.0,MINIMAL,0.0,NOT_A_TARGET
3MOX4HOXPGALDOX_NADP,3-Methoxy-4-hydroxyphenylglycolaldehyde:NADP+ oxidoreductase,Unknown,0.23437252228949343,0.23437252228949343,100.0,MINIMAL,4,218_AT1;222_AT1;220_AT1;221_AT1,ALDH3A1;ALDH3B2;ALDH1A3;ALDH3B1,3m4hpga_c + h2o_c + nadp_c <=> 3mox4hoxm_c + 2.0 h_c + nadph_c,0.2814317775193228,0.2814317775193228,100.0,MINIMAL,0.0,NOT_A_TARGET
5FTHFt2,5-formyltetrahydrofolate transport via anion exchange,Unknown,0.23437252228949343,0.23437252228949343,100.0,MINIMAL,2,6573_AT1;6573_AT2,SLC19A1;SLC19A1,5fthf_e + oh1_c <=> 5fthf_c + oh1_e,0.2814317775193228,0.2814317775193228,100.0,MINIMAL,0.0,NOT_A_TARGET
5HLTDL,5-Hydroxy-L-tryptophan decarboxy-lyase,Unknown,0.23437252228949343,0.23437252228949343,100.0,MINIMAL,1,1644_AT1,DDC,5htrp_c + h_c --> co2_c + srtn_c,0.2814317775193228,0.2814317775193228,100.0,MINIMAL,0.0,NOT_A_TARGET
5HOMEPRAZOLEte,Xenobiotic transport,Unknown,0.23437252228949343,0.23437252228949343,100.0,MINIMAL,0,,,5homeprazole_e <=> 5homeprazole_c,0.2814317775193228,0.2814317775193228,100.0,MINIMAL,0.0,NOT_A_TARGET
DALAt2r,D-alanine transport via proton symport,Unknown,0.23437252228949343,0.23437252228949343,100.0,MINIMAL,1,206358_AT1,SLC36A1,ala__D_e + h_e <=> ala__D_c + h_c,0.2814317775193228,0.2814317775193228,100.0,MINIMAL,0.0,NOT_A_TARGET
4HOXPACDOX_NADP,4HOXPACDOX LPAREN NADP RPAREN,Unknown,0.23437252228949343,0.23437252228949343,100.0,MINIMAL,4,218_AT1;222_AT1;220_AT1;221_AT1,ALDH3A1;ALDH3B2;ALDH1A3;ALDH3B1,4hoxpacd_c + h2o_c + nadp_c <=> 4hphac_c + 2.0 h_c + nadph_c,0.2814317775193228,0.2814317775193228,100.0,MINIMAL,0.0,NOT_A_TARGET
4HDEBRISOQUINEte,Xenobiotic transport,Unknown,0.23437252228949343,0.23437252228949343,100.0,MINIMAL,0,,,4hdebrisoquine_e <=> 4hdebrisoquine_c,0.2814317775193228,0.2814317775193228,100.0,MINIMAL,0.0,NOT_A_TARGET
5ADTSTSTERONEtr,5 alpha dihydrotesterone intracellular transport,Unknown,0.23437252228949343,0.23437252228949343,100.0,MINIMAL,0,,,5adtststerone_r <=> 5adtststerone_c,0.2814317775193228,0.2814317775193228,100.0,MINIMAL,0.0,NOT_A_TARGET
ACCOAtn,Acetyl CoA transport  nuclear,Unknown,0.23437252228949343,0.23437252228949343,100.0,MINIMAL,0,,,accoa_c <=> accoa_n,0.2814317775193228,0.2814317775193228,100.0,MINIMAL,0.0,NOT_A_TARGET
ACONTm,Aconitate hydratase,Unknown,0.23437252228949343,0.23437252228949343,100.0,MINIMAL,1,50_AT1,ACO2,cit_m <=> icit_m,0.2814317775193228,0.2814317775193228,100.0,MINIMAL,0.0,NOT_A_TARGET
ACOX22x,"Acyl-Coenzyme A oxidase 2, branched chain",Unknown,0.23437252228949343,0.23437252228949343,100.0,MINIMAL,1,8309_AT1,ACOX2,dhcholoylcoa_x + fadh2_x + 0.5 o2_x --> fad_x + thcholoylcoa_x,0.2814317775193228,0.2814317775193228,100.0,MINIMAL,0.0,NOT_A_TARGET
ACALDtx,"Acetaldehyde transport via diffusion, glyoxysome",Unknown,0.23437252228949343,0.23437252228949343,100.0,MINIMAL,0,,,acald_x <=> acald_c,0.2814317775193228,0.2814317775193228,100.0,MINIMAL,0.0,NOT_A_TARGET
ACCOAC,Acetyl-CoA carboxylase,Unknown,0.23437252228949343,0.23437252228949343,100.0,MINIMAL,6,32_AT1;31_AT2;31_AT5;31_AT1;31_AT3;31_AT4,ACACB;ACACA;ACACA;ACACA;ACACA;ACACA,accoa_c + atp_c + hco3_c --> adp_c + h_c + malcoa_c + pi_c,0.2814317775193228,0.2814317775193228,100.0,MINIMAL,0.0,NOT_A_TARGET
ACCOACrm,Acetyl Coa carboxylase  mitochondrial,Unknown,0.23437252228949343,0.23437252228949343,100.0,MINIMAL,1,32_AT1,ACACB,accoa_m + atp_m + hco3_m --> adp_m + h_m + malcoa_m + pi_m,0.2814317775193228,0.2814317775193228,100.0,MINIMAL,0.0,NOT_A_TARGET
ACCOAL,Acetate-CoA ligase (ADP-forming),Unknown,0.23437252228949343,0.23437252228949343,100.0,MINIMAL,2,55902_AT1;55902_AT2,ACSS2;ACSS2,atp_c + coa_c + ppa_c --> adp_c + pi_c + ppcoa_c,0.2814317775193228,0.2814317775193228,100.0,MINIMAL,0.0,NOT_A_TARGET
ACOX2x,"Acyl-Coenzyme A oxidase 2, branched chain",Unknown,0.23437252228949343,0.23437252228949343,100.0,MINIMAL,1,8309_AT1,ACOX2,cholcoas_x + fadh2_x + o2_x --> cholcoads_x + fad_x + 2.0 h2o_x,0.2814317775193228,0.2814317775193228,100.0,MINIMAL,0.0,NOT_A_TARGET
ACP1_FMN,Acid phosphatase (FMN),Unknown,0.23437252228949343,0.23437252228949343,100.0,MINIMAL,3,52_AT3;52_AT1;52_AT2,ACP1;ACP1;ACP1,fmn_c + h2o_c --> pi_c + ribflv_c,0.2814317775193228,0.2814317775193228,100.0,MINIMAL,0.0,NOT_A_TARGET
ACRNtm,O acetylcarnintine transport into mitochondria via diffusion,Unknown,0.23437252228949343,0.23437252228949343,100.0,MINIMAL,1,788_AT1,SLC25A20,acrn_c --> acrn_m,0.2814317775193228,0.2814317775193228,100.0,MINIMAL,0.0,NOT_A_TARGET
ACCOALm,Acetate-CoA ligase (AMP-forming),Unknown,0.23437252228949343,0.23437252228949343,100.0,MINIMAL,1,84532_AT1,ACSS1,atp_m + coa_m + ppa_m --> amp_m + ppcoa_m + ppi_m,0.2814317775193228,0.2814317775193228,100.0,MINIMAL,0.0,NOT_A_TARGET
ACS,Acetyl-CoA synthetase,Unknown,0.23437252228949343,0.23437252228949343,100.0,MINIMAL,3,65985_AT1;55902_AT1;55902_AT2,AACS;ACSS2;ACSS2,ac_c + atp_c + coa_c --> accoa_c + amp_c + ppi_c,0.2814317775193228,0.2814317775193228,100.0,MINIMAL,0.0,NOT_A_TARGET
ACS2,Acetyl-CoA synthase (propionate),Unknown,0.23437252228949343,0.23437252228949343,100.0,MINIMAL,3,65985_AT1;55902_AT1;55902_AT2,AACS;ACSS2;ACSS2,atp_c + coa_c + ppa_c --> amp_c + ppcoa_c + ppi_c,0.2814317775193228,0.2814317775193228,100.0,MINIMAL,0.0,NOT_A_TARGET
ACACtx,"Acetoacetate transport via diffusion, glyoxysome",Unknown,0.23437252228949343,0.23437252228949343,100.0,MINIMAL,0,,,acac_c <=> acac_x,0.2814317775193228,0.2814317775193228,100.0,MINIMAL,0.0,NOT_A_TARGET
ACETONEt2,Acetone transport via proton symport,Unknown,0.23437252228949343,0.23437252228949343,100.0,MINIMAL,3,6566_AT1;9123_AT1;9194_AT1,SLC16A1;SLC16A3;SLC16A7,acetone_e + h_e <=> acetone_c + h_c,0.2814317775193228,0.2814317775193228,100.0,MINIMAL,0.0,NOT_A_TARGET
ACETONEt2m,Acetone mitochondrial transport via proton symport,Unknown,0.23437252228949343,0.23437252228949343,100.0,MINIMAL,1,6566_AT1,SLC16A1,acetone_c + h_c <=> acetone_m + h_m,0.2814317775193228,0.2814317775193228,100.0,MINIMAL,0.0,NOT_A_TARGET
ADNtm,"Equilibrative nucleoside transporter, mitochondrial",Unknown,0.23437252228949343,0.23437252228949343,100.0,MINIMAL,1,2030_AT1,SLC29A1,adn_c <=> adn_m,0.2814317775193228,0.2814317775193228,100.0,MINIMAL,0.0,NOT_A_TARGET
ACITL,ATP-Citrate lyase,Unknown,0.23437252228949343,0.23437252228949343,100.0,MINIMAL,2,47_AT2;47_AT1,ACLY;ACLY,atp_c + cit_c + coa_c --> accoa_c + adp_c + oaa_c + pi_c,0.2814317775193228,0.2814317775193228,100.0,MINIMAL,0.0,NOT_A_TARGET
ADPRDP,ADPribose diphosphatase,Unknown,0.23437252228949343,0.23437252228949343,100.0,MINIMAL,1,11164_AT1,NUDT5,adprib_c + h2o_c --> amp_c + 2.0 h_c + r5p_c,0.2814317775193228,0.2814317775193228,100.0,MINIMAL,0.0,NOT_A_TARGET
ALDD2x,"Aldehyde dehydrogenase (acetaldehyde, NAD)",Unknown,0.23437252228949343,0.23437252228949343,100.0,MINIMAL,11,216_AT1;501_AT1;8854_AT2;220_AT1;223_AT1;224_AT1;218_AT1;8854_AT1;222_AT1;221_AT1,ALDH1A1;ALDH7A1;ALDH1A2;ALDH1A3;ALDH9A1;ALDH3A2;ALDH3A1;ALDH1A2;ALDH3B2;ALDH3B1,acald_c + h2o_c + nad_c --> ac_c + 2.0 h_c + nadh_c,0.2814317775193228,0.2814317775193228,100.0,MINIMAL,0.0,NOT_A_TARGET
ALDD2y,"Aldehyde dehydrogenase (acetaldehyde, NADP)",Unknown,0.23437252228949343,0.23437252228949343,100.0,MINIMAL,8,8854_AT2;223_AT1;224_AT1;218_AT1;8854_AT1;222_AT1;221_AT1;8854_AT3,ALDH1A2;ALDH9A1;ALDH3A2;ALDH3A1;ALDH1A2;ALDH3B2;ALDH3B1;ALDH1A2,acald_c + h2o_c + nadp_c --> ac_c + 2.0 h_c + nadph_c,0.2814317775193228,0.2814317775193228,100.0,MINIMAL,0.0,NOT_A_TARGET
AKGMALtm,"Dicarboxylate/tricarboxylate carrier (mal:akg), mitochondrial",Unknown,0.23437252228949343,0.23437252228949343,100.0,MINIMAL,1,8402_AT1,SLC25A11,akg_m + mal__L_c <=> akg_c + mal__L_m,0.2814317775193228,0.2814317775193228,100.0,MINIMAL,0.0,NOT_A_TARGET
AKR1C41,"Aldo-keto reductase family 1, member C4 (chlordecone reductase; 3-alpha hydroxysteroid dehydrogenase, type I; dihydrodiol dehydrogenase 4)",Unknown,0.23437252228949343,0.23437252228949343,100.0,MINIMAL,1,1109_AT1,AKR1C4,h_c + nadh_c + xol7ah_c --> nad_c + xol7ah2_c,0.2814317775193228,0.2814317775193228,100.0,MINIMAL,0.0,NOT_A_TARGET
AKR1C42,"Aldo-keto reductase family 1, member C4 (chlordecone reductase; 3-alpha hydroxysteroid dehydrogenase, type I; dihydrodiol dehydrogenase 4)",Unknown,0.23437252228949343,0.23437252228949343,100.0,MINIMAL,1,1109_AT1,AKR1C4,h_c + nadh_c + xoldioloneh_c --> nad_c + xoltriol_c,0.2814317775193228,0.2814317775193228,100.0,MINIMAL,0.0,NOT_A_TARGET
AKR1D,"Aldo-keto reductase family 1, member D1 (delta 4-3-ketosteroid-5-beta-reductase)",Unknown,0.23437252228949343,0.23437252228949343,100.0,MINIMAL,1,6718_AT1,AKR1D1,h_c + nadph_c + xol7aone_c --> nadp_c + xol7ah_c,0.2814317775193228,0.2814317775193228,100.0,MINIMAL,0.0,NOT_A_TARGET
ACALDtm,Acetaldehyde mitochondrial diffusion,Unknown,0.23437252228949343,0.23437252228949343,100.0,MINIMAL,0,,,acald_m <=> acald_c,0.2814317775193228,0.2814317775193228,100.0,MINIMAL,0.0,NOT_A_TARGET
ACONT,Aconitate hydratase,Unknown,0.23437252228949343,0.23437252228949343,100.0,MINIMAL,2,3658_AT1;48_AT1,IREB2;ACO1,cit_c <=> icit_c,0.2814317775193228,0.2814317775193228,100.0,MINIMAL,0.0,NOT_A_TARGET
5ADTSTSTERONEte,5 alpha dihydrotesterone transport,Unknown,0.23437252228949343,0.23437252228949343,100.0,MINIMAL,0,,,5adtststerone_e <=> 5adtststerone_c,0.2814317775193228,0.2814317775193228,100.0,MINIMAL,0.0,NOT_A_TARGET
ACHtn,"Acetylcholin transport, nuclear trhough pores",Unknown,0.23437252228949343,0.23437252228949343,100.0,MINIMAL,0,,,ach_n <=> ach_c,0.2814317775193228,0.2814317775193228,100.0,MINIMAL,0.0,NOT_A_TARGET
ACGAMK,N-acetylglucosamine kinase,Unknown,0.23437252228949343,0.23437252228949343,100.0,MINIMAL,1,55577_AT1,NAGK,acgam_c + atp_c --> acgam6p_c + adp_c + h_c,0.2814317775193228,0.2814317775193228,100.0,MINIMAL,0.0,NOT_A_TARGET
ACGAMtly,N-acetyl-glucosamine lysosomal efflux,Unknown,0.23437252228949343,0.23437252228949343,100.0,MINIMAL,0,,,acgam_l --> acgam_c,0.2814317775193228,0.2814317775193228,100.0,MINIMAL,0.0,NOT_A_TARGET
ADK1,Adenylate kinase,Unknown,0.23437252228949343,0.23437252228949343,100.0,MINIMAL,4,203_AT1;26289_AT1;122481_AT1;26289_AT2,AK1;AK5;AK7;AK5,amp_c + atp_c <=> 2.0 adp_c,0.2814317775193228,0.2814317775193228,100.0,MINIMAL,0.0,NOT_A_TARGET
ADK3,Adentylate kinase (GTP),Unknown,0.23437252228949343,0.23437252228949343,100.0,MINIMAL,2,26289_AT1;26289_AT2,AK5;AK5,amp_c + gtp_c <=> adp_c + gdp_c,0.2814317775193228,0.2814317775193228,100.0,MINIMAL,0.0,NOT_A_TARGET
AMACR2p,Alpha-methylacyl-CoA racemase (reductase),Unknown,0.23437252228949343,0.23437252228949343,100.0,MINIMAL,2,23600_AT1;23600_AT2,AMACR;AMACR,dhcholestancoa_x + 0.5 o2_x --> dhcholoylcoa_x + h2o_x,0.2814317775193228,0.2814317775193228,100.0,MINIMAL,0.0,NOT_A_TARGET
ADK3m,Adentylate kinase  GTP,Unknown,0.23437252228949343,0.23437252228949343,100.0,MINIMAL,1,50808_AT1,AK3,amp_m + gtp_m <=> adp_m + gdp_m,0.2814317775193228,0.2814317775193228,100.0,MINIMAL,0.0,NOT_A_TARGET
ADMDC,Adenosylmethionine decarboxylase,Unknown,0.23437252228949343,0.23437252228949343,100.0,MINIMAL,1,262_AT1,AMD1,amet_c + h_c --> ametam_c + co2_c,0.2814317775193228,0.2814317775193228,100.0,MINIMAL,0.0,NOT_A_TARGET
ADNCYC,Adenylate cyclase,Unknown,0.23437252228949343,0.23437252228949343,100.0,MINIMAL,11,112_AT1;112_AT2;196883_AT1;115_AT1;55811_AT1;109_AT1;113_AT1;107_AT1;108_AT1;111_AT1,ADCY6;ADCY6;ADCY4;ADCY9;ADCY10;ADCY3;ADCY7;ADCY1;ADCY2;ADCY5,atp_c --> camp_c + ppi_c,0.2814317775193228,0.2814317775193228,100.0,MINIMAL,0.0,NOT_A_TARGET
ADNK1,Adenosine kinase,Unknown,0.23437252228949343,0.23437252228949343,100.0,MINIMAL,2,132_AT1;132_AT2,ADK;ADK,adn_c + atp_c --> adp_c + amp_c + h_c,0.2814317775193228,0.2814317775193228,100.0,MINIMAL,0.0,NOT_A_TARGET
ACHEe,Acetylcholinesterase,Unknown,0.23437252228949343,0.23437252228949343,100.0,MINIMAL,2,43_AT1;43_AT2,ACHE;ACHE,ach_e + h2o_e --> ac_e + chol_e + h_e,0.2814317775193228,0.2814317775193228,100.0,MINIMAL,0.0,NOT_A_TARGET
ACHVESSEC,Acetylcholine secretion via secretory vesicle (ATP driven),Unknown,0.23437252228949343,0.23437252228949343,100.0,MINIMAL,1,6572_AT1,SLC18A3,3.0 ach_c + 2.0 atp_c + 2.0 h2o_c --> 3.0 ach_e + 2.0 adp_c + 2.0 h_c + 2.0 pi_c,0.2814317775193228,0.2814317775193228,100.0,MINIMAL,0.0,NOT_A_TARGET
ADNK1m,"Adenosine kinase, mitochondria",Unknown,0.23437252228949343,0.23437252228949343,100.0,MINIMAL,0,,,adn_m + atp_m --> adp_m + amp_m + h_m,0.2814317775193228,0.2814317775193228,100.0,MINIMAL,0.0,NOT_A_TARGET
ACACt2m,Acetoacetate mitochondrial transport via H+ symport,Unknown,0.23437252228949343,0.23437252228949343,100.0,MINIMAL,1,6566_AT1,SLC16A1,acac_c + h_c <=> acac_m + h_m,0.2814317775193228,0.2814317775193228,100.0,MINIMAL,0.0,NOT_A_TARGET
ADNt,Adenosine facilated transport in cytosol,Unknown,0.23437252228949343,0.23437252228949343,100.0,MINIMAL,2,3177_AT1;2030_AT1,SLC29A2;SLC29A1,adn_e <=> adn_c,0.2814317775193228,0.2814317775193228,100.0,MINIMAL,0.0,NOT_A_TARGET
ADNt4,Adenosine transport (Na/Adn cotransport),Unknown,0.23437252228949343,0.23437252228949343,100.0,MINIMAL,4,64078_AT1;9154_AT1;9154_AT2;9153_AT1,SLC28A3;SLC28A1;SLC28A1;SLC28A2,adn_e + na1_e --> adn_c + na1_c,0.2814317775193228,0.2814317775193228,100.0,MINIMAL,0.0,NOT_A_TARGET
ADNt5,Adenosine transport (1:2 Na/Adn cotransport),Unknown,0.23437252228949343,0.23437252228949343,100.0,MINIMAL,1,64078_AT1,SLC28A3,adn_e + 2.0 na1_e --> adn_c + 2.0 na1_c,0.2814317775193228,0.2814317775193228,100.0,MINIMAL,0.0,NOT_A_TARGET
ACYP,Acylphosphatase,Unknown,0.23437252228949343,0.23437252228949343,100.0,MINIMAL,4,97_AT1;112611_AT1;97_AT2;98_AT1,ACYP1;RWDD2A;ACYP1;ACYP2,13dpg_c + h2o_c --> 3pg_c + h_c + pi_c,0.2814317775193228,0.2814317775193228,100.0,MINIMAL,0.0,NOT_A_TARGET
ACTNMO,Acetone monooxygenase,Unknown,0.23437252228949343,0.23437252228949343,100.0,MINIMAL,1,1571_AT1,CYP2E1,acetone_c + h_c + nadph_c + o2_c --> acetol_c + h2o_c + nadp_c,0.2814317775193228,0.2814317775193228,100.0,MINIMAL,0.0,NOT_A_TARGET
ACTLMO,Acetol monooxygenase,Unknown,0.23437252228949343,0.23437252228949343,100.0,MINIMAL,1,1571_AT1,CYP2E1,acetol_c + h_c + nadph_c + o2_c --> 2.0 h2o_c + mthgxl_c + nadp_c,0.2814317775193228,0.2814317775193228,100.0,MINIMAL,0.0,NOT_A_TARGET
ACSm,Acetyl CoA synthetase,Unknown,0.23437252228949343,0.23437252228949343,100.0,MINIMAL,1,84532_AT1,ACSS1,ac_m + atp_m + coa_m --> accoa_m + amp_m + ppi_m,0.2814317775193228,0.2814317775193228,100.0,MINIMAL,0.0,NOT_A_TARGET
ACOAD8m,Isovaleryl-coa dehydrogenase,Unknown,0.23437252228949343,0.23437252228949343,100.0,MINIMAL,1,3712_AT1,IVD,fad_m + ivcoa_m --> 3mb2coa_m + fadh2_m,0.2814317775193228,0.2814317775193228,100.0,MINIMAL,0.0,NOT_A_TARGET
ACOAD9m,"2-methylacyl-coa dehydrogenase, 2-Methylprop-2-enoyl-CoA forming",Unknown,0.23437252228949343,0.23437252228949343,100.0,MINIMAL,2,34_AT1;27034_AT1,ACADM;ACAD8,fad_m + ibcoa_m --> 2mp2coa_m + fadh2_m,0.2814317775193228,0.2814317775193228,100.0,MINIMAL,0.0,NOT_A_TARGET
ACOAO7p,Acyl CoA oxidase  hexadecanoyl CoA   peroxisomal,Unknown,0.23437252228949343,0.23437252228949343,100.0,MINIMAL,2,51_AT2;51_AT1,ACOX1;ACOX1,o2_x + pmtcoa_x --> h2o2_x + hdd2coa_x,0.2814317775193228,0.2814317775193228,100.0,MINIMAL,0.0,NOT_A_TARGET
ACACt2,Acetoacetate transport via proton symport,Unknown,0.23437252228949343,0.23437252228949343,100.0,MINIMAL,2,6566_AT1;9194_AT1,SLC16A1;SLC16A7,acac_e + h_e <=> acac_c + h_c,0.2814317775193228,0.2814317775193228,100.0,MINIMAL,0.0,NOT_A_TARGET
AKR1D2,"Aldo-keto reductase family 1, member D1 (delta 4-3-ketosteroid-5-beta-reductase)",Unknown,0.23437252228949343,0.23437252228949343,100.0,MINIMAL,1,6718_AT1,AKR1D1,h_c + nadph_c + xoldiolone_c --> nadp_c + xoldioloneh_c,0.2814317775193228,0.2814317775193228,100.0,MINIMAL,0.0,NOT_A_TARGET
ALAASNNaEx,L-alanine/L-asparagine Na-dependent exchange (Ala-L in),Unknown,0.23437252228949343,0.23437252228949343,100.0,MINIMAL,1,6510_AT1,SLC1A5,ala__L_e + asn__L_c + na1_e --> ala__L_c + asn__L_e + na1_c,0.2814317775193228,0.2814317775193228,100.0,MINIMAL,0.0,NOT_A_TARGET
ALOX5,Arachidonate 5-lipoxygenase,Unknown,0.23437252228949343,0.23437252228949343,100.0,MINIMAL,1,240_AT1,ALOX5,arachd_c + o2_c --> 5HPET_c,0.2814317775193228,0.2814317775193228,100.0,MINIMAL,0.0,NOT_A_TARGET
AICART,Phosphoribosylaminoimidazolecarboxamide formyltransferase,Unknown,0.23437252228949343,0.23437252228949343,100.0,MINIMAL,1,471_AT1,ATIC,10fthf_c + aicar_c <=> fprica_c + thf_c,0.2814317775193228,0.2814317775193228,100.0,MINIMAL,0.0,NOT_A_TARGET
ADSK,Adenylyl-sulfate kinase,Unknown,0.23437252228949343,0.23437252228949343,100.0,MINIMAL,2,9061_AT1;9060_AT1,PAPSS1;PAPSS2,aps_c + atp_c --> adp_c + h_c + paps_c,0.2814317775193228,0.2814317775193228,100.0,MINIMAL,0.0,NOT_A_TARGET
AGDC,N-acetylglucosamine-6-phosphate deacetylase,Unknown,0.23437252228949343,0.23437252228949343,100.0,MINIMAL,1,51005_AT1,AMDHD2,acgam6p_c + h2o_c --> ac_c + gam6p_c,0.2814317775193228,0.2814317775193228,100.0,MINIMAL,0.0,NOT_A_TARGET
ACNML,N-Acetylneuraminate lyase,Unknown,0.23437252228949343,0.23437252228949343,100.0,MINIMAL,0,,,acnam_c <=> acmana_c + pyr_c,0.2814317775193228,0.2814317775193228,100.0,MINIMAL,0.0,NOT_A_TARGET
ADSL1r,Adenylsuccinate lyase,Unknown,0.23437252228949343,0.23437252228949343,100.0,MINIMAL,2,158_AT1;158_AT2,ADSL;ADSL,dcamp_c --> amp_c + fum_c,0.2814317775193228,0.2814317775193228,100.0,MINIMAL,0.0,NOT_A_TARGET
ADSL2r,Adenylosuccinate lyase,Unknown,0.23437252228949343,0.23437252228949343,100.0,MINIMAL,2,158_AT1;158_AT2,ADSL;ADSL,25aics_c --> aicar_c + fum_c,0.2814317775193228,0.2814317775193228,100.0,MINIMAL,0.0,NOT_A_TARGET
ADSS,Adenylosuccinate synthase,Unknown,0.23437252228949343,0.23437252228949343,100.0,MINIMAL,3,122622_AT1;159_AT1;122622_AT2,ADSSL1;ADSS;ADSSL1,asp__L_c + gtp_c + imp_c --> dcamp_c + gdp_c + 2.0 h_c + pi_c,0.2814317775193228,0.2814317775193228,100.0,MINIMAL,0.0,NOT_A_TARGET
ACOAD10m,"2-methylacyl-coa dehydrogenase, trans-2-Methylbut-2-enoyl-CoA forming",Unknown,0.23437252228949343,0.23437252228949343,100.0,MINIMAL,2,34_AT1;36_AT1,ACADM;ACADSB,2mbcoa_m + fad_m --> 2mb2coa_m + fadh2_m,0.2814317775193228,0.2814317775193228,100.0,MINIMAL,0.0,NOT_A_TARGET
ACOAD1fm,"Acyl-CoA dehydrogenase (butanoyl-CoA), mitochondrial",Unknown,0.23437252228949343,0.23437252228949343,100.0,MINIMAL,7,84129_AT1;34_AT1;27034_AT1;28976_AT1;35_AT1;80724_AT1;36_AT1,ACAD11;ACADM;ACAD8;ACAD9;ACADS;ACAD10;ACADSB,btcoa_m + fad_m --> b2coa_m + fadh2_m,0.2814317775193228,0.2814317775193228,100.0,MINIMAL,0.0,NOT_A_TARGET
AFLATOXINte,Xenobiotic transport,Unknown,0.23437252228949343,0.23437252228949343,100.0,MINIMAL,0,,,aflatoxin_e <=> aflatoxin_c,0.2814317775193228,0.2814317775193228,100.0,MINIMAL,0.0,NOT_A_TARGET
AHEXASE2ly,"Beta-N-acetylhexosaminidase, lysosomal",Unknown,0.23437252228949343,0.23437252228949343,100.0,MINIMAL,2,3074_AT1;3073_AT1,HEXB;HEXA,3.0 h2o_l + n2m2nmn_l --> 3.0 acgam_l + m2mn_l,0.2814317775193228,0.2814317775193228,100.0,MINIMAL,0.0,NOT_A_TARGET
AHEXASEly,"Beta-N-acetylhexosaminidase, lysosomal",Unknown,0.23437252228949343,0.23437252228949343,100.0,MINIMAL,2,3074_AT1;3073_AT1,HEXB;HEXA,2.0 h2o_l + n2m2mn_l --> 2.0 acgam_l + m2mn_l,0.2814317775193228,0.2814317775193228,100.0,MINIMAL,0.0,NOT_A_TARGET
AHCYStr,S-Adenosyl-L-homocysteine intracellular diffusion,Unknown,0.23437252228949343,0.23437252228949343,100.0,MINIMAL,0,,,ahcys_c <=> ahcys_r,0.2814317775193228,0.2814317775193228,100.0,MINIMAL,0.0,NOT_A_TARGET
ALACYSNaEx,L-alanine/L-cysteine Na-dependent exchange (Ala-L in),Unknown,0.23437252228949343,0.23437252228949343,100.0,MINIMAL,2,6509_AT1;6510_AT1,SLC1A4;SLC1A5,ala__L_e + cys__L_c + na1_e --> ala__L_c + cys__L_e + na1_c,0.2814317775193228,0.2814317775193228,100.0,MINIMAL,0.0,NOT_A_TARGET
AGPAT1,1-acylglycerol-3-phosphate O-acyltransferase 1,Unknown,0.23437252228949343,0.23437252228949343,100.0,MINIMAL,7,56894_AT1;10555_AT1;10554_AT1;137964_AT1;56894_AT2;55326_AT1;56895_AT1,AGPAT3;AGPAT2;AGPAT1;GPAT4;AGPAT3;AGPAT5;AGPAT4,Rtotal2coa_c + alpa_hs_c --> coa_c + pa_hs_c,0.2814317775193228,0.2814317775193228,100.0,MINIMAL,0.0,NOT_A_TARGET
ACACT1m,Acetyl CoA C acetyltransferase  mitochondrial,Unknown,0.23437252228949343,0.23437252228949343,100.0,MINIMAL,3,38_AT1;3030_AT1;3032_AT1,ACAT1;HADHA;HADHB,2.0 accoa_m <=> aacoa_m + coa_m,0.2814317775193228,0.2814317775193228,100.0,MINIMAL,0.0,NOT_A_TARGET
ACACT1r_copy2,Acetyl-CoA C-acetyltransferase,Unknown,0.23437252228949343,0.23437252228949343,100.0,MINIMAL,1,39_AT1,ACAT2,2.0 accoa_c <=> aacoa_c + coa_c,0.2814317775193228,0.2814317775193228,100.0,MINIMAL,0.0,NOT_A_TARGET
ACACT10m,Acetyl-CoA C-acyltransferase,Unknown,0.23437252228949343,0.23437252228949343,100.0,MINIMAL,1,38_AT1,ACAT1,2maacoa_m + coa_m <=> accoa_m + ppcoa_m,0.2814317775193228,0.2814317775193228,100.0,MINIMAL,0.0,NOT_A_TARGET
CYTK4n,"Cytidylate kinase (dCMP,GTP),nuclear",Unknown,0.23437252228949343,0.23437252228949343,100.0,MINIMAL,1,51727_AT1,CMPK1,dcmp_n + gtp_n <=> dcdp_n + gdp_n,0.2814317775193228,0.2814317775193228,100.0,MINIMAL,0.0,NOT_A_TARGET
35CGMPtn,35cGMP nuclear transport,Unknown,0.23437252228949343,0.23437252228949343,100.0,MINIMAL,0,,,35cgmp_c <=> 35cgmp_n,0.2814317775193228,0.2814317775193228,100.0,MINIMAL,0.0,NOT_A_TARGET
3AIBTm,"L-3-aminoisobutyrate transaminase, mitochondrial",Unknown,0.23437252228949343,0.23437252228949343,100.0,MINIMAL,2,18_AT2;18_AT1,ABAT;ABAT,2mop_m + glu__L_m <=> 3aib_m + akg_m,0.2814317775193228,0.2814317775193228,100.0,MINIMAL,0.0,NOT_A_TARGET
3AIBt,3-amino-isobutyrate transport,Unknown,0.23437252228949343,0.23437252228949343,100.0,MINIMAL,0,,,3aib_c --> 3aib_e,0.2814317775193228,0.2814317775193228,100.0,MINIMAL,0.0,NOT_A_TARGET
4ABUTtm,4 aminobutanoate mitochondrial transport via diffusion,Unknown,0.23437252228949343,0.23437252228949343,100.0,MINIMAL,0,,,4abut_c <=> 4abut_m,0.2814317775193228,0.2814317775193228,100.0,MINIMAL,0.0,NOT_A_TARGET
3AIBtm,"3-amino-isobutyrate transport, mitochondrial",Unknown,0.23437252228949343,0.23437252228949343,100.0,MINIMAL,2,18_AT2;18_AT1,ABAT;ABAT,3aib_m --> 3aib_c,0.2814317775193228,0.2814317775193228,100.0,MINIMAL,0.0,NOT_A_TARGET
DMGDHm,"Dimethylglycine dehydrogenase, mitochondrial",Unknown,0.23437252228949343,0.23437252228949343,100.0,MINIMAL,1,29958_AT1,DMGDH,dmgly_m + fad_m + h2o_m --> fadh2_m + fald_m + sarcs_m,0.2814317775193228,0.2814317775193228,100.0,MINIMAL,0.0,NOT_A_TARGET
ADRNLPVESSEC,Adrenaline secretion via secretory vesicle (ATP driven),Unknown,0.23437252228949343,0.23437252228949343,100.0,MINIMAL,2,6571_AT1;6570_AT1,SLC18A2;SLC18A1,3.0 adrnl_c + 2.0 atp_c + 2.0 h2o_c --> 2.0 adp_c + 3.0 adrnl_e + 2.0 h_c + 2.0 pi_c,0.2814317775193228,0.2814317775193228,100.0,MINIMAL,0.0,NOT_A_TARGET
ACNAMlt,N-acetylneuraminate transport into lysososme,Unknown,0.23437252228949343,0.23437252228949343,100.0,MINIMAL,1,26503_AT1,SLC17A5,acnam_c + h_c <=> acnam_l + h_l,0.2814317775193228,0.2814317775193228,100.0,MINIMAL,0.0,NOT_A_TARGET
ACNAMPH,N-Acetylneuraminate 9-phosphate phosphohydrolase,Unknown,0.23437252228949343,0.23437252228949343,100.0,MINIMAL,3,140838_AT1;54_AT1;51205_AT1,G_140838_AT1;G_54_AT1;G_51205_AT1,acnamp_c + h2o_c --> acnam_c + pi_c,0.2814317775193228,0.2814317775193228,100.0,MINIMAL,0.0,NOT_A_TARGET
ACNAM9PL2,N-Acetylneuraminate 9-phosphate pyruvate-lyase (pyruvate-phosphorylating),Unknown,0.23437252228949343,0.23437252228949343,100.0,MINIMAL,1,54187_AT1,NANS,h2o_c + man6p_c + pep_c --> kdnp_c + pi_c,0.2814317775193228,0.2814317775193228,100.0,MINIMAL,0.0,NOT_A_TARGET
ALADGLNexR,L-alanine/glutamine reversible exchange,Unknown,0.23437252228949343,0.23437252228949343,100.0,MINIMAL,2,6520_AT1;56301_AT1,SLC3A2;SLC7A10,ala__D_e + gln__L_c <=> ala__D_c + gln__L_e,0.2814317775193228,0.2814317775193228,100.0,MINIMAL,0.0,NOT_A_TARGET
ALADGLYexR,D-alanine/glycine reversible exchange,Unknown,0.23437252228949343,0.23437252228949343,100.0,MINIMAL,2,6520_AT1;56301_AT1,SLC3A2;SLC7A10,ala__D_e + gly_c <=> ala__D_c + gly_e,0.2814317775193228,0.2814317775193228,100.0,MINIMAL,0.0,NOT_A_TARGET
ALAGLNNaEx,L-alanine/L-glutamine Na-dependent exchange (Ala-L in),Unknown,0.23437252228949343,0.23437252228949343,100.0,MINIMAL,1,6510_AT1,SLC1A5,ala__L_e + gln__L_c + na1_e --> ala__L_c + gln__L_e + na1_c,0.2814317775193228,0.2814317775193228,100.0,MINIMAL,0.0,NOT_A_TARGET
ALOX52,Arachidonate 5-lipoxygenase,Unknown,0.23437252228949343,0.23437252228949343,100.0,MINIMAL,1,240_AT1,ALOX5,5HPET_c --> h2o_c + leuktrA4_c,0.2814317775193228,0.2814317775193228,100.0,MINIMAL,0.0,NOT_A_TARGET
ALR,Aldose reductase,Unknown,0.23437252228949343,0.23437252228949343,100.0,MINIMAL,1,231_AT1,AKR1B1,h2o_c + mthgxl_c + nadp_c --> 2.0 h_c + nadph_c + pyr_c,0.2814317775193228,0.2814317775193228,100.0,MINIMAL,0.0,NOT_A_TARGET
ALR2,Aldose reductase (methylglyoxal),Unknown,0.23437252228949343,0.23437252228949343,100.0,MINIMAL,4,10327_AT1;231_AT1;8574_AT1;10327_AT2,AKR1A1;AKR1B1;AKR7A2;AKR1A1,h_c + mthgxl_c + nadph_c --> acetol_c + nadp_c,0.2814317775193228,0.2814317775193228,100.0,MINIMAL,0.0,NOT_A_TARGET
ALAGLNexR,L-alanine/glutamine reversible exchange,Unknown,0.23437252228949343,0.23437252228949343,100.0,MINIMAL,2,6520_AT1;56301_AT1,SLC3A2;SLC7A10,ala__L_e + gln__L_c <=> ala__L_c + gln__L_e,0.2814317775193228,0.2814317775193228,100.0,MINIMAL,0.0,NOT_A_TARGET
ALAGLYexR,L-alanine/glycine reversible exchange,Unknown,0.23437252228949343,0.23437252228949343,100.0,MINIMAL,2,6520_AT1;56301_AT1,SLC3A2;SLC7A10,ala__L_e + gly_c <=> ala__L_c + gly_e,0.2814317775193228,0.2814317775193228,100.0,MINIMAL,0.0,NOT_A_TARGET
ALAR,Alanine racemase,Unknown,0.23437252228949343,0.23437252228949343,100.0,MINIMAL,1,11212_AT1,PROSC,ala__L_c <=> ala__D_c,0.2814317775193228,0.2814317775193228,100.0,MINIMAL,0.0,NOT_A_TARGET
ALASERNaEx,L-alanine/L-serine Na-dependent exchange (Ala-L in),Unknown,0.23437252228949343,0.23437252228949343,100.0,MINIMAL,2,6509_AT1;6510_AT1,SLC1A4;SLC1A5,ala__L_e + na1_e + ser__L_c --> ala__L_c + na1_c + ser__L_e,0.2814317775193228,0.2814317775193228,100.0,MINIMAL,0.0,NOT_A_TARGET
ALASm,5 aminolevulinate synthase,Unknown,0.23437252228949343,0.23437252228949343,100.0,MINIMAL,4,212_AT1;211_AT2;211_AT1;23464_AT1,ALAS2;ALAS1;ALAS1;GCAT,gly_m + h_m + succoa_m --> 5aop_m + co2_m + coa_m,0.2814317775193228,0.2814317775193228,100.0,MINIMAL,0.0,NOT_A_TARGET
ALATA_L,L-alanine transaminase,Unknown,0.23437252228949343,0.23437252228949343,100.0,MINIMAL,2,84706_AT1;2875_AT1,GPT2;GPT,akg_c + ala__L_c <=> glu__L_c + pyr_c,0.2814317775193228,0.2814317775193228,100.0,MINIMAL,0.0,NOT_A_TARGET
ALATHRNaEx,L-alanine/L-threonine Na-dependent exchange (Ala-L in),Unknown,0.23437252228949343,0.23437252228949343,100.0,MINIMAL,2,6509_AT1;6510_AT1,SLC1A4;SLC1A5,ala__L_e + na1_e + thr__L_c --> ala__L_c + na1_c + thr__L_e,0.2814317775193228,0.2814317775193228,100.0,MINIMAL,0.0,NOT_A_TARGET
ALAt2r,L alanine reversible transport via proton symport,Unknown,0.23437252228949343,0.23437252228949343,100.0,MINIMAL,1,206358_AT1,SLC36A1,ala__L_e + h_e <=> ala__L_c + h_c,0.2814317775193228,0.2814317775193228,100.0,MINIMAL,0.0,NOT_A_TARGET
ALDD2xm,Aldehyde dehydrogenase  acetylaldehyde  NAD   mitochondrial,Unknown,0.23437252228949343,0.23437252228949343,100.0,MINIMAL,2,217_AT1;219_AT1,ALDH2;ALDH1B1,acald_m + h2o_m + nad_m --> ac_m + 2.0 h_m + nadh_m,0.2814317775193228,0.2814317775193228,100.0,MINIMAL,0.0,NOT_A_TARGET
AKGDm,2-oxoglutarate dehydrogenase,Unknown,0.23437252228949343,0.23437252228949343,100.0,MINIMAL,5,4967_AT1;1743_AT1;8050_AT1;1738_AT1;4967_AT2,OGDH;DLST;PDHX;DLD;OGDH,akg_m + coa_m + nad_m --> co2_m + nadh_m + succoa_m,0.2814317775193228,0.2814317775193228,100.0,MINIMAL,0.0,NOT_A_TARGET
ADPRIBt,ADPribose transport,Unknown,0.23437252228949343,0.23437252228949343,100.0,MINIMAL,1,952_AT1,CD38,adprib_e --> adprib_c,0.2814317775193228,0.2814317775193228,100.0,MINIMAL,0.0,NOT_A_TARGET
AIRCr,Phosphoribosylaminoimidazole carboxylase,Unknown,0.23437252228949343,0.23437252228949343,100.0,MINIMAL,1,10606_AT1,PAICS,air_c + co2_c <=> 5aizc_c + h_c,0.2814317775193228,0.2814317775193228,100.0,MINIMAL,0.0,NOT_A_TARGET
ADPT,Adenine phosphoribosyltransferase,Unknown,0.23437252228949343,0.23437252228949343,100.0,MINIMAL,1,353_AT1,APRT,ade_c + prpp_c --> amp_c + ppi_c,0.2814317775193228,0.2814317775193228,100.0,MINIMAL,0.0,NOT_A_TARGET
ACNAM9PL,N-Acetylneuraminate 9-phosphate pyruvate-lyase (pyruvate-phosphorylating),Unknown,0.23437252228949343,0.23437252228949343,100.0,MINIMAL,1,54187_AT1,NANS,acmanap_c + h2o_c + pep_c --> acnamp_c + pi_c,0.2814317775193228,0.2814317775193228,100.0,MINIMAL,0.0,NOT_A_TARGET
ADRNCPT1,Carnitine O-palmitoyltransferase,Unknown,0.23437252228949343,0.23437252228949343,100.0,MINIMAL,6,1375_AT2;1374_AT1;1375_AT3;126129_AT1;1375_AT4;1375_AT1,CPT1B;CPT1A;CPT1B;CPT1C;CPT1B;CPT1B,adrncoa_c + crn_c --> adrncrn_c + coa_c,0.2814317775193228,0.2814317775193228,100.0,MINIMAL,0.0,NOT_A_TARGET
ADRNCPT2,Carnitine transferase,Unknown,0.23437252228949343,0.23437252228949343,100.0,MINIMAL,1,1376_AT1,CPT2,adrncrn_m + coa_m --> adrncoa_m + crn_m,0.2814317775193228,0.2814317775193228,100.0,MINIMAL,0.0,NOT_A_TARGET
ADRNCRNt,Transport into the mitochondria (carnitine),Unknown,0.23437252228949343,0.23437252228949343,100.0,MINIMAL,1,788_AT1,SLC25A20,adrncrn_c --> adrncrn_m,0.2814317775193228,0.2814317775193228,100.0,MINIMAL,0.0,NOT_A_TARGET
DMANTIPYRINEte,Xenobiotic transport,Unknown,0.23437252228949343,0.23437252228949343,100.0,MINIMAL,0,,,dmantipyrine_e <=> dmantipyrine_c,0.2814317775193228,0.2814317775193228,100.0,MINIMAL,0.0,NOT_A_TARGET
RTOTAL2CRNCPT1,Carnitine fatty-acyl transferase,Unknown,0.0,0.23437252228949343,0.0,LETHAL,6,1375_AT2;1374_AT1;1375_AT3;126129_AT1;1375_AT4;1375_AT1,CPT1B;CPT1A;CPT1B;CPT1C;CPT1B;CPT1B,Rtotal2coa_c + crn_c --> Rtotal2crn_c + coa_c,0.0,0.2814317775193228,0.0,LETHAL,0.0,CRITICAL_VIRAL_TARGET
DMGtm,Dimethylglycine transport via diffusion (cytosol to mitochondria),Unknown,0.23437252228949343,0.23437252228949343,100.0,MINIMAL,0,,,dmgly_c <=> dmgly_m,0.2814317775193228,0.2814317775193228,100.0,MINIMAL,0.0,NOT_A_TARGET
BALAtmr,"Beta-alanine transport, mitochondria",Unknown,0.23437252228949343,0.23437252228949343,100.0,MINIMAL,0,,,ala_B_c <=> ala_B_m,0.2814317775193228,0.2814317775193228,100.0,MINIMAL,0.0,NOT_A_TARGET
LCARS,"Lacaldehyde reductase (S-propane-1,2-diol forming)",Unknown,0.23437252228949343,0.23437252228949343,100.0,MINIMAL,10,284273_AT1;125_AT1;126_AT1;128_AT1;284273_AT2;127_AT1;124_AT1;137872_AT1;131_AT1;130_AT1,ZADH2;ADH1B;ADH1C;ADH5;ZADH2;ADH4;ADH1A;ADHFE1;ADH7;ADH6,h_c + lald__L_c + nadh_c <-- 12ppd__S_c + nad_c,0.2814317775193228,0.2814317775193228,100.0,MINIMAL,0.0,NOT_A_TARGET
ALCD22_D,Alcohol dehydrogenase (D-lactaldehyde),Unknown,0.23437252228949343,0.23437252228949343,100.0,MINIMAL,10,284273_AT1;125_AT1;126_AT1;128_AT1;284273_AT2;127_AT1;124_AT1;137872_AT1;131_AT1;130_AT1,ZADH2;ADH1B;ADH1C;ADH5;ZADH2;ADH4;ADH1A;ADHFE1;ADH7;ADH6,lald__D_c + nad_c --> h_c + mthgxl_c + nadh_c,0.2814317775193228,0.2814317775193228,100.0,MINIMAL,0.0,NOT_A_TARGET
ALCD22_L,Alcohol dehydrogenase (L-lactaldehyde),Unknown,0.23437252228949343,0.23437252228949343,100.0,MINIMAL,10,284273_AT1;125_AT1;126_AT1;128_AT1;284273_AT2;127_AT1;124_AT1;137872_AT1;131_AT1;130_AT1,ZADH2;ADH1B;ADH1C;ADH5;ZADH2;ADH4;ADH1A;ADHFE1;ADH7;ADH6,lald__L_c + nad_c --> h_c + mthgxl_c + nadh_c,0.2814317775193228,0.2814317775193228,100.0,MINIMAL,0.0,NOT_A_TARGET
ALCD2x,Alcohol dehydrogenase (ethanol),Unknown,0.23437252228949343,0.23437252228949343,100.0,MINIMAL,10,284273_AT1;125_AT1;126_AT1;128_AT1;284273_AT2;127_AT1;124_AT1;137872_AT1;131_AT1;130_AT1,ZADH2;ADH1B;ADH1C;ADH5;ZADH2;ADH4;ADH1A;ADHFE1;ADH7;ADH6,etoh_c + nad_c --> acald_c + h_c + nadh_c,0.2814317775193228,0.2814317775193228,100.0,MINIMAL,0.0,NOT_A_TARGET
ALCD2y,"Alcohol dehydrogenase (ethanol, NADP)",Unknown,0.23437252228949343,0.23437252228949343,100.0,MINIMAL,2,10327_AT1;10327_AT2,AKR1A1;AKR1A1,etoh_c + nadp_c --> acald_c + h_c + nadph_c,0.2814317775193228,0.2814317775193228,100.0,MINIMAL,0.0,NOT_A_TARGET
AMY2e,"Alpha-amylase, extracellular (glygn2 -> glygn4)",Unknown,0.23437252228949343,0.23437252228949343,100.0,MINIMAL,9,277_AT1;279_AT1;278_AT1;6520_AT1;276_AT2;280_AT1;11136_AT1;276_AT1;6519_AT1,AMY1B;AMY2A;AMY1C;SLC3A2;AMY1A;AMY2B;SLC7A9;AMY1A;SLC3A1,glygn2_e + 8.0 h2o_e --> 8.0 glc__D_e + glygn4_e,0.2814317775193228,0.2814317775193228,100.0,MINIMAL,0.0,NOT_A_TARGET
ANTIPYRENEte,Xenobiotic transport,Unknown,0.23437252228949343,0.23437252228949343,100.0,MINIMAL,0,,,antipyrene_e <=> antipyrene_c,0.2814317775193228,0.2814317775193228,100.0,MINIMAL,0.0,NOT_A_TARGET
AOBUTDsm,"L-2-amino-3-oxobutanoate decarboxylation, mitochondrial  (spontaneous)",Unknown,0.23437252228949343,0.23437252228949343,100.0,MINIMAL,0,,,2aobut_m + h_m --> aact_m + co2_m,0.2814317775193228,0.2814317775193228,100.0,MINIMAL,0.0,NOT_A_TARGET
ALDD19xr,"Aldehyde dehydrogenase (phenylacetaldehyde, NAD)",Unknown,0.23437252228949343,0.23437252228949343,100.0,MINIMAL,4,218_AT1;222_AT1;220_AT1;221_AT1,ALDH3A1;ALDH3B2;ALDH1A3;ALDH3B1,h2o_c + nad_c + pacald_c --> 2.0 h_c + nadh_c + pac_c,0.2814317775193228,0.2814317775193228,100.0,MINIMAL,0.0,NOT_A_TARGET
ALDD19x_P,"Aldehyde dehydrogenase (phenylacetaldehyde, NADP)",Unknown,0.23437252228949343,0.23437252228949343,100.0,MINIMAL,4,218_AT1;222_AT1;220_AT1;221_AT1,ALDH3A1;ALDH3B2;ALDH1A3;ALDH3B1,h2o_c + nadp_c + pacald_c --> 2.0 h_c + nadph_c + pac_c,0.2814317775193228,0.2814317775193228,100.0,MINIMAL,0.0,NOT_A_TARGET
APAT2rm,3-Aminopropanoate:2-oxoglutarate aminotransferase (m),Unknown,0.23437252228949343,0.23437252228949343,100.0,MINIMAL,2,18_AT2;18_AT1,ABAT;ABAT,akg_m + ala_B_m <=> glu__L_m + msa_m,0.2814317775193228,0.2814317775193228,100.0,MINIMAL,0.0,NOT_A_TARGET
BDHm,"3-Hydroxybutanoate:NAD+ oxidoreductase, mitochondria",Unknown,0.23437252228949343,0.23437252228949343,100.0,MINIMAL,3,622_AT3;622_AT1;622_AT2,BDH1;BDH1;BDH1,bhb_m + nad_m <=> acac_m + h_m + nadh_m,0.2814317775193228,0.2814317775193228,100.0,MINIMAL,0.0,NOT_A_TARGET
AMPtp,"AMP transporter, peroxisome",Unknown,0.23437252228949343,0.23437252228949343,100.0,MINIMAL,0,,,amp_c <=> amp_x,0.2814317775193228,0.2814317775193228,100.0,MINIMAL,0.0,NOT_A_TARGET
CTPS1,CTP synthase  NH3,Unknown,0.23437252228949343,0.23437252228949343,100.0,MINIMAL,1,1503_AT1,CTPS1,atp_c + nh4_c + utp_c --> adp_c + ctp_c + 2.0 h_c + pi_c,0.2814317775193228,0.2814317775193228,100.0,MINIMAL,0.0,NOT_A_TARGET
CHLP,Choline phosphate phosphatase,Unknown,0.23437252228949343,0.23437252228949343,100.0,MINIMAL,1,162466_AT1,PHOSPHO1,cholp_c + h2o_c --> chol_c + pi_c,0.2814317775193228,0.2814317775193228,100.0,MINIMAL,0.0,NOT_A_TARGET
CHLtm,Choline transport via diffusion (cytosol to mitochondria),Unknown,0.23437252228949343,0.23437252228949343,100.0,MINIMAL,0,,,chol_c <=> chol_m,0.2814317775193228,0.2814317775193228,100.0,MINIMAL,0.0,NOT_A_TARGET
CHOLATEt,Cholate transport via bicarbonate countertransport,Unknown,0.23437252228949343,0.23437252228949343,100.0,MINIMAL,2,10599_AT1;6579_AT1,SLCO1B1;SLCO1A2,cholate_e + hco3_c <=> cholate_c + hco3_e,0.2814317775193228,0.2814317775193228,100.0,MINIMAL,0.0,NOT_A_TARGET
CHOLATEt2,Cholate transport via sodium cotransport,Unknown,0.23437252228949343,0.23437252228949343,100.0,MINIMAL,2,6555_AT1;6554_AT1,SLC10A2;SLC10A1,cholate_e + 2.0 na1_e --> cholate_c + 2.0 na1_c,0.2814317775193228,0.2814317775193228,100.0,MINIMAL,0.0,NOT_A_TARGET
CHOLATEt3,ABC bile acid transporter,Unknown,0.23437252228949343,0.23437252228949343,100.0,MINIMAL,4,8714_AT3;8714_AT1;8714_AT2;8647_AT1,ABCC3;ABCC3;ABCC3;ABCB11,atp_c + cholate_c + h2o_c --> adp_c + cholate_e + h_c + pi_c,0.2814317775193228,0.2814317775193228,100.0,MINIMAL,0.0,NOT_A_TARGET
CHOLK,Choline kinase,Unknown,0.23437252228949343,0.23437252228949343,100.0,MINIMAL,4,1119_AT1;1120_AT1;1120_AT2;1119_AT2,CHKA;CHKB;CHKB;CHKA,atp_c + chol_c --> adp_c + cholp_c + h_c,0.2814317775193228,0.2814317775193228,100.0,MINIMAL,0.0,NOT_A_TARGET
CHOLPtl,Choline phosphate intracellular transport,Unknown,0.23437252228949343,0.23437252228949343,100.0,MINIMAL,0,,,cholp_c <=> cholp_l,0.2814317775193228,0.2814317775193228,100.0,MINIMAL,0.0,NOT_A_TARGET
CHOLt4,"Choline, sodium cotransport",Unknown,0.23437252228949343,0.23437252228949343,100.0,MINIMAL,1,60482_AT1,SLC5A7,chol_e + na1_e <=> chol_c + na1_c,0.2814317775193228,0.2814317775193228,100.0,MINIMAL,0.0,NOT_A_TARGET
CHOLtn,"Choline transport, nuclear through pores",Unknown,0.23437252228949343,0.23437252228949343,100.0,MINIMAL,0,,,chol_c <=> chol_n,0.2814317775193228,0.2814317775193228,100.0,MINIMAL,0.0,NOT_A_TARGET
CHOLtu,Choline uniport,Unknown,0.23437252228949343,0.23437252228949343,100.0,MINIMAL,3,6582_AT2;6584_AT1;6582_AT1,SLC22A2;SLC22A5;SLC22A2,chol_e <=> chol_c,0.2814317775193228,0.2814317775193228,100.0,MINIMAL,0.0,NOT_A_TARGET
AMY1e,"Alpha-amylase, extracellular (strch1 -> strch2)",Unknown,0.23437252228949343,0.23437252228949343,100.0,MINIMAL,9,277_AT1;279_AT1;278_AT1;6520_AT1;276_AT2;280_AT1;11136_AT1;276_AT1;6519_AT1,AMY1B;AMY2A;AMY1C;SLC3A2;AMY1A;AMY2B;SLC7A9;AMY1A;SLC3A1,8.0 h2o_e + strch1_e --> 8.0 glc__D_e + strch2_e,0.2814317775193228,0.2814317775193228,100.0,MINIMAL,0.0,NOT_A_TARGET
AMPTASECGe,Alanyl aminopeptidase (cys-gly) (e),Unknown,0.23437252228949343,0.23437252228949343,100.0,MINIMAL,1,290_AT1,ANPEP,cgly_e + h2o_e --> cys__L_e + gly_e,0.2814317775193228,0.2814317775193228,100.0,MINIMAL,0.0,NOT_A_TARGET
DM_Asn_X_Ser_Thr_l,DM Asn  X  Ser FSLASH Thr LPAREN ly RPAREN,Unknown,0.23437252228949343,0.23437252228949343,100.0,MINIMAL,0,,,Asn_X_Ser_Thr_l --> ,0.2814317775193228,0.2814317775193228,100.0,MINIMAL,0.0,NOT_A_TARGET
BACCLm,"Biotin-[acetyl-CoA-carboxylase] ligase, mitochondrial",Unknown,0.23437252228949343,0.23437252228949343,100.0,MINIMAL,1,3141_AT1,HLCS,atp_m + btn_m + h_m --> btamp_m + ppi_m,0.2814317775193228,0.2814317775193228,100.0,MINIMAL,0.0,NOT_A_TARGET
ATPS4m,ATP synthase (four protons for one ATP),Unknown,0.23437252228949343,0.23437252228949343,100.0,MINIMAL,33,9551_AT2;509_AT1;518_AT2;522_AT3;515_AT3;4905_AT1;9551_AT3;522_AT2;518_AT3;498_AT1,ATP5J2;ATP5C1;ATP5G3;ATP5J;ATP5F1;NSF;ATP5J2;ATP5J;ATP5G3;ATP5A1,adp_m + 4.0 h_c + pi_m --> atp_m + h2o_m + 3.0 h_m,0.2814317775193228,0.2814317775193228,100.0,MINIMAL,0.0,NOT_A_TARGET
ATPasel,"V-type ATPase, H+ transporting, lysosomal",Unknown,0.23437252228949343,0.23437252228949343,100.0,MINIMAL,30,527_AT1;8992_AT1;9114_AT1;51606_AT2;127124_AT1;245973_AT1;51606_AT1;528_AT1;127124_AT2;50617_AT3,ATP6V0C;ATP6V0E1;ATP6V0D1;ATP6V1H;ATP6V1G3;ATP6V1C2;ATP6V1H;ATP6V1C1;ATP6V1G3;ATP6V0A4,atp_c + h2o_c + 3.0 h_c --> adp_c + 4.0 h_l + pi_c,0.2814317775193228,0.2814317775193228,100.0,MINIMAL,0.0,NOT_A_TARGET
ATPtm,"ADP/ATP transporter, mitochondrial",Unknown,0.23437252228949343,0.23437252228949343,100.0,MINIMAL,3,292_AT1;293_AT1;291_AT1,SLC25A5;SLC25A6;SLC25A4,adp_c + atp_m --> adp_m + atp_c,0.2814317775193228,0.2814317775193228,100.0,MINIMAL,0.0,NOT_A_TARGET
ATPtn,ATP diffusion in nucleus,Unknown,0.23437252228949343,0.23437252228949343,100.0,MINIMAL,0,,,atp_c <=> atp_n,0.2814317775193228,0.2814317775193228,100.0,MINIMAL,0.0,NOT_A_TARGET
A_MANASEly,"Alpha-mannosidase, lysosomal",Unknown,0.23437252228949343,0.23437252228949343,100.0,MINIMAL,1,4125_AT1,MAN2B1,2.0 h2o_l + m2mn_l --> 2.0 man_l + mn_l,0.2814317775193228,0.2814317775193228,100.0,MINIMAL,0.0,NOT_A_TARGET
BAAT1x,Bile acid Coenzyme A: amino acid N-acyltransferase,Unknown,0.23437252228949343,0.23437252228949343,100.0,MINIMAL,1,570_AT1,BAAT,cholcoa_x + gly_x --> coa_x + gchola_x,0.2814317775193228,0.2814317775193228,100.0,MINIMAL,0.0,NOT_A_TARGET
BAAT2x,Bile acid Coenzyme A: amino acid N-acyltransferase,Unknown,0.23437252228949343,0.23437252228949343,100.0,MINIMAL,1,570_AT1,BAAT,cholcoa_x + taur_x --> coa_x + tchola_x,0.2814317775193228,0.2814317775193228,100.0,MINIMAL,0.0,NOT_A_TARGET
BAAT3x,Bile acid Coenzyme A: amino acid N-acyltransferase,Unknown,0.23437252228949343,0.23437252228949343,100.0,MINIMAL,1,570_AT1,BAAT,dgcholcoa_x + gly_x --> coa_x + dgchol_x,0.2814317775193228,0.2814317775193228,100.0,MINIMAL,0.0,NOT_A_TARGET
BAAT4x,Bile acid Coenzyme A: amino acid N-acyltransferase,Unknown,0.23437252228949343,0.23437252228949343,100.0,MINIMAL,1,570_AT1,BAAT,dcholcoa_x + gly_x --> coa_x + gdchola_x,0.2814317775193228,0.2814317775193228,100.0,MINIMAL,0.0,NOT_A_TARGET
BAAT5x,Bile acid Coenzyme A: amino acid N-acyltransferase,Unknown,0.23437252228949343,0.23437252228949343,100.0,MINIMAL,1,570_AT1,BAAT,dcholcoa_x + taur_x --> coa_x + tdchola_x,0.2814317775193228,0.2814317775193228,100.0,MINIMAL,0.0,NOT_A_TARGET
BACCL,Biotin acetyl CoA carboxylase ligase,Unknown,0.23437252228949343,0.23437252228949343,100.0,MINIMAL,1,3141_AT1,HLCS,atp_c + btn_c + h_c --> btamp_c + ppi_c,0.2814317775193228,0.2814317775193228,100.0,MINIMAL,0.0,NOT_A_TARGET
APOCFm,"Apocarboxylase formation, mitochondrial",Unknown,0.23437252228949343,0.23437252228949343,100.0,MINIMAL,0,,,apoC_m + lys__L_m --> apoC_Lys_m + h2o_m + h_m,0.2814317775193228,0.2814317775193228,100.0,MINIMAL,0.0,NOT_A_TARGET
AMPTASECG,Alanyl aminopeptidase (cys-gly),Unknown,0.23437252228949343,0.23437252228949343,100.0,MINIMAL,1,290_AT1,ANPEP,cgly_c + h2o_c --> cys__L_c + gly_c,0.2814317775193228,0.2814317775193228,100.0,MINIMAL,0.0,NOT_A_TARGET
APNNOXte,Xenobiotic transport,Unknown,0.23437252228949343,0.23437252228949343,100.0,MINIMAL,0,,,apnnox_e <=> apnnox_c,0.2814317775193228,0.2814317775193228,100.0,MINIMAL,0.0,NOT_A_TARGET
BAMPPALDOX,Beta-Aminopropion aldehyde NAD+ oxidoreductase,Unknown,0.23437252228949343,0.23437252228949343,100.0,MINIMAL,7,216_AT1;8854_AT1;501_AT1;8854_AT2;8854_AT3;223_AT1;224_AT1,ALDH1A1;ALDH1A2;ALDH7A1;ALDH1A2;ALDH1A2;ALDH9A1;ALDH3A2,bamppald_c + h2o_c + nad_c --> ala_B_c + 2.0 h_c + nadh_c,0.2814317775193228,0.2814317775193228,100.0,MINIMAL,0.0,NOT_A_TARGET
ARGSL,Argininosuccinate lyase,Unknown,0.23437252228949343,0.23437252228949343,100.0,MINIMAL,1,435_AT1,ASL,argsuc_c <=> arg__L_c + fum_c,0.2814317775193228,0.2814317775193228,100.0,MINIMAL,0.0,NOT_A_TARGET
AMETr,S-Adenosyl-L-methionine intracellular diffusion,Unknown,0.23437252228949343,0.23437252228949343,100.0,MINIMAL,0,,,amet_c <=> amet_r,0.2814317775193228,0.2814317775193228,100.0,MINIMAL,0.0,NOT_A_TARGET
ALAt4,Alanine-Sodium symporter,Unknown,0.23437252228949343,0.23437252228949343,100.0,MINIMAL,7,54407_AT1;6541_AT1;81539_AT1;6542_AT1;84889_AT1;55089_AT1;11254_AT1,SLC38A2;SLC7A1;SLC38A1;SLC7A2;SLC7A3;SLC38A4;SLC6A14,ala__L_e + na1_e --> ala__L_c + na1_c,0.2814317775193228,0.2814317775193228,100.0,MINIMAL,0.0,NOT_A_TARGET
ALAtN1,"Alanine transport (Na, H coupled)",Unknown,0.23437252228949343,0.23437252228949343,100.0,MINIMAL,2,92745_AT1;10991_AT1,SLC38A5;SLC38A3,ala__L_e + h_c + 2.0 na1_e <=> ala__L_c + h_e + 2.0 na1_c,0.2814317775193228,0.2814317775193228,100.0,MINIMAL,0.0,NOT_A_TARGET
ARGNm,Arginase (m),Unknown,0.23437252228949343,0.23437252228949343,100.0,MINIMAL,1,384_AT1,ARG2,arg__L_m + h2o_m --> orn_m + urea_m,0.2814317775193228,0.2814317775193228,100.0,MINIMAL,0.0,NOT_A_TARGET
ALCD1,Alcohol dehydrogenase (methanol),Unknown,0.23437252228949343,0.23437252228949343,100.0,MINIMAL,10,284273_AT1;125_AT1;126_AT1;128_AT1;284273_AT2;127_AT1;124_AT1;137872_AT1;131_AT1;130_AT1,ZADH2;ADH1B;ADH1C;ADH5;ZADH2;ADH4;ADH1A;ADHFE1;ADH7;ADH6,meoh_c + nad_c <=> fald_c + h_c + nadh_c,0.2814317775193228,0.2814317775193228,100.0,MINIMAL,0.0,NOT_A_TARGET
ALCD21_D,"Alcohol dehydrogenase (D-1,2-propanediol)",Unknown,0.23437252228949343,0.23437252228949343,100.0,MINIMAL,10,284273_AT1;125_AT1;126_AT1;128_AT1;284273_AT2;127_AT1;124_AT1;137872_AT1;131_AT1;130_AT1,ZADH2;ADH1B;ADH1C;ADH5;ZADH2;ADH4;ADH1A;ADHFE1;ADH7;ADH6,12ppd__R_c + nad_c --> h_c + lald__D_c + nadh_c,0.2814317775193228,0.2814317775193228,100.0,MINIMAL,0.0,NOT_A_TARGET
AMETt2m,"S-Adenosyl-L-methionine reversible transport, mitochondrial",Unknown,0.23437252228949343,0.23437252228949343,100.0,MINIMAL,3,115286_AT3;115286_AT1;115286_AT2,SLC25A26;SLC25A26;SLC25A26,ahcys_m + amet_c <=> ahcys_c + amet_m,0.2814317775193228,0.2814317775193228,100.0,MINIMAL,0.0,NOT_A_TARGET
AMPDA,Adenosine monophosphate deaminase,Unknown,0.23437252228949343,0.23437252228949343,100.0,MINIMAL,5,271_AT1;271_AT3;272_AT1;271_AT2;270_AT1,AMPD2;AMPD2;AMPD3;AMPD2;AMPD1,amp_c + h2o_c + h_c --> imp_c + nh4_c,0.2814317775193228,0.2814317775193228,100.0,MINIMAL,0.0,NOT_A_TARGET
CHSTEROLSULT,Steroid sulfotransferase,Unknown,0.23437252228949343,0.23437252228949343,100.0,MINIMAL,1,6820_AT1,SULT2B1,chsterol_c + paps_c --> chsterols_c + h_c + pap_c,0.2814317775193228,0.2814317775193228,100.0,MINIMAL,0.0,NOT_A_TARGET
CHSTEROLt,Cholesterol efflux (ATP depedent),Unknown,0.23437252228949343,0.23437252228949343,100.0,MINIMAL,1,19_AT1,ABCA1,atp_c + chsterol_c + h2o_c --> adp_c + chsterol_e + h_c + pi_c,0.2814317775193228,0.2814317775193228,100.0,MINIMAL,0.0,NOT_A_TARGET
CHTNASEe,"Chitinase, extracellular",Unknown,0.23437252228949343,0.23437252228949343,100.0,MINIMAL,1,27159_AT2,CHIA,chtn_e + 2.0 h2o_e --> 3.0 acgam_e,0.2814317775193228,0.2814317775193228,100.0,MINIMAL,0.0,NOT_A_TARGET
G3PD1ir,Glycerol 3 phosphate dehydrogenase  NAD,Unknown,0.23437252228949343,0.23437252228949343,100.0,MINIMAL,1,2819_AT1,GPD1,dhap_c + h_c + nadh_c <=> glyc3p_c + nad_c,0.2814317775193228,0.2814317775193228,100.0,MINIMAL,0.0,NOT_A_TARGET
CDPDAGtm,Intracellular transport,Unknown,0.23437252228949343,0.23437252228949343,100.0,MINIMAL,0,,,cdpdag_hs_c <=> cdpdag_hs_m,0.2814317775193228,0.2814317775193228,100.0,MINIMAL,0.0,NOT_A_TARGET
CDS,Phosphatidate cytidylyltransferase,Unknown,0.23437252228949343,0.23437252228949343,100.0,MINIMAL,1,1040_AT1,CDS1,ctp_c + h_c + pa_hs_c --> cdpdag_hs_c + ppi_c,0.2814317775193228,0.2814317775193228,100.0,MINIMAL,0.0,NOT_A_TARGET
CDSm,Phosphatidate cytidylyltransferase,Unknown,0.23437252228949343,0.23437252228949343,100.0,MINIMAL,1,8760_AT1,CDS2,ctp_m + h_m + pa_hs_m --> cdpdag_hs_m + ppi_m,0.2814317775193228,0.2814317775193228,100.0,MINIMAL,0.0,NOT_A_TARGET
CEPTC,Choline phosphotransferase,Unknown,0.23437252228949343,0.23437252228949343,100.0,MINIMAL,2,10390_AT1;56994_AT1,CEPT1;CHPT1,cdpchol_c + dag_hs_c --> cmp_c + h_c + pchol_hs_c,0.2814317775193228,0.2814317775193228,100.0,MINIMAL,0.0,NOT_A_TARGET
CEPTE,Ethanolamine phosphotransferase,Unknown,0.23437252228949343,0.23437252228949343,100.0,MINIMAL,1,10390_AT1,CEPT1,cdpea_c + dag_hs_c --> cmp_c + h_c + pe_hs_c,0.2814317775193228,0.2814317775193228,100.0,MINIMAL,0.0,NOT_A_TARGET
CERK,Ceramide kinase,Unknown,0.23437252228949343,0.23437252228949343,100.0,MINIMAL,2,64781_AT1;64781_AT2,CERK;CERK,atp_c + crm_hs_c --> adp_c + crmp_hs_c + h_c,0.2814317775193228,0.2814317775193228,100.0,MINIMAL,0.0,NOT_A_TARGET
CERT1rt,Ceramide transport protein,Unknown,0.23437252228949343,0.23437252228949343,100.0,MINIMAL,1,10087_AT1,COL4A3BP,crm_hs_c <=> crm_hs_r,0.2814317775193228,0.2814317775193228,100.0,MINIMAL,0.0,NOT_A_TARGET
CERT2rt,Ceramide transport protein,Unknown,0.23437252228949343,0.23437252228949343,100.0,MINIMAL,1,10087_AT1,COL4A3BP,gluside_hs_c <=> gluside_hs_r,0.2814317775193228,0.2814317775193228,100.0,MINIMAL,0.0,NOT_A_TARGET
CGLYt3_2,Cys-Gly transport in via proton symport,Unknown,0.23437252228949343,0.23437252228949343,100.0,MINIMAL,1,6565_AT1,SLC15A2,cgly_e + 2.0 h_e --> cgly_c + 2.0 h_c,0.2814317775193228,0.2814317775193228,100.0,MINIMAL,0.0,NOT_A_TARGET
CGMPt,CGMP transport (ATP-dependent),Unknown,0.23437252228949343,0.23437252228949343,100.0,MINIMAL,3,10057_AT2;10057_AT1;10257_AT1,ABCC5;ABCC5;ABCC4,35cgmp_c + atp_c + h2o_c --> 35cgmp_e + adp_c + h_c + pi_c,0.2814317775193228,0.2814317775193228,100.0,MINIMAL,0.0,NOT_A_TARGET
GLCt2,D-glucose transport in via proton symport,Unknown,0.23437252228949343,0.23437252228949343,100.0,MINIMAL,1,6524_AT1,SLC5A2,glc__D_e + h_e <=> glc__D_c + h_c,0.2814317775193228,0.2814317775193228,100.0,MINIMAL,0.0,NOT_A_TARGET
GLCt4,Glucose transport via sodium symport,Unknown,0.23437252228949343,0.23437252228949343,100.0,MINIMAL,5,159963_AT1;125206_AT1;6526_AT1;6524_AT1;200010_AT1,SLC5A12;SLC5A10;SLC5A3;SLC5A2;SLC5A9,glc__D_e + na1_e <=> glc__D_c + na1_c,0.2814317775193228,0.2814317775193228,100.0,MINIMAL,0.0,NOT_A_TARGET
CITL,Citrate lyase,Unknown,0.23437252228949343,0.23437252228949343,100.0,MINIMAL,2,171425_AT2;171425_AT1,CLYBL;CLYBL,cit_c --> ac_c + oaa_c,0.2814317775193228,0.2814317775193228,100.0,MINIMAL,0.0,NOT_A_TARGET
PRO1x,Proline oxidase  L proline  NAD,Unknown,0.23437252228949343,0.23437252228949343,100.0,MINIMAL,1,58510_AT1,PRODH2,nad_c + pro__L_c --> 1pyr5c_c + 2.0 h_c + nadh_c,0.2814317775193228,0.2814317775193228,100.0,MINIMAL,0.0,NOT_A_TARGET
PRAIS,Phosphoribosylaminoimidazole synthase,Unknown,0.23437252228949343,0.23437252228949343,100.0,MINIMAL,2,2618_AT1;2618_AT2,GART;GART,atp_c + fpram_c --> adp_c + air_c + 2.0 h_c + pi_c,0.2814317775193228,0.2814317775193228,100.0,MINIMAL,0.0,NOT_A_TARGET
P4504F123r,Cytochrome p450 4F12/4F2,Unknown,0.23437252228949343,0.23437252228949343,100.0,MINIMAL,1,66002_AT1,CYP4F12,ebastine_r + h_r + nadph_r + o2_r --> ebastineoh_r + h2o_r + nadp_r,0.2814317775193228,0.2814317775193228,100.0,MINIMAL,0.0,NOT_A_TARGET
PRASCSi,Phosphoribosylaminoimidazolesuccinocarboxamide synthase,Unknown,0.23437252228949343,0.23437252228949343,100.0,MINIMAL,1,10606_AT1,PAICS,5aizc_c + asp__L_c + atp_c <=> 25aics_c + adp_c + h_c + pi_c,0.2814317775193228,0.2814317775193228,100.0,MINIMAL,0.0,NOT_A_TARGET
PRDX,Peroxidase (multiple substrates),Unknown,0.23437252228949343,0.23437252228949343,100.0,MINIMAL,1,8288_AT1,EPX,h2o2_c + meoh_c --> fald_c + 2.0 h2o_c,0.2814317775193228,0.2814317775193228,100.0,MINIMAL,0.0,NOT_A_TARGET
PRDXl,Peroxidase (multiple substrates),Unknown,0.23437252228949343,0.23437252228949343,100.0,MINIMAL,1,4353_AT1,MPO,h2o2_l + meoh_l --> fald_l + 2.0 h2o_l,0.2814317775193228,0.2814317775193228,100.0,MINIMAL,0.0,NOT_A_TARGET
PTPATi,Pantetheine-phosphate adenylyltransferase,Unknown,0.23437252228949343,0.23437252228949343,100.0,MINIMAL,1,80347_AT1,COASY,atp_c + h_c + pan4p_c <=> dpcoa_c + ppi_c,0.2814317775193228,0.2814317775193228,100.0,MINIMAL,0.0,NOT_A_TARGET
PRFGS,Phosphoribosylformylglycinamidine synthase,Unknown,0.23437252228949343,0.23437252228949343,100.0,MINIMAL,1,5198_AT1,PFAS,atp_c + fgam_c + gln__L_c + h2o_c --> adp_c + fpram_c + glu__L_c + h_c + pi_c,0.2814317775193228,0.2814317775193228,100.0,MINIMAL,0.0,NOT_A_TARGET
PRGNLONESULT,Steroid sulfotransferase,Unknown,0.23437252228949343,0.23437252228949343,100.0,MINIMAL,2,6820_AT2;6822_AT1,SULT2B1;SULT2A1,paps_c + prgnlone_c --> h_c + pap_c + prgnlones_c,0.2814317775193228,0.2814317775193228,100.0,MINIMAL,0.0,NOT_A_TARGET
PTRCOX1,Putrescine:oxygen oxidoreductase (deaminating),Unknown,0.23437252228949343,0.23437252228949343,100.0,MINIMAL,4,8639_AT1;314_AT2;314_AT1;26_AT1,AOC3;AOC2;AOC2;AOC1,h2o_c + o2_c + ptrc_c --> 4abutn_c + h2o2_c + nh4_c,0.2814317775193228,0.2814317775193228,100.0,MINIMAL,0.0,NOT_A_TARGET
PRISTCOAtx,Pristcoa peroxisomal transport,Unknown,0.23437252228949343,0.23437252228949343,100.0,MINIMAL,0,,,pristcoa_x <=> pristcoa_c,0.2814317775193228,0.2814317775193228,100.0,MINIMAL,0.0,NOT_A_TARGET
CBR2,Carbonyl reductase [NADPH] 1,Unknown,0.23437252228949343,0.23437252228949343,100.0,MINIMAL,1,873_AT1,CBR1,h_c + nadph_c + prostge2_c --> nadp_c + prostgf2_c,0.2814317775193228,0.2814317775193228,100.0,MINIMAL,0.0,NOT_A_TARGET
CBPSam,Carbamoyl-phosphate synthase (ammonia) (mitochondria,Unknown,0.23437252228949343,0.23437252228949343,100.0,MINIMAL,2,1373_AT2;1373_AT1,CPS1;CPS1,2.0 atp_m + hco3_m + nh4_m --> 2.0 adp_m + cbp_m + 2.0 h_m + pi_m,0.2814317775193228,0.2814317775193228,100.0,MINIMAL,0.0,NOT_A_TARGET
CBPS,Carbamoyl-phosphate synthase (glutamine-hydrolysing),Unknown,0.23437252228949343,0.23437252228949343,100.0,MINIMAL,1,790_AT1,CAD,2.0 atp_c + gln__L_c + h2o_c + hco3_c --> 2.0 adp_c + cbp_c + glu__L_c + 2.0 h_c + pi_c,0.2814317775193228,0.2814317775193228,100.0,MINIMAL,0.0,NOT_A_TARGET
CAt7r,"Calcium / sodium antiporter (1:3), reversible",Unknown,0.23437252228949343,0.23437252228949343,100.0,MINIMAL,8,6546_AT1;6547_AT4;6547_AT1;6547_AT3;6547_AT6;6543_AT1;6547_AT5;6547_AT2,SLC8A1;SLC8A3;SLC8A3;SLC8A3;SLC8A3;SLC8A2;SLC8A3;SLC8A3,ca2_c + 3.0 na1_e <=> ca2_e + 3.0 na1_c,0.2814317775193228,0.2814317775193228,100.0,MINIMAL,0.0,NOT_A_TARGET
CITRtm,"Citrulline transport via diffusion, mitochondria",Unknown,0.23437252228949343,0.23437252228949343,100.0,MINIMAL,2,10166_AT1;83884_AT1,SLC25A15;SLC25A2,citr__L_m <=> citr__L_c,0.2814317775193228,0.2814317775193228,100.0,MINIMAL,0.0,NOT_A_TARGET
CITt4_2,Citrate transport via sodium symport,Unknown,0.23437252228949343,0.23437252228949343,100.0,MINIMAL,1,9058_AT1,SLC13A2,cit_e + 2.0 na1_e <=> cit_c + 2.0 na1_c,0.2814317775193228,0.2814317775193228,100.0,MINIMAL,0.0,NOT_A_TARGET
CITt4_4,Citrate transport via sodium symport,Unknown,0.23437252228949343,0.23437252228949343,100.0,MINIMAL,1,284111_AT1,SLC13A5,cit_e + 4.0 na1_e <=> cit_c + 4.0 na1_c,0.2814317775193228,0.2814317775193228,100.0,MINIMAL,0.0,NOT_A_TARGET
CITtam,Citrate transport  mitochondrial,Unknown,0.23437252228949343,0.23437252228949343,100.0,MINIMAL,1,6576_AT1,SLC25A1,cit_c + mal__L_m <=> cit_m + mal__L_c,0.2814317775193228,0.2814317775193228,100.0,MINIMAL,0.0,NOT_A_TARGET
CITtbm,Citrate transport  mitochondrial,Unknown,0.23437252228949343,0.23437252228949343,100.0,MINIMAL,1,6576_AT1,SLC25A1,cit_c + pep_m <=> cit_m + pep_c,0.2814317775193228,0.2814317775193228,100.0,MINIMAL,0.0,NOT_A_TARGET
CSNATm,Carnitine O aceyltransferase  mitochondrial,Unknown,0.23437252228949343,0.23437252228949343,100.0,MINIMAL,1,1384_AT1,CRAT,acrn_m + coa_m <=> accoa_m + crn_m,0.2814317775193228,0.2814317775193228,100.0,MINIMAL,0.0,NOT_A_TARGET
CSNATp,Carnitine O acetyltransferase  reverse direction  peroxisomal,Unknown,0.23437252228949343,0.23437252228949343,100.0,MINIMAL,1,1384_AT2,CRAT,accoa_x + crn_x <=> acrn_x + coa_x,0.2814317775193228,0.2814317775193228,100.0,MINIMAL,0.0,NOT_A_TARGET
CSND,Cytosine deaminase,Unknown,0.23437252228949343,0.23437252228949343,100.0,MINIMAL,0,,,csn_c + h2o_c + h_c --> nh4_c + ura_c,0.2814317775193228,0.2814317775193228,100.0,MINIMAL,0.0,NOT_A_TARGET
CSNt,Cytosine transport via facilated diffusion,Unknown,0.23437252228949343,0.23437252228949343,100.0,MINIMAL,1,3177_AT1,SLC29A2,csn_e <=> csn_c,0.2814317775193228,0.2814317775193228,100.0,MINIMAL,0.0,NOT_A_TARGET
CSm,Citrate synthase,Unknown,0.23437252228949343,0.23437252228949343,100.0,MINIMAL,2,1431_AT2;1431_AT1,CS;CS,accoa_m + h2o_m + oaa_m --> cit_m + coa_m + h_m,0.2814317775193228,0.2814317775193228,100.0,MINIMAL,0.0,NOT_A_TARGET
CHLPCTD,Choline phosphate cytididyltransferase,Unknown,0.23437252228949343,0.23437252228949343,100.0,MINIMAL,2,9468_AT1;5130_AT1,PCYT1B;PCYT1A,cholp_c + ctp_c + h_c --> cdpchol_c + ppi_c,0.2814317775193228,0.2814317775193228,100.0,MINIMAL,0.0,NOT_A_TARGET
CHATn,Choline O-acetyltransferase,Unknown,0.23437252228949343,0.23437252228949343,100.0,MINIMAL,4,1103_AT2;1103_AT1;1103_AT4;1103_AT3,CHAT;CHAT;CHAT;CHAT,accoa_n + chol_n <=> ach_n + coa_n,0.2814317775193228,0.2814317775193228,100.0,MINIMAL,0.0,NOT_A_TARGET
BHBt,(R)-3-Hydroxybutanoate transport via H+ symport,Unknown,0.23437252228949343,0.23437252228949343,100.0,MINIMAL,0,,,bhb_e + h_e <=> bhb_c + h_c,0.2814317775193228,0.2814317775193228,100.0,MINIMAL,0.0,NOT_A_TARGET
CHAT,Choline O-acetyltransferase,Unknown,0.23437252228949343,0.23437252228949343,100.0,MINIMAL,4,1103_AT2;1103_AT1;1103_AT4;1103_AT3,CHAT;CHAT;CHAT;CHAT,accoa_c + chol_c <=> ach_c + coa_c,0.2814317775193228,0.2814317775193228,100.0,MINIMAL,0.0,NOT_A_TARGET
BHBtm,(R)-3-Hydroxybutanoate mitochondrial transport via H+ symport,Unknown,0.23437252228949343,0.23437252228949343,100.0,MINIMAL,0,,,bhb_c + h_c <=> bhb_m + h_m,0.2814317775193228,0.2814317775193228,100.0,MINIMAL,0.0,NOT_A_TARGET
BHMT,Betaine-homocysteine S-methyltransferase,Unknown,0.23437252228949343,0.23437252228949343,100.0,MINIMAL,2,23743_AT1;635_AT1,BHMT2;BHMT,glyb_c + hcys__L_c --> dmgly_c + met__L_c,0.2814317775193228,0.2814317775193228,100.0,MINIMAL,0.0,NOT_A_TARGET
BILDGLCURt,Bilirubin beta-diglucuronide transport via bicarbonate countertransport,Unknown,0.23437252228949343,0.23437252228949343,100.0,MINIMAL,1,10599_AT1,SLCO1B1,bildglcur_e + hco3_c <=> bildglcur_c + hco3_e,0.2814317775193228,0.2814317775193228,100.0,MINIMAL,0.0,NOT_A_TARGET
BILDGLCURte,Bilirubin beta-diglucuronide transport MDR,Unknown,0.23437252228949343,0.23437252228949343,100.0,MINIMAL,1,4363_AT1,ABCC1,atp_c + bildglcur_c + h2o_c <=> adp_c + bildglcur_e + h_c + pi_c,0.2814317775193228,0.2814317775193228,100.0,MINIMAL,0.0,NOT_A_TARGET
BILDGLCURtr,Glucuronidated compound transport,Unknown,0.23437252228949343,0.23437252228949343,100.0,MINIMAL,0,,,bildglcur_c <=> bildglcur_r,0.2814317775193228,0.2814317775193228,100.0,MINIMAL,0.0,NOT_A_TARGET
BILGLCURt,Bilirubin monoglucuronide transport via bicarbonate countertransport,Unknown,0.23437252228949343,0.23437252228949343,100.0,MINIMAL,2,28234_AT1;10599_AT1,SLCO1B3;SLCO1B1,bilglcur_e + hco3_c <=> bilglcur_c + hco3_e,0.2814317775193228,0.2814317775193228,100.0,MINIMAL,0.0,NOT_A_TARGET
BILGLCURte,Bilirubin monoglucuronide transport MDR,Unknown,0.23437252228949343,0.23437252228949343,100.0,MINIMAL,1,4363_AT1,ABCC1,atp_c + bilglcur_c + h2o_c <=> adp_c + bilglcur_e + h_c + pi_c,0.2814317775193228,0.2814317775193228,100.0,MINIMAL,0.0,NOT_A_TARGET
BILGLCURtr,Glucuronidated compound transport,Unknown,0.23437252228949343,0.23437252228949343,100.0,MINIMAL,0,,,bilglcur_c <=> bilglcur_r,0.2814317775193228,0.2814317775193228,100.0,MINIMAL,0.0,NOT_A_TARGET
BILIRED,Nad(p)h biliverdin reductase,Unknown,0.23437252228949343,0.23437252228949343,100.0,MINIMAL,2,644_AT1;645_AT1,BLVRA;BLVRB,biliverd_c + h_c + nadph_c --> bilirub_c + nadp_c,0.2814317775193228,0.2814317775193228,100.0,MINIMAL,0.0,NOT_A_TARGET
ATPH2e,ATP diphosphohydrolase,Unknown,0.23437252228949343,0.23437252228949343,100.0,MINIMAL,6,954_AT1;957_AT1;956_AT1;953_AT1;955_AT1;954_AT2,ENTPD2;ENTPD5;ENTPD3;ENTPD1;ENTPD6;ENTPD2,adp_e + h2o_e --> amp_e + h_e + pi_e,0.2814317775193228,0.2814317775193228,100.0,MINIMAL,0.0,NOT_A_TARGET
ARACHCPT2,Carnitine transferase,Unknown,0.23437252228949343,0.23437252228949343,100.0,MINIMAL,1,1376_AT1,CPT2,arachcrn_m + coa_m --> arachcoa_m + crn_m,0.2814317775193228,0.2814317775193228,100.0,MINIMAL,0.0,NOT_A_TARGET
ARACHCPT1,Carnitine transferase,Unknown,0.23437252228949343,0.23437252228949343,100.0,MINIMAL,6,1375_AT2;1374_AT1;1375_AT3;126129_AT1;1375_AT4;1375_AT1,CPT1B;CPT1A;CPT1B;CPT1C;CPT1B;CPT1B,arachcoa_c + crn_c --> arachcrn_c + coa_c,0.2814317775193228,0.2814317775193228,100.0,MINIMAL,0.0,NOT_A_TARGET
CYTDt,Cytidine facilated transport in cytosol,Unknown,0.23437252228949343,0.23437252228949343,100.0,MINIMAL,2,3177_AT1;2030_AT1,SLC29A2;SLC29A1,cytd_e <=> cytd_c,0.2814317775193228,0.2814317775193228,100.0,MINIMAL,0.0,NOT_A_TARGET
CYSSERNaEx,L-serine/L-cysteine Na-dependent exchange (Cys-L in),Unknown,0.23437252228949343,0.23437252228949343,100.0,MINIMAL,2,6509_AT1;6510_AT1,SLC1A4;SLC1A5,cys__L_e + na1_e + ser__L_c --> cys__L_c + na1_c + ser__L_e,0.2814317775193228,0.2814317775193228,100.0,MINIMAL,0.0,NOT_A_TARGET
CYSTA,Cysteine transaminase,Unknown,0.23437252228949343,0.23437252228949343,100.0,MINIMAL,1,2805_AT1,GOT1,akg_c + cys__L_c <=> glu__L_c + mercppyr_c,0.2814317775193228,0.2814317775193228,100.0,MINIMAL,0.0,NOT_A_TARGET
CYSTGL,Cystathionine g lyase,Unknown,0.23437252228949343,0.23437252228949343,100.0,MINIMAL,2,1491_AT2;1491_AT1,CTH;CTH,cyst__L_c + h2o_c --> 2obut_c + cys__L_c + nh4_c,0.2814317775193228,0.2814317775193228,100.0,MINIMAL,0.0,NOT_A_TARGET
CYSTGLUex,L-cystine/L-glutamate exchanger,Unknown,0.23437252228949343,0.23437252228949343,100.0,MINIMAL,2,23657_AT1;6520_AT1,SLC7A11;SLC3A2,cysi__L_e + glu__L_c --> cysi__L_c + glu__L_e,0.2814317775193228,0.2814317775193228,100.0,MINIMAL,0.0,NOT_A_TARGET
CYSTHRNaEx,L-cysteine/L-threonine Na-dependent exchange (Cys-L in),Unknown,0.23437252228949343,0.23437252228949343,100.0,MINIMAL,2,6509_AT1;6510_AT1,SLC1A4;SLC1A5,cys__L_e + na1_e + thr__L_c --> cys__L_c + na1_c + thr__L_e,0.2814317775193228,0.2814317775193228,100.0,MINIMAL,0.0,NOT_A_TARGET
CYSTS,Cystathionine beta synthase,Unknown,0.23437252228949343,0.23437252228949343,100.0,MINIMAL,1,875_AT1,CBS,hcys__L_c + ser__L_c --> cyst__L_c + h2o_c,0.2814317775193228,0.2814317775193228,100.0,MINIMAL,0.0,NOT_A_TARGET
CYSt4,L-cysteine reversible transport via sodium symport,Unknown,0.23437252228949343,0.23437252228949343,100.0,MINIMAL,1,11254_AT1,SLC6A14,cys__L_e + na1_e --> cys__L_c + na1_c,0.2814317775193228,0.2814317775193228,100.0,MINIMAL,0.0,NOT_A_TARGET
CYStec,L-cysteine transport via diffusion (extracellular to cytosol),Unknown,0.23437252228949343,0.23437252228949343,100.0,MINIMAL,1,124935_AT1,SLC43A2,cys__L_e <=> cys__L_c,0.2814317775193228,0.2814317775193228,100.0,MINIMAL,0.0,NOT_A_TARGET
CYTD,Cytidine deaminase,Unknown,0.23437252228949343,0.23437252228949343,100.0,MINIMAL,2,57379_AT1;978_AT1,AICDA;CDA,cytd_c + h2o_c + h_c --> nh4_c + uri_c,0.2814317775193228,0.2814317775193228,100.0,MINIMAL,0.0,NOT_A_TARGET
CYTDK1,ATP:cytidine 5'-phosphotransferase,Unknown,0.23437252228949343,0.23437252228949343,100.0,MINIMAL,2,7371_AT1;83549_AT1,UCK2;UCK1,atp_c + cytd_c --> adp_c + cmp_c + h_c,0.2814317775193228,0.2814317775193228,100.0,MINIMAL,0.0,NOT_A_TARGET
CYTDK2m,"Cytidine kinase (ATP), mitochondrial",Unknown,0.23437252228949343,0.23437252228949343,100.0,MINIMAL,0,,,atp_m + cytd_m --> adp_m + cmp_m + h_m,0.2814317775193228,0.2814317775193228,100.0,MINIMAL,0.0,NOT_A_TARGET
CYTDt4,Cytidine transport in via sodium symport,Unknown,0.23437252228949343,0.23437252228949343,100.0,MINIMAL,3,64078_AT1;9154_AT1;9154_AT2,SLC28A3;SLC28A1;SLC28A1,cytd_e + na1_e --> cytd_c + na1_c,0.2814317775193228,0.2814317775193228,100.0,MINIMAL,0.0,NOT_A_TARGET
C160CRNt,C160 transport into the mitochondria,Unknown,0.23437252228949343,0.23437252228949343,100.0,MINIMAL,1,788_AT1,SLC25A20,pmtcrn_c --> pmtcrn_m,0.2814317775193228,0.2814317775193228,100.0,MINIMAL,0.0,NOT_A_TARGET
CYTDt5,Cytidine transport (1:2 Na/cytd cotransport),Unknown,0.23437252228949343,0.23437252228949343,100.0,MINIMAL,1,64078_AT1,SLC28A3,cytd_e + 2.0 na1_e --> cytd_c + 2.0 na1_c,0.2814317775193228,0.2814317775193228,100.0,MINIMAL,0.0,NOT_A_TARGET
DNDPt18m,DUDP transport via ADP antiport,Unknown,0.23437252228949343,0.23437252228949343,100.0,MINIMAL,1,60386_AT1,SLC25A19,adp_m + dudp_c --> adp_c + dudp_m,0.2814317775193228,0.2814317775193228,100.0,MINIMAL,0.0,NOT_A_TARGET
DNDPt19m,DUDP transport via ATP antiport,Unknown,0.23437252228949343,0.23437252228949343,100.0,MINIMAL,1,60386_AT1,SLC25A19,atp_m + dudp_c --> atp_c + dudp_m,0.2814317775193228,0.2814317775193228,100.0,MINIMAL,0.0,NOT_A_TARGET
DNDPt1m,DATP transport via ADP antiport,Unknown,0.23437252228949343,0.23437252228949343,100.0,MINIMAL,1,60386_AT1,SLC25A19,adp_m + datp_c --> adp_c + datp_m,0.2814317775193228,0.2814317775193228,100.0,MINIMAL,0.0,NOT_A_TARGET
BTNt2i,Biotin uptake,Unknown,0.23437252228949343,0.23437252228949343,100.0,MINIMAL,1,6566_AT1,SLC16A1,btn_e + h_e <=> btn_c + h_c,0.2814317775193228,0.2814317775193228,100.0,MINIMAL,0.0,NOT_A_TARGET
BTNtn,"Biotin transport, nuclear",Unknown,0.23437252228949343,0.23437252228949343,100.0,MINIMAL,0,,,btn_c <=> btn_n,0.2814317775193228,0.2814317775193228,100.0,MINIMAL,0.0,NOT_A_TARGET
BUP2,Beta-ureidopropionase (D-3-amino-isobutanoate forming),Unknown,0.23437252228949343,0.23437252228949343,100.0,MINIMAL,1,51733_AT1,UPB1,3uib_c + h2o_c + 2.0 h_c --> 3aib__D_c + co2_c + nh4_c,0.2814317775193228,0.2814317775193228,100.0,MINIMAL,0.0,NOT_A_TARGET
BUTt2m,"Butyrate mitochondrial transport via proton symport, reversible",Unknown,0.23437252228949343,0.23437252228949343,100.0,MINIMAL,1,6566_AT1,SLC16A1,but_c + h_c <=> but_m + h_m,0.2814317775193228,0.2814317775193228,100.0,MINIMAL,0.0,NOT_A_TARGET
BUTt2r,"Butyrate transport via proton symport, reversible",Unknown,0.23437252228949343,0.23437252228949343,100.0,MINIMAL,1,6566_AT1,SLC16A1,but_e + h_e <=> but_c + h_c,0.2814317775193228,0.2814317775193228,100.0,MINIMAL,0.0,NOT_A_TARGET
B_MANNASEly,"Beta-mannosidase, lysosomal",Unknown,0.23437252228949343,0.23437252228949343,100.0,MINIMAL,1,4126_AT1,MANBA,h2o_l + mn_l --> acgam_l + man_l,0.2814317775193228,0.2814317775193228,100.0,MINIMAL,0.0,NOT_A_TARGET
C160CPT1,Carnitine O-palmitoyltransferase,Unknown,0.23437252228949343,0.23437252228949343,100.0,MINIMAL,6,1375_AT2;1374_AT1;1375_AT3;126129_AT1;1375_AT4;1375_AT1,CPT1B;CPT1A;CPT1B;CPT1C;CPT1B;CPT1B,crn_c + pmtcoa_c --> coa_c + pmtcrn_c,0.2814317775193228,0.2814317775193228,100.0,MINIMAL,0.0,NOT_A_TARGET
CYSO,Cysteine oxidase,Unknown,0.23437252228949343,0.23437252228949343,100.0,MINIMAL,1,1036_AT1,CDO1,cys__L_c + o2_c --> 3sala_c + 2.0 h_c,0.2814317775193228,0.2814317775193228,100.0,MINIMAL,0.0,NOT_A_TARGET
CYSGLYex_copy2,L-cysteine/glycine exchanger,Unknown,0.23437252228949343,0.23437252228949343,100.0,MINIMAL,2,6520_AT1;56301_AT1,SLC3A2;SLC7A10,cys__L_c + gly_e <=> cys__L_e + gly_c,0.2814317775193228,0.2814317775193228,100.0,MINIMAL,0.0,NOT_A_TARGET
CYSGLYex_copy1,L-cysteine/glycine exchanger,Unknown,0.23437252228949343,0.23437252228949343,100.0,MINIMAL,3,23428_AT1;23428_AT2;6520_AT1,SLC7A8;SLC7A8;SLC3A2,cys__L_c + gly_e --> cys__L_e + gly_c,0.2814317775193228,0.2814317775193228,100.0,MINIMAL,0.0,NOT_A_TARGET
CYSGLUexR,L-cysteine/L-glutamine reversible exchanger,Unknown,0.23437252228949343,0.23437252228949343,100.0,MINIMAL,2,6520_AT1;56301_AT1,SLC3A2;SLC7A10,cys__L_e + gln__L_c <=> cys__L_c + gln__L_e,0.2814317775193228,0.2814317775193228,100.0,MINIMAL,0.0,NOT_A_TARGET
ADEt,Adenine transport via diffusion,Unknown,0.23437252228949343,0.23437252228949343,100.0,MINIMAL,1,3177_AT1,SLC29A2,ade_e <=> ade_c,0.2814317775193228,0.2814317775193228,100.0,MINIMAL,0.0,NOT_A_TARGET
DM_kdn_c,"Demand for  2-Keto-3-Deoxy-D-Glycero-D-Galactononic Acid,  Cytosolic",Unknown,0.23437252228949343,0.23437252228949343,100.0,MINIMAL,0,,,kdn_c --> ,0.2814317775193228,0.2814317775193228,100.0,MINIMAL,0.0,NOT_A_TARGET
AMANK,N-acetyl-D-mannosamine kinase,Unknown,0.23437252228949343,0.23437252228949343,100.0,MINIMAL,2,55577_AT1;10020_AT1,NAGK;GNE,acmana_c + atp_c --> acmanap_c + adp_c + h_c,0.2814317775193228,0.2814317775193228,100.0,MINIMAL,0.0,NOT_A_TARGET
DM_sprm_c,"Demand for  Spermine,  Cytosolic",Unknown,0.23437252228949343,0.23437252228949343,100.0,MINIMAL,0,,,sprm_c --> ,0.2814317775193228,0.2814317775193228,100.0,MINIMAL,0.0,NOT_A_TARGET
DNADDP,Deamino-NAD+ nucleotidohydrolase,Unknown,0.23437252228949343,0.23437252228949343,100.0,MINIMAL,3,5169_AT1;5167_AT1;5168_AT1,ENPP3;ENPP1;ENPP2,dnad_c + h2o_c --> amp_c + 2.0 h_c + nicrnt_c,0.2814317775193228,0.2814317775193228,100.0,MINIMAL,0.0,NOT_A_TARGET
DNADtn,"DNAD transport, nuclear trhough pore",Unknown,0.23437252228949343,0.23437252228949343,100.0,MINIMAL,0,,,dnad_c <=> dnad_n,0.2814317775193228,0.2814317775193228,100.0,MINIMAL,0.0,NOT_A_TARGET
DNDPt10m,DADP transport via dCDP antiport,Unknown,0.23437252228949343,0.23437252228949343,100.0,MINIMAL,1,60386_AT1,SLC25A19,dadp_c + dcdp_m --> dadp_m + dcdp_c,0.2814317775193228,0.2814317775193228,100.0,MINIMAL,0.0,NOT_A_TARGET
DNDPt11m,DADP transport via dGDP antiport,Unknown,0.23437252228949343,0.23437252228949343,100.0,MINIMAL,1,60386_AT1,SLC25A19,dadp_c + dgdp_m --> dadp_m + dgdp_c,0.2814317775193228,0.2814317775193228,100.0,MINIMAL,0.0,NOT_A_TARGET
DNDPt12m,DADP transport via ADP antiport,Unknown,0.23437252228949343,0.23437252228949343,100.0,MINIMAL,1,60386_AT1,SLC25A19,adp_m + dadp_c --> adp_c + dadp_m,0.2814317775193228,0.2814317775193228,100.0,MINIMAL,0.0,NOT_A_TARGET
DNDPt13m,DADP transport via ATP antiport,Unknown,0.23437252228949343,0.23437252228949343,100.0,MINIMAL,1,60386_AT1,SLC25A19,atp_m + dadp_c --> atp_c + dadp_m,0.2814317775193228,0.2814317775193228,100.0,MINIMAL,0.0,NOT_A_TARGET
DNDPt14m,DUDP transport via dTDP antiport,Unknown,0.23437252228949343,0.23437252228949343,100.0,MINIMAL,1,60386_AT1,SLC25A19,dtdp_m + dudp_c --> dtdp_c + dudp_m,0.2814317775193228,0.2814317775193228,100.0,MINIMAL,0.0,NOT_A_TARGET
DNDPt15m,DUDP transport via dGDP antiport,Unknown,0.23437252228949343,0.23437252228949343,100.0,MINIMAL,1,60386_AT1,SLC25A19,dgdp_m + dudp_c --> dgdp_c + dudp_m,0.2814317775193228,0.2814317775193228,100.0,MINIMAL,0.0,NOT_A_TARGET
DNDPt16m,DUDP transport via dADP antiport,Unknown,0.23437252228949343,0.23437252228949343,100.0,MINIMAL,1,60386_AT1,SLC25A19,dadp_m + dudp_c --> dadp_c + dudp_m,0.2814317775193228,0.2814317775193228,100.0,MINIMAL,0.0,NOT_A_TARGET
DNDPt17m,DUDP transport via dCDP antiport,Unknown,0.23437252228949343,0.23437252228949343,100.0,MINIMAL,1,60386_AT1,SLC25A19,dcdp_m + dudp_c --> dcdp_c + dudp_m,0.2814317775193228,0.2814317775193228,100.0,MINIMAL,0.0,NOT_A_TARGET
DINt,Deoxyinosine transport via diffusion,Unknown,0.23437252228949343,0.23437252228949343,100.0,MINIMAL,1,3177_AT1,SLC29A2,din_e <=> din_c,0.2814317775193228,0.2814317775193228,100.0,MINIMAL,0.0,NOT_A_TARGET
CYTK13n,"Cytidylate kinase (dCMP,dATP),nuclear",Unknown,0.23437252228949343,0.23437252228949343,100.0,MINIMAL,1,51727_AT1,CMPK1,datp_n + dcmp_n <=> dadp_n + dcdp_n,0.2814317775193228,0.2814317775193228,100.0,MINIMAL,0.0,NOT_A_TARGET
CYTK11n,"Cytidylate kinase (dCMP,dGTP),nuclear",Unknown,0.23437252228949343,0.23437252228949343,100.0,MINIMAL,1,51727_AT1,CMPK1,dcmp_n + dgtp_n <=> dcdp_n + dgdp_n,0.2814317775193228,0.2814317775193228,100.0,MINIMAL,0.0,NOT_A_TARGET
CYTDtm,Cytidine facilated transport in mitochondria,Unknown,0.23437252228949343,0.23437252228949343,100.0,MINIMAL,1,2030_AT1,SLC29A1,cytd_c <=> cytd_m,0.2814317775193228,0.2814317775193228,100.0,MINIMAL,0.0,NOT_A_TARGET
CYOR_u10m,"Ubiquinol-6 cytochrome c reductase, Complex III",Unknown,0.23437252228949343,0.23437252228949343,100.0,MINIMAL,11,1537_AT1;4519_AT1;29796_AT1;10975_AT1;7381_AT1;29796_AT2;7386_AT1;7388_AT1;7384_AT1;7385_AT1,CYC1;CYTB;UQCR10;UQCR11;UQCRB;UQCR10;UQCRFS1;UQCRH;UQCRC1;UQCRC2,2.0 ficytC_m + 2.0 h_m + q10h2_m --> 2.0 focytC_m + 4.0 h_c + q10_m,0.2814317775193228,0.2814317775193228,100.0,MINIMAL,0.0,NOT_A_TARGET
CYSALANaEx,L-alanine/L-cysteine Na-dependent exchange (Cys-L in),Unknown,0.23437252228949343,0.23437252228949343,100.0,MINIMAL,2,6509_AT1;6510_AT1,SLC1A4;SLC1A5,ala__L_c + cys__L_e + na1_e --> ala__L_e + cys__L_c + na1_c,0.2814317775193228,0.2814317775193228,100.0,MINIMAL,0.0,NOT_A_TARGET
CYSASNNaEx,L-cysteine/L-asparagine Na-dependent exchange (Cys-L in),Unknown,0.23437252228949343,0.23437252228949343,100.0,MINIMAL,1,6510_AT1,SLC1A5,asn__L_c + cys__L_e + na1_e --> asn__L_e + cys__L_c + na1_c,0.2814317775193228,0.2814317775193228,100.0,MINIMAL,0.0,NOT_A_TARGET
CYSGLNNaEx,L-cysteine/L-glutamine Na-dependent exchange (Cys-L in),Unknown,0.23437252228949343,0.23437252228949343,100.0,MINIMAL,1,6510_AT1,SLC1A5,cys__L_e + gln__L_c + na1_e --> cys__L_c + gln__L_e + na1_c,0.2814317775193228,0.2814317775193228,100.0,MINIMAL,0.0,NOT_A_TARGET
CYSGLTH,Glutathione:cystine oxidoreductase,Unknown,0.23437252228949343,0.23437252228949343,100.0,MINIMAL,0,,,cysi__L_c + 2.0 gthrd_c <=> 2.0 cys__L_c + gthox_c,0.2814317775193228,0.2814317775193228,100.0,MINIMAL,0.0,NOT_A_TARGET
C160CPT2,C160 transport into the mitochondria,Unknown,0.23437252228949343,0.23437252228949343,100.0,MINIMAL,1,1376_AT1,CPT2,coa_m + pmtcrn_m --> crn_m + pmtcoa_m,0.2814317775193228,0.2814317775193228,100.0,MINIMAL,0.0,NOT_A_TARGET
C161CPT1,Carnitine O-palmitoyltransferase,Unknown,0.23437252228949343,0.23437252228949343,100.0,MINIMAL,6,1375_AT2;1374_AT1;1375_AT3;126129_AT1;1375_AT4;1375_AT1,CPT1B;CPT1A;CPT1B;CPT1C;CPT1B;CPT1B,crn_c + hdcoa_c --> coa_c + hdcecrn_c,0.2814317775193228,0.2814317775193228,100.0,MINIMAL,0.0,NOT_A_TARGET
ARGt4,L-arginine transport in via sodium symport,Unknown,0.23437252228949343,0.23437252228949343,100.0,MINIMAL,1,11254_AT1,SLC6A14,arg__L_e + na1_e --> arg__L_c + na1_c,0.2814317775193228,0.2814317775193228,100.0,MINIMAL,0.0,NOT_A_TARGET
BTNDe,"Biotinidase (biotin), extracellular",Unknown,0.23437252228949343,0.23437252228949343,100.0,MINIMAL,1,686_AT1,BTD,biocyt_e + h2o_e --> btn_e + lys__L_e,0.2814317775193228,0.2814317775193228,100.0,MINIMAL,0.0,NOT_A_TARGET
ARACHCRNt,Transport into the mitochondria (carnitine),Unknown,0.23437252228949343,0.23437252228949343,100.0,MINIMAL,1,788_AT1,SLC25A20,arachcrn_c --> arachcrn_m,0.2814317775193228,0.2814317775193228,100.0,MINIMAL,0.0,NOT_A_TARGET
ARACHDCOAtx,Fatty acid intracellular transport,Unknown,0.23437252228949343,0.23437252228949343,100.0,MINIMAL,0,,,arachdcoa_c <=> arachdcoa_x,0.2814317775193228,0.2814317775193228,100.0,MINIMAL,0.0,NOT_A_TARGET
ARACHDt2,Fatty acid transport via diffusion,Unknown,0.23437252228949343,0.23437252228949343,100.0,MINIMAL,1,10998_AT1,SLC27A5,arachd_e <=> arachd_c,0.2814317775193228,0.2814317775193228,100.0,MINIMAL,0.0,NOT_A_TARGET
ARACHDtr,Intracellular transport,Unknown,0.23437252228949343,0.23437252228949343,100.0,MINIMAL,0,,,arachd_c <=> arachd_r,0.2814317775193228,0.2814317775193228,100.0,MINIMAL,0.0,NOT_A_TARGET
ARGLYSex,Arginine/Lysine exchanger (Arg in),Unknown,0.23437252228949343,0.23437252228949343,100.0,MINIMAL,2,9057_AT1;6520_AT1,SLC7A6;SLC3A2,arg__L_e + lys__L_c --> arg__L_c + lys__L_e,0.2814317775193228,0.2814317775193228,100.0,MINIMAL,0.0,NOT_A_TARGET
BILIRUBt2,Bilirubin transport via bicarbonate countertransport,Unknown,0.23437252228949343,0.23437252228949343,100.0,MINIMAL,1,10599_AT1,SLCO1B1,bilirub_e + hco3_c <=> bilirub_c + hco3_e,0.2814317775193228,0.2814317775193228,100.0,MINIMAL,0.0,NOT_A_TARGET
BIOCYTtn,"Biocytin transport, nuclear",Unknown,0.23437252228949343,0.23437252228949343,100.0,MINIMAL,0,,,biocyt_c <=> biocyt_n,0.2814317775193228,0.2814317775193228,100.0,MINIMAL,0.0,NOT_A_TARGET
BPNT,"3',5'-bisphosphate nucleotidase",Unknown,0.23437252228949343,0.23437252228949343,100.0,MINIMAL,1,10380_AT1,BPNT1,h2o_c + pap_c --> amp_c + pi_c,0.2814317775193228,0.2814317775193228,100.0,MINIMAL,0.0,NOT_A_TARGET
BPNT2,3'-Phospho-5'-adenylyl sulfate 3'-phosphohydrolase,Unknown,0.23437252228949343,0.23437252228949343,100.0,MINIMAL,1,10380_AT1,BPNT1,h2o_c + paps_c --> aps_c + pi_c,0.2814317775193228,0.2814317775193228,100.0,MINIMAL,0.0,NOT_A_TARGET
BTND1,Biotinidase (biotin),Unknown,0.23437252228949343,0.23437252228949343,100.0,MINIMAL,1,686_AT1,BTD,biocyt_c + h2o_c --> btn_c + lys__L_c,0.2814317775193228,0.2814317775193228,100.0,MINIMAL,0.0,NOT_A_TARGET
BTND1n,"Biotinidase (biotin), nuclear",Unknown,0.23437252228949343,0.23437252228949343,100.0,MINIMAL,1,686_AT1,BTD,biocyt_n + h2o_n --> btn_n + lys__L_n,0.2814317775193228,0.2814317775193228,100.0,MINIMAL,0.0,NOT_A_TARGET
BTNDm,"Biotinidase (biotin), mitochondrial",Unknown,0.23437252228949343,0.23437252228949343,100.0,MINIMAL,1,686_AT1,BTD,biocyt_m + h2o_m --> btn_m + lys__L_m,0.2814317775193228,0.2814317775193228,100.0,MINIMAL,0.0,NOT_A_TARGET
C161CPT12,Carnitine O-palmitoyltransferase,Unknown,0.23437252228949343,0.23437252228949343,100.0,MINIMAL,6,1375_AT2;1374_AT1;1375_AT3;126129_AT1;1375_AT4;1375_AT1,CPT1B;CPT1A;CPT1B;CPT1C;CPT1B;CPT1B,crn_c + hdd2coa_c --> coa_c + hdd2crn_c,0.2814317775193228,0.2814317775193228,100.0,MINIMAL,0.0,NOT_A_TARGET
CYOOm3,"Cytochrome c oxidase, mitochondrial Complex IV",Unknown,0.23437252228949343,0.23437252228949343,100.0,MINIMAL,20,1349_AT1;1339_AT1;1350_AT1;1327_AT1;84701_AT1;1337_AT1;4513_AT1;1351_AT1;1345_AT1;341947_AT1,COX7B;COX6A2;COX7C;COX4I1;COX4I2;COX6A1;COX2;COX8A;COX6C;COX8C,4.0 focytC_m + 7.92 h_m + o2_m --> 4.0 ficytC_m + 1.96 h2o_m + 4.0 h_c + 0.02 o2s_m,0.2814317775193228,0.2814317775193228,100.0,MINIMAL,0.0,NOT_A_TARGET
CYANt,Cyanide transport via diffusion (extracellular to cytosol),Unknown,0.23437252228949343,0.23437252228949343,100.0,MINIMAL,0,,,cyan_e <=> cyan_c,0.2814317775193228,0.2814317775193228,100.0,MINIMAL,0.0,NOT_A_TARGET
CTPS2,CTP synthase (glutamine),Unknown,0.23437252228949343,0.23437252228949343,100.0,MINIMAL,2,56474_AT1;56474_AT2,CTPS2;CTPS2,atp_c + gln__L_c + h2o_c + utp_c --> adp_c + ctp_c + glu__L_c + 2.0 h_c + pi_c,0.2814317775193228,0.2814317775193228,100.0,MINIMAL,0.0,NOT_A_TARGET
APOCF,Apocarboxylase formation,Unknown,0.23437252228949343,0.23437252228949343,100.0,MINIMAL,0,,,apoC_c + lys__L_c --> apoC_Lys_c + h2o_c + h_c,0.2814317775193228,0.2814317775193228,100.0,MINIMAL,0.0,NOT_A_TARGET
APOC_LYS_BTNP,Proteolysis of apoC-Lys-btn,Unknown,0.23437252228949343,0.23437252228949343,100.0,MINIMAL,0,,,apoC_Lys_btn_c + h2o_c --> apoC_c + biocyt_c,0.2814317775193228,0.2814317775193228,100.0,MINIMAL,0.0,NOT_A_TARGET
APOC_LYS_BTNPm,"Proteolysis of apoC-Lys-btn, mitochondrial",Unknown,0.23437252228949343,0.23437252228949343,100.0,MINIMAL,0,,,apoC_Lys_btn_m + h2o_m --> apoC_m + biocyt_m,0.2814317775193228,0.2814317775193228,100.0,MINIMAL,0.0,NOT_A_TARGET
APPNNte,Xenobiotic transport,Unknown,0.23437252228949343,0.23437252228949343,100.0,MINIMAL,0,,,appnn_e <=> appnn_c,0.2814317775193228,0.2814317775193228,100.0,MINIMAL,0.0,NOT_A_TARGET
ARGSS,Argininosuccinate synthase,Unknown,0.23437252228949343,0.23437252228949343,100.0,MINIMAL,2,445_AT2;445_AT1,ASS1;ASS1,asp__L_c + atp_c + citr__L_c --> amp_c + argsuc_c + h_c + ppi_c,0.2814317775193228,0.2814317775193228,100.0,MINIMAL,0.0,NOT_A_TARGET
ARABR,Arabinose reductase,Unknown,0.23437252228949343,0.23437252228949343,100.0,MINIMAL,4,10327_AT1;231_AT1;8574_AT1;10327_AT2,AKR1A1;AKR1B1;AKR7A2;AKR1A1,arab__L_c + h_c + nadph_c --> abt_c + nadp_c,0.2814317775193228,0.2814317775193228,100.0,MINIMAL,0.0,NOT_A_TARGET
ARAB_Lt,L arabinoase extracellular transport,Unknown,0.23437252228949343,0.23437252228949343,100.0,MINIMAL,0,,,arab__L_e <=> arab__L_c,0.2814317775193228,0.2814317775193228,100.0,MINIMAL,0.0,NOT_A_TARGET
ATPH1e,ATP diphosphohydrolase,Unknown,0.23437252228949343,0.23437252228949343,100.0,MINIMAL,6,954_AT1;957_AT1;956_AT1;953_AT1;955_AT1;954_AT2,ENTPD2;ENTPD5;ENTPD3;ENTPD1;ENTPD6;ENTPD2,atp_e + 2.0 h2o_e --> amp_e + 2.0 h_e + 2.0 pi_e,0.2814317775193228,0.2814317775193228,100.0,MINIMAL,0.0,NOT_A_TARGET
DNDPt2m,DATP transport via ATP antiport,Unknown,0.23437252228949343,0.23437252228949343,100.0,MINIMAL,1,60386_AT1,SLC25A19,atp_m + datp_c --> atp_c + datp_m,0.2814317775193228,0.2814317775193228,100.0,MINIMAL,0.0,NOT_A_TARGET
DNDPt29m,DCDP transport via dADP antiport,Unknown,0.23437252228949343,0.23437252228949343,100.0,MINIMAL,1,60386_AT1,SLC25A19,dadp_m + dcdp_c --> dadp_c + dcdp_m,0.2814317775193228,0.2814317775193228,100.0,MINIMAL,0.0,NOT_A_TARGET
DNDPt28m,DCDP transport via dGDP antiport,Unknown,0.23437252228949343,0.23437252228949343,100.0,MINIMAL,1,60386_AT1,SLC25A19,dcdp_c + dgdp_m --> dcdp_m + dgdp_c,0.2814317775193228,0.2814317775193228,100.0,MINIMAL,0.0,NOT_A_TARGET
DNDPt27m,DCDP transport via dTDP antiport,Unknown,0.23437252228949343,0.23437252228949343,100.0,MINIMAL,1,60386_AT1,SLC25A19,dcdp_c + dtdp_m --> dcdp_m + dtdp_c,0.2814317775193228,0.2814317775193228,100.0,MINIMAL,0.0,NOT_A_TARGET
C161CPT2,C161 transport into the mitochondria,Unknown,0.23437252228949343,0.23437252228949343,100.0,MINIMAL,1,1376_AT1,CPT2,coa_m + hdcecrn_m --> crn_m + hdcoa_m,0.2814317775193228,0.2814317775193228,100.0,MINIMAL,0.0,NOT_A_TARGET
C161CPT22,C161 transport into the mitochondria,Unknown,0.23437252228949343,0.23437252228949343,100.0,MINIMAL,1,1376_AT1,CPT2,coa_m + hdd2crn_m --> crn_m + hdd2coa_m,0.2814317775193228,0.2814317775193228,100.0,MINIMAL,0.0,NOT_A_TARGET
C161CRN2t,C161 transport into the mitochondria,Unknown,0.23437252228949343,0.23437252228949343,100.0,MINIMAL,1,788_AT1,SLC25A20,hdd2crn_c --> hdd2crn_m,0.2814317775193228,0.2814317775193228,100.0,MINIMAL,0.0,NOT_A_TARGET
C161CRNt,C161 transport into the mitochondria,Unknown,0.23437252228949343,0.23437252228949343,100.0,MINIMAL,1,788_AT1,SLC25A20,hdcecrn_c --> hdcecrn_m,0.2814317775193228,0.2814317775193228,100.0,MINIMAL,0.0,NOT_A_TARGET
C180CPT1,Carnitine O-stearoyl transferase,Unknown,0.23437252228949343,0.23437252228949343,100.0,MINIMAL,6,1375_AT2;1374_AT1;1375_AT3;126129_AT1;1375_AT4;1375_AT1,CPT1B;CPT1A;CPT1B;CPT1C;CPT1B;CPT1B,crn_c + stcoa_c --> coa_c + stcrn_c,0.2814317775193228,0.2814317775193228,100.0,MINIMAL,0.0,NOT_A_TARGET
C180CPT2,Carnitine O-stearoyl transferase,Unknown,0.23437252228949343,0.23437252228949343,100.0,MINIMAL,1,1376_AT1,CPT2,coa_m + stcrn_m --> crn_m + stcoa_m,0.2814317775193228,0.2814317775193228,100.0,MINIMAL,0.0,NOT_A_TARGET
C180CRNt,C180 transport into the mitochondria,Unknown,0.23437252228949343,0.23437252228949343,100.0,MINIMAL,1,788_AT1,SLC25A20,stcrn_c --> stcrn_m,0.2814317775193228,0.2814317775193228,100.0,MINIMAL,0.0,NOT_A_TARGET
C181CPT1,Carnitine octadecenoyl transferase,Unknown,0.23437252228949343,0.23437252228949343,100.0,MINIMAL,6,1375_AT2;1374_AT1;1375_AT3;126129_AT1;1375_AT4;1375_AT1,CPT1B;CPT1A;CPT1B;CPT1C;CPT1B;CPT1B,crn_c + odecoa_c --> coa_c + odecrn_c,0.2814317775193228,0.2814317775193228,100.0,MINIMAL,0.0,NOT_A_TARGET
C181CPT2,Carnitine octadecenoyl transferase,Unknown,0.23437252228949343,0.23437252228949343,100.0,MINIMAL,1,1376_AT1,CPT2,coa_m + odecrn_m --> crn_m + odecoa_m,0.2814317775193228,0.2814317775193228,100.0,MINIMAL,0.0,NOT_A_TARGET
C181CRNt,C181 transport into the mitochondria,Unknown,0.23437252228949343,0.23437252228949343,100.0,MINIMAL,1,788_AT1,SLC25A20,odecrn_c --> odecrn_m,0.2814317775193228,0.2814317775193228,100.0,MINIMAL,0.0,NOT_A_TARGET
C204CPT1,Carnitine C20:4 transferase,Unknown,0.23437252228949343,0.23437252228949343,100.0,MINIMAL,6,1375_AT2;1374_AT1;1375_AT3;126129_AT1;1375_AT4;1375_AT1,CPT1B;CPT1A;CPT1B;CPT1C;CPT1B;CPT1B,arachdcoa_c + crn_c --> arachdcrn_c + coa_c,0.2814317775193228,0.2814317775193228,100.0,MINIMAL,0.0,NOT_A_TARGET
C204CPT2,Arachidonic acid transport into the mitochondria,Unknown,0.23437252228949343,0.23437252228949343,100.0,MINIMAL,1,1376_AT1,CPT2,arachdcrn_m + coa_m --> arachdcoa_m + crn_m,0.2814317775193228,0.2814317775193228,100.0,MINIMAL,0.0,NOT_A_TARGET
C204CRNt,Arachidonic acid transport into the mitochondria,Unknown,0.23437252228949343,0.23437252228949343,100.0,MINIMAL,1,788_AT1,SLC25A20,arachdcrn_c --> arachdcrn_m,0.2814317775193228,0.2814317775193228,100.0,MINIMAL,0.0,NOT_A_TARGET
BTNt3i,Biotin transport via sodium symport,Unknown,0.23437252228949343,0.23437252228949343,100.0,MINIMAL,1,8884_AT1,SLC5A6,atp_c + btn_e + h2o_c + 2.0 na1_e --> adp_c + btn_c + h_c + 2.0 na1_c + pi_c,0.2814317775193228,0.2814317775193228,100.0,MINIMAL,0.0,NOT_A_TARGET
BTNPLm,"Holocarboxylase synthestase (biotin protein ligase), mitochondrial",Unknown,0.23437252228949343,0.23437252228949343,100.0,MINIMAL,1,3141_AT1,HLCS,apoC_Lys_m + btamp_m --> amp_m + apoC_Lys_btn_m + h_m,0.2814317775193228,0.2814317775193228,100.0,MINIMAL,0.0,NOT_A_TARGET
DNDPt20m,DTDP transport via ATP antiport,Unknown,0.23437252228949343,0.23437252228949343,100.0,MINIMAL,1,60386_AT1,SLC25A19,atp_m + dtdp_c --> atp_c + dtdp_m,0.2814317775193228,0.2814317775193228,100.0,MINIMAL,0.0,NOT_A_TARGET
BTNPL,Holocarboxylase synthestase (biotin protein ligase),Unknown,0.23437252228949343,0.23437252228949343,100.0,MINIMAL,1,3141_AT1,HLCS,apoC_Lys_c + btamp_c --> amp_c + apoC_Lys_btn_c + h_c,0.2814317775193228,0.2814317775193228,100.0,MINIMAL,0.0,NOT_A_TARGET
DNDPt21m,DTDP transport via ADP antiport,Unknown,0.23437252228949343,0.23437252228949343,100.0,MINIMAL,1,60386_AT1,SLC25A19,adp_m + dtdp_c --> adp_c + dtdp_m,0.2814317775193228,0.2814317775193228,100.0,MINIMAL,0.0,NOT_A_TARGET
DNDPt22m,DTDP transport via dUDP antiport,Unknown,0.23437252228949343,0.23437252228949343,100.0,MINIMAL,1,60386_AT1,SLC25A19,dtdp_c + dudp_m --> dtdp_m + dudp_c,0.2814317775193228,0.2814317775193228,100.0,MINIMAL,0.0,NOT_A_TARGET
DNDPt23m,DTDP transport via dGTP antiport,Unknown,0.23437252228949343,0.23437252228949343,100.0,MINIMAL,1,60386_AT1,SLC25A19,dgdp_m + dtdp_c --> dgdp_c + dtdp_m,0.2814317775193228,0.2814317775193228,100.0,MINIMAL,0.0,NOT_A_TARGET
DNDPt24m,DTDP transport via dADP antiport,Unknown,0.23437252228949343,0.23437252228949343,100.0,MINIMAL,1,60386_AT1,SLC25A19,dadp_m + dtdp_c --> dadp_c + dtdp_m,0.2814317775193228,0.2814317775193228,100.0,MINIMAL,0.0,NOT_A_TARGET
DNDPt25m,DTDP transport via dCDP antiport,Unknown,0.23437252228949343,0.23437252228949343,100.0,MINIMAL,1,60386_AT1,SLC25A19,dcdp_m + dtdp_c --> dcdp_c + dtdp_m,0.2814317775193228,0.2814317775193228,100.0,MINIMAL,0.0,NOT_A_TARGET
DNDPt26m,DCDP transport via dUDP antiport,Unknown,0.23437252228949343,0.23437252228949343,100.0,MINIMAL,1,60386_AT1,SLC25A19,dcdp_c + dudp_m --> dcdp_m + dudp_c,0.2814317775193228,0.2814317775193228,100.0,MINIMAL,0.0,NOT_A_TARGET
DM_dttp_m,DTTP demand,Unknown,0.23437252228949343,0.23437252228949343,100.0,MINIMAL,0,,,dttp_m --> ,0.2814317775193228,0.2814317775193228,100.0,MINIMAL,0.0,NOT_A_TARGET
ADAe,"Adenosine deaminase, extracellular",Unknown,0.23437252228949343,0.23437252228949343,100.0,MINIMAL,1,100_AT1,ADA,adn_e + h2o_e + h_e --> ins_e + nh4_e,0.2814317775193228,0.2814317775193228,100.0,MINIMAL,0.0,NOT_A_TARGET
ACGAM2E,N-acetylglucosamine 2-epimerase,Unknown,0.23437252228949343,0.23437252228949343,100.0,MINIMAL,1,5973_AT1,RENBP,acgam_c <=> acmana_c,0.2814317775193228,0.2814317775193228,100.0,MINIMAL,0.0,NOT_A_TARGET
CLHCO3tex2,Chloride transport via bicarbonate countertransport (2:1),Unknown,0.23437252228949343,0.23437252228949343,100.0,MINIMAL,3,65010_AT2;65010_AT3;65010_AT1,SLC26A6;SLC26A6;SLC26A6,2.0 cl_e + hco3_c --> 2.0 cl_c + hco3_e,0.2814317775193228,0.2814317775193228,100.0,MINIMAL,0.0,NOT_A_TARGET
C3STDH1Pr,C-3 sterol dehydrogenase (4-methylzymosterol),Unknown,0.23437252228949343,0.23437252228949343,100.0,MINIMAL,1,50814_AT1,NSDHL,4mzym_int1_r + nadp_r --> 4mzym_int2_r + co2_r + h_r + nadph_r,0.2814317775193228,0.2814317775193228,100.0,MINIMAL,0.0,NOT_A_TARGET
C3STDH1r,C-3 sterol dehydrogenase (4-methylzymosterol),Unknown,0.23437252228949343,0.23437252228949343,100.0,MINIMAL,1,50814_AT1,NSDHL,4mzym_int1_r + nad_r --> 4mzym_int2_r + co2_r + h_r + nadh_r,0.2814317775193228,0.2814317775193228,100.0,MINIMAL,0.0,NOT_A_TARGET
C4STMO2Pr,C-4 methyl sterol oxidase,Unknown,0.23437252228949343,0.23437252228949343,100.0,MINIMAL,1,50814_AT1,NSDHL,4mzym_int2_r + nadp_r + o2_r --> co2_r + h_r + nadph_r + zym_int2_r,0.2814317775193228,0.2814317775193228,100.0,MINIMAL,0.0,NOT_A_TARGET
C4STMO2r,C-4 methyl sterol oxidase,Unknown,0.23437252228949343,0.23437252228949343,100.0,MINIMAL,2,50814_AT1;6307_AT1,NSDHL;MSMO1,4mzym_int2_r + nad_r + o2_r --> co2_r + h_r + nadh_r + zym_int2_r,0.2814317775193228,0.2814317775193228,100.0,MINIMAL,0.0,NOT_A_TARGET
CAATPS,CAATPS,Unknown,0.23437252228949343,0.23437252228949343,100.0,MINIMAL,4,491_AT1;493_AT1;492_AT1;490_AT1,ATP2B2;ATP2B4;ATP2B3;ATP2B1,atp_c + 2.0 ca2_c + h2o_c --> adp_c + 2.0 ca2_e + h_e + pi_c,0.2814317775193228,0.2814317775193228,100.0,MINIMAL,0.0,NOT_A_TARGET
CAMPt,CAMP transport (ATP-dependent),Unknown,0.23437252228949343,0.23437252228949343,100.0,MINIMAL,3,10057_AT2;10057_AT1;10257_AT1,ABCC5;ABCC5;ABCC4,atp_c + camp_c + h2o_c --> adp_c + camp_e + h_c + pi_c,0.2814317775193228,0.2814317775193228,100.0,MINIMAL,0.0,NOT_A_TARGET
CARVEOLte,Xenobiotic transport,Unknown,0.23437252228949343,0.23437252228949343,100.0,MINIMAL,0,,,carveol_e <=> carveol_c,0.2814317775193228,0.2814317775193228,100.0,MINIMAL,0.0,NOT_A_TARGET
CAT2p,"Catalase A, peroxisomal (ethanol)",Unknown,0.23437252228949343,0.23437252228949343,100.0,MINIMAL,1,847_AT1,CAT,etoh_x + h2o2_x --> acald_x + 2.0 h2o_x,0.2814317775193228,0.2814317775193228,100.0,MINIMAL,0.0,NOT_A_TARGET
CATm,Catalase,Unknown,0.23437252228949343,0.23437252228949343,100.0,MINIMAL,1,847_AT1,CAT,2.0 h2o2_m --> 2.0 h2o_m + o2_m,0.2814317775193228,0.2814317775193228,100.0,MINIMAL,0.0,NOT_A_TARGET
CATp,Catalase A  peroxisomal,Unknown,0.23437252228949343,0.23437252228949343,100.0,MINIMAL,1,847_AT1,CAT,2.0 h2o2_x --> 2.0 h2o_x + o2_x,0.2814317775193228,0.2814317775193228,100.0,MINIMAL,0.0,NOT_A_TARGET
CLFORtex2,Chloride transport via formate countertransport (2:1),Unknown,0.23437252228949343,0.23437252228949343,100.0,MINIMAL,3,65010_AT2;65010_AT3;65010_AT1,SLC26A6;SLC26A6;SLC26A6,2.0 cl_e + for_c --> 2.0 cl_c + for_e,0.2814317775193228,0.2814317775193228,100.0,MINIMAL,0.0,NOT_A_TARGET
CLHCOtex,Chloride transport via bicarbonate countertransport,Unknown,0.23437252228949343,0.23437252228949343,100.0,MINIMAL,9,115111_AT2;1811_AT1;115019_AT2;115111_AT1;1836_AT1;116369_AT1;115019_AT1;116369_AT2;5172_AT1,SLC26A7;SLC26A3;SLC26A9;SLC26A7;SLC26A2;SLC26A8;SLC26A9;SLC26A8;SLC26A4,cl_e + 2.0 hco3_c --> cl_c + 2.0 hco3_e,0.2814317775193228,0.2814317775193228,100.0,MINIMAL,0.0,NOT_A_TARGET
DNDPt55m,DCTP transport via ADP antiport,Unknown,0.23437252228949343,0.23437252228949343,100.0,MINIMAL,1,60386_AT1,SLC25A19,adp_m + dctp_c --> adp_c + dctp_m,0.2814317775193228,0.2814317775193228,100.0,MINIMAL,0.0,NOT_A_TARGET
CLOHtex2,Chloride transport via hydroxide countertransport (2:1),Unknown,0.23437252228949343,0.23437252228949343,100.0,MINIMAL,3,65010_AT2;65010_AT3;65010_AT1,SLC26A6;SLC26A6;SLC26A6,2.0 cl_e + oh1_c --> 2.0 cl_c + oh1_e,0.2814317775193228,0.2814317775193228,100.0,MINIMAL,0.0,NOT_A_TARGET
CLOXAtex2,Chloride transport via oxalate countertransport (2:1),Unknown,0.23437252228949343,0.23437252228949343,100.0,MINIMAL,3,65010_AT2;65010_AT3;65010_AT1,SLC26A6;SLC26A6;SLC26A6,2.0 cl_e + oxa_c --> 2.0 cl_c + oxa_e,0.2814317775193228,0.2814317775193228,100.0,MINIMAL,0.0,NOT_A_TARGET
CLPNDt,Fatty acid transport via diffusion,Unknown,0.23437252228949343,0.23437252228949343,100.0,MINIMAL,0,,,clpnd_e <=> clpnd_c,0.2814317775193228,0.2814317775193228,100.0,MINIMAL,0.0,NOT_A_TARGET
COAtim,CoA transporter  mitochondrial   irreversible,Unknown,0.23437252228949343,0.23437252228949343,100.0,MINIMAL,1,8034_AT1,SLC25A16,coa_c <=> coa_m,0.2814317775193228,0.2814317775193228,100.0,MINIMAL,0.0,NOT_A_TARGET
COAtn,Coenzyme A transport  nuclear,Unknown,0.23437252228949343,0.23437252228949343,100.0,MINIMAL,0,,,coa_c <=> coa_n,0.2814317775193228,0.2814317775193228,100.0,MINIMAL,0.0,NOT_A_TARGET
COUMARINte,Xenobiotic transport,Unknown,0.23437252228949343,0.23437252228949343,100.0,MINIMAL,0,,,coumarin_e <=> coumarin_c,0.2814317775193228,0.2814317775193228,100.0,MINIMAL,0.0,NOT_A_TARGET
COt,CO transporter via diffusion,Unknown,0.23437252228949343,0.23437252228949343,100.0,MINIMAL,0,,,co_c <=> co_e,0.2814317775193228,0.2814317775193228,100.0,MINIMAL,0.0,NOT_A_TARGET
CPPPGO,Coproporphyrinogen oxidase (O2 required),Unknown,0.23437252228949343,0.23437252228949343,100.0,MINIMAL,1,1371_AT1,CPOX,cpppg3_c + 2.0 h_c + o2_c --> 2.0 co2_c + 2.0 h2o_c + pppg9_c,0.2814317775193228,0.2814317775193228,100.0,MINIMAL,0.0,NOT_A_TARGET
CREATt4_2_r,CREATt4 LPAREN 2 RPAREN r,Unknown,0.23437252228949343,0.23437252228949343,100.0,MINIMAL,2,6537_AT1;6535_AT1,6537_AT1;SLC6A8,creat_e + 2.0 na1_e <=> creat_c + 2.0 na1_c,0.2814317775193228,0.2814317775193228,100.0,MINIMAL,0.0,NOT_A_TARGET
CRMPte,Crmp hs transport,Unknown,0.23437252228949343,0.23437252228949343,100.0,MINIMAL,0,,,crmp_hs_c <=> crmp_hs_e,0.2814317775193228,0.2814317775193228,100.0,MINIMAL,0.0,NOT_A_TARGET
DESAT20_2,Fatty acyl-CoA desaturase (n-C20:4CoA -> n-C20:5CoA),Unknown,0.23437252228949343,0.23437252228949343,100.0,MINIMAL,1,3992_AT1,FADS1,eicostetcoa_c + h_c + nadh_c + o2_c --> 2.0 h2o_c + nad_c + tmndnccoa_c,0.2814317775193228,0.2814317775193228,100.0,MINIMAL,0.0,NOT_A_TARGET
CRNCAR3tp,"Carnitine-propcarnitine carrier, peroxisomal",Unknown,0.23437252228949343,0.23437252228949343,100.0,MINIMAL,0,,,crn_c + pcrn_x --> crn_x + pcrn_c,0.2814317775193228,0.2814317775193228,100.0,MINIMAL,0.0,NOT_A_TARGET
DESAT22_2p,Fatty acyl-CoA desaturase (n-C22:5CoA -> n-C22:6CoA),Unknown,0.23437252228949343,0.23437252228949343,100.0,MINIMAL,0,,,clpndcoa_x + h_x + nadh_x + o2_x --> c226coa_x + 2.0 h2o_x + nad_x,0.2814317775193228,0.2814317775193228,100.0,MINIMAL,0.0,NOT_A_TARGET
CRNCARtp,Carnitine acetylcarnitine carrier  peroxisomal,Unknown,0.23437252228949343,0.23437252228949343,100.0,MINIMAL,1,1384_AT1,CRAT,acrn_x + crn_c --> acrn_c + crn_x,0.2814317775193228,0.2814317775193228,100.0,MINIMAL,0.0,NOT_A_TARGET
CRNtHa,L-carnitine outward transport (H+ antiport),Unknown,0.23437252228949343,0.23437252228949343,100.0,MINIMAL,1,6583_AT1,SLC22A4,crn_c + h_e --> crn_e + h_c,0.2814317775193228,0.2814317775193228,100.0,MINIMAL,0.0,NOT_A_TARGET
CRNt_copy2,L carnitine reversible transport,Unknown,0.23437252228949343,0.23437252228949343,100.0,MINIMAL,1,6583_AT1,SLC22A4,crn_e --> crn_c,0.2814317775193228,0.2814317775193228,100.0,MINIMAL,0.0,NOT_A_TARGET
CRNtuNa,L-carnitine inward transport by Na+ symport,Unknown,0.23437252228949343,0.23437252228949343,100.0,MINIMAL,1,6584_AT1,SLC22A5,crn_e + na1_e --> crn_c + na1_c,0.2814317775193228,0.2814317775193228,100.0,MINIMAL,0.0,NOT_A_TARGET
CRVNCtr,Fatty acid transport via diffusion,Unknown,0.23437252228949343,0.23437252228949343,100.0,MINIMAL,0,,,crvnc_e <=> crvnc_c,0.2814317775193228,0.2814317775193228,100.0,MINIMAL,0.0,NOT_A_TARGET
CSNAT2m,"Carnitine O-aceyltransferase, mitochondrial",Unknown,0.23437252228949343,0.23437252228949343,100.0,MINIMAL,1,1384_AT1,CRAT,coa_m + pcrn_m <=> crn_m + ppcoa_m,0.2814317775193228,0.2814317775193228,100.0,MINIMAL,0.0,NOT_A_TARGET
CSNAT3x,"Carnitine O-aceyltransferase, peroxisomal",Unknown,0.23437252228949343,0.23437252228949343,100.0,MINIMAL,1,1384_AT2,CRAT,crn_x + ppcoa_x <=> coa_x + pcrn_x,0.2814317775193228,0.2814317775193228,100.0,MINIMAL,0.0,NOT_A_TARGET
DCK1n,"Deoxycytidine kinase, nuclear (ATP)",Unknown,0.23437252228949343,0.23437252228949343,100.0,MINIMAL,1,1633_AT1,DCK,atp_n + dcyt_n <=> adp_n + dcmp_n + h_n,0.2814317775193228,0.2814317775193228,100.0,MINIMAL,0.0,NOT_A_TARGET
DCK2n,"Deoxycytidine kinase, nuclear (UTP)",Unknown,0.23437252228949343,0.23437252228949343,100.0,MINIMAL,1,1633_AT1,DCK,dcyt_n + utp_n <=> dcmp_n + h_n + udp_n,0.2814317775193228,0.2814317775193228,100.0,MINIMAL,0.0,NOT_A_TARGET
DCMPDA,DCMP deaminase,Unknown,0.23437252228949343,0.23437252228949343,100.0,MINIMAL,1,1635_AT1,DCTD,dcmp_c + h2o_c + h_c <=> dump_c + nh4_c,0.2814317775193228,0.2814317775193228,100.0,MINIMAL,0.0,NOT_A_TARGET
DCSPTN1CPT1,Carnitine O-palmitoyltransferase,Unknown,0.23437252228949343,0.23437252228949343,100.0,MINIMAL,6,1375_AT2;1374_AT1;1375_AT3;126129_AT1;1375_AT4;1375_AT1,CPT1B;CPT1A;CPT1B;CPT1C;CPT1B;CPT1B,crn_c + dcsptn1coa_c --> coa_c + dcsptn1crn_c,0.2814317775193228,0.2814317775193228,100.0,MINIMAL,0.0,NOT_A_TARGET
DCSPTN1CPT2,Carnitine transferase,Unknown,0.23437252228949343,0.23437252228949343,100.0,MINIMAL,1,1376_AT1,CPT2,coa_m + dcsptn1crn_m --> crn_m + dcsptn1coa_m,0.2814317775193228,0.2814317775193228,100.0,MINIMAL,0.0,NOT_A_TARGET
DCSPTN1CRNt,Transport into the mitochondria (carnitine),Unknown,0.23437252228949343,0.23437252228949343,100.0,MINIMAL,1,788_AT1,SLC25A20,dcsptn1crn_c --> dcsptn1crn_m,0.2814317775193228,0.2814317775193228,100.0,MINIMAL,0.0,NOT_A_TARGET
DCSPTN1t,Fatty acid transport via diffusion,Unknown,0.23437252228949343,0.23437252228949343,100.0,MINIMAL,0,,,dcsptn1_e <=> dcsptn1_c,0.2814317775193228,0.2814317775193228,100.0,MINIMAL,0.0,NOT_A_TARGET
DCYTD,Deoxycytidine deaminase,Unknown,0.23437252228949343,0.23437252228949343,100.0,MINIMAL,2,57379_AT1;978_AT1,AICDA;CDA,dcyt_c + h2o_c + h_c --> duri_c + nh4_c,0.2814317775193228,0.2814317775193228,100.0,MINIMAL,0.0,NOT_A_TARGET
DEBRISOQUINEt,DEBRISOQUINEt,Unknown,0.23437252228949343,0.23437252228949343,100.0,MINIMAL,2,6582_AT2;6582_AT1,SLC22A2;SLC22A2,debrisoquine_e <=> debrisoquine_c,0.2814317775193228,0.2814317775193228,100.0,MINIMAL,0.0,NOT_A_TARGET
DESAT18_10,Fatty acyl-CoA desaturase (n-C18:2CoA -> n-C18:3CoA),Unknown,0.23437252228949343,0.23437252228949343,100.0,MINIMAL,1,9415_AT1,FADS2,h_c + lnlncacoa_c + nadh_c + o2_c --> 2.0 h2o_c + nad_c + strdnccoa_c,0.2814317775193228,0.2814317775193228,100.0,MINIMAL,0.0,NOT_A_TARGET
DESAT18_3,Stearoyl-CoA desaturase (n-C18:0CoA -> n-C18:1CoA),Unknown,0.23437252228949343,0.23437252228949343,100.0,MINIMAL,1,6319_AT1,SCD,h_c + nadh_c + o2_c + stcoa_c --> 2.0 h2o_c + nad_c + odecoa_c,0.2814317775193228,0.2814317775193228,100.0,MINIMAL,0.0,NOT_A_TARGET
DESAT18_4,Stearoyl-CoA desaturase (n-C18:0CoA -> n-C18:1CoA),Unknown,0.23437252228949343,0.23437252228949343,100.0,MINIMAL,1,6319_AT1,SCD,h_c + nadh_c + o2_c + stcoa_c --> 2.0 h2o_c + nad_c + vacccoa_c,0.2814317775193228,0.2814317775193228,100.0,MINIMAL,0.0,NOT_A_TARGET
DESAT18_5,Stearoyl-CoA desaturase (n-C18:0CoA -> n-C18:1CoA),Unknown,0.23437252228949343,0.23437252228949343,100.0,MINIMAL,1,6319_AT1,SCD,h_c + nadh_c + o2_c + stcoa_c --> 2.0 h2o_c + nad_c + od2coa_c,0.2814317775193228,0.2814317775193228,100.0,MINIMAL,0.0,NOT_A_TARGET
DESAT18_6,Fatty acyl-CoA desaturase (n-C18:1CoA -> n-C18:2CoA),Unknown,0.23437252228949343,0.23437252228949343,100.0,MINIMAL,1,9415_AT1,FADS2,h_c + nadh_c + o2_c + odecoa_c --> 2.0 h2o_c + lneldccoa_c + nad_c,0.2814317775193228,0.2814317775193228,100.0,MINIMAL,0.0,NOT_A_TARGET
DESAT18_7,Fatty acyl-CoA desaturase (n-C18:1CoA -> n-C18:2CoA),Unknown,0.23437252228949343,0.23437252228949343,100.0,MINIMAL,1,9415_AT1,FADS2,h_c + nadh_c + o2_c + vacccoa_c --> 2.0 h2o_c + lneldccoa_c + nad_c,0.2814317775193228,0.2814317775193228,100.0,MINIMAL,0.0,NOT_A_TARGET
DESAT18_8,Fatty acyl-CoA desaturase (n-C18:1CoA -> n-C18:2CoA),Unknown,0.23437252228949343,0.23437252228949343,100.0,MINIMAL,1,9415_AT1,FADS2,h_c + nadh_c + o2_c + od2coa_c --> 2.0 h2o_c + lneldccoa_c + nad_c,0.2814317775193228,0.2814317775193228,100.0,MINIMAL,0.0,NOT_A_TARGET
DESAT18_9,"Linoleoyl-CoA, hydrogen-donor:oxygen oxidoreductase",Unknown,0.23437252228949343,0.23437252228949343,100.0,MINIMAL,1,9415_AT1,FADS2,h_c + lnlccoa_c + nadh_c + o2_c --> 2.0 h2o_c + lnlncgcoa_c + nad_c,0.2814317775193228,0.2814317775193228,100.0,MINIMAL,0.0,NOT_A_TARGET
DESAT20_1,Fatty acyl-CoA desaturase (n-C20:3CoA -> n-C20:4CoA),Unknown,0.23437252228949343,0.23437252228949343,100.0,MINIMAL,1,3992_AT1,FADS1,dlnlcgcoa_c + h_c + nadh_c + o2_c --> arachdcoa_c + 2.0 h2o_c + nad_c,0.2814317775193228,0.2814317775193228,100.0,MINIMAL,0.0,NOT_A_TARGET
DESAT24_1,Fatty acyl-CoA desaturase (n-C24:5CoA -> n-C24:6CoA),Unknown,0.23437252228949343,0.23437252228949343,100.0,MINIMAL,1,9415_AT1,FADS2,h_c + nadh_c + o2_c + tetpent3coa_c --> 2.0 h2o_c + nad_c + tethex3coa_c,0.2814317775193228,0.2814317775193228,100.0,MINIMAL,0.0,NOT_A_TARGET
DNDPt32m,DGDP transport via ATP antiport,Unknown,0.23437252228949343,0.23437252228949343,100.0,MINIMAL,1,60386_AT1,SLC25A19,atp_m + dgdp_c --> atp_c + dgdp_m,0.2814317775193228,0.2814317775193228,100.0,MINIMAL,0.0,NOT_A_TARGET
DNDPt56m,DCTP transport via ATP antiport,Unknown,0.23437252228949343,0.23437252228949343,100.0,MINIMAL,1,60386_AT1,SLC25A19,atp_m + dctp_c --> atp_c + dctp_m,0.2814317775193228,0.2814317775193228,100.0,MINIMAL,0.0,NOT_A_TARGET
DHCRD1,Dihydroceramide desaturase,Unknown,0.23437252228949343,0.23437252228949343,100.0,MINIMAL,2,8560_AT2;8560_AT1,DEGS1;DEGS1,dhcrm_hs_c + nadp_c --> crm_hs_c + h_c + nadph_c,0.2814317775193228,0.2814317775193228,100.0,MINIMAL,0.0,NOT_A_TARGET
DGK2m,Deoxyguanylate kinase (dGMP:dATP) (mitochondrial),Unknown,0.23437252228949343,0.23437252228949343,100.0,MINIMAL,0,,,datp_m + dgmp_m <=> dadp_m + dgdp_m,0.2814317775193228,0.2814317775193228,100.0,MINIMAL,0.0,NOT_A_TARGET
DGNSKm,Deoxyguanosine kinase,Unknown,0.23437252228949343,0.23437252228949343,100.0,MINIMAL,5,1716_AT3;1716_AT4;1716_AT2;1716_AT5;1716_AT1,DGUOK;DGUOK;DGUOK;DGUOK;DGUOK,atp_m + dgsn_m --> adp_m + dgmp_m + h_m,0.2814317775193228,0.2814317775193228,100.0,MINIMAL,0.0,NOT_A_TARGET
DGSNtm,Deoyguanosine transport in mitochondria,Unknown,0.23437252228949343,0.23437252228949343,100.0,MINIMAL,0,,,dgsn_c <=> dgsn_m,0.2814317775193228,0.2814317775193228,100.0,MINIMAL,0.0,NOT_A_TARGET
DGULND,Dehydro-L-gulonate decarboxylase,Unknown,0.23437252228949343,0.23437252228949343,100.0,MINIMAL,0,,,3dhguln_c + h_c <=> co2_c + xylu__L_c,0.2814317775193228,0.2814317775193228,100.0,MINIMAL,0.0,NOT_A_TARGET
DHAAt1r,Dehydroascorbate transport (uniport),Unknown,0.23437252228949343,0.23437252228949343,100.0,MINIMAL,3,6515_AT1;6517_AT1;6513_AT1,SLC2A3;SLC2A4;SLC2A1,dhdascb_e <=> dhdascb_c,0.2814317775193228,0.2814317775193228,100.0,MINIMAL,0.0,NOT_A_TARGET
DHCHOLESTANATEtm,"Lipid, flip-flop intracellular transport",Unknown,0.23437252228949343,0.23437252228949343,100.0,MINIMAL,0,,,dhcholestanate_m <=> dhcholestanate_x,0.2814317775193228,0.2814317775193228,100.0,MINIMAL,0.0,NOT_A_TARGET
DHCR241r,24-dehydrocholesterol reductase [Precursor],Unknown,0.23437252228949343,0.23437252228949343,100.0,MINIMAL,1,1718_AT1,DHCR24,fadh2_r + zymst_r --> fad_r + zymstnl_r,0.2814317775193228,0.2814317775193228,100.0,MINIMAL,0.0,NOT_A_TARGET
DHCR242r,24-dehydrocholesterol reductase [Precursor],Unknown,0.23437252228949343,0.23437252228949343,100.0,MINIMAL,1,1718_AT1,DHCR24,chlstol_r + fadh2_r --> fad_r + lthstrl_r,0.2814317775193228,0.2814317775193228,100.0,MINIMAL,0.0,NOT_A_TARGET
DHCR243r,24-dehydrocholesterol reductase [Precursor],Unknown,0.23437252228949343,0.23437252228949343,100.0,MINIMAL,1,1718_AT1,DHCR24,dsmsterol_r + fadh2_r --> chsterol_r + fad_r,0.2814317775193228,0.2814317775193228,100.0,MINIMAL,0.0,NOT_A_TARGET
DHCR71r,7-dehydrocholesterol reductase,Unknown,0.23437252228949343,0.23437252228949343,100.0,MINIMAL,1,1717_AT1,DHCR7,ddsmsterol_r + h_r + nadph_r --> dsmsterol_r + nadp_r,0.2814317775193228,0.2814317775193228,100.0,MINIMAL,0.0,NOT_A_TARGET
DHCR72r,7-dehydrocholesterol reductase,Unknown,0.23437252228949343,0.23437252228949343,100.0,MINIMAL,1,1717_AT1,DHCR7,7dhchsterol_r + h_r + nadph_r --> chsterol_r + nadp_r,0.2814317775193228,0.2814317775193228,100.0,MINIMAL,0.0,NOT_A_TARGET
DHCRD2,Dihydroceramide desaturase,Unknown,0.23437252228949343,0.23437252228949343,100.0,MINIMAL,2,8560_AT2;8560_AT1,DEGS1;DEGS1,dhcrm_hs_c + fad_c --> crm_hs_c + fadh2_c,0.2814317775193228,0.2814317775193228,100.0,MINIMAL,0.0,NOT_A_TARGET
DNDPt34m,DGDP transport via dTDP antiport,Unknown,0.23437252228949343,0.23437252228949343,100.0,MINIMAL,1,60386_AT1,SLC25A19,dgdp_c + dtdp_m --> dgdp_m + dtdp_c,0.2814317775193228,0.2814317775193228,100.0,MINIMAL,0.0,NOT_A_TARGET
DHEASULT,Dehydroepiandrosterone sulfotransferase,Unknown,0.23437252228949343,0.23437252228949343,100.0,MINIMAL,2,6783_AT1;6822_AT1,SULT1E1;SULT2A1,dhea_c + paps_c --> dheas_c + h_c + pap_c,0.2814317775193228,0.2814317775193228,100.0,MINIMAL,0.0,NOT_A_TARGET
DHFtl,Dihydrofolate reversible lysosomal transport,Unknown,0.23437252228949343,0.23437252228949343,100.0,MINIMAL,0,,,dhf_c <=> dhf_l,0.2814317775193228,0.2814317775193228,100.0,MINIMAL,0.0,NOT_A_TARGET
DHFtm,Dihydrofolate reversible mitochondrial transport,Unknown,0.23437252228949343,0.23437252228949343,100.0,MINIMAL,0,,,dhf_c <=> dhf_m,0.2814317775193228,0.2814317775193228,100.0,MINIMAL,0.0,NOT_A_TARGET
DHORD9,Dihydoorotic acid dehydrogenase (quinone10),Unknown,0.23437252228949343,0.23437252228949343,100.0,MINIMAL,1,1723_AT1,DHODH,dhor__S_c + q10_m --> orot_c + q10h2_m,0.2814317775193228,0.2814317775193228,100.0,MINIMAL,0.0,NOT_A_TARGET
DHORTS,Dihydroorotase,Unknown,0.23437252228949343,0.23437252228949343,100.0,MINIMAL,1,790_AT1,CAD,dhor__S_c + h2o_c <=> cbasp_c + h_c,0.2814317775193228,0.2814317775193228,100.0,MINIMAL,0.0,NOT_A_TARGET
DHPM1,"Dihydropyrimidinase (5,6-dihydrouracil)",Unknown,0.23437252228949343,0.23437252228949343,100.0,MINIMAL,3,1808_AT1;1807_AT1;1809_AT1,DPYSL2;DPYS;DPYSL3,56dura_c + h2o_c --> cala_c + h_c,0.2814317775193228,0.2814317775193228,100.0,MINIMAL,0.0,NOT_A_TARGET
DHPM2,Dihydropyrimidinase (dihydrothymine),Unknown,0.23437252228949343,0.23437252228949343,100.0,MINIMAL,1,1807_AT1,DPYS,56dthm_c + h2o_c --> 3uib_c + h_c,0.2814317775193228,0.2814317775193228,100.0,MINIMAL,0.0,NOT_A_TARGET
DHPR,"6,7-dihydropteridine reductase",Unknown,0.23437252228949343,0.23437252228949343,100.0,MINIMAL,1,5860_AT1,QDPR,dhbpt_c + h_c + nadh_c --> nad_c + thbpt_c,0.2814317775193228,0.2814317775193228,100.0,MINIMAL,0.0,NOT_A_TARGET
DIDPtn,DIDP nuclear transport,Unknown,0.23437252228949343,0.23437252228949343,100.0,MINIMAL,0,,,didp_c <=> didp_n,0.2814317775193228,0.2814317775193228,100.0,MINIMAL,0.0,NOT_A_TARGET
FADDP,FAD diphosphatase,Unknown,0.23437252228949343,0.23437252228949343,100.0,MINIMAL,1,5167_AT1,ENPP1,fad_c + h2o_c --> amp_c + fmn_c + 2.0 h_c,0.2814317775193228,0.2814317775193228,100.0,MINIMAL,0.0,NOT_A_TARGET
FADtx,"FAD transport by free diffusion, glyoxysome",Unknown,0.23437252228949343,0.23437252228949343,100.0,MINIMAL,0,,,fad_c <=> fad_x,0.2814317775193228,0.2814317775193228,100.0,MINIMAL,0.0,NOT_A_TARGET
DGCHOLtx,Bile acid intracellular transport,Unknown,0.23437252228949343,0.23437252228949343,100.0,MINIMAL,0,,,dgchol_x <=> dgchol_c,0.2814317775193228,0.2814317775193228,100.0,MINIMAL,0.0,NOT_A_TARGET
DNDPt30m,DCDP transport via ADP antiport,Unknown,0.23437252228949343,0.23437252228949343,100.0,MINIMAL,1,60386_AT1,SLC25A19,adp_m + dcdp_c --> adp_c + dcdp_m,0.2814317775193228,0.2814317775193228,100.0,MINIMAL,0.0,NOT_A_TARGET
DGCHOLte,Bile acid intracellular transport,Unknown,0.23437252228949343,0.23437252228949343,100.0,MINIMAL,0,,,dgchol_e <=> dgchol_c,0.2814317775193228,0.2814317775193228,100.0,MINIMAL,0.0,NOT_A_TARGET
DNDPt31m,DCDP transport via ATP antiport,Unknown,0.23437252228949343,0.23437252228949343,100.0,MINIMAL,1,60386_AT1,SLC25A19,atp_m + dcdp_c --> atp_c + dcdp_m,0.2814317775193228,0.2814317775193228,100.0,MINIMAL,0.0,NOT_A_TARGET
DNDPt35m,DGDP transport via dADP antiport,Unknown,0.23437252228949343,0.23437252228949343,100.0,MINIMAL,1,60386_AT1,SLC25A19,dadp_m + dgdp_c --> dadp_c + dgdp_m,0.2814317775193228,0.2814317775193228,100.0,MINIMAL,0.0,NOT_A_TARGET
DNDPt36m,DGDP transport via dCDP antiport,Unknown,0.23437252228949343,0.23437252228949343,100.0,MINIMAL,1,60386_AT1,SLC25A19,dcdp_m + dgdp_c --> dcdp_c + dgdp_m,0.2814317775193228,0.2814317775193228,100.0,MINIMAL,0.0,NOT_A_TARGET
DNDPt37m,DUTP transport via dTDP antiport,Unknown,0.23437252228949343,0.23437252228949343,100.0,MINIMAL,1,60386_AT1,SLC25A19,dtdp_m + dutp_c --> dtdp_c + dutp_m,0.2814317775193228,0.2814317775193228,100.0,MINIMAL,0.0,NOT_A_TARGET
DNDPt38m,DUTP transport via dUDP antiport,Unknown,0.23437252228949343,0.23437252228949343,100.0,MINIMAL,1,60386_AT1,SLC25A19,dudp_m + dutp_c --> dudp_c + dutp_m,0.2814317775193228,0.2814317775193228,100.0,MINIMAL,0.0,NOT_A_TARGET
DNDPt39m,DUTP transport via dGDP antiport,Unknown,0.23437252228949343,0.23437252228949343,100.0,MINIMAL,1,60386_AT1,SLC25A19,dgdp_m + dutp_c --> dgdp_c + dutp_m,0.2814317775193228,0.2814317775193228,100.0,MINIMAL,0.0,NOT_A_TARGET
DNDPt3m,DATP transport via dCDP antiport,Unknown,0.23437252228949343,0.23437252228949343,100.0,MINIMAL,1,60386_AT1,SLC25A19,datp_c + dcdp_m --> datp_m + dcdp_c,0.2814317775193228,0.2814317775193228,100.0,MINIMAL,0.0,NOT_A_TARGET
DNDPt40m,DUTP transport via dADP antiport,Unknown,0.23437252228949343,0.23437252228949343,100.0,MINIMAL,1,60386_AT1,SLC25A19,dadp_m + dutp_c --> dadp_c + dutp_m,0.2814317775193228,0.2814317775193228,100.0,MINIMAL,0.0,NOT_A_TARGET
DNDPt41m,DUTP transport via dCDP antiport,Unknown,0.23437252228949343,0.23437252228949343,100.0,MINIMAL,1,60386_AT1,SLC25A19,dcdp_m + dutp_c --> dcdp_c + dutp_m,0.2814317775193228,0.2814317775193228,100.0,MINIMAL,0.0,NOT_A_TARGET
DNDPt42m,DUTP transport via ADP antiport,Unknown,0.23437252228949343,0.23437252228949343,100.0,MINIMAL,1,60386_AT1,SLC25A19,adp_m + dutp_c --> adp_c + dutp_m,0.2814317775193228,0.2814317775193228,100.0,MINIMAL,0.0,NOT_A_TARGET
DNDPt43m,DUTP transport via ATP antiport,Unknown,0.23437252228949343,0.23437252228949343,100.0,MINIMAL,1,60386_AT1,SLC25A19,atp_m + dutp_c --> atp_c + dutp_m,0.2814317775193228,0.2814317775193228,100.0,MINIMAL,0.0,NOT_A_TARGET
DNDPt44m,DTTP transport via ATP antiport,Unknown,0.23437252228949343,0.23437252228949343,100.0,MINIMAL,1,60386_AT1,SLC25A19,atp_m + dttp_c --> atp_c + dttp_m,0.2814317775193228,0.2814317775193228,100.0,MINIMAL,0.0,NOT_A_TARGET
DNDPt45m,DTTP transport via ADP antiport,Unknown,0.23437252228949343,0.23437252228949343,100.0,MINIMAL,1,60386_AT1,SLC25A19,adp_m + dttp_c --> adp_c + dttp_m,0.2814317775193228,0.2814317775193228,100.0,MINIMAL,0.0,NOT_A_TARGET
DNDPt46m,DTTP transport via dUDP antiport,Unknown,0.23437252228949343,0.23437252228949343,100.0,MINIMAL,1,60386_AT1,SLC25A19,dttp_c + dudp_m --> dttp_m + dudp_c,0.2814317775193228,0.2814317775193228,100.0,MINIMAL,0.0,NOT_A_TARGET
DNDPt47m,"Deoxynucleotide carrier (dttp), mitochondrial",Unknown,0.23437252228949343,0.23437252228949343,100.0,MINIMAL,1,60386_AT1,SLC25A19,dtdp_m + dttp_c --> dtdp_c + dttp_m,0.2814317775193228,0.2814317775193228,100.0,MINIMAL,0.0,NOT_A_TARGET
DNDPt48m,DTTP transport via dGDP antiport,Unknown,0.23437252228949343,0.23437252228949343,100.0,MINIMAL,1,60386_AT1,SLC25A19,dgdp_m + dttp_c --> dgdp_c + dttp_m,0.2814317775193228,0.2814317775193228,100.0,MINIMAL,0.0,NOT_A_TARGET
DNDPt49m,DTTP transport via dADP antiport,Unknown,0.23437252228949343,0.23437252228949343,100.0,MINIMAL,1,60386_AT1,SLC25A19,dadp_m + dttp_c --> dadp_c + dttp_m,0.2814317775193228,0.2814317775193228,100.0,MINIMAL,0.0,NOT_A_TARGET
DNDPt4m,DATP transport via dUDP antiport,Unknown,0.23437252228949343,0.23437252228949343,100.0,MINIMAL,1,60386_AT1,SLC25A19,datp_c + dudp_m --> datp_m + dudp_c,0.2814317775193228,0.2814317775193228,100.0,MINIMAL,0.0,NOT_A_TARGET
DNDPt50m,DTTP transport via dCDP antiport,Unknown,0.23437252228949343,0.23437252228949343,100.0,MINIMAL,1,60386_AT1,SLC25A19,dcdp_m + dttp_c --> dcdp_c + dttp_m,0.2814317775193228,0.2814317775193228,100.0,MINIMAL,0.0,NOT_A_TARGET
DNDPt51m,"Deoxynucleotide carrier (dctp), mitochondrial",Unknown,0.23437252228949343,0.23437252228949343,100.0,MINIMAL,1,60386_AT1,SLC25A19,dcdp_m + dctp_c --> dcdp_c + dctp_m,0.2814317775193228,0.2814317775193228,100.0,MINIMAL,0.0,NOT_A_TARGET
DNDPt52m,DCTP transport via dUDP antiport,Unknown,0.23437252228949343,0.23437252228949343,100.0,MINIMAL,1,60386_AT1,SLC25A19,dctp_c + dudp_m --> dctp_m + dudp_c,0.2814317775193228,0.2814317775193228,100.0,MINIMAL,0.0,NOT_A_TARGET
DNDPt53m,DCTP transport via dGDP antiport,Unknown,0.23437252228949343,0.23437252228949343,100.0,MINIMAL,1,60386_AT1,SLC25A19,dctp_c + dgdp_m --> dctp_m + dgdp_c,0.2814317775193228,0.2814317775193228,100.0,MINIMAL,0.0,NOT_A_TARGET
DNDPt54m,DCTP transport via dADP antiport,Unknown,0.23437252228949343,0.23437252228949343,100.0,MINIMAL,1,60386_AT1,SLC25A19,dadp_m + dctp_c --> dadp_c + dctp_m,0.2814317775193228,0.2814317775193228,100.0,MINIMAL,0.0,NOT_A_TARGET
DNDPt33m,DGDP transport via dUDP antiport,Unknown,0.23437252228949343,0.23437252228949343,100.0,MINIMAL,1,60386_AT1,SLC25A19,dgdp_c + dudp_m --> dgdp_m + dudp_c,0.2814317775193228,0.2814317775193228,100.0,MINIMAL,0.0,NOT_A_TARGET
CRNt_copy1,L carnitine reversible transport,Unknown,0.23437252228949343,0.23437252228949343,100.0,MINIMAL,1,6584_AT1,SLC22A5,crn_e <=> crn_c,0.2814317775193228,0.2814317775193228,100.0,MINIMAL,0.0,NOT_A_TARGET
DNDPt57m,DGTP transport via ATP antiport,Unknown,0.23437252228949343,0.23437252228949343,100.0,MINIMAL,1,60386_AT1,SLC25A19,atp_m + dgtp_c --> atp_c + dgtp_m,0.2814317775193228,0.2814317775193228,100.0,MINIMAL,0.0,NOT_A_TARGET
GCCam,Glycine cleavage complex  lipoylprotein   mitochondrial,Unknown,0.23437252228949343,0.23437252228949343,100.0,MINIMAL,4,275_AT1;1738_AT1;2653_AT1;2731_AT1,AMT;DLD;GCSH;GLDC,gly_m + h_m + lpro_m <=> alpro_m + co2_m,0.2814317775193228,0.2814317775193228,100.0,MINIMAL,0.0,NOT_A_TARGET
DNDPt9m,DADP transport via dTDP antiport,Unknown,0.23437252228949343,0.23437252228949343,100.0,MINIMAL,1,60386_AT1,SLC25A19,dadp_c + dtdp_m --> dadp_m + dtdp_c,0.2814317775193228,0.2814317775193228,100.0,MINIMAL,0.0,NOT_A_TARGET
ESTRADIOLtr,Estradiol intracellular transport,Unknown,0.23437252228949343,0.23437252228949343,100.0,MINIMAL,0,,,estradiol_r <=> estradiol_c,0.2814317775193228,0.2814317775193228,100.0,MINIMAL,0.0,NOT_A_TARGET
ESTRADIOLGLCtr,Glucuronidated compound transport,Unknown,0.23437252228949343,0.23437252228949343,100.0,MINIMAL,0,,,estradiolglc_c <=> estradiolglc_r,0.2814317775193228,0.2814317775193228,100.0,MINIMAL,0.0,NOT_A_TARGET
DNDPt59m,DGTP transport via dADP antiport,Unknown,0.23437252228949343,0.23437252228949343,100.0,MINIMAL,1,60386_AT1,SLC25A19,dadp_m + dgtp_c --> dadp_c + dgtp_m,0.2814317775193228,0.2814317775193228,100.0,MINIMAL,0.0,NOT_A_TARGET
DNDPt5m,DATP transport via dTDP antiport,Unknown,0.23437252228949343,0.23437252228949343,100.0,MINIMAL,1,60386_AT1,SLC25A19,datp_c + dtdp_m --> datp_m + dtdp_c,0.2814317775193228,0.2814317775193228,100.0,MINIMAL,0.0,NOT_A_TARGET
DNDPt60m,DGTP transport via dUDP antiport,Unknown,0.23437252228949343,0.23437252228949343,100.0,MINIMAL,1,60386_AT1,SLC25A19,dgtp_c + dudp_m --> dgtp_m + dudp_c,0.2814317775193228,0.2814317775193228,100.0,MINIMAL,0.0,NOT_A_TARGET
DNDPt61m,DGTP transport via dTDP antiport,Unknown,0.23437252228949343,0.23437252228949343,100.0,MINIMAL,1,60386_AT1,SLC25A19,dgtp_c + dtdp_m --> dgtp_m + dtdp_c,0.2814317775193228,0.2814317775193228,100.0,MINIMAL,0.0,NOT_A_TARGET
DNDPt62m,DGTP transport via dGDP antiport,Unknown,0.23437252228949343,0.23437252228949343,100.0,MINIMAL,1,60386_AT1,SLC25A19,dgdp_m + dgtp_c --> dgdp_c + dgtp_m,0.2814317775193228,0.2814317775193228,100.0,MINIMAL,0.0,NOT_A_TARGET
DNDPt63m,DGTP transport via dCDP antiport,Unknown,0.23437252228949343,0.23437252228949343,100.0,MINIMAL,1,60386_AT1,SLC25A19,dcdp_m + dgtp_c --> dcdp_c + dgtp_m,0.2814317775193228,0.2814317775193228,100.0,MINIMAL,0.0,NOT_A_TARGET
DNDPt6m,DATP transport via dGDP antiport,Unknown,0.23437252228949343,0.23437252228949343,100.0,MINIMAL,1,60386_AT1,SLC25A19,datp_c + dgdp_m --> datp_m + dgdp_c,0.2814317775193228,0.2814317775193228,100.0,MINIMAL,0.0,NOT_A_TARGET
DNDPt7m,"Deoxynucleotide carrier (datp), mitochondrial",Unknown,0.23437252228949343,0.23437252228949343,100.0,MINIMAL,1,60386_AT1,SLC25A19,dadp_m + datp_c --> dadp_c + datp_m,0.2814317775193228,0.2814317775193228,100.0,MINIMAL,0.0,NOT_A_TARGET
DNDPt8m,DADP transport via dUDP antiport,Unknown,0.23437252228949343,0.23437252228949343,100.0,MINIMAL,1,60386_AT1,SLC25A19,dadp_c + dudp_m --> dadp_m + dudp_c,0.2814317775193228,0.2814317775193228,100.0,MINIMAL,0.0,NOT_A_TARGET
EICOSTETCPT1,Carnitine O-palmitoyltransferase,Unknown,0.23437252228949343,0.23437252228949343,100.0,MINIMAL,6,1375_AT2;1374_AT1;1375_AT3;126129_AT1;1375_AT4;1375_AT1,CPT1B;CPT1A;CPT1B;CPT1C;CPT1B;CPT1B,crn_c + eicostetcoa_c --> coa_c + eicostetcrn_c,0.2814317775193228,0.2814317775193228,100.0,MINIMAL,0.0,NOT_A_TARGET
DTTPtn,DTTP diffusion in nucleus,Unknown,0.23437252228949343,0.23437252228949343,100.0,MINIMAL,0,,,dttp_c <=> dttp_n,0.2814317775193228,0.2814317775193228,100.0,MINIMAL,0.0,NOT_A_TARGET
EICOSTETCPT2,Carnitine transferase,Unknown,0.23437252228949343,0.23437252228949343,100.0,MINIMAL,1,1376_AT1,CPT2,coa_m + eicostetcrn_m --> crn_m + eicostetcoa_m,0.2814317775193228,0.2814317775193228,100.0,MINIMAL,0.0,NOT_A_TARGET
EICOSTETCRNt,Transport into the mitochondria (carnitine),Unknown,0.23437252228949343,0.23437252228949343,100.0,MINIMAL,1,788_AT1,SLC25A20,eicostetcrn_c --> eicostetcrn_m,0.2814317775193228,0.2814317775193228,100.0,MINIMAL,0.0,NOT_A_TARGET
EICOSTETt,Fatty acid transport via diffusion,Unknown,0.23437252228949343,0.23437252228949343,100.0,MINIMAL,0,,,eicostet_e <=> eicostet_c,0.2814317775193228,0.2814317775193228,100.0,MINIMAL,0.0,NOT_A_TARGET
ELAIDCPT1,Carnitine O-palmitoyltransferase,Unknown,0.23437252228949343,0.23437252228949343,100.0,MINIMAL,6,1375_AT2;1374_AT1;1375_AT3;126129_AT1;1375_AT4;1375_AT1,CPT1B;CPT1A;CPT1B;CPT1C;CPT1B;CPT1B,crn_c + od2coa_c --> coa_c + elaidcrn_c,0.2814317775193228,0.2814317775193228,100.0,MINIMAL,0.0,NOT_A_TARGET
ELAIDCPT2,Carnitine transferase,Unknown,0.23437252228949343,0.23437252228949343,100.0,MINIMAL,1,1376_AT1,CPT2,coa_m + elaidcrn_m --> crn_m + od2coa_m,0.2814317775193228,0.2814317775193228,100.0,MINIMAL,0.0,NOT_A_TARGET
ELAIDCRNt,Transport into the mitochondria (carnitine),Unknown,0.23437252228949343,0.23437252228949343,100.0,MINIMAL,1,788_AT1,SLC25A20,elaidcrn_c --> elaidcrn_m,0.2814317775193228,0.2814317775193228,100.0,MINIMAL,0.0,NOT_A_TARGET
ELAIDt,Fatty acid transport via diffusion,Unknown,0.23437252228949343,0.23437252228949343,100.0,MINIMAL,1,11001_AT1,SLC27A2,elaid_e <=> elaid_c,0.2814317775193228,0.2814317775193228,100.0,MINIMAL,0.0,NOT_A_TARGET
ENGASE2ly,"Endo-beta-N-acetylglucosaminidase, lysosomal",Unknown,0.23437252228949343,0.23437252228949343,100.0,MINIMAL,0,,,h2o_l + n2m2nm_l --> acgam_l + n2m2nmn_l,0.2814317775193228,0.2814317775193228,100.0,MINIMAL,0.0,NOT_A_TARGET
ENGASEly,"Endo-beta-N-acetylglucosaminidase, lysosomal",Unknown,0.23437252228949343,0.23437252228949343,100.0,MINIMAL,0,,,h2o_l + s2l2n2m2m_l --> acgam_l + s2l2n2m2mn_l,0.2814317775193228,0.2814317775193228,100.0,MINIMAL,0.0,NOT_A_TARGET
ENO,Enolase,Unknown,0.23437252228949343,0.23437252228949343,100.0,MINIMAL,5,2026_AT1;26237_AT1;2027_AT2;2027_AT1;2023_AT1,ENO2;26237_AT1;ENO3;ENO3;ENO1,2pg_c <=> h2o_c + pep_c,0.2814317775193228,0.2814317775193228,100.0,MINIMAL,0.0,NOT_A_TARGET
ESTRADIOLGLCt,Estradiol glucuronide transport via bicarbonate countertransport,Unknown,0.23437252228949343,0.23437252228949343,100.0,MINIMAL,5,10599_AT1;6579_AT1;53919_AT1;28234_AT1;28231_AT1,SLCO1B1;SLCO1A2;SLCO1C1;SLCO1B3;SLCO4A1,estradiolglc_e + hco3_c <=> estradiolglc_c + hco3_e,0.2814317775193228,0.2814317775193228,100.0,MINIMAL,0.0,NOT_A_TARGET
ESTRONEGLCt,ABC transporter,Unknown,0.23437252228949343,0.23437252228949343,100.0,MINIMAL,3,8714_AT3;8714_AT1;8714_AT2,ABCC3;ABCC3;ABCC3,atp_c + estroneglc_c + h2o_c --> adp_c + estroneglc_e + h_c + pi_c,0.2814317775193228,0.2814317775193228,100.0,MINIMAL,0.0,NOT_A_TARGET
ESTRONEGLCtr,Glucuronidated compound transport,Unknown,0.23437252228949343,0.23437252228949343,100.0,MINIMAL,0,,,estroneglc_c <=> estroneglc_r,0.2814317775193228,0.2814317775193228,100.0,MINIMAL,0.0,NOT_A_TARGET
DTMPK,DTMP kinase,Unknown,0.23437252228949343,0.23437252228949343,100.0,MINIMAL,1,1841_AT1,DTYMK,atp_c + dtmp_c <=> adp_c + dtdp_c,0.2814317775193228,0.2814317775193228,100.0,MINIMAL,0.0,NOT_A_TARGET
DTDPtn,DTDP nuclear transport,Unknown,0.23437252228949343,0.23437252228949343,100.0,MINIMAL,0,,,dtdp_c <=> dtdp_n,0.2814317775193228,0.2814317775193228,100.0,MINIMAL,0.0,NOT_A_TARGET
DOPABMO,Dopamine beta-monooxygenase,Unknown,0.23437252228949343,0.23437252228949343,100.0,MINIMAL,2,1621_AT1;26002_AT1,DBH;MOXD1,ascb__L_c + dopa_c + o2_c --> dhdascb_c + h2o_c + nrpphr_c,0.2814317775193228,0.2814317775193228,100.0,MINIMAL,0.0,NOT_A_TARGET
ESTRONESt,Estrone 3-sulfate transport via bicarbonate countertransport,Unknown,0.23437252228949343,0.23437252228949343,100.0,MINIMAL,7,10599_AT1;6579_AT1;53919_AT1;11309_AT1;28234_AT1;28231_AT1;28232_AT1,SLCO1B1;SLCO1A2;SLCO1C1;SLCO2B1;SLCO1B3;SLCO4A1;SLCO3A1,estrones_e + hco3_c <=> estrones_c + hco3_e,0.2814317775193228,0.2814317775193228,100.0,MINIMAL,0.0,NOT_A_TARGET
ESTRONESt2,Estrone-3-sulfate transport via sodium cotransport,Unknown,0.23437252228949343,0.23437252228949343,100.0,MINIMAL,1,6554_AT1,SLC10A1,estrones_e + 2.0 na1_e --> estrones_c + 2.0 na1_c,0.2814317775193228,0.2814317775193228,100.0,MINIMAL,0.0,NOT_A_TARGET
ESTRONEtr,Estrone intracellular transport,Unknown,0.23437252228949343,0.23437252228949343,100.0,MINIMAL,0,,,estrone_r <=> estrone_c,0.2814317775193228,0.2814317775193228,100.0,MINIMAL,0.0,NOT_A_TARGET
ESTSULT,Estrogen sulfotransferase,Unknown,0.23437252228949343,0.23437252228949343,100.0,MINIMAL,6,6783_AT1;6817_AT5;6817_AT3;6817_AT4;6817_AT1;6817_AT2,SULT1E1;SULT1A1;SULT1A1;SULT1A1;SULT1A1;SULT1A1,estrone_c + paps_c --> estrones_c + h_c + pap_c,0.2814317775193228,0.2814317775193228,100.0,MINIMAL,0.0,NOT_A_TARGET
ETF,Electron transfer flavoprotein,Unknown,0.23437252228949343,0.23437252228949343,100.0,MINIMAL,3,2109_AT1;2108_AT1;2109_AT2,ETFB;ETFA;ETFB,etfox_m + fadh2_m --> etfrd_m + fad_m,0.2814317775193228,0.2814317775193228,100.0,MINIMAL,0.0,NOT_A_TARGET
ETFQO,Electron transfer flavoprotein-ubiquinone oxidoreductase,Unknown,0.23437252228949343,0.23437252228949343,100.0,MINIMAL,1,2110_AT1,ETFDH,etfrd_m + q10_m --> etfox_m + q10h2_m,0.2814317775193228,0.2814317775193228,100.0,MINIMAL,0.0,NOT_A_TARGET
ETHAK,Ethanolamine kinase,Unknown,0.23437252228949343,0.23437252228949343,100.0,MINIMAL,4,55224_AT1;1119_AT1;1119_AT2;55500_AT1,ETNK2;CHKA;CHKA;ETNK1,atp_c + etha_c --> adp_c + ethamp_c + h_c,0.2814317775193228,0.2814317775193228,100.0,MINIMAL,0.0,NOT_A_TARGET
ETHP,Ethanolamine phosphate phosphatase,Unknown,0.23437252228949343,0.23437252228949343,100.0,MINIMAL,1,162466_AT1,PHOSPHO1,ethamp_c + h2o_c --> etha_c + pi_c,0.2814317775193228,0.2814317775193228,100.0,MINIMAL,0.0,NOT_A_TARGET
ETOHMO,Ethanol monooxygenase,Unknown,0.23437252228949343,0.23437252228949343,100.0,MINIMAL,1,1571_AT1,CYP2E1,etoh_c + h_c + nadph_c + o2_c --> acald_c + 2.0 h2o_c + nadp_c,0.2814317775193228,0.2814317775193228,100.0,MINIMAL,0.0,NOT_A_TARGET
ETOHt,Ethanol reversible transport,Unknown,0.23437252228949343,0.23437252228949343,100.0,MINIMAL,0,,,etoh_e <=> etoh_c,0.2814317775193228,0.2814317775193228,100.0,MINIMAL,0.0,NOT_A_TARGET
ETOHtx,"Ethanol transport via diffusion, glyoxysome",Unknown,0.23437252228949343,0.23437252228949343,100.0,MINIMAL,0,,,etoh_c <=> etoh_x,0.2814317775193228,0.2814317775193228,100.0,MINIMAL,0.0,NOT_A_TARGET
DOPASFt,Dopamine 3-0-sulfate transport (diffusion),Unknown,0.23437252228949343,0.23437252228949343,100.0,MINIMAL,0,,,dopasf_c --> dopasf_e,0.2814317775193228,0.2814317775193228,100.0,MINIMAL,0.0,NOT_A_TARGET
FADH2tx,"FADH2 transport, glyoxysome",Unknown,0.23437252228949343,0.23437252228949343,100.0,MINIMAL,0,,,fadh2_c <=> fadh2_x,0.2814317775193228,0.2814317775193228,100.0,MINIMAL,0.0,NOT_A_TARGET
DOPASULT,Dopamine Sulfotransferase,Unknown,0.23437252228949343,0.23437252228949343,100.0,MINIMAL,10,6817_AT5;6817_AT3;6817_AT4;6799_AT1;6818_AT2;6799_AT2;6818_AT3;6817_AT1;6818_AT1;6817_AT2,SULT1A1;SULT1A1;SULT1A1;SULT1A2;SULT1A3;SULT1A2;SULT1A3;SULT1A1;SULT1A3;SULT1A1,dopa_c + paps_c --> dopasf_c + h_c + pap_c,0.2814317775193228,0.2814317775193228,100.0,MINIMAL,0.0,NOT_A_TARGET
DOPAVESSEC,Dopamine secretion via secretory vesicle (ATP driven),Unknown,0.23437252228949343,0.23437252228949343,100.0,MINIMAL,2,6571_AT1;6570_AT1,SLC18A2;SLC18A1,2.0 atp_c + 3.0 dopa_c + 2.0 h2o_c --> 2.0 adp_c + 3.0 dopa_e + 2.0 h_c + 2.0 pi_c,0.2814317775193228,0.2814317775193228,100.0,MINIMAL,0.0,NOT_A_TARGET
DOPAt4_2_r,DOPAt4 LPAREN 2 RPAREN r,Unknown,0.23437252228949343,0.23437252228949343,100.0,MINIMAL,2,6530_AT1;6531_AT1,SLC6A2;SLC6A3,dopa_e + 2.0 na1_e <=> dopa_c + 2.0 na1_c,0.2814317775193228,0.2814317775193228,100.0,MINIMAL,0.0,NOT_A_TARGET
DOPAtu,Dopamine uniport,Unknown,0.23437252228949343,0.23437252228949343,100.0,MINIMAL,3,6582_AT2;6582_AT1;6581_AT1,SLC22A2;SLC22A2;SLC22A3,dopa_e <=> dopa_c,0.2814317775193228,0.2814317775193228,100.0,MINIMAL,0.0,NOT_A_TARGET
DPCOAK,Dephospho-CoA kinase,Unknown,0.23437252228949343,0.23437252228949343,100.0,MINIMAL,1,80347_AT1,COASY,atp_c + dpcoa_c --> adp_c + coa_c + h_c,0.2814317775193228,0.2814317775193228,100.0,MINIMAL,0.0,NOT_A_TARGET
DPGM,Diphosphoglyceromutase,Unknown,0.23437252228949343,0.23437252228949343,100.0,MINIMAL,5,5224_AT1;669_AT2;5224_AT2;5223_AT1;669_AT1,PGAM2;BPGM;PGAM2;PGAM1;BPGM,13dpg_c <=> 23dpg_c + h_c,0.2814317775193228,0.2814317775193228,100.0,MINIMAL,0.0,NOT_A_TARGET
DPGase,Diphosphoglycerate phosphatase,Unknown,0.23437252228949343,0.23437252228949343,100.0,MINIMAL,5,5224_AT1;669_AT2;5224_AT2;5223_AT1;669_AT1,PGAM2;BPGM;PGAM2;PGAM1;BPGM,23dpg_c + h2o_c --> 3pg_c + pi_c,0.2814317775193228,0.2814317775193228,100.0,MINIMAL,0.0,NOT_A_TARGET
DRBK,Deoxyribokinase,Unknown,0.23437252228949343,0.23437252228949343,100.0,MINIMAL,1,64080_AT1,RBKS,atp_c + drib_c --> 2dr5p_c + adp_c + h_c,0.2814317775193228,0.2814317775193228,100.0,MINIMAL,0.0,NOT_A_TARGET
DRPA,Deoxyribose-phosphate aldolase,Unknown,0.23437252228949343,0.23437252228949343,100.0,MINIMAL,1,51071_AT1,G_51071_AT1,2dr5p_c --> acald_c + g3p_c,0.2814317775193228,0.2814317775193228,100.0,MINIMAL,0.0,NOT_A_TARGET
ESTRADIOLGLCt2,17-beta-D-glucuronide transport (ATP-dependent),Unknown,0.23437252228949343,0.23437252228949343,100.0,MINIMAL,1,10257_AT1,ABCC4,atp_c + estradiolglc_c + h2o_c --> adp_c + estradiolglc_e + h_c + pi_c,0.2814317775193228,0.2814317775193228,100.0,MINIMAL,0.0,NOT_A_TARGET
DUDPtn,DUDP nuclear transport,Unknown,0.23437252228949343,0.23437252228949343,100.0,MINIMAL,0,,,dudp_c <=> dudp_n,0.2814317775193228,0.2814317775193228,100.0,MINIMAL,0.0,NOT_A_TARGET
DNDPt58m,DGTP transport via ADP antiport,Unknown,0.23437252228949343,0.23437252228949343,100.0,MINIMAL,1,60386_AT1,SLC25A19,adp_m + dgtp_c --> adp_c + dgtp_m,0.2814317775193228,0.2814317775193228,100.0,MINIMAL,0.0,NOT_A_TARGET
EBASTINEOHtr,Xenobiotic transport,Unknown,0.23437252228949343,0.23437252228949343,100.0,MINIMAL,0,,,ebastineoh_r <=> ebastineoh_c,0.2814317775193228,0.2814317775193228,100.0,MINIMAL,0.0,NOT_A_TARGET
FACOAL181,Fatty acid  CoA ligase  octadecenoate,Unknown,0.23437252228949343,0.23437252228949343,100.0,MINIMAL,3,2180_AT1;2181_AT1;2181_AT2,ACSL1;ACSL3;ACSL3,atp_c + coa_c + ocdcea_c --> amp_c + odecoa_c + ppi_c,0.2814317775193228,0.2814317775193228,100.0,MINIMAL,0.0,NOT_A_TARGET
DURAD2,Dihydrothymin dehydrogenase (NADP),Unknown,0.23437252228949343,0.23437252228949343,100.0,MINIMAL,1,1806_AT1,DPYD,56dthm_c + nadp_c <=> h_c + nadph_c + thym_c,0.2814317775193228,0.2814317775193228,100.0,MINIMAL,0.0,NOT_A_TARGET
DURIK1,Deoxyuridine kinase (ATP:Deoxyuridine),Unknown,0.23437252228949343,0.23437252228949343,100.0,MINIMAL,2,7084_AT1;7083_AT1,TK2;TK1,atp_c + duri_c --> adp_c + dump_c + h_c,0.2814317775193228,0.2814317775193228,100.0,MINIMAL,0.0,NOT_A_TARGET
DURIK1m,"Deoxyuridine kinase (ATP:Deoxyuridine), mitochondrial",Unknown,0.23437252228949343,0.23437252228949343,100.0,MINIMAL,1,7084_AT1,TK2,atp_m + duri_m --> adp_m + dump_m + h_m,0.2814317775193228,0.2814317775193228,100.0,MINIMAL,0.0,NOT_A_TARGET
DURIPP,Deoxyuridine phosphorylase,Unknown,0.23437252228949343,0.23437252228949343,100.0,MINIMAL,2,4860_AT1;151531_AT1,PNP;UPP2,duri_c + pi_c <=> 2dr1p_c + ura_c,0.2814317775193228,0.2814317775193228,100.0,MINIMAL,0.0,NOT_A_TARGET
DUTPDPm,DUTP diphosphatase,Unknown,0.23437252228949343,0.23437252228949343,100.0,MINIMAL,1,1854_AT1,DUT,dutp_m + h2o_m --> dump_m + h_m + ppi_m,0.2814317775193228,0.2814317775193228,100.0,MINIMAL,0.0,NOT_A_TARGET
DUTPDPn,"DUTP diphosphatase, nuclear",Unknown,0.23437252228949343,0.23437252228949343,100.0,MINIMAL,1,1854_AT1,DUT,dutp_n + h2o_n --> dump_n + h_n + ppi_n,0.2814317775193228,0.2814317775193228,100.0,MINIMAL,0.0,NOT_A_TARGET
D_3AIBt,D-3-amino-isobutyrate transport,Unknown,0.23437252228949343,0.23437252228949343,100.0,MINIMAL,0,,,3aib__D_c --> 3aib__D_e,0.2814317775193228,0.2814317775193228,100.0,MINIMAL,0.0,NOT_A_TARGET
D_LACt2,D lactate transport via proton symport,Unknown,0.23437252228949343,0.23437252228949343,100.0,MINIMAL,4,6566_AT1;9123_AT1;9194_AT1;23539_AT1,SLC16A1;SLC16A3;SLC16A7;SLC16A8,h_e + lac__D_e <=> h_c + lac__D_c,0.2814317775193228,0.2814317775193228,100.0,MINIMAL,0.0,NOT_A_TARGET
EAFLATOXINte,Xenobiotic transport,Unknown,0.23437252228949343,0.23437252228949343,100.0,MINIMAL,0,,,eaflatoxin_e <=> eaflatoxin_c,0.2814317775193228,0.2814317775193228,100.0,MINIMAL,0.0,NOT_A_TARGET
EBASTINEOHte,Xenobiotic transport,Unknown,0.23437252228949343,0.23437252228949343,100.0,MINIMAL,0,,,ebastineoh_e <=> ebastineoh_c,0.2814317775193228,0.2814317775193228,100.0,MINIMAL,0.0,NOT_A_TARGET
EBASTINEte,Xenobiotic transport,Unknown,0.23437252228949343,0.23437252228949343,100.0,MINIMAL,0,,,ebastine_e <=> ebastine_c,0.2814317775193228,0.2814317775193228,100.0,MINIMAL,0.0,NOT_A_TARGET
DUMPtn,DUMP nuclear transport,Unknown,0.23437252228949343,0.23437252228949343,100.0,MINIMAL,0,,,dump_c <=> dump_n,0.2814317775193228,0.2814317775193228,100.0,MINIMAL,0.0,NOT_A_TARGET
EBASTINEtr,Xenobiotic transport,Unknown,0.23437252228949343,0.23437252228949343,100.0,MINIMAL,0,,,ebastine_r <=> ebastine_c,0.2814317775193228,0.2814317775193228,100.0,MINIMAL,0.0,NOT_A_TARGET
EBP1r,"3-beta-hydroxysteroid-delta(8),delta(7)-isomerase",Unknown,0.23437252228949343,0.23437252228949343,100.0,MINIMAL,1,10682_AT1,EBP,zymst_r --> chlstol_r,0.2814317775193228,0.2814317775193228,100.0,MINIMAL,0.0,NOT_A_TARGET
EBP2r,"3-beta-hydroxysteroid-delta(8),delta(7)-isomerase",Unknown,0.23437252228949343,0.23437252228949343,100.0,MINIMAL,1,10682_AT1,EBP,zymstnl_r --> lthstrl_r,0.2814317775193228,0.2814317775193228,100.0,MINIMAL,0.0,NOT_A_TARGET
ECOAH12m,"Enoyl-coa hydratase, 3-Hydroxyisobutyryl-CoA forming",Unknown,0.23437252228949343,0.23437252228949343,100.0,MINIMAL,3,3030_AT1;1892_AT1;3032_AT1,HADHA;ECHS1;HADHB,2mp2coa_m + h2o_m <=> 3hibutcoa_m,0.2814317775193228,0.2814317775193228,100.0,MINIMAL,0.0,NOT_A_TARGET
ECOAH1m,"3-Hydroxybutanoyl-CoA hydro-lyase, mitochondria",Unknown,0.23437252228949343,0.23437252228949343,100.0,MINIMAL,4,3030_AT1;1892_AT1;549_AT1;3032_AT1,HADHA;ECHS1;AUH;HADHB,3hbcoa_m <=> b2coa_m + h2o_m,0.2814317775193228,0.2814317775193228,100.0,MINIMAL,0.0,NOT_A_TARGET
ECOAH9m,"Enoyl-coa hydratase, 3-Hydroxy-2-methylbutyryl-CoA forming",Unknown,0.23437252228949343,0.23437252228949343,100.0,MINIMAL,3,3030_AT1;1892_AT1;3032_AT1,HADHA;ECHS1;HADHB,2mb2coa_m + h2o_m <=> 3hmbcoa_m,0.2814317775193228,0.2814317775193228,100.0,MINIMAL,0.0,NOT_A_TARGET
ARGt5r,ARGtiDF,Unknown,0.23437252228949343,0.23437252228949343,100.0,MINIMAL,4,6542_AT1;6541_AT1;84889_AT1;55089_AT1,SLC7A2;SLC7A1;SLC7A3;SLC38A4,arg__L_e --> arg__L_c,0.2814317775193228,0.2814317775193228,100.0,MINIMAL,0.0,NOT_A_TARGET
ARGtm,Arginine mitochondrial transport via ornithine carrier,Unknown,0.23437252228949343,0.23437252228949343,100.0,MINIMAL,2,10166_AT1;83884_AT1,SLC25A15;SLC25A2,arg__L_c + h_m <=> arg__L_m + h_c,0.2814317775193228,0.2814317775193228,100.0,MINIMAL,0.0,NOT_A_TARGET
ARTFR13,R group artificial flux,Unknown,0.23437252228949343,0.23437252228949343,100.0,MINIMAL,0,,,tdcoa_c --> 0.875 R1coa_hs_c,0.2814317775193228,0.2814317775193228,100.0,MINIMAL,0.0,NOT_A_TARGET
ARTFR206,R group artificial flux,Unknown,0.23437252228949343,0.23437252228949343,100.0,MINIMAL,0,,,arachdcoa_c + 2.0 fadh2_m + 2.0 h_m + 2.0 nadph_m --> 1.25 R2coa_hs_c + 2.0 fad_m + 2.0 nadp_m,0.2814317775193228,0.2814317775193228,100.0,MINIMAL,0.0,NOT_A_TARGET
FACOAL1813,Fatty-acid--CoA ligase,Unknown,0.23437252228949343,0.23437252228949343,100.0,MINIMAL,1,2180_AT1,ACSL1,atp_c + coa_c + elaid_c <=> amp_c + od2coa_c + ppi_c,0.2814317775193228,0.2814317775193228,100.0,MINIMAL,0.0,NOT_A_TARGET
DURAD,Dihydrouracil dehydrogenase (NADP),Unknown,0.23437252228949343,0.23437252228949343,100.0,MINIMAL,1,1806_AT1,DPYD,56dura_c + nadp_c <=> h_c + nadph_c + ura_c,0.2814317775193228,0.2814317775193228,100.0,MINIMAL,0.0,NOT_A_TARGET
FACOAL1821,Linoleic acid:CoA ligase (AMP-forming),Unknown,0.23437252228949343,0.23437252228949343,100.0,MINIMAL,1,2180_AT1,ACSL1,atp_c + coa_c + lnlc_c <=> amp_c + lnlccoa_c + ppi_c,0.2814317775193228,0.2814317775193228,100.0,MINIMAL,0.0,NOT_A_TARGET
FACOAL1831,Gamma-Linolenic acid:CoA ligase (AMP-forming),Unknown,0.23437252228949343,0.23437252228949343,100.0,MINIMAL,1,2180_AT1,ACSL1,atp_c + coa_c + lnlncg_c <=> amp_c + lnlncgcoa_c + ppi_c,0.2814317775193228,0.2814317775193228,100.0,MINIMAL,0.0,NOT_A_TARGET
FACOAL80,Fatty-acid--CoA ligase (octanoate),Unknown,0.23437252228949343,0.23437252228949343,100.0,MINIMAL,2,2181_AT1;2181_AT2,ACSL3;ACSL3,atp_c + coa_c + octa_c --> amp_c + occoa_c + ppi_c,0.2814317775193228,0.2814317775193228,100.0,MINIMAL,0.0,NOT_A_TARGET
FACOAL1822,Fatty-acid--CoA ligase,Unknown,0.23437252228949343,0.23437252228949343,100.0,MINIMAL,1,2180_AT1,ACSL1,atp_c + coa_c + lneldc_c <=> amp_c + lneldccoa_c + ppi_c,0.2814317775193228,0.2814317775193228,100.0,MINIMAL,0.0,NOT_A_TARGET
FACOAL1832,Alpha-Linolenic acid:CoA ligase (AMP-forming),Unknown,0.23437252228949343,0.23437252228949343,100.0,MINIMAL,1,2180_AT1,ACSL1,atp_c + coa_c + lnlnca_c <=> amp_c + lnlncacoa_c + ppi_c,0.2814317775193228,0.2814317775193228,100.0,MINIMAL,0.0,NOT_A_TARGET
FACOAL184,Fatty-acid--CoA ligase,Unknown,0.23437252228949343,0.23437252228949343,100.0,MINIMAL,1,2180_AT1,ACSL1,atp_c + coa_c + strdnc_c <=> amp_c + ppi_c + strdnccoa_c,0.2814317775193228,0.2814317775193228,100.0,MINIMAL,0.0,NOT_A_TARGET
FACOAL191,Fatty-acid--CoA ligase,Unknown,0.23437252228949343,0.23437252228949343,100.0,MINIMAL,1,11001_AT1,SLC27A2,atp_c + coa_c + prist_c --> amp_c + ppi_c + pristcoa_c,0.2814317775193228,0.2814317775193228,100.0,MINIMAL,0.0,NOT_A_TARGET
FACOAL200,Fatty-acid--CoA ligase,Unknown,0.23437252228949343,0.23437252228949343,100.0,MINIMAL,1,2180_AT1,ACSL1,arach_c + atp_c + coa_c <=> amp_c + arachcoa_c + ppi_c,0.2814317775193228,0.2814317775193228,100.0,MINIMAL,0.0,NOT_A_TARGET
FACOAL203,Fatty-acid--CoA ligase,Unknown,0.23437252228949343,0.23437252228949343,100.0,MINIMAL,1,2180_AT1,ACSL1,atp_c + coa_c + dlnlcg_c <=> amp_c + dlnlcgcoa_c + ppi_c,0.2814317775193228,0.2814317775193228,100.0,MINIMAL,0.0,NOT_A_TARGET
FACOAL204_copy1,Fatty-acid--CoA ligase,Unknown,0.23437252228949343,0.23437252228949343,100.0,MINIMAL,1,2180_AT1,ACSL1,arachd_c + atp_c + coa_c <=> amp_c + arachdcoa_c + ppi_c,0.2814317775193228,0.2814317775193228,100.0,MINIMAL,0.0,NOT_A_TARGET
FACOAL2042,Fatty-acid--CoA ligase,Unknown,0.23437252228949343,0.23437252228949343,100.0,MINIMAL,1,2180_AT1,ACSL1,atp_c + coa_c + eicostet_c <=> amp_c + eicostetcoa_c + ppi_c,0.2814317775193228,0.2814317775193228,100.0,MINIMAL,0.0,NOT_A_TARGET
FACOAL204_copy2,Fatty-acid--CoA ligase,Unknown,0.23437252228949343,0.23437252228949343,100.0,MINIMAL,7,2181_AT2;2181_AT1;2182_AT2;22305_AT2;22305_AT1;2180_AT1;2182_AT1,ACSL3;ACSL3;ACSL4;22305_AT2;22305_AT1;ACSL1;ACSL4,arachd_c + atp_c + coa_c --> amp_c + arachdcoa_c + ppi_c,0.2814317775193228,0.2814317775193228,100.0,MINIMAL,0.0,NOT_A_TARGET
FACOAL205,Fatty-acid--CoA ligase,Unknown,0.23437252228949343,0.23437252228949343,100.0,MINIMAL,1,2180_AT1,ACSL1,atp_c + coa_c + tmndnc_c <=> amp_c + ppi_c + tmndnccoa_c,0.2814317775193228,0.2814317775193228,100.0,MINIMAL,0.0,NOT_A_TARGET
FACOAL224,Fatty-acid--CoA ligase,Unknown,0.23437252228949343,0.23437252228949343,100.0,MINIMAL,1,2180_AT1,ACSL1,adrn_c + atp_c + coa_c <=> adrncoa_c + amp_c + ppi_c,0.2814317775193228,0.2814317775193228,100.0,MINIMAL,0.0,NOT_A_TARGET
FACOAL2251,Fatty-acid--CoA ligase,Unknown,0.23437252228949343,0.23437252228949343,100.0,MINIMAL,1,2180_AT1,ACSL1,atp_c + coa_c + dcsptn1_c <=> amp_c + dcsptn1coa_c + ppi_c,0.2814317775193228,0.2814317775193228,100.0,MINIMAL,0.0,NOT_A_TARGET
FACOAL2252,Fatty-acid--CoA ligase,Unknown,0.23437252228949343,0.23437252228949343,100.0,MINIMAL,1,2180_AT1,ACSL1,atp_c + clpnd_c + coa_c <=> amp_c + clpndcoa_c + ppi_c,0.2814317775193228,0.2814317775193228,100.0,MINIMAL,0.0,NOT_A_TARGET
FACOAL226_copy1,Fatty-acid--CoA ligase,Unknown,0.23437252228949343,0.23437252228949343,100.0,MINIMAL,1,2180_AT1,ACSL1,atp_c + coa_c + crvnc_c <=> amp_c + c226coa_c + ppi_c,0.2814317775193228,0.2814317775193228,100.0,MINIMAL,0.0,NOT_A_TARGET
FACOAL226_copy2,Fatty-acid--CoA ligase,Unknown,0.23437252228949343,0.23437252228949343,100.0,MINIMAL,0,,,atp_c + coa_c + crvnc_c --> amp_c + c226coa_c + ppi_c,0.2814317775193228,0.2814317775193228,100.0,MINIMAL,0.0,NOT_A_TARGET
FACOAL240,Fatty-acid--CoA ligase,Unknown,0.23437252228949343,0.23437252228949343,100.0,MINIMAL,1,2180_AT1,ACSL1,atp_c + coa_c + lgnc_c <=> amp_c + lgnccoa_c + ppi_c,0.2814317775193228,0.2814317775193228,100.0,MINIMAL,0.0,NOT_A_TARGET
FACOAL241,Fatty-acid--CoA ligase,Unknown,0.23437252228949343,0.23437252228949343,100.0,MINIMAL,1,2180_AT1,ACSL1,atp_c + coa_c + nrvnc_c <=> amp_c + nrvnccoa_c + ppi_c,0.2814317775193228,0.2814317775193228,100.0,MINIMAL,0.0,NOT_A_TARGET
FACOAL244_1,Fatty-acid--CoA ligase,Unknown,0.23437252228949343,0.23437252228949343,100.0,MINIMAL,1,2180_AT1,ACSL1,atp_c + coa_c + tettet6_c <=> amp_c + ppi_c + tettet6coa_c,0.2814317775193228,0.2814317775193228,100.0,MINIMAL,0.0,NOT_A_TARGET
FACOAL245_1,Fatty-acid--CoA ligase,Unknown,0.23437252228949343,0.23437252228949343,100.0,MINIMAL,1,2180_AT1,ACSL1,atp_c + coa_c + tetpent6_c <=> amp_c + ppi_c + tetpent6coa_c,0.2814317775193228,0.2814317775193228,100.0,MINIMAL,0.0,NOT_A_TARGET
FACOAL245_2,Fatty-acid--CoA ligase,Unknown,0.23437252228949343,0.23437252228949343,100.0,MINIMAL,1,2180_AT1,ACSL1,atp_c + coa_c + tetpent3_c <=> amp_c + ppi_c + tetpent3coa_c,0.2814317775193228,0.2814317775193228,100.0,MINIMAL,0.0,NOT_A_TARGET
FACOAL246_1,Fatty-acid--CoA ligase,Unknown,0.23437252228949343,0.23437252228949343,100.0,MINIMAL,1,2180_AT1,ACSL1,atp_c + coa_c + tethex3_c <=> amp_c + ppi_c + tethex3coa_c,0.2814317775193228,0.2814317775193228,100.0,MINIMAL,0.0,NOT_A_TARGET
FACOAL260,Fatty-acid--CoA ligase (n-C26:0),Unknown,0.23437252228949343,0.23437252228949343,100.0,MINIMAL,1,2180_AT1,ACSL1,atp_c + coa_c + hexc_c <=> amp_c + hexccoa_c + ppi_c,0.2814317775193228,0.2814317775193228,100.0,MINIMAL,0.0,NOT_A_TARGET
FACOAL40im,"Fatty-acid--CoA ligase (butanoate), mitochondrial",Unknown,0.23437252228949343,0.23437252228949343,100.0,MINIMAL,1,116285_AT1,ACSM1,atp_m + but_m + coa_m --> amp_m + btcoa_m + ppi_m,0.2814317775193228,0.2814317775193228,100.0,MINIMAL,0.0,NOT_A_TARGET
C226CPT2,C226 transport into the mitochondria,Unknown,0.23437252228949343,0.23437252228949343,100.0,MINIMAL,1,1376_AT1,CPT2,c226crn_m + coa_m --> c226coa_m + crn_m,0.2814317775193228,0.2814317775193228,100.0,MINIMAL,0.0,NOT_A_TARGET
FTHFLmi,Formate tetrahydrofolate ligase  mitochondrial irreversible,Unknown,0.23437252228949343,0.23437252228949343,100.0,MINIMAL,1,25902_AT1,MTHFD1L,atp_m + for_m + thf_m <=> 10fthf_m + adp_m + pi_m,0.2814317775193228,0.2814317775193228,100.0,MINIMAL,0.0,NOT_A_TARGET
ADCim,"Acetoacetate decarboxylation (irreversible), mitochondrial",Unknown,0.23437252228949343,0.23437252228949343,100.0,MINIMAL,0,,,acac_m + h_m --> acetone_m + co2_m,0.2814317775193228,0.2814317775193228,100.0,MINIMAL,0.0,NOT_A_TARGET
FAOXC180x,Beta oxidation of long chain fatty acid,Unknown,0.23437252228949343,0.23437252228949343,100.0,MINIMAL,5,51_AT2;1962_AT1;30_AT1;51_AT1;3295_AT1,ACOX1;EHHADH;ACAA1;ACOX1;HSD17B4,coa_x + h2o_x + nad_x + o2_x + stcoa_x --> accoa_x + h2o2_x + h_x + nadh_x + pmtcoa_x,0.2814317775193228,0.2814317775193228,100.0,MINIMAL,0.0,NOT_A_TARGET
FALDtm,Formaldehyde transport via diffusion (mitochondrial),Unknown,0.23437252228949343,0.23437252228949343,100.0,MINIMAL,0,,,fald_m <=> fald_c,0.2814317775193228,0.2814317775193228,100.0,MINIMAL,0.0,NOT_A_TARGET
FAOXC140,Beta oxidation of long chain fatty acid,Unknown,0.23437252228949343,0.23437252228949343,100.0,MINIMAL,2,35_AT1;34_AT1,ACADS;ACADM,6.0 coa_m + 6.0 fad_m + 6.0 h2o_m + 6.0 nad_m + tdcoa_m --> 7.0 accoa_m + 6.0 fadh2_m + 6.0 h_m + 6.0 nadh_m,0.2814317775193228,0.2814317775193228,100.0,MINIMAL,0.0,NOT_A_TARGET
ARTPLM1m,R group to palmitate conversion,Unknown,0.23437252228949343,0.23437252228949343,100.0,MINIMAL,0,,,Rtotalcoa_m <=> pmtcoa_m,0.2814317775193228,0.2814317775193228,100.0,MINIMAL,0.0,NOT_A_TARGET
FAOXC150m,Beta oxidation of long chain fatty acid (odd chain),Unknown,0.23437252228949343,0.23437252228949343,100.0,MINIMAL,2,35_AT1;34_AT1,ACADS;ACADM,6.0 coa_m + 6.0 fad_m + 6.0 h2o_m + 6.0 nad_m + ptdcacoa_m --> 6.0 accoa_m + 6.0 fadh2_m + 6.0 h_m + 6.0 nadh_m + ppcoa_m,0.2814317775193228,0.2814317775193228,100.0,MINIMAL,0.0,NOT_A_TARGET
FAOXC160,Beta oxidation of long chain fatty acid,Unknown,0.23437252228949343,0.23437252228949343,100.0,MINIMAL,2,35_AT1;34_AT1,ACADS;ACADM,7.0 coa_m + 7.0 fad_m + 7.0 h2o_m + 7.0 nad_m + pmtcoa_m --> 8.0 accoa_m + 7.0 fadh2_m + 7.0 h_m + 7.0 nadh_m,0.2814317775193228,0.2814317775193228,100.0,MINIMAL,0.0,NOT_A_TARGET
FAOXC16080m,Beta oxidation of long chain fatty acid,Unknown,0.23437252228949343,0.23437252228949343,100.0,MINIMAL,2,35_AT1;34_AT1,ACADS;ACADM,4.0 coa_m + 4.0 fad_m + 4.0 h2o_m + 4.0 nad_m + pmtcoa_m --> 4.0 accoa_m + 4.0 fadh2_m + 4.0 h_m + 4.0 nadh_m + occoa_m,0.2814317775193228,0.2814317775193228,100.0,MINIMAL,0.0,NOT_A_TARGET
FAOXC16080x,Beta oxidation of long chain fatty acid,Unknown,0.23437252228949343,0.23437252228949343,100.0,MINIMAL,5,51_AT2;1962_AT1;30_AT1;51_AT1;3295_AT1,ACOX1;EHHADH;ACAA1;ACOX1;HSD17B4,4.0 coa_x + 4.0 h2o_x + 4.0 nad_x + 4.0 o2_x + pmtcoa_x --> 4.0 accoa_x + 4.0 h2o2_x + 4.0 h_x + 4.0 nadh_x + occoa_x,0.2814317775193228,0.2814317775193228,100.0,MINIMAL,0.0,NOT_A_TARGET
FAOXC161802m,Beta oxidation  fatty acid,Unknown,0.23437252228949343,0.23437252228949343,100.0,MINIMAL,2,35_AT1;34_AT1,ACADS;ACADM,4.0 coa_m + 3.0 fad_m + 4.0 h2o_m + hdd2coa_m + 4.0 nad_m --> 4.0 accoa_m + 3.0 fadh2_m + 4.0 h_m + 4.0 nadh_m + occoa_m,0.2814317775193228,0.2814317775193228,100.0,MINIMAL,0.0,NOT_A_TARGET
FAOXC16180m,Beta oxidation  fatty acid,Unknown,0.23437252228949343,0.23437252228949343,100.0,MINIMAL,2,35_AT1;34_AT1,ACADS;ACADM,4.0 coa_m + 3.0 fad_m + 4.0 h2o_m + hdcoa_m + 4.0 nad_m --> 4.0 accoa_m + 3.0 fadh2_m + 4.0 h_m + 4.0 nadh_m + occoa_m,0.2814317775193228,0.2814317775193228,100.0,MINIMAL,0.0,NOT_A_TARGET
FAOXC170m,Beta oxidation of long chain fatty acid (odd chain),Unknown,0.23437252228949343,0.23437252228949343,100.0,MINIMAL,1,34_AT1,ACADM,7.0 coa_m + 7.0 fad_m + 7.0 h2o_m + hpdcacoa_m + 7.0 nad_m --> 7.0 accoa_m + 7.0 fadh2_m + 7.0 h_m + 7.0 nadh_m + ppcoa_m,0.2814317775193228,0.2814317775193228,100.0,MINIMAL,0.0,NOT_A_TARGET
FAOXC180,Beta oxidation of long chain fatty acid,Unknown,0.23437252228949343,0.23437252228949343,100.0,MINIMAL,2,35_AT1;34_AT1,ACADS;ACADM,coa_m + fad_m + h2o_m + nad_m + stcoa_m --> accoa_m + fadh2_m + h_m + nadh_m + pmtcoa_m,0.2814317775193228,0.2814317775193228,100.0,MINIMAL,0.0,NOT_A_TARGET
FAOXC1811601m,Beta oxidation  fatty acid,Unknown,0.23437252228949343,0.23437252228949343,100.0,MINIMAL,2,35_AT1;34_AT1,ACADS;ACADM,5.0 coa_m + 4.0 fad_m + 5.0 h2o_m + 5.0 nad_m + od2coa_m --> 5.0 accoa_m + 4.0 fadh2_m + 5.0 h_m + 5.0 nadh_m + occoa_m,0.2814317775193228,0.2814317775193228,100.0,MINIMAL,0.0,NOT_A_TARGET
FBA2,D Fructose 1 phosphate D glyceraldehyde 3 phosphate lyase,Unknown,0.23437252228949343,0.23437252228949343,100.0,MINIMAL,5,226_AT3;226_AT2;230_AT1;229_AT1;226_AT1,ALDOA;ALDOA;ALDOC;ALDOB;ALDOA,f1p_c <=> dhap_c + glyald_c,0.2814317775193228,0.2814317775193228,100.0,MINIMAL,0.0,NOT_A_TARGET
ARTPLM3m,R group to palmitate conversion,Unknown,0.23437252228949343,0.23437252228949343,100.0,MINIMAL,0,,,Rtotal3coa_m <=> pmtcoa_m,0.2814317775193228,0.2814317775193228,100.0,MINIMAL,0.0,NOT_A_TARGET
FAOXC1811602m,Beta oxidation  fatty acid,Unknown,0.23437252228949343,0.23437252228949343,100.0,MINIMAL,2,35_AT1;34_AT1,ACADS;ACADM,5.0 coa_m + 4.0 fad_m + 5.0 h2o_m + 5.0 nad_m + vacccoa_m --> 5.0 accoa_m + 4.0 fadh2_m + 5.0 h_m + 5.0 nadh_m + occoa_m,0.2814317775193228,0.2814317775193228,100.0,MINIMAL,0.0,NOT_A_TARGET
FAOXC1811603m,Beta oxidation  fatty acid,Unknown,0.23437252228949343,0.23437252228949343,100.0,MINIMAL,2,35_AT1;34_AT1,ACADS;ACADM,5.0 coa_m + 4.0 fad_m + 5.0 h2o_m + 5.0 nad_m + odecoa_m --> 5.0 accoa_m + 4.0 fadh2_m + 5.0 h_m + 5.0 nadh_m + occoa_m,0.2814317775193228,0.2814317775193228,100.0,MINIMAL,0.0,NOT_A_TARGET
ASAH1,N-acylsphingosine amidohydrolase,Unknown,0.23437252228949343,0.23437252228949343,100.0,MINIMAL,2,427_AT2;427_AT1,ASAH1;ASAH1,crm_hs_l + h2o_l --> Rtotal_l + sphings_l,0.2814317775193228,0.2814317775193228,100.0,MINIMAL,0.0,NOT_A_TARGET
FAOXC182806m,Beta oxidation of fatty acid,Unknown,0.23437252228949343,0.23437252228949343,100.0,MINIMAL,2,35_AT1;34_AT1,ACADS;ACADM,5.0 coa_m + 3.0 fad_m + 5.0 h2o_m + lnlccoa_m + 5.0 nad_m --> 5.0 accoa_m + 3.0 fadh2_m + 5.0 h_m + 5.0 nadh_m + occoa_m,0.2814317775193228,0.2814317775193228,100.0,MINIMAL,0.0,NOT_A_TARGET
ASNGLNNaEx,L-glutamine/L-asparagine Na-dependent exchange (Asn-L in),Unknown,0.23437252228949343,0.23437252228949343,100.0,MINIMAL,1,6510_AT1,SLC1A5,asn__L_e + gln__L_c + na1_e --> asn__L_c + gln__L_e + na1_c,0.2814317775193228,0.2814317775193228,100.0,MINIMAL,0.0,NOT_A_TARGET
FAOXC2452253x,Beta oxidation of long chain fatty acid,Unknown,0.23437252228949343,0.23437252228949343,100.0,MINIMAL,5,51_AT2;1962_AT1;30_AT1;51_AT1;3295_AT1,ACOX1;EHHADH;ACAA1;ACOX1;HSD17B4,coa_x + h2o_x + nad_x + o2_x + tetpent3coa_x --> accoa_x + clpndcoa_x + h2o2_x + h_x + nadh_x,0.2814317775193228,0.2814317775193228,100.0,MINIMAL,0.0,NOT_A_TARGET
FUMTSULtm,"Fumarate:thiosulfate antiport, mitochondrial",Unknown,0.23437252228949343,0.23437252228949343,100.0,MINIMAL,1,1468_AT1,SLC25A10,fum_c + tsul_m <=> fum_m + tsul_c,0.2814317775193228,0.2814317775193228,100.0,MINIMAL,0.0,NOT_A_TARGET
FUCASEe,"Alpha-fucosidase, extracellular",Unknown,0.23437252228949343,0.23437252228949343,100.0,MINIMAL,1,2519_AT1,FUCA2,h2o_e + s2l2fn2m2masn_e --> fuc__L_e + s2l2n2m2masn_e,0.2814317775193228,0.2814317775193228,100.0,MINIMAL,0.0,NOT_A_TARGET
FATP9t,Fatty acid electroneutral transport,Unknown,0.23437252228949343,0.23437252228949343,100.0,MINIMAL,2,10998_AT1;11001_AT1,SLC27A5;SLC27A2,na1_c + nrvnc_c <=> na1_e + nrvnc_e,0.2814317775193228,0.2814317775193228,100.0,MINIMAL,0.0,NOT_A_TARGET
ASNtN1,"Asparagine transport (Na, H coupled)",Unknown,0.23437252228949343,0.23437252228949343,100.0,MINIMAL,2,92745_AT1;10991_AT1,SLC38A5;SLC38A3,asn__L_e + h_c + 2.0 na1_e <=> asn__L_c + h_e + 2.0 na1_c,0.2814317775193228,0.2814317775193228,100.0,MINIMAL,0.0,NOT_A_TARGET
FALDtly,Formaldehyde transport via diffusion (lysosomall),Unknown,0.23437252228949343,0.23437252228949343,100.0,MINIMAL,0,,,fald_l <=> fald_c,0.2814317775193228,0.2814317775193228,100.0,MINIMAL,0.0,NOT_A_TARGET
FALDH,Formaldehyde dehydrogenase,Unknown,0.23437252228949343,0.23437252228949343,100.0,MINIMAL,1,128_AT1,ADH5,fald_c + gthrd_c + nad_c <=> Sfglutth_c + h_c + nadh_c,0.2814317775193228,0.2814317775193228,100.0,MINIMAL,0.0,NOT_A_TARGET
FAEL205,Fatty-acyl-CoA elongation (n-C20:5CoA),Unknown,0.23437252228949343,0.23437252228949343,100.0,MINIMAL,1,6785_AT1,ELOVL4,5.0 h_c + malcoa_c + 4.0 nadph_c + o2_c + tmndnccoa_c --> clpndcoa_c + co2_c + coa_c + 3.0 h2o_c + 4.0 nadp_c,0.2814317775193228,0.2814317775193228,100.0,MINIMAL,0.0,NOT_A_TARGET
FAEL204,Fatty-acyl-CoA elongation (n-C20:4CoA),Unknown,0.23437252228949343,0.23437252228949343,100.0,MINIMAL,1,6785_AT1,ELOVL4,arachdcoa_c + 5.0 h_c + malcoa_c + 4.0 nadph_c + o2_c --> adrncoa_c + co2_c + coa_c + 3.0 h2o_c + 4.0 nadp_c,0.2814317775193228,0.2814317775193228,100.0,MINIMAL,0.0,NOT_A_TARGET
FAOXC204,Beta oxidation of long chain fatty acid,Unknown,0.23437252228949343,0.23437252228949343,100.0,MINIMAL,2,35_AT1;34_AT1,ACADS;ACADM,arachdcoa_m + 9.0 coa_m + 5.0 fad_m + 9.0 h2o_m + 9.0 nad_m --> 10.0 accoa_m + 5.0 fadh2_m + 9.0 h_m + 9.0 nadh_m,0.2814317775193228,0.2814317775193228,100.0,MINIMAL,0.0,NOT_A_TARGET
ASCBt4,L-ascorbate transport via proton symport,Unknown,0.23437252228949343,0.23437252228949343,100.0,MINIMAL,4,9962_AT2;9963_AT1;9962_AT1;9963_AT2,SLC23A2;SLC23A1;SLC23A2;SLC23A1,ascb__L_e + na1_e <=> ascb__L_c + na1_c,0.2814317775193228,0.2814317775193228,100.0,MINIMAL,0.0,NOT_A_TARGET
FAOXC204184m,Beta oxidation  fatty acid,Unknown,0.23437252228949343,0.23437252228949343,100.0,MINIMAL,2,35_AT1;34_AT1,ACADS;ACADM,coa_m + eicostetcoa_m + fad_m + h2o_m + nad_m --> accoa_m + fadh2_m + h_m + nadh_m + strdnccoa_m,0.2814317775193228,0.2814317775193228,100.0,MINIMAL,0.0,NOT_A_TARGET
FAOXC2051843m,Beta oxidation of fatty acid,Unknown,0.23437252228949343,0.23437252228949343,100.0,MINIMAL,2,35_AT1;34_AT1,ACADS;ACADM,coa_m + h2o_m + nad_m + tmndnccoa_m --> accoa_m + h_m + nadh_m + strdnccoa_m,0.2814317775193228,0.2814317775193228,100.0,MINIMAL,0.0,NOT_A_TARGET
FAOXC2051843x,Beta oxidation of long chain fatty acid,Unknown,0.23437252228949343,0.23437252228949343,100.0,MINIMAL,5,51_AT2;1962_AT1;30_AT1;51_AT1;3295_AT1,ACOX1;EHHADH;ACAA1;ACOX1;HSD17B4,coa_x + h2o_x + nad_x + tmndnccoa_x --> accoa_x + h_x + nadh_x + strdnccoa_x,0.2814317775193228,0.2814317775193228,100.0,MINIMAL,0.0,NOT_A_TARGET
ASNALANaEx,L-alanine/L-asparagine Na-dependent exchange (Asn-L in),Unknown,0.23437252228949343,0.23437252228949343,100.0,MINIMAL,1,6510_AT1,SLC1A5,ala__L_c + asn__L_e + na1_e --> ala__L_e + asn__L_c + na1_c,0.2814317775193228,0.2814317775193228,100.0,MINIMAL,0.0,NOT_A_TARGET
FAOXC2242046m,Beta oxidation of long chain fatty acid,Unknown,0.23437252228949343,0.23437252228949343,100.0,MINIMAL,2,35_AT1;34_AT1,ACADS;ACADM,adrncoa_m + coa_m + fad_m + h2o_m + nad_m --> accoa_m + arachdcoa_m + fadh2_m + h_m + nadh_m,0.2814317775193228,0.2814317775193228,100.0,MINIMAL,0.0,NOT_A_TARGET
FAOXC2242046x,Beta oxidation of long chain fatty acid,Unknown,0.23437252228949343,0.23437252228949343,100.0,MINIMAL,5,51_AT2;1962_AT1;30_AT1;51_AT1;3295_AT1,ACOX1;EHHADH;ACAA1;ACOX1;HSD17B4,adrncoa_x + coa_x + h2o_x + nad_x + o2_x --> accoa_x + arachdcoa_x + h2o2_x + h_x + nadh_x,0.2814317775193228,0.2814317775193228,100.0,MINIMAL,0.0,NOT_A_TARGET
FAOXC2251836m,Beta oxidation of fatty acid,Unknown,0.23437252228949343,0.23437252228949343,100.0,MINIMAL,2,35_AT1;34_AT1,ACADS;ACADM,2.0 coa_m + dcsptn1coa_m + 2.0 h2o_m + 2.0 nad_m --> 2.0 accoa_m + 2.0 h_m + lnlncgcoa_m + 2.0 nadh_m,0.2814317775193228,0.2814317775193228,100.0,MINIMAL,0.0,NOT_A_TARGET
FAOXC2251836x,Beta oxidation of long chain fatty acid,Unknown,0.23437252228949343,0.23437252228949343,100.0,MINIMAL,5,51_AT2;1962_AT1;30_AT1;51_AT1;3295_AT1,ACOX1;EHHADH;ACAA1;ACOX1;HSD17B4,2.0 coa_x + dcsptn1coa_x + 2.0 h2o_x + 2.0 nad_x --> 2.0 accoa_x + 2.0 h_x + lnlncgcoa_x + 2.0 nadh_x,0.2814317775193228,0.2814317775193228,100.0,MINIMAL,0.0,NOT_A_TARGET
FAOXC2252053m,Beta oxidation of long chain fatty acid,Unknown,0.23437252228949343,0.23437252228949343,100.0,MINIMAL,2,35_AT1;34_AT1,ACADS;ACADM,coa_m + dcsptn1coa_m + h2o_m + nad_m + o2_m --> accoa_m + h2o2_m + h_m + nadh_m + tmndnccoa_m,0.2814317775193228,0.2814317775193228,100.0,MINIMAL,0.0,NOT_A_TARGET
FAOXC2252053x,Beta oxidation of long chain fatty acid,Unknown,0.23437252228949343,0.23437252228949343,100.0,MINIMAL,5,51_AT2;1962_AT1;30_AT1;51_AT1;3295_AT1,ACOX1;EHHADH;ACAA1;ACOX1;HSD17B4,coa_x + dcsptn1coa_x + h2o_x + nad_x + o2_x --> accoa_x + h2o2_x + h_x + nadh_x + tmndnccoa_x,0.2814317775193228,0.2814317775193228,100.0,MINIMAL,0.0,NOT_A_TARGET
FAOXC226,Beta oxidation of long chain fatty acid,Unknown,0.23437252228949343,0.23437252228949343,100.0,MINIMAL,2,35_AT1;34_AT1,ACADS;ACADM,c226coa_m + 10.0 coa_m + 4.0 fad_m + 10.0 h2o_m + 10.0 nad_m --> 11.0 accoa_m + 4.0 fadh2_m + 10.0 h_m + 10.0 nadh_m,0.2814317775193228,0.2814317775193228,100.0,MINIMAL,0.0,NOT_A_TARGET
ASNCYSNaEx,L-cysteine/L-asparagine Na-dependent exchange (Asn-L in),Unknown,0.23437252228949343,0.23437252228949343,100.0,MINIMAL,1,6510_AT1,SLC1A5,asn__L_e + cys__L_c + na1_e --> asn__L_c + cys__L_e + na1_c,0.2814317775193228,0.2814317775193228,100.0,MINIMAL,0.0,NOT_A_TARGET
FAOXC226205m,Beta oxidation of long chain fatty acid,Unknown,0.23437252228949343,0.23437252228949343,100.0,MINIMAL,2,35_AT1;34_AT1,ACADS;ACADM,c226coa_m + coa_m + h2o_m + nad_m --> accoa_m + h_m + nadh_m + tmndnccoa_m,0.2814317775193228,0.2814317775193228,100.0,MINIMAL,0.0,NOT_A_TARGET
FAOXC226205x,Beta oxidation of long chain fatty acid,Unknown,0.23437252228949343,0.23437252228949343,100.0,MINIMAL,5,51_AT2;1962_AT1;30_AT1;51_AT1;3295_AT1,ACOX1;EHHADH;ACAA1;ACOX1;HSD17B4,c226coa_x + coa_x + h2o_x + nad_x --> accoa_x + h_x + nadh_x + tmndnccoa_x,0.2814317775193228,0.2814317775193228,100.0,MINIMAL,0.0,NOT_A_TARGET
FAOXC240200x,Beta oxidation of long chain fatty acid,Unknown,0.23437252228949343,0.23437252228949343,100.0,MINIMAL,5,51_AT2;1962_AT1;30_AT1;51_AT1;3295_AT1,ACOX1;EHHADH;ACAA1;ACOX1;HSD17B4,2.0 coa_x + 2.0 h2o_x + lgnccoa_x + 2.0 nad_x + 2.0 o2_x --> 2.0 accoa_x + arachcoa_x + 2.0 h2o2_x + 2.0 h_x + 2.0 nadh_x,0.2814317775193228,0.2814317775193228,100.0,MINIMAL,0.0,NOT_A_TARGET
FAOXC241181x,Beta oxidation of long chain fatty acid,Unknown,0.23437252228949343,0.23437252228949343,100.0,MINIMAL,5,51_AT2;1962_AT1;30_AT1;51_AT1;3295_AT1,ACOX1;EHHADH;ACAA1;ACOX1;HSD17B4,3.0 coa_x + 3.0 h2o_x + 3.0 nad_x + nrvnccoa_x + 3.0 o2_x --> 3.0 accoa_x + 3.0 h2o2_x + 3.0 h_x + 3.0 nadh_x + odecoa_x,0.2814317775193228,0.2814317775193228,100.0,MINIMAL,0.0,NOT_A_TARGET
FAOXC183806x,Beta oxidation of long chain fatty acid,Unknown,0.23437252228949343,0.23437252228949343,100.0,MINIMAL,5,51_AT2;1962_AT1;30_AT1;51_AT1;3295_AT1,ACOX1;EHHADH;ACAA1;ACOX1;HSD17B4,5.0 coa_x + 5.0 h2o_x + lnlncgcoa_x + 5.0 nad_x + 2.0 o2_x --> 5.0 accoa_x + 2.0 h2o2_x + 5.0 h_x + 5.0 nadh_x + occoa_x,0.2814317775193228,0.2814317775193228,100.0,MINIMAL,0.0,NOT_A_TARGET
FAOXC183803m,Beta oxidation of fatty acid,Unknown,0.23437252228949343,0.23437252228949343,100.0,MINIMAL,2,35_AT1;34_AT1,ACADS;ACADM,5.0 coa_m + 2.0 fad_m + 5.0 h2o_m + lnlncacoa_m + 5.0 nad_m --> 5.0 accoa_m + 2.0 fadh2_m + 5.0 h_m + 5.0 nadh_m + occoa_m,0.2814317775193228,0.2814317775193228,100.0,MINIMAL,0.0,NOT_A_TARGET
FAOXC2442246x,Beta oxidation of long chain fatty acid,Unknown,0.23437252228949343,0.23437252228949343,100.0,MINIMAL,5,51_AT2;1962_AT1;30_AT1;51_AT1;3295_AT1,ACOX1;EHHADH;ACAA1;ACOX1;HSD17B4,coa_x + h2o_x + nad_x + o2_x + tettet6coa_x --> accoa_x + adrncoa_x + h2o2_x + h_x + nadh_x,0.2814317775193228,0.2814317775193228,100.0,MINIMAL,0.0,NOT_A_TARGET
FAOXC18280m,Beta oxidation of fatty acid,Unknown,0.23437252228949343,0.23437252228949343,100.0,MINIMAL,2,35_AT1;34_AT1,ACADS;ACADM,5.0 coa_m + 3.0 fad_m + 5.0 h2o_m + lneldccoa_m + 5.0 nad_m --> 5.0 accoa_m + 3.0 fadh2_m + 5.0 h_m + 5.0 nadh_m + occoa_m,0.2814317775193228,0.2814317775193228,100.0,MINIMAL,0.0,NOT_A_TARGET
FAEL184,Fatty-acyl-CoA elongation (n-C20:4CoA),Unknown,0.23437252228949343,0.23437252228949343,100.0,MINIMAL,1,6785_AT1,ELOVL4,5.0 h_c + malcoa_c + 4.0 nadph_c + o2_c + strdnccoa_c --> co2_c + coa_c + eicostetcoa_c + 3.0 h2o_c + 4.0 nadp_c,0.2814317775193228,0.2814317775193228,100.0,MINIMAL,0.0,NOT_A_TARGET
FBA,Fructose-bisphosphate aldolase,Unknown,0.23437252228949343,0.23437252228949343,100.0,MINIMAL,5,226_AT3;226_AT2;230_AT1;229_AT1;226_AT1,ALDOA;ALDOA;ALDOC;ALDOB;ALDOA,fdp_c <=> dhap_c + g3p_c,0.2814317775193228,0.2814317775193228,100.0,MINIMAL,0.0,NOT_A_TARGET
ASNtm,"L-asparagine transport, mitochondrial",Unknown,0.23437252228949343,0.23437252228949343,100.0,MINIMAL,0,,,asn__L_c --> asn__L_m,0.2814317775193228,0.2814317775193228,100.0,MINIMAL,0.0,NOT_A_TARGET
FAOXC200180x,Beta oxidation of long chain fatty acid,Unknown,0.23437252228949343,0.23437252228949343,100.0,MINIMAL,5,51_AT2;1962_AT1;30_AT1;51_AT1;3295_AT1,ACOX1;EHHADH;ACAA1;ACOX1;HSD17B4,arachcoa_x + coa_x + h2o_x + nad_x + o2_x --> accoa_x + h2o2_x + h_x + nadh_x + stcoa_x,0.2814317775193228,0.2814317775193228,100.0,MINIMAL,0.0,NOT_A_TARGET
ASNSERNaEx,L-serine/L-asparagine Na-dependent exchange (Asn-L in),Unknown,0.23437252228949343,0.23437252228949343,100.0,MINIMAL,1,6510_AT1,SLC1A5,asn__L_e + na1_e + ser__L_c --> asn__L_c + na1_c + ser__L_e,0.2814317775193228,0.2814317775193228,100.0,MINIMAL,0.0,NOT_A_TARGET
FAS140COA,Fatty acyl CoA synthase  n C140CoA,Unknown,0.23437252228949343,0.23437252228949343,100.0,MINIMAL,1,2194_AT1,FASN,ddcacoa_c + 3.0 h_c + malcoa_c + 2.0 nadph_c --> co2_c + coa_c + h2o_c + 2.0 nadp_c + tdcoa_c,0.2814317775193228,0.2814317775193228,100.0,MINIMAL,0.0,NOT_A_TARGET
ASNNm,L-asparaginase (mitochondrial),Unknown,0.23437252228949343,0.23437252228949343,100.0,MINIMAL,1,80150_AT1,ASRGL1,asn__L_m + h2o_m --> asp__L_m + nh4_m,0.2814317775193228,0.2814317775193228,100.0,MINIMAL,0.0,NOT_A_TARGET
FAS160COA,Fatty acyl CoA synthase  n C160CoA,Unknown,0.23437252228949343,0.23437252228949343,100.0,MINIMAL,1,2194_AT1,FASN,3.0 h_c + malcoa_c + 2.0 nadph_c + tdcoa_c --> co2_c + coa_c + h2o_c + 2.0 nadp_c + pmtcoa_c,0.2814317775193228,0.2814317775193228,100.0,MINIMAL,0.0,NOT_A_TARGET
FAS180COA,Fatty acyl CoA synthase  n C180CoA,Unknown,0.23437252228949343,0.23437252228949343,100.0,MINIMAL,1,2194_AT1,FASN,3.0 h_c + malcoa_c + 2.0 nadph_c + pmtcoa_c --> co2_c + coa_c + h2o_c + 2.0 nadp_c + stcoa_c,0.2814317775193228,0.2814317775193228,100.0,MINIMAL,0.0,NOT_A_TARGET
FACOAL150,Fatty-acid--CoA ligase,Unknown,0.23437252228949343,0.23437252228949343,100.0,MINIMAL,6,2181_AT2;2181_AT1;22305_AT2;22305_AT1;2180_AT1;2182_AT1,ACSL3;ACSL3;22305_AT2;22305_AT1;ACSL1;ACSL4,atp_c + coa_c + ptdca_c <=> amp_c + ppi_c + ptdcacoa_c,0.2814317775193228,0.2814317775193228,100.0,MINIMAL,0.0,NOT_A_TARGET
FACOAL160,Fatty acid  CoA ligase  hexadecanoate,Unknown,0.23437252228949343,0.23437252228949343,100.0,MINIMAL,6,51703_AT1;2181_AT2;2181_AT1;22305_AT2;22305_AT1;2180_AT1,ACSL5;ACSL3;ACSL3;22305_AT2;22305_AT1;ACSL1,atp_c + coa_c + hdca_c --> amp_c + pmtcoa_c + ppi_c,0.2814317775193228,0.2814317775193228,100.0,MINIMAL,0.0,NOT_A_TARGET
FAS80COA_L,Fatty acyl CoA synthase  n C80CoA   lumped reaction,Unknown,0.23437252228949343,0.23437252228949343,100.0,MINIMAL,1,2194_AT1,FASN,accoa_c + 9.0 h_c + 3.0 malcoa_c + 6.0 nadph_c --> 3.0 co2_c + 3.0 coa_c + 3.0 h2o_c + 6.0 nadp_c + occoa_c,0.2814317775193228,0.2814317775193228,100.0,MINIMAL,0.0,NOT_A_TARGET
FACOAL170,Fatty-acid--CoA ligase,Unknown,0.23437252228949343,0.23437252228949343,100.0,MINIMAL,6,2181_AT2;2181_AT1;22305_AT2;22305_AT1;2180_AT1;2182_AT1,ACSL3;ACSL3;22305_AT2;22305_AT1;ACSL1;ACSL4,atp_c + coa_c + hpdca_c <=> amp_c + hpdcacoa_c + ppi_c,0.2814317775193228,0.2814317775193228,100.0,MINIMAL,0.0,NOT_A_TARGET
FACOAL180,Fatty acid  CoA ligase  octadecanoate,Unknown,0.23437252228949343,0.23437252228949343,100.0,MINIMAL,6,51703_AT1;2181_AT2;2181_AT1;22305_AT2;22305_AT1;2180_AT1,ACSL5;ACSL3;ACSL3;22305_AT2;22305_AT1;ACSL1,atp_c + coa_c + ocdca_c --> amp_c + ppi_c + stcoa_c,0.2814317775193228,0.2814317775193228,100.0,MINIMAL,0.0,NOT_A_TARGET
FATP1t,Fatty acid electroneutral transport,Unknown,0.23437252228949343,0.23437252228949343,100.0,MINIMAL,4,11000_AT1;376497_AT1;376497_AT2;10999_AT1,SLC27A3;SLC27A1;SLC27A1;SLC27A4,hdca_c + na1_c <=> hdca_e + na1_e,0.2814317775193228,0.2814317775193228,100.0,MINIMAL,0.0,NOT_A_TARGET
FACOAL1812,Fatty-acid--CoA ligase,Unknown,0.23437252228949343,0.23437252228949343,100.0,MINIMAL,1,2180_AT1,ACSL1,atp_c + coa_c + vacc_c <=> amp_c + ppi_c + vacccoa_c,0.2814317775193228,0.2814317775193228,100.0,MINIMAL,0.0,NOT_A_TARGET
ASNTHRNaEx,L-threonine/L-asparagine Na-dependent exchange (Asn-L in),Unknown,0.23437252228949343,0.23437252228949343,100.0,MINIMAL,1,6510_AT1,SLC1A5,asn__L_e + na1_e + thr__L_c --> asn__L_c + na1_c + thr__L_e,0.2814317775193228,0.2814317775193228,100.0,MINIMAL,0.0,NOT_A_TARGET
FBA4,D-Fructose 1-phosphate D-glyceraldehyde-3-phosphate-lyase,Unknown,0.23437252228949343,0.23437252228949343,100.0,MINIMAL,5,226_AT3;226_AT2;230_AT1;229_AT1;226_AT1,ALDOA;ALDOA;ALDOC;ALDOB;ALDOA,xu1p__D_c <=> dhap_c + gcald_c,0.2814317775193228,0.2814317775193228,100.0,MINIMAL,0.0,NOT_A_TARGET
L_LACt4r,L-lactate reversible transport via sodium symport,Unknown,0.23437252228949343,0.23437252228949343,100.0,MINIMAL,1,160728_AT1,SLC5A8,lac__L_e + na1_e <=> lac__L_c + na1_c,0.2814317775193228,0.2814317775193228,100.0,MINIMAL,0.0,NOT_A_TARGET
ASNt4,L-asparagine transport in via sodium symport,Unknown,0.23437252228949343,0.23437252228949343,100.0,MINIMAL,4,81539_AT1;55089_AT1;54407_AT1;11254_AT1,SLC38A1;SLC38A4;SLC38A2;SLC6A14,asn__L_e + na1_e --> asn__L_c + na1_c,0.2814317775193228,0.2814317775193228,100.0,MINIMAL,0.0,NOT_A_TARGET
FATP4t,Fatty acid electroneutral transport,Unknown,0.23437252228949343,0.23437252228949343,100.0,MINIMAL,1,10998_AT1,SLC27A5,arach_c + na1_c <=> arach_e + na1_e,0.2814317775193228,0.2814317775193228,100.0,MINIMAL,0.0,NOT_A_TARGET
FATP5t,Fatty acid electroneutral transport,Unknown,0.23437252228949343,0.23437252228949343,100.0,MINIMAL,1,10998_AT1,SLC27A5,arachd_c + na1_c <=> arachd_e + na1_e,0.2814317775193228,0.2814317775193228,100.0,MINIMAL,0.0,NOT_A_TARGET
C226CRNt,C226 transport into the mitochondria,Unknown,0.23437252228949343,0.23437252228949343,100.0,MINIMAL,0,,,c226crn_c --> c226crn_m,0.2814317775193228,0.2814317775193228,100.0,MINIMAL,0.0,NOT_A_TARGET
C226CPT1,Carnitine C22:6 transferase,Unknown,0.23437252228949343,0.23437252228949343,100.0,MINIMAL,6,1375_AT2;1374_AT1;1375_AT3;126129_AT1;1375_AT4;1375_AT1,CPT1B;CPT1A;CPT1B;CPT1C;CPT1B;CPT1B,c226coa_c + crn_c --> c226crn_c + coa_c,0.2814317775193228,0.2814317775193228,100.0,MINIMAL,0.0,NOT_A_TARGET
G5SADrm,L glutamate 5 semialdehyde dehydratase  reversible  mitochondrial,Unknown,0.23437252228949343,0.23437252228949343,100.0,MINIMAL,0,,,glu5sa_m <=> 1pyr5c_m + h2o_m + h_m,0.2814317775193228,0.2814317775193228,100.0,MINIMAL,0.0,NOT_A_TARGET
ADK1m,Adenylate kinase  mitochondrial,Unknown,0.23437252228949343,0.23437252228949343,100.0,MINIMAL,6,205_AT3;204_AT2;205_AT1;204_AT3;204_AT1;205_AT2,AK4;AK2;AK4;AK2;AK2;AK4,amp_m + atp_m <=> 2.0 adp_m,0.2814317775193228,0.2814317775193228,100.0,MINIMAL,0.0,NOT_A_TARGET
ACt2r,Acetate reversible transport via proton symport,Unknown,0.23437252228949343,0.23437252228949343,100.0,MINIMAL,0,,,ac_e + h_e <=> ac_c + h_c,0.2814317775193228,0.2814317775193228,100.0,MINIMAL,0.0,NOT_A_TARGET
ADA,Adenosine deaminase,Unknown,0.23437252228949343,0.23437252228949343,100.0,MINIMAL,1,100_AT1,ADA,adn_c + h2o_c + h_c --> ins_c + nh4_c,0.2814317775193228,0.2814317775193228,100.0,MINIMAL,0.0,NOT_A_TARGET
PUNP1,Purine-nucleoside phosphorylase (Adenosine),Unknown,0.23437252228949343,0.23437252228949343,100.0,MINIMAL,1,4860_AT1,PNP,adn_c + pi_c <=> ade_c + r1p_c,0.2814317775193228,0.2814317775193228,100.0,MINIMAL,0.0,NOT_A_TARGET
FACOAL140,Fatty acid  CoA ligase  tetradecanoate,Unknown,0.23437252228949343,0.23437252228949343,100.0,MINIMAL,1,2181_AT1,ACSL3,atp_c + coa_c + ttdca_c --> amp_c + ppi_c + tdcoa_c,0.2814317775193228,0.2814317775193228,100.0,MINIMAL,0.0,NOT_A_TARGET
FAS120COA,Fatty acyl CoA synthase  n C120CoA,Unknown,0.23437252228949343,0.23437252228949343,100.0,MINIMAL,1,2194_AT1,FASN,dcacoa_c + 3.0 h_c + malcoa_c + 2.0 nadph_c --> co2_c + coa_c + ddcacoa_c + h2o_c + 2.0 nadp_c,0.2814317775193228,0.2814317775193228,100.0,MINIMAL,0.0,NOT_A_TARGET
FAS100COA,Fatty acyl CoA synthase  n C100CoA,Unknown,0.23437252228949343,0.23437252228949343,100.0,MINIMAL,1,2194_AT1,FASN,3.0 h_c + malcoa_c + 2.0 nadph_c + occoa_c --> co2_c + coa_c + dcacoa_c + h2o_c + 2.0 nadp_c,0.2814317775193228,0.2814317775193228,100.0,MINIMAL,0.0,NOT_A_TARGET
FAOXC80,Beta oxidation of med/long chain fatty acid,Unknown,0.23437252228949343,0.23437252228949343,100.0,MINIMAL,2,35_AT1;34_AT1,ACADS;ACADM,3.0 coa_m + 3.0 fad_m + 3.0 h2o_m + 3.0 nad_m + occoa_m --> 4.0 accoa_m + 3.0 fadh2_m + 3.0 h_m + 3.0 nadh_m,0.2814317775193228,0.2814317775193228,100.0,MINIMAL,0.0,NOT_A_TARGET
FBP,Fructose-bisphosphatase,Unknown,0.23437252228949343,0.23437252228949343,100.0,MINIMAL,2,2203_AT1;8789_AT1,FBP1;FBP2,fdp_c + h2o_c --> f6p_c + pi_c,0.2814317775193228,0.2814317775193228,100.0,MINIMAL,0.0,NOT_A_TARGET
FBP26,Fructose 2 6 bisphosphate 2 phosphatase,Unknown,0.23437252228949343,0.23437252228949343,100.0,MINIMAL,6,5209_AT1;5207_AT1;5210_AT1;2203_AT1;8789_AT1;5208_AT1,PFKFB3;PFKFB1;PFKFB4;FBP1;FBP2;PFKFB2,f26bp_c + h2o_c --> f6p_c + pi_c,0.2814317775193228,0.2814317775193228,100.0,MINIMAL,0.0,NOT_A_TARGET
FCLTm,Ferrochelatase  mitochondrial,Unknown,0.23437252228949343,0.23437252228949343,100.0,MINIMAL,2,2235_AT2;2235_AT1,FECH;FECH,fe2_m + ppp9_m --> 2.0 h_m + pheme_m,0.2814317775193228,0.2814317775193228,100.0,MINIMAL,0.0,NOT_A_TARGET
ASPCT,Aspartate carbamoyltransferase,Unknown,0.23437252228949343,0.23437252228949343,100.0,MINIMAL,1,790_AT1,CAD,asp__L_c + cbp_c <=> cbasp_c + h_c + pi_c,0.2814317775193228,0.2814317775193228,100.0,MINIMAL,0.0,NOT_A_TARGET
FDH,Formate dehydrogenase,Unknown,0.23437252228949343,0.23437252228949343,100.0,MINIMAL,1,10840_AT1,ALDH1L1,for_c + nad_c --> co2_c + nadh_c,0.2814317775193228,0.2814317775193228,100.0,MINIMAL,0.0,NOT_A_TARGET
FE2tm,Iron (II) transport,Unknown,0.23437252228949343,0.23437252228949343,100.0,MINIMAL,0,,,fe2_c + h_c --> fe2_m + h_m,0.2814317775193228,0.2814317775193228,100.0,MINIMAL,0.0,NOT_A_TARGET
FE3R2e,Fe(III) reduction (ascorbate),Unknown,0.23437252228949343,0.23437252228949343,100.0,MINIMAL,1,79901_AT1,CYBRD1,ascb__L_e + 2.0 fe3_e --> dhdascb_e + 2.0 fe2_e + 2.0 h_e,0.2814317775193228,0.2814317775193228,100.0,MINIMAL,0.0,NOT_A_TARGET
FKYNH,N Formyl L kynurenine amidohydrolase,Unknown,0.23437252228949343,0.23437252228949343,100.0,MINIMAL,1,125061_AT1,G_125061_AT1,Lfmkynr_c + h2o_c --> Lkynr_c + for_c + h_c,0.2814317775193228,0.2814317775193228,100.0,MINIMAL,0.0,NOT_A_TARGET
FMNAT,FMN adenylyltransferase,Unknown,0.23437252228949343,0.23437252228949343,100.0,MINIMAL,2,80308_AT2;80308_AT1,FLAD1;FLAD1,atp_c + fmn_c + h_c --> fad_c + ppi_c,0.2814317775193228,0.2814317775193228,100.0,MINIMAL,0.0,NOT_A_TARGET
FUM,Fumarase,Unknown,0.23437252228949343,0.23437252228949343,100.0,MINIMAL,1,2271_AT1,FH,fum_c + h2o_c <=> mal__L_c,0.2814317775193228,0.2814317775193228,100.0,MINIMAL,0.0,NOT_A_TARGET
ASPGLUm,Aspartate-glutamate mitochondrial shuttle,Unknown,0.23437252228949343,0.23437252228949343,100.0,MINIMAL,2,8604_AT1;10165_AT1,SLC25A12;SLC25A13,asp__L_m + glu__L_c + h_c <=> asp__L_c + glu__L_m + h_m,0.2814317775193228,0.2814317775193228,100.0,MINIMAL,0.0,NOT_A_TARGET
FUMAC,Fumarylacetoacetase,Unknown,0.23437252228949343,0.23437252228949343,100.0,MINIMAL,1,2184_AT1,FAH,4fumacac_c + h2o_c --> acac_c + fum_c + h_c,0.2814317775193228,0.2814317775193228,100.0,MINIMAL,0.0,NOT_A_TARGET
FOLR2,Folate reductase,Unknown,0.23437252228949343,0.23437252228949343,100.0,MINIMAL,1,1719_AT1,DHFR,fol_c + nadph_c --> dhf_c + nadp_c,0.2814317775193228,0.2814317775193228,100.0,MINIMAL,0.0,NOT_A_TARGET
ASPNATm,"Aspartate N-acetyltransferase, mitochondrial",Unknown,0.23437252228949343,0.23437252228949343,100.0,MINIMAL,0,,,accoa_m + asp__L_m --> Nacasp_m + coa_m + h_m,0.2814317775193228,0.2814317775193228,100.0,MINIMAL,0.0,NOT_A_TARGET
FOLt2,Folate transport via anion exchange,Unknown,0.23437252228949343,0.23437252228949343,100.0,MINIMAL,2,6573_AT1;6573_AT2,SLC19A1;SLC19A1,fol_e + oh1_c <=> fol_c + oh1_e,0.2814317775193228,0.2814317775193228,100.0,MINIMAL,0.0,NOT_A_TARGET
FUMSO3tm,"Fumarate:sulfite antiport, mitochondrial",Unknown,0.23437252228949343,0.23437252228949343,100.0,MINIMAL,1,1468_AT1,SLC25A10,fum_c + so3_m <=> fum_m + so3_c,0.2814317775193228,0.2814317775193228,100.0,MINIMAL,0.0,NOT_A_TARGET
FUMSO4tm,"Fumarate:sulfate antiport, mitochondrial",Unknown,0.23437252228949343,0.23437252228949343,100.0,MINIMAL,1,1468_AT1,SLC25A10,fum_c + so4_m <=> fum_m + so4_c,0.2814317775193228,0.2814317775193228,100.0,MINIMAL,0.0,NOT_A_TARGET
FATP8t,Fatty acid electroneutral transport,Unknown,0.23437252228949343,0.23437252228949343,100.0,MINIMAL,2,10998_AT1;11001_AT1,SLC27A5;SLC27A2,lgnc_c + na1_c <=> lgnc_e + na1_e,0.2814317775193228,0.2814317775193228,100.0,MINIMAL,0.0,NOT_A_TARGET
FATP7t,Fatty acid electroneutral transport,Unknown,0.23437252228949343,0.23437252228949343,100.0,MINIMAL,2,10998_AT1;11001_AT1,SLC27A5;SLC27A2,crvnc_c + na1_c <=> crvnc_e + na1_e,0.2814317775193228,0.2814317775193228,100.0,MINIMAL,0.0,NOT_A_TARGET
FAOXC2452256x,Beta oxidation of long chain fatty acid,Unknown,0.23437252228949343,0.23437252228949343,100.0,MINIMAL,5,51_AT2;1962_AT1;30_AT1;51_AT1;3295_AT1,ACOX1;EHHADH;ACAA1;ACOX1;HSD17B4,coa_x + h2o_x + nad_x + o2_x + tetpent6coa_x --> accoa_x + dcsptn1coa_x + h2o2_x + h_x + nadh_x,0.2814317775193228,0.2814317775193228,100.0,MINIMAL,0.0,NOT_A_TARGET
FATP6t,Fatty acid electroneutral transport,Unknown,0.23437252228949343,0.23437252228949343,100.0,MINIMAL,2,10998_AT1;11001_AT1,SLC27A5;SLC27A2,adrn_c + na1_c <=> adrn_e + na1_e,0.2814317775193228,0.2814317775193228,100.0,MINIMAL,0.0,NOT_A_TARGET
FAOXC246226x,Beta oxidation of long chain fatty acid,Unknown,0.23437252228949343,0.23437252228949343,100.0,MINIMAL,5,51_AT2;1962_AT1;30_AT1;51_AT1;3295_AT1,ACOX1;EHHADH;ACAA1;ACOX1;HSD17B4,coa_x + h2o_x + nad_x + o2_x + tethex3coa_x --> accoa_x + c226coa_x + h2o2_x + h_x + nadh_x,0.2814317775193228,0.2814317775193228,100.0,MINIMAL,0.0,NOT_A_TARGET
FAOXC260240x,Beta oxidation of long chain fatty acid,Unknown,0.23437252228949343,0.23437252228949343,100.0,MINIMAL,5,51_AT2;1962_AT1;30_AT1;51_AT1;3295_AT1,ACOX1;EHHADH;ACAA1;ACOX1;HSD17B4,coa_x + h2o_x + hexccoa_x + nad_x + o2_x --> accoa_x + h2o2_x + h_x + lgnccoa_x + nadh_x,0.2814317775193228,0.2814317775193228,100.0,MINIMAL,0.0,NOT_A_TARGET
FAOXC2031836m,Beta oxidation of fatty acid,Unknown,0.23437252228949343,0.23437252228949343,100.0,MINIMAL,2,35_AT1;34_AT1,ACADS;ACADM,coa_m + dlnlcgcoa_m + fad_m + h2o_m + nad_m --> accoa_m + fadh2_m + h_m + lnlncgcoa_m + nadh_m,0.2814317775193228,0.2814317775193228,100.0,MINIMAL,0.0,NOT_A_TARGET
FAOXC200180m,Beta oxidation of long chain fatty acid,Unknown,0.23437252228949343,0.23437252228949343,100.0,MINIMAL,2,35_AT1;34_AT1,ACADS;ACADM,arachcoa_m + coa_m + fad_m + h2o_m + nad_m --> accoa_m + fadh2_m + h_m + nadh_m + stcoa_m,0.2814317775193228,0.2814317775193228,100.0,MINIMAL,0.0,NOT_A_TARGET
GALASE1ly,"Beta-galactosidase, lysosomal",Unknown,0.23437252228949343,0.23437252228949343,100.0,MINIMAL,4,5476_AT1;2720_AT1;4758_AT1;2588_AT1,CTSA;GLB1;NEU1;GALNS,2.0 h2o_l + l2n2m2mn_l --> 2.0 gal_l + n2m2mn_l,0.2814317775193228,0.2814317775193228,100.0,MINIMAL,0.0,NOT_A_TARGET
FPGS6,Folylpolyglutamate synthetase (DHF),Unknown,0.23437252228949343,0.23437252228949343,100.0,MINIMAL,1,2356_AT1,FPGS,6dhf_c + atp_c + glu__L_c --> 7dhf_c + adp_c + h_c + pi_c,0.2814317775193228,0.2814317775193228,100.0,MINIMAL,0.0,NOT_A_TARGET
ASPTAm,Aspartate transaminase,Unknown,0.23437252228949343,0.23437252228949343,100.0,MINIMAL,1,2806_AT1,GOT2,akg_m + asp__L_m <=> glu__L_m + oaa_m,0.2814317775193228,0.2814317775193228,100.0,MINIMAL,0.0,NOT_A_TARGET
FPGS,Folylpolyglutamate synthetase,Unknown,0.23437252228949343,0.23437252228949343,100.0,MINIMAL,1,2356_AT1,FPGS,4.0 atp_c + 4.0 glu__L_c + thf_c --> 5thf_c + 4.0 adp_c + 4.0 h_c + 4.0 pi_c,0.2814317775193228,0.2814317775193228,100.0,MINIMAL,0.0,NOT_A_TARGET
FPGS2,Folylpolyglutamate synthetase,Unknown,0.23437252228949343,0.23437252228949343,100.0,MINIMAL,1,2356_AT1,FPGS,5thf_c + atp_c + glu__L_c --> 6thf_c + adp_c + h_c + pi_c,0.2814317775193228,0.2814317775193228,100.0,MINIMAL,0.0,NOT_A_TARGET
FPGS2m,"Folylpolyglutamate synthetase, mitochondrial",Unknown,0.23437252228949343,0.23437252228949343,100.0,MINIMAL,1,2356_AT1,FPGS,5thf_m + atp_m + glu__L_m --> 6thf_m + adp_m + h_m + pi_m,0.2814317775193228,0.2814317775193228,100.0,MINIMAL,0.0,NOT_A_TARGET
FPGS3,Folylpolyglutamate synthetase,Unknown,0.23437252228949343,0.23437252228949343,100.0,MINIMAL,1,2356_AT1,FPGS,6thf_c + atp_c + glu__L_c --> 7thf_c + adp_c + h_c + pi_c,0.2814317775193228,0.2814317775193228,100.0,MINIMAL,0.0,NOT_A_TARGET
FPGS3m,"Folylpolyglutamate synthetase, mitochondrial",Unknown,0.23437252228949343,0.23437252228949343,100.0,MINIMAL,1,2356_AT1,FPGS,6thf_m + atp_m + glu__L_m --> 7thf_m + adp_m + h_m + pi_m,0.2814317775193228,0.2814317775193228,100.0,MINIMAL,0.0,NOT_A_TARGET
FPGS4,Folylpolyglutamate synthetase (DHF),Unknown,0.23437252228949343,0.23437252228949343,100.0,MINIMAL,1,2356_AT1,FPGS,4.0 atp_c + dhf_c + 4.0 glu__L_c --> 5dhf_c + 4.0 adp_c + 4.0 h_c + 4.0 pi_c,0.2814317775193228,0.2814317775193228,100.0,MINIMAL,0.0,NOT_A_TARGET
FPGS4m,"Folylpolyglutamate synthetase (DHF), mitochondrial",Unknown,0.23437252228949343,0.23437252228949343,100.0,MINIMAL,1,2356_AT1,FPGS,4.0 atp_m + dhf_m + 4.0 glu__L_m --> 5dhf_m + 4.0 adp_m + 4.0 h_m + 4.0 pi_m,0.2814317775193228,0.2814317775193228,100.0,MINIMAL,0.0,NOT_A_TARGET
ASPt6,"L-aspartate transport via Na, H symport and K antiport",Unknown,0.23437252228949343,0.23437252228949343,100.0,MINIMAL,5,6507_AT1;6505_AT1;6511_AT1;6506_AT1;6512_AT1,SLC1A3;SLC1A1;SLC1A6;SLC1A2;SLC1A7,asp__L_e + h_e + k_c + 3.0 na1_e --> asp__L_c + h_c + k_e + 3.0 na1_c,0.2814317775193228,0.2814317775193228,100.0,MINIMAL,0.0,NOT_A_TARGET
FPGS5,Folylpolyglutamate  synthetase (DHF),Unknown,0.23437252228949343,0.23437252228949343,100.0,MINIMAL,1,2356_AT1,FPGS,5dhf_c + atp_c + glu__L_c --> 6dhf_c + adp_c + h_c + pi_c,0.2814317775193228,0.2814317775193228,100.0,MINIMAL,0.0,NOT_A_TARGET
FPGS5m,"Folylpolyglutamate  synthetase (DHF), mitochondrial",Unknown,0.23437252228949343,0.23437252228949343,100.0,MINIMAL,1,2356_AT1,FPGS,5dhf_m + atp_m + glu__L_m --> 6dhf_m + adp_m + h_m + pi_m,0.2814317775193228,0.2814317775193228,100.0,MINIMAL,0.0,NOT_A_TARGET
FPGS6m,"Folylpolyglutamate synthetase (DHF), mitochondrial",Unknown,0.23437252228949343,0.23437252228949343,100.0,MINIMAL,1,2356_AT1,FPGS,6dhf_m + atp_m + glu__L_m --> 7dhf_m + adp_m + h_m + pi_m,0.2814317775193228,0.2814317775193228,100.0,MINIMAL,0.0,NOT_A_TARGET
GGT6,Gamma-glutamyltransferase,Unknown,0.23437252228949343,0.23437252228949343,100.0,MINIMAL,0,,,glu__L_c + leuktrE4_c <=> h2o_c + leuktrF4_c,0.2814317775193228,0.2814317775193228,100.0,MINIMAL,0.0,NOT_A_TARGET
FPGS7,Folylpolyglutamate synthetase (10fthf),Unknown,0.23437252228949343,0.23437252228949343,100.0,MINIMAL,1,2356_AT1,FPGS,10fthf_c + 4.0 atp_c + 4.0 glu__L_c --> 10fthf5glu_c + 4.0 adp_c + 4.0 h_c + 4.0 pi_c,0.2814317775193228,0.2814317775193228,100.0,MINIMAL,0.0,NOT_A_TARGET
FPGS7m,"Folylpolyglutamate synthetase (10fthf), mitochondrial",Unknown,0.23437252228949343,0.23437252228949343,100.0,MINIMAL,1,2356_AT1,FPGS,10fthf_m + 4.0 atp_m + 4.0 glu__L_m --> 10fthf5glu_m + 4.0 adp_m + 4.0 h_m + 4.0 pi_m,0.2814317775193228,0.2814317775193228,100.0,MINIMAL,0.0,NOT_A_TARGET
FPGS8,Folylpolyglutamate synthetase (10fthf),Unknown,0.23437252228949343,0.23437252228949343,100.0,MINIMAL,1,2356_AT1,FPGS,10fthf5glu_c + atp_c + glu__L_c --> 10fthf6glu_c + adp_c + h_c + pi_c,0.2814317775193228,0.2814317775193228,100.0,MINIMAL,0.0,NOT_A_TARGET
FPGS8m,"Folylpolyglutamate synthetase (10fthf), mitochondrial",Unknown,0.23437252228949343,0.23437252228949343,100.0,MINIMAL,1,2356_AT1,FPGS,10fthf5glu_m + atp_m + glu__L_m --> 10fthf6glu_m + adp_m + h_m + pi_m,0.2814317775193228,0.2814317775193228,100.0,MINIMAL,0.0,NOT_A_TARGET
FPGS9,Folylpolyglutamate synthetase (10fthf),Unknown,0.23437252228949343,0.23437252228949343,100.0,MINIMAL,1,2356_AT1,FPGS,10fthf6glu_c + atp_c + glu__L_c --> 10fthf7glu_c + adp_c + h_c + pi_c,0.2814317775193228,0.2814317775193228,100.0,MINIMAL,0.0,NOT_A_TARGET
FPGS9m,"Folylpolyglutamate synthetase (10fthf), mitochondrial",Unknown,0.23437252228949343,0.23437252228949343,100.0,MINIMAL,1,2356_AT1,FPGS,10fthf6glu_m + atp_m + glu__L_m --> 10fthf7glu_m + adp_m + h_m + pi_m,0.2814317775193228,0.2814317775193228,100.0,MINIMAL,0.0,NOT_A_TARGET
FPGSm,"Folylpolyglutamate synthetase, mitochondrial",Unknown,0.23437252228949343,0.23437252228949343,100.0,MINIMAL,1,2356_AT1,FPGS,4.0 atp_m + 4.0 glu__L_m + thf_m --> 5thf_m + 4.0 adp_m + 4.0 h_m + 4.0 pi_m,0.2814317775193228,0.2814317775193228,100.0,MINIMAL,0.0,NOT_A_TARGET
FRUt1r,D-fructose transport in via uniport,Unknown,0.23437252228949343,0.23437252228949343,100.0,MINIMAL,5,155184_AT1;29988_AT1;6514_AT1;66035_AT1;6518_AT1,SLC2A7;SLC2A8;SLC2A2;SLC2A11;SLC2A5,fru_e <=> fru_c,0.2814317775193228,0.2814317775193228,100.0,MINIMAL,0.0,NOT_A_TARGET
FRUt4,D-fructose transport  via sodium cotransport,Unknown,0.23437252228949343,0.23437252228949343,100.0,MINIMAL,1,200010_AT1,SLC5A9,fru_e + na1_e <=> fru_c + na1_c,0.2814317775193228,0.2814317775193228,100.0,MINIMAL,0.0,NOT_A_TARGET
GALt2_2,D-galactose transport  via proton symport,Unknown,0.23437252228949343,0.23437252228949343,100.0,MINIMAL,1,6523_AT1,SLC5A1,gal_e + 2.0 h_e <=> gal_c + 2.0 h_c,0.2814317775193228,0.2814317775193228,100.0,MINIMAL,0.0,NOT_A_TARGET
GALt4,Galactose transport via sodium symport,Unknown,0.23437252228949343,0.23437252228949343,100.0,MINIMAL,1,200010_AT1,SLC5A9,gal_e + na1_e <=> gal_c + na1_c,0.2814317775193228,0.2814317775193228,100.0,MINIMAL,0.0,NOT_A_TARGET
FUMtm,"Fumarate transport, mitochondrial",Unknown,0.23437252228949343,0.23437252228949343,100.0,MINIMAL,1,1468_AT1,SLC25A10,fum_c + pi_m <=> fum_m + pi_c,0.2814317775193228,0.2814317775193228,100.0,MINIMAL,0.0,NOT_A_TARGET
FTCD,Formimidoyltransferase cyclodeaminase reversible,Unknown,0.23437252228949343,0.23437252228949343,100.0,MINIMAL,2,10841_AT1;10841_AT2,FTCD;FTCD,5forthf_c + 2.0 h_c --> methf_c + nh4_c,0.2814317775193228,0.2814317775193228,100.0,MINIMAL,0.0,NOT_A_TARGET
FTHFCL,5 formethyltetrahydrofolate cyclo ligase,Unknown,0.23437252228949343,0.23437252228949343,100.0,MINIMAL,1,10588_AT1,MTHFS,5fthf_c + atp_c --> adp_c + methf_c + pi_c,0.2814317775193228,0.2814317775193228,100.0,MINIMAL,0.0,NOT_A_TARGET
FTHFDH,10-formyltetrahydrofolate:NADP+ oxidoreductase,Unknown,0.23437252228949343,0.23437252228949343,100.0,MINIMAL,1,10840_AT1,ALDH1L1,10fthf_c + h2o_c + nadp_c --> co2_c + h_c + nadph_c + thf_c,0.2814317775193228,0.2814317775193228,100.0,MINIMAL,0.0,NOT_A_TARGET
FUCASE2e,"Alpha-fucosidase, extracellular",Unknown,0.23437252228949343,0.23437252228949343,100.0,MINIMAL,1,2519_AT1,FUCA2,h2o_e + ksi_e --> fuc__L_e + ksi_deg1_e,0.2814317775193228,0.2814317775193228,100.0,MINIMAL,0.0,NOT_A_TARGET
GARFT,Phosphoribosylglycinamide formyltransferase,Unknown,0.23437252228949343,0.23437252228949343,100.0,MINIMAL,2,2618_AT1;2618_AT2,GART;GART,10fthf_c + gar_c <=> fgam_c + h_c + thf_c,0.2814317775193228,0.2814317775193228,100.0,MINIMAL,0.0,NOT_A_TARGET
GASNASE2ly,"Glycosylasparaginase, lysosomal",Unknown,0.23437252228949343,0.23437252228949343,100.0,MINIMAL,1,175_AT1,AGA,h2o_l + n2m2nmasn_l --> Asn_X_Ser_Thr_l + n2m2nm_l,0.2814317775193228,0.2814317775193228,100.0,MINIMAL,0.0,NOT_A_TARGET
GASNASEly,"Glycosylasparaginase, lysosomal",Unknown,0.23437252228949343,0.23437252228949343,100.0,MINIMAL,1,175_AT1,AGA,h2o_l + s2l2n2m2masn_l --> Asn_X_Ser_Thr_l + s2l2n2m2m_l,0.2814317775193228,0.2814317775193228,100.0,MINIMAL,0.0,NOT_A_TARGET
GBA,Glucosylceramidase,Unknown,0.23437252228949343,0.23437252228949343,100.0,MINIMAL,5,2629_AT5;2629_AT1;2629_AT3;2629_AT4;2629_AT2,GBA;GBA;GBA;GBA;GBA,gluside_hs_c + h2o_c --> crm_hs_c + glc__D_c,0.2814317775193228,0.2814317775193228,100.0,MINIMAL,0.0,NOT_A_TARGET
GCALDD,Glycolaldehyde dehydrogenase,Unknown,0.23437252228949343,0.23437252228949343,100.0,MINIMAL,11,216_AT1;501_AT1;8854_AT2;220_AT1;223_AT1;224_AT1;218_AT1;8854_AT1;222_AT1;221_AT1,ALDH1A1;ALDH7A1;ALDH1A2;ALDH1A3;ALDH9A1;ALDH3A2;ALDH3A1;ALDH1A2;ALDH3B2;ALDH3B1,gcald_c + h2o_c + nad_c --> glyclt_c + 2.0 h_c + nadh_c,0.2814317775193228,0.2814317775193228,100.0,MINIMAL,0.0,NOT_A_TARGET
GCC2am,Glycine cleavage complex  lipoamide   mitochondrial,Unknown,0.23437252228949343,0.23437252228949343,100.0,MINIMAL,4,275_AT1;1738_AT1;2653_AT1;2731_AT1,AMT;DLD;GCSH;GLDC,gly_m + h_m + lpam_m <=> alpam_m + co2_m,0.2814317775193228,0.2814317775193228,100.0,MINIMAL,0.0,NOT_A_TARGET
GCC2bim,Glycine cleavage system  lipoamide  irreversible  mitochondrial,Unknown,0.23437252228949343,0.23437252228949343,100.0,MINIMAL,4,275_AT1;1738_AT1;2653_AT1;2731_AT1,AMT;DLD;GCSH;GLDC,alpam_m + thf_m --> dhlam_m + mlthf_m + nh4_m,0.2814317775193228,0.2814317775193228,100.0,MINIMAL,0.0,NOT_A_TARGET
GCC2cm,Glycine cleavage complex  lipoamide   mitochondrial,Unknown,0.23437252228949343,0.23437252228949343,100.0,MINIMAL,4,275_AT1;1738_AT1;2653_AT1;2731_AT1,AMT;DLD;GCSH;GLDC,dhlam_m + nad_m <=> h_m + lpam_m + nadh_m,0.2814317775193228,0.2814317775193228,100.0,MINIMAL,0.0,NOT_A_TARGET
GCCbim,Glycine cleavage complex  lipoylprotein  irreversible  mitochondrial,Unknown,0.23437252228949343,0.23437252228949343,100.0,MINIMAL,4,275_AT1;1738_AT1;2653_AT1;2731_AT1,AMT;DLD;GCSH;GLDC,alpro_m + thf_m --> dhlpro_m + mlthf_m + nh4_m,0.2814317775193228,0.2814317775193228,100.0,MINIMAL,0.0,NOT_A_TARGET
FAEL183,Fatty-acyl-CoA elongation (n-C18:3CoA),Unknown,0.23437252228949343,0.23437252228949343,100.0,MINIMAL,1,6785_AT1,ELOVL4,5.0 h_c + lnlncgcoa_c + malcoa_c + 4.0 nadph_c + o2_c --> co2_c + coa_c + dlnlcgcoa_c + 3.0 h2o_c + 4.0 nadp_c,0.2814317775193228,0.2814317775193228,100.0,MINIMAL,0.0,NOT_A_TARGET
GCCcm,Glycine cleavage complex  lipoylprotein   mitochondrial,Unknown,0.23437252228949343,0.23437252228949343,100.0,MINIMAL,4,275_AT1;1738_AT1;2653_AT1;2731_AT1,AMT;DLD;GCSH;GLDC,dhlpro_m + nad_m <=> h_m + lpro_m + nadh_m,0.2814317775193228,0.2814317775193228,100.0,MINIMAL,0.0,NOT_A_TARGET
GCHOLAt,Glycocholate transport via bicarbonate countertransport,Unknown,0.23437252228949343,0.23437252228949343,100.0,MINIMAL,3,28234_AT1;10599_AT1;6579_AT1,SLCO1B3;SLCO1B1;SLCO1A2,gchola_e + hco3_c <=> gchola_c + hco3_e,0.2814317775193228,0.2814317775193228,100.0,MINIMAL,0.0,NOT_A_TARGET
GCHOLAt2,Glycocholate transport via sodium cotransport,Unknown,0.23437252228949343,0.23437252228949343,100.0,MINIMAL,2,6555_AT1;6554_AT1,SLC10A2;SLC10A1,gchola_e + 2.0 na1_e --> gchola_c + 2.0 na1_c,0.2814317775193228,0.2814317775193228,100.0,MINIMAL,0.0,NOT_A_TARGET
GALKr,Galactokinase,Unknown,0.23437252228949343,0.23437252228949343,100.0,MINIMAL,3,2585_AT1;2584_AT1;2585_AT2,GALK2;GALK1;GALK2,atp_c + gal_c --> adp_c + gal1p_c + h_c,0.2814317775193228,0.2814317775193228,100.0,MINIMAL,0.0,NOT_A_TARGET
GCHOLAt3,ABC bile acid transporter,Unknown,0.23437252228949343,0.23437252228949343,100.0,MINIMAL,4,8714_AT3;8714_AT1;8714_AT2;8647_AT1,ABCC3;ABCC3;ABCC3;ABCB11,atp_c + gchola_c + h2o_c --> adp_c + gchola_e + h_c + pi_c,0.2814317775193228,0.2814317775193228,100.0,MINIMAL,0.0,NOT_A_TARGET
GALT,Galactose 1 phosphate uridylyltransferase,Unknown,0.23437252228949343,0.23437252228949343,100.0,MINIMAL,3,2592_AT1;2592_AT2;2592_AT3,GALT;GALT;GALT,gal1p_c + h_c + utp_c <=> ppi_c + udpgal_c,0.2814317775193228,0.2814317775193228,100.0,MINIMAL,0.0,NOT_A_TARGET
GCHOLAtx,Bile acid intracellular transport,Unknown,0.23437252228949343,0.23437252228949343,100.0,MINIMAL,0,,,gchola_x <=> gchola_c,0.2814317775193228,0.2814317775193228,100.0,MINIMAL,0.0,NOT_A_TARGET
GALUi,UTP-glucose-1-phosphate uridylyltransferase (irreversible),Unknown,0.23437252228949343,0.23437252228949343,100.0,MINIMAL,3,7359_AT1;7360_AT2;7360_AT1,7359_AT1;UGP2;UGP2,g1p_c + h_c + utp_c <=> ppi_c + udpg_c,0.2814317775193228,0.2814317775193228,100.0,MINIMAL,0.0,NOT_A_TARGET
GALt1r,Galactose transport (uniport),Unknown,0.23437252228949343,0.23437252228949343,100.0,MINIMAL,5,29988_AT1;6513_AT1;6514_AT1;6515_AT1;81031_AT1,SLC2A8;SLC2A1;SLC2A2;SLC2A3;SLC2A10,gal_e <=> gal_c,0.2814317775193228,0.2814317775193228,100.0,MINIMAL,0.0,NOT_A_TARGET
GDCHOLAte,Bile acid intracellular transport,Unknown,0.23437252228949343,0.23437252228949343,100.0,MINIMAL,0,,,gdchola_e <=> gdchola_c,0.2814317775193228,0.2814317775193228,100.0,MINIMAL,0.0,NOT_A_TARGET
GDCHOLAtx,Bile acid intracellular transport,Unknown,0.23437252228949343,0.23437252228949343,100.0,MINIMAL,0,,,gdchola_x <=> gdchola_c,0.2814317775193228,0.2814317775193228,100.0,MINIMAL,0.0,NOT_A_TARGET
FTHFLi,Formate-tetrahydrofolate ligase,Unknown,0.23437252228949343,0.23437252228949343,100.0,MINIMAL,2,4522_AT1;286297_AT1,MTHFD1;286297_AT1,atp_c + for_c + thf_c <=> 10fthf_c + adp_c + pi_c,0.2814317775193228,0.2814317775193228,100.0,MINIMAL,0.0,NOT_A_TARGET
GALt4_2,Galactose transport via sodium symport,Unknown,0.23437252228949343,0.23437252228949343,100.0,MINIMAL,1,6523_AT1,SLC5A1,gal_e + 2.0 na1_e <=> gal_c + 2.0 na1_c,0.2814317775193228,0.2814317775193228,100.0,MINIMAL,0.0,NOT_A_TARGET
GLCAASE9ly,"Beta-glucuronidase, lysosomal",Unknown,0.23437252228949343,0.23437252228949343,100.0,MINIMAL,1,2990_AT1,GUSB,2.0 h2o_l + ha_pre1_l --> acgam_l + glcur_l,0.2814317775193228,0.2814317775193228,100.0,MINIMAL,0.0,NOT_A_TARGET
FAOXC18480x,Beta oxidation of long chain fatty acid,Unknown,0.23437252228949343,0.23437252228949343,100.0,MINIMAL,5,51_AT2;1962_AT1;30_AT1;51_AT1;3295_AT1,ACOX1;EHHADH;ACAA1;ACOX1;HSD17B4,5.0 coa_x + 5.0 h2o_x + 5.0 nad_x + o2_x + strdnccoa_x --> 5.0 accoa_x + h2o2_x + 5.0 h_x + 5.0 nadh_x + occoa_x,0.2814317775193228,0.2814317775193228,100.0,MINIMAL,0.0,NOT_A_TARGET
GLBRAN,"1,4-alpha-glucan branching enzyme (glygn1 -> glygn2)",Unknown,0.23437252228949343,0.23437252228949343,100.0,MINIMAL,1,2632_AT1,GBE1,glygn1_c --> glygn2_c,0.2814317775193228,0.2814317775193228,100.0,MINIMAL,0.0,NOT_A_TARGET
GGH_10FTHF5GLUl,"Gamma-glutamyl hydrolase (10FTHF5GLU), lysosomal",Unknown,0.23437252228949343,0.23437252228949343,100.0,MINIMAL,1,8836_AT1,GGH,10fthf5glu_l + 4.0 h2o_l --> 10fthf_l + 4.0 glu__L_l,0.2814317775193228,0.2814317775193228,100.0,MINIMAL,0.0,NOT_A_TARGET
GGH_10FTHF6GLUe,"Gamma-glutamyl hydrolase (10FTHF6GLU), extracellular",Unknown,0.23437252228949343,0.23437252228949343,100.0,MINIMAL,1,8836_AT1,GGH,10fthf6glu_e + h2o_e --> 10fthf5glu_e + glu__L_e,0.2814317775193228,0.2814317775193228,100.0,MINIMAL,0.0,NOT_A_TARGET
GGH_10FTHF6GLUl,"Gamma-glutamyl hydrolase (10FTHF6GLU), lysosomal",Unknown,0.23437252228949343,0.23437252228949343,100.0,MINIMAL,1,8836_AT1,GGH,10fthf6glu_l + h2o_l --> 10fthf5glu_l + glu__L_l,0.2814317775193228,0.2814317775193228,100.0,MINIMAL,0.0,NOT_A_TARGET
GGH_10FTHF7GLUe,"Gamma-glutamyl hydrolase (10FTHF7GLU), extracellular",Unknown,0.23437252228949343,0.23437252228949343,100.0,MINIMAL,1,8836_AT1,GGH,10fthf7glu_e + h2o_e --> 10fthf6glu_e + glu__L_e,0.2814317775193228,0.2814317775193228,100.0,MINIMAL,0.0,NOT_A_TARGET
GGH_10FTHF7GLUl,"Gamma-glutamyl hydrolase (10FTHF7GLU), lysosomal",Unknown,0.23437252228949343,0.23437252228949343,100.0,MINIMAL,1,8836_AT1,GGH,10fthf7glu_l + h2o_l --> 10fthf6glu_l + glu__L_l,0.2814317775193228,0.2814317775193228,100.0,MINIMAL,0.0,NOT_A_TARGET
GGH_5DHFe,"Gamma-glutamyl hydrolase (5DHF), extracellular",Unknown,0.23437252228949343,0.23437252228949343,100.0,MINIMAL,1,8836_AT1,GGH,5dhf_e + 4.0 h2o_e --> dhf_e + 4.0 glu__L_e,0.2814317775193228,0.2814317775193228,100.0,MINIMAL,0.0,NOT_A_TARGET
GGH_5DHFl,"Gamma-glutamyl hydrolase (5DHF), lysosomal",Unknown,0.23437252228949343,0.23437252228949343,100.0,MINIMAL,1,8836_AT1,GGH,5dhf_l + 4.0 h2o_l --> dhf_l + 4.0 glu__L_l,0.2814317775193228,0.2814317775193228,100.0,MINIMAL,0.0,NOT_A_TARGET
GGH_5THFe,"Gamma-glutamyl hydrolase (5THF), extracellular",Unknown,0.23437252228949343,0.23437252228949343,100.0,MINIMAL,1,8836_AT1,GGH,5thf_e + 4.0 h2o_e --> 4.0 glu__L_e + thf_e,0.2814317775193228,0.2814317775193228,100.0,MINIMAL,0.0,NOT_A_TARGET
GGH_5THFl,"Gamma-glutamyl hydrolase (5THF), lysosomal",Unknown,0.23437252228949343,0.23437252228949343,100.0,MINIMAL,1,8836_AT1,GGH,5thf_l + 4.0 h2o_l --> 4.0 glu__L_l + thf_l,0.2814317775193228,0.2814317775193228,100.0,MINIMAL,0.0,NOT_A_TARGET
GGH_6DHFe,"Gamma-glutamyl hydrolase (6DHF), extracellular",Unknown,0.23437252228949343,0.23437252228949343,100.0,MINIMAL,1,8836_AT1,GGH,6dhf_e + h2o_e --> 5dhf_e + glu__L_e,0.2814317775193228,0.2814317775193228,100.0,MINIMAL,0.0,NOT_A_TARGET
GGH_6DHFl,"Gamma-glutamyl hydrolase (6DHF), lysosomal",Unknown,0.23437252228949343,0.23437252228949343,100.0,MINIMAL,1,8836_AT1,GGH,6dhf_l + h2o_l --> 5dhf_l + glu__L_l,0.2814317775193228,0.2814317775193228,100.0,MINIMAL,0.0,NOT_A_TARGET
GGH_6THFe,"Gamma-glutamyl hydrolase (6THF), extracellular",Unknown,0.23437252228949343,0.23437252228949343,100.0,MINIMAL,1,8836_AT1,GGH,6thf_e + h2o_e --> 5thf_e + glu__L_e,0.2814317775193228,0.2814317775193228,100.0,MINIMAL,0.0,NOT_A_TARGET
GHMT2r,"Glycine hydroxymethyltransferase, reversible",Unknown,0.23437252228949343,0.23437252228949343,100.0,MINIMAL,2,6470_AT1;6470_AT2,SHMT1;SHMT1,ser__L_c + thf_c <=> gly_c + h2o_c + mlthf_c,0.2814317775193228,0.2814317775193228,100.0,MINIMAL,0.0,NOT_A_TARGET
GGH_6THFl,"Gamma-glutamyl hydrolase (6THF), lysosomal",Unknown,0.23437252228949343,0.23437252228949343,100.0,MINIMAL,1,8836_AT1,GGH,6thf_l + h2o_l --> 5thf_l + glu__L_l,0.2814317775193228,0.2814317775193228,100.0,MINIMAL,0.0,NOT_A_TARGET
GGH_7DHFe,"Gamma-glutamyl hydrolase (7DHF), extracellular",Unknown,0.23437252228949343,0.23437252228949343,100.0,MINIMAL,1,8836_AT1,GGH,7dhf_e + h2o_e --> 6dhf_e + glu__L_e,0.2814317775193228,0.2814317775193228,100.0,MINIMAL,0.0,NOT_A_TARGET
GGH_7DHFl,"Gamma-glutamyl hydrolase (7DHF), lysosomal",Unknown,0.23437252228949343,0.23437252228949343,100.0,MINIMAL,1,8836_AT1,GGH,7dhf_l + h2o_l --> 6dhf_l + glu__L_l,0.2814317775193228,0.2814317775193228,100.0,MINIMAL,0.0,NOT_A_TARGET
GGH_7THFe,"Gamma-glutamyl hydrolase (7THF), extracellular",Unknown,0.23437252228949343,0.23437252228949343,100.0,MINIMAL,1,8836_AT1,GGH,7thf_e + h2o_e --> 6thf_e + glu__L_e,0.2814317775193228,0.2814317775193228,100.0,MINIMAL,0.0,NOT_A_TARGET
GGH_7THFl,"Gamma-glutamyl hydrolase (7THF), lysosomal",Unknown,0.23437252228949343,0.23437252228949343,100.0,MINIMAL,1,8836_AT1,GGH,7thf_l + h2o_l --> 6thf_l + glu__L_l,0.2814317775193228,0.2814317775193228,100.0,MINIMAL,0.0,NOT_A_TARGET
GGLUCT,Gamma-glutamylcyclotransferase,Unknown,0.23437252228949343,0.23437252228949343,100.0,MINIMAL,1,2655_AT1,2655_AT1,gluala_e --> 5oxpro_c + ala__L_c,0.2814317775193228,0.2814317775193228,100.0,MINIMAL,0.0,NOT_A_TARGET
ASPTA,Aspartate transaminase,Unknown,0.23437252228949343,0.23437252228949343,100.0,MINIMAL,1,2805_AT1,GOT1,akg_c + asp__L_c <=> glu__L_c + oaa_c,0.2814317775193228,0.2814317775193228,100.0,MINIMAL,0.0,NOT_A_TARGET
FUMm,Fumarase  mitochondrial,Unknown,0.23437252228949343,0.23437252228949343,100.0,MINIMAL,1,2271_AT1,FH,fum_m + h2o_m <=> mal__L_m,0.2814317775193228,0.2814317775193228,100.0,MINIMAL,0.0,NOT_A_TARGET
FORtm,Formate mitochondrial transport,Unknown,0.23437252228949343,0.23437252228949343,100.0,MINIMAL,0,,,for_m <=> for_c,0.2814317775193228,0.2814317775193228,100.0,MINIMAL,0.0,NOT_A_TARGET
FAOXC183806m,Beta oxidation of fatty acid,Unknown,0.23437252228949343,0.23437252228949343,100.0,MINIMAL,2,35_AT1;34_AT1,ACADS;ACADM,5.0 coa_m + 5.0 h2o_m + lnlncgcoa_m + 5.0 nad_m + 2.0 o2_m --> 5.0 accoa_m + 2.0 h2o2_m + 5.0 h_m + 5.0 nadh_m + occoa_m,0.2814317775193228,0.2814317775193228,100.0,MINIMAL,0.0,NOT_A_TARGET
FAOXC18480m,Beta oxidation of fatty acid,Unknown,0.23437252228949343,0.23437252228949343,100.0,MINIMAL,2,35_AT1;34_AT1,ACADS;ACADM,5.0 coa_m + fad_m + 5.0 h2o_m + 5.0 nad_m + strdnccoa_m --> 5.0 accoa_m + fadh2_m + 5.0 h_m + 5.0 nadh_m + occoa_m,0.2814317775193228,0.2814317775193228,100.0,MINIMAL,0.0,NOT_A_TARGET
GGH_10FTHF5GLUe,"Gamma-glutamyl hydrolase (10FTHF5GLU), extracellular",Unknown,0.23437252228949343,0.23437252228949343,100.0,MINIMAL,1,8836_AT1,GGH,10fthf5glu_e + 4.0 h2o_e --> 10fthf_e + 4.0 glu__L_e,0.2814317775193228,0.2814317775193228,100.0,MINIMAL,0.0,NOT_A_TARGET
GAMt1r,Glucosamine transport (uniport),Unknown,0.23437252228949343,0.23437252228949343,100.0,MINIMAL,3,6517_AT1;6514_AT1;6513_AT1,SLC2A4;SLC2A2;SLC2A1,gam_e <=> gam_c,0.2814317775193228,0.2814317775193228,100.0,MINIMAL,0.0,NOT_A_TARGET
GGNG,Glycogenin self-glucosylation,Unknown,0.23437252228949343,0.23437252228949343,100.0,MINIMAL,4,8908_AT1;2998_AT1;2997_AT1;2992_AT1,GYG2;GYS2;GYS1;GYG1,Tyr_ggn_c + 8.0 udpg_c --> ggn_c + 8.0 h_c + 8.0 udp_c,0.2814317775193228,0.2814317775193228,100.0,MINIMAL,0.0,NOT_A_TARGET
GALtly,Galactose efflux from lysosome,Unknown,0.23437252228949343,0.23437252228949343,100.0,MINIMAL,0,,,gal_l --> gal_c,0.2814317775193228,0.2814317775193228,100.0,MINIMAL,0.0,NOT_A_TARGET
GLCt4_2,Glucose transport via sodium symport,Unknown,0.23437252228949343,0.23437252228949343,100.0,MINIMAL,1,6523_AT1,SLC5A1,glc__D_e + 2.0 na1_e <=> glc__D_c + 2.0 na1_c,0.2814317775193228,0.2814317775193228,100.0,MINIMAL,0.0,NOT_A_TARGET
GLCMter,Glucose transport via membrane vesicle,Unknown,0.23437252228949343,0.23437252228949343,100.0,MINIMAL,0,,,glc__D_r --> glc__D_e,0.2814317775193228,0.2814317775193228,100.0,MINIMAL,0.0,NOT_A_TARGET
GLDBRAN,Glycogen debranching enzyme,Unknown,0.23437252228949343,0.23437252228949343,100.0,MINIMAL,6,178_AT4;178_AT1;178_AT6;178_AT3;178_AT5;178_AT2,AGL;AGL;AGL;AGL;AGL;AGL,dxtrn_c + h2o_c --> glc__D_c + glygn3_c,0.2814317775193228,0.2814317775193228,100.0,MINIMAL,0.0,NOT_A_TARGET
GLGNS1,Glycogen synthase (ggn -> glygn1),Unknown,0.23437252228949343,0.23437252228949343,100.0,MINIMAL,4,8908_AT1;2998_AT1;2997_AT1;2992_AT1,GYG2;GYS2;GYS1;GYG1,ggn_c + 3.0 udpg_c --> glygn1_c + 3.0 h_c + 3.0 udp_c,0.2814317775193228,0.2814317775193228,100.0,MINIMAL,0.0,NOT_A_TARGET
GLNALANaEx,L-alanine/L-glutamine Na-dependent exchange (Gln-L in),Unknown,0.23437252228949343,0.23437252228949343,100.0,MINIMAL,1,6510_AT1,SLC1A5,ala__L_c + gln__L_e + na1_e --> ala__L_e + gln__L_c + na1_c,0.2814317775193228,0.2814317775193228,100.0,MINIMAL,0.0,NOT_A_TARGET
GLNASNNaEx,L-glutamine/L-asparagine Na-dependent exchange (Gln-L in),Unknown,0.23437252228949343,0.23437252228949343,100.0,MINIMAL,1,6510_AT1,SLC1A5,asn__L_c + gln__L_e + na1_e --> asn__L_e + gln__L_c + na1_c,0.2814317775193228,0.2814317775193228,100.0,MINIMAL,0.0,NOT_A_TARGET
TRPt,L-tryptophan transport,Unknown,0.23437252228949343,0.23437252228949343,100.0,MINIMAL,1,117247_AT1,SLC16A10,trp__L_e <=> trp__L_c,0.2814317775193228,0.2814317775193228,100.0,MINIMAL,0.0,NOT_A_TARGET
GLNCYSNaEx,L-cysteine/L-glutamine Na-dependent exchange (Gln-L in),Unknown,0.23437252228949343,0.23437252228949343,100.0,MINIMAL,1,6510_AT1,SLC1A5,cys__L_c + gln__L_e + na1_e --> cys__L_e + gln__L_c + na1_c,0.2814317775193228,0.2814317775193228,100.0,MINIMAL,0.0,NOT_A_TARGET
G3PD2m,"Glycerol-3-phosphate dehydrogenase (FAD), mitochondrial",Unknown,0.23437252228949343,0.23437252228949343,100.0,MINIMAL,1,2820_AT1,GPD2,fad_m + glyc3p_c --> dhap_c + fadh2_m,0.2814317775193228,0.2814317775193228,100.0,MINIMAL,0.0,NOT_A_TARGET
GLNS,Glutamine synthetase,Unknown,0.23437252228949343,0.23437252228949343,100.0,MINIMAL,2,51557_AT1;2752_AT1,LGSN;GLUL,atp_c + glu__L_c + nh4_c --> adp_c + gln__L_c + h_c + pi_c,0.2814317775193228,0.2814317775193228,100.0,MINIMAL,0.0,NOT_A_TARGET
GLNSERNaEx,L-serine/L-glutamine Na-dependent exchange (Gln-L in),Unknown,0.23437252228949343,0.23437252228949343,100.0,MINIMAL,1,6510_AT1,SLC1A5,gln__L_e + na1_e + ser__L_c --> gln__L_c + na1_c + ser__L_e,0.2814317775193228,0.2814317775193228,100.0,MINIMAL,0.0,NOT_A_TARGET
GLNTHRNaEx,L-threonine/L-glutamine Na-dependent exchange (Gln-L in),Unknown,0.23437252228949343,0.23437252228949343,100.0,MINIMAL,1,6510_AT1,SLC1A5,gln__L_e + na1_e + thr__L_c --> gln__L_c + na1_c + thr__L_e,0.2814317775193228,0.2814317775193228,100.0,MINIMAL,0.0,NOT_A_TARGET
GLNt4,L-glutamine reversible transport via sodium symport,Unknown,0.23437252228949343,0.23437252228949343,100.0,MINIMAL,4,81539_AT1;55089_AT1;54407_AT1;11254_AT1,SLC38A1;SLC38A4;SLC38A2;SLC6A14,gln__L_e + na1_e --> gln__L_c + na1_c,0.2814317775193228,0.2814317775193228,100.0,MINIMAL,0.0,NOT_A_TARGET
GLNtN1,"Glutamine transport (Na, H coupled)",Unknown,0.23437252228949343,0.23437252228949343,100.0,MINIMAL,2,92745_AT1;10991_AT1,SLC38A5;SLC38A3,gln__L_e + h_c + 2.0 na1_e <=> gln__L_c + h_e + 2.0 na1_c,0.2814317775193228,0.2814317775193228,100.0,MINIMAL,0.0,NOT_A_TARGET
GLNtm,L-glutamine transport via electroneutral transporter,Unknown,0.23437252228949343,0.23437252228949343,100.0,MINIMAL,0,,,gln__L_c --> gln__L_m,0.2814317775193228,0.2814317775193228,100.0,MINIMAL,0.0,NOT_A_TARGET
GLPASE1,Glycogen phosphorylase (glygn2 -> dxtrn),Unknown,0.23437252228949343,0.23437252228949343,100.0,MINIMAL,3,5836_AT1;5834_AT1;5837_AT1,PYGL;PYGB;PYGM,glygn2_c + 3.0 pi_c --> dxtrn_c + 3.0 g1p_c,0.2814317775193228,0.2814317775193228,100.0,MINIMAL,0.0,NOT_A_TARGET
GLCURter,Glucuronate endoplasmic reticular transport,Unknown,0.23437252228949343,0.23437252228949343,100.0,MINIMAL,0,,,glcur_c --> glcur_r,0.2814317775193228,0.2814317775193228,100.0,MINIMAL,0.0,NOT_A_TARGET
GLCURtly,Glucuronate transport into lysososme,Unknown,0.23437252228949343,0.23437252228949343,100.0,MINIMAL,1,26503_AT1,SLC17A5,glcur_c + h_c <=> glcur_l + h_l,0.2814317775193228,0.2814317775193228,100.0,MINIMAL,0.0,NOT_A_TARGET
GLCt1,Glucose transport  uniport,Unknown,0.23437252228949343,0.23437252228949343,100.0,MINIMAL,13,29988_AT1;6513_AT1;66035_AT1;144195_AT1;154091_AT1;56606_AT1;155184_AT1;6517_AT1;6514_AT1;56606_AT2,SLC2A8;SLC2A1;SLC2A11;SLC2A14;SLC2A12;SLC2A9;SLC2A7;SLC2A4;SLC2A2;SLC2A9,glc__D_e <=> glc__D_c,0.2814317775193228,0.2814317775193228,100.0,MINIMAL,0.0,NOT_A_TARGET
GLCt2_2,D-glucose transport in via proton symport,Unknown,0.23437252228949343,0.23437252228949343,100.0,MINIMAL,1,6523_AT1,SLC5A1,glc__D_e + 2.0 h_e <=> glc__D_c + 2.0 h_c,0.2814317775193228,0.2814317775193228,100.0,MINIMAL,0.0,NOT_A_TARGET
GLPASE2,Glycogen phosphorylase (amyls -> glc-D),Unknown,0.23437252228949343,0.23437252228949343,100.0,MINIMAL,3,5836_AT1;5834_AT1;5837_AT1,PYGL;PYGB;PYGM,glygn3_c + 7.0 h2o_c --> Tyr_ggn_c + 7.0 glc__D_c,0.2814317775193228,0.2814317775193228,100.0,MINIMAL,0.0,NOT_A_TARGET
GLCAASE8ly,"Beta-glucuronidase, lysosomal",Unknown,0.23437252228949343,0.23437252228949343,100.0,MINIMAL,1,2990_AT1,GUSB,h2o_l + ha_l --> glcur_l + ha_deg1_l,0.2814317775193228,0.2814317775193228,100.0,MINIMAL,0.0,NOT_A_TARGET
GGT5r,Gamma-glutamyltransferase 5,Unknown,0.23437252228949343,0.23437252228949343,100.0,MINIMAL,1,2687_AT1,GGT5,h2o_r + leuktrC4_r <=> glu__L_r + leuktrD4_r,0.2814317775193228,0.2814317775193228,100.0,MINIMAL,0.0,NOT_A_TARGET
PRISTtx,Prist peroxisomal transport,Unknown,0.23437252228949343,0.23437252228949343,100.0,MINIMAL,0,,,prist_x <=> prist_c,0.2814317775193228,0.2814317775193228,100.0,MINIMAL,0.0,NOT_A_TARGET
P4507A1r,"Cytochrome P450, family 7, subfamily A, polypeptide 1",Unknown,0.23437252228949343,0.23437252228949343,100.0,MINIMAL,1,1581_AT1,CYP7A1,chsterol_r + h_r + nadph_r + o2_r --> h2o_r + nadp_r + xol7a_r,0.2814317775193228,0.2814317775193228,100.0,MINIMAL,0.0,NOT_A_TARGET
PROt4,Na+/Proline-L symporter,Unknown,0.23437252228949343,0.23437252228949343,100.0,MINIMAL,3,81539_AT1;55089_AT1;54407_AT1,SLC38A1;SLC38A4;SLC38A2,na1_e + pro__L_e --> na1_c + pro__L_c,0.2814317775193228,0.2814317775193228,100.0,MINIMAL,0.0,NOT_A_TARGET
GTHRDtr,Glutathione transport via diffusion,Unknown,0.23437252228949343,0.23437252228949343,100.0,MINIMAL,0,,,gthrd_c <=> gthrd_r,0.2814317775193228,0.2814317775193228,100.0,MINIMAL,0.0,NOT_A_TARGET
HOXG,Heme oxygenase 1,Unknown,0.23437252228949343,0.23437252228949343,100.0,MINIMAL,2,3163_AT1;3162_AT1,HMOX2;HMOX1,5.0 h_c + 3.0 nadph_c + 3.0 o2_c + pheme_c --> biliverd_c + co_c + fe2_c + 3.0 h2o_c + 3.0 nadp_c,0.2814317775193228,0.2814317775193228,100.0,MINIMAL,0.0,NOT_A_TARGET
GTHPi,Glutathione peridoxase,Unknown,0.23437252228949343,0.23437252228949343,100.0,MINIMAL,10,5052_AT3;7001_AT3;7001_AT2;2876_AT2;7001_AT1;2879_AT1;5052_AT1;2876_AT1;2877_AT1;5052_AT2,PRDX1;PRDX2;PRDX2;GPX1;PRDX2;GPX4;PRDX1;GPX1;GPX2;PRDX1,2.0 gthrd_c + h2o2_c <=> gthox_c + 2.0 h2o_c,0.2814317775193228,0.2814317775193228,100.0,MINIMAL,0.0,NOT_A_TARGET
HSD17B1,Testicular 17-beta-hydroxysteroid dehydrogenase,Unknown,0.23437252228949343,0.23437252228949343,100.0,MINIMAL,2,3292_AT1;7923_AT1,HSD17B1;HSD17B8,estrone_c + h_c + nadph_c <=> estradiol_c + nadp_c,0.2814317775193228,0.2814317775193228,100.0,MINIMAL,0.0,NOT_A_TARGET
ITCOALm,Itaconate  CoA ligase  ADP forming   mitochondrial,Unknown,0.23437252228949343,0.23437252228949343,100.0,MINIMAL,2,8802_AT1;8803_AT1,SUCLG1;SUCLA2,atp_m + coa_m + itacon_m <=> adp_m + itaccoa_m + pi_m,0.2814317775193228,0.2814317775193228,100.0,MINIMAL,0.0,NOT_A_TARGET
ITPtn,ITP nuclear transport,Unknown,0.23437252228949343,0.23437252228949343,100.0,MINIMAL,0,,,itp_c <=> itp_n,0.2814317775193228,0.2814317775193228,100.0,MINIMAL,0.0,NOT_A_TARGET
LGTHL,Lactoylglutathione lyase,Unknown,0.23437252228949343,0.23437252228949343,100.0,MINIMAL,1,2739_AT1,GLO1,gthrd_c + mthgxl_c --> lgt__S_c,0.2814317775193228,0.2814317775193228,100.0,MINIMAL,0.0,NOT_A_TARGET
HXANtx,Hypoxanthine diffusion in peroxisome,Unknown,0.23437252228949343,0.23437252228949343,100.0,MINIMAL,0,,,hxan_c --> hxan_x,0.2814317775193228,0.2814317775193228,100.0,MINIMAL,0.0,NOT_A_TARGET
IZPN,Imidazolonepropionase,Unknown,0.23437252228949343,0.23437252228949343,100.0,MINIMAL,1,144193_AT1,G_144193_AT1,4izp_c + h2o_c --> forglu_c + h_c,0.2814317775193228,0.2814317775193228,100.0,MINIMAL,0.0,NOT_A_TARGET
LIMNENte,Xenobiotic transport,Unknown,0.23437252228949343,0.23437252228949343,100.0,MINIMAL,0,,,limnen_e <=> limnen_c,0.2814317775193228,0.2814317775193228,100.0,MINIMAL,0.0,NOT_A_TARGET
HYPTROX,Hypotaurine oxidase,Unknown,0.23437252228949343,0.23437252228949343,100.0,MINIMAL,0,,,2.0 h_c + 2.0 hyptaur_c + o2_c --> 2.0 taur_c,0.2814317775193228,0.2814317775193228,100.0,MINIMAL,0.0,NOT_A_TARGET
It,Iodide uniport,Unknown,0.23437252228949343,0.23437252228949343,100.0,MINIMAL,1,160728_AT1,SLC5A8,i_e <=> i_c,0.2814317775193228,0.2814317775193228,100.0,MINIMAL,0.0,NOT_A_TARGET
LNELDCCPT1,Carnitine O-palmitoyltransferase,Unknown,0.23437252228949343,0.23437252228949343,100.0,MINIMAL,6,1375_AT2;1374_AT1;1375_AT3;126129_AT1;1375_AT4;1375_AT1,CPT1B;CPT1A;CPT1B;CPT1C;CPT1B;CPT1B,crn_c + lneldccoa_c --> coa_c + lneldccrn_c,0.2814317775193228,0.2814317775193228,100.0,MINIMAL,0.0,NOT_A_TARGET
LPSe,LPSe,Unknown,0.23437252228949343,0.23437252228949343,100.0,MINIMAL,6,8513_AT1;5408_AT1;3990_AT1;5407_AT1;5406_AT1;9388_AT1,LIPF;PNLIPRP2;LIPC;PNLIPRP1;PNLIP;LIPG,h2o_e + tag_hs_e --> Rtotal3_e + dag_hs_e + h_e,0.2814317775193228,0.2814317775193228,100.0,MINIMAL,0.0,NOT_A_TARGET
HYXNt,Hypoxanthine transport,Unknown,0.23437252228949343,0.23437252228949343,100.0,MINIMAL,1,3177_AT1,SLC29A2,hxan_e <=> hxan_c,0.2814317775193228,0.2814317775193228,100.0,MINIMAL,0.0,NOT_A_TARGET
Htm,Uncoupling protein,Unknown,0.23437252228949343,0.23437252228949343,100.0,MINIMAL,7,9016_AT2;9016_AT1;7351_AT1;9481_AT1;7350_AT1;7352_AT1;7352_AT2,SLC25A14;SLC25A14;UCP2;SLC25A27;UCP1;UCP3;UCP3,h_c --> h_m,0.2814317775193228,0.2814317775193228,100.0,MINIMAL,0.0,NOT_A_TARGET
LNELDCCPT2,Carnitine transferase,Unknown,0.23437252228949343,0.23437252228949343,100.0,MINIMAL,1,1376_AT1,CPT2,coa_m + lneldccrn_m --> crn_m + lneldccoa_m,0.2814317775193228,0.2814317775193228,100.0,MINIMAL,0.0,NOT_A_TARGET
GTHPm,Glutathione peroxidase  mitochondria,Unknown,0.23437252228949343,0.23437252228949343,100.0,MINIMAL,3,10935_AT2;10935_AT1;2879_AT1,PRDX3;PRDX3;GPX4,2.0 gthrd_m + h2o2_m <=> gthox_m + 2.0 h2o_m,0.2814317775193228,0.2814317775193228,100.0,MINIMAL,0.0,NOT_A_TARGET
GTHPe,Glutathione peroxidase,Unknown,0.23437252228949343,0.23437252228949343,100.0,MINIMAL,2,2878_AT1;257202_AT1,GPX3;GPX6,2.0 gthrd_e + h2o2_e <=> gthox_e + 2.0 h2o_e,0.2814317775193228,0.2814317775193228,100.0,MINIMAL,0.0,NOT_A_TARGET
GLYCTO1p,(S)-2-hydroxy-acid oxidase,Unknown,0.23437252228949343,0.23437252228949343,100.0,MINIMAL,3,51179_AT2;54363_AT1;51179_AT1,HAO2;HAO1;HAO2,glyclt_x + o2_x --> glx_x + h2o2_x,0.2814317775193228,0.2814317775193228,100.0,MINIMAL,0.0,NOT_A_TARGET
GLYCLTtp,"Glycolate transport, glyoxysome",Unknown,0.23437252228949343,0.23437252228949343,100.0,MINIMAL,0,,,glyclt_c --> glyclt_x,0.2814317775193228,0.2814317775193228,100.0,MINIMAL,0.0,NOT_A_TARGET
LNELDCCRNt,Transport into the mitochondria (carnitine),Unknown,0.23437252228949343,0.23437252228949343,100.0,MINIMAL,1,788_AT1,SLC25A20,lneldccrn_c --> lneldccrn_m,0.2814317775193228,0.2814317775193228,100.0,MINIMAL,0.0,NOT_A_TARGET
KAS8,"B-ketoacyl synthetase (palmitate, n-C16:0)",Unknown,0.23437252228949343,0.23437252228949343,100.0,MINIMAL,1,2194_AT1,FASN,accoa_c + 20.0 h_c + 7.0 malcoa_c + 14.0 nadph_c --> 7.0 co2_c + 8.0 coa_c + 6.0 h2o_c + hdca_c + 14.0 nadp_c,0.2814317775193228,0.2814317775193228,100.0,MINIMAL,0.0,NOT_A_TARGET
LNELDCt,Fatty acid transport via diffusion,Unknown,0.23437252228949343,0.23437252228949343,100.0,MINIMAL,0,,,lneldc_e <=> lneldc_c,0.2814317775193228,0.2814317775193228,100.0,MINIMAL,0.0,NOT_A_TARGET
LNLCCPT1,Carnitine O-palmitoyltransferase,Unknown,0.23437252228949343,0.23437252228949343,100.0,MINIMAL,6,1375_AT2;1374_AT1;1375_AT3;126129_AT1;1375_AT4;1375_AT1,CPT1B;CPT1A;CPT1B;CPT1C;CPT1B;CPT1B,crn_c + lnlccoa_c --> coa_c + lnlccrn_c,0.2814317775193228,0.2814317775193228,100.0,MINIMAL,0.0,NOT_A_TARGET
HCOUMARINte,Xenobiotic transport,Unknown,0.23437252228949343,0.23437252228949343,100.0,MINIMAL,0,,,hcoumarin_e <=> hcoumarin_c,0.2814317775193228,0.2814317775193228,100.0,MINIMAL,0.0,NOT_A_TARGET
HEXCt,Fatty acid transport via diffusion,Unknown,0.23437252228949343,0.23437252228949343,100.0,MINIMAL,0,,,hexc_e <=> hexc_c,0.2814317775193228,0.2814317775193228,100.0,MINIMAL,0.0,NOT_A_TARGET
HEXCCOAtx,Fatty acid intracellular transport,Unknown,0.23437252228949343,0.23437252228949343,100.0,MINIMAL,0,,,hexccoa_c <=> hexccoa_x,0.2814317775193228,0.2814317775193228,100.0,MINIMAL,0.0,NOT_A_TARGET
H2Otn,H2O transport  nuclear,Unknown,0.23437252228949343,0.23437252228949343,100.0,MINIMAL,0,,,h2o_n <=> h2o_c,0.2814317775193228,0.2814317775193228,100.0,MINIMAL,0.0,NOT_A_TARGET
HCO3_CLt,Bicarbonate transport (Cl-/HCO3- exchange),Unknown,0.23437252228949343,0.23437252228949343,100.0,MINIMAL,5,6521_AT1;6508_AT2;83697_AT1;6522_AT1;6508_AT1,SLC4A1;SLC4A3;SLC4A9;SLC4A2;SLC4A3,cl_c + hco3_e <=> cl_e + hco3_c,0.2814317775193228,0.2814317775193228,100.0,MINIMAL,0.0,NOT_A_TARGET
HISDC,Histidine decarboxylase,Unknown,0.23437252228949343,0.23437252228949343,100.0,MINIMAL,2,3067_AT1;1644_AT1,HDC;DDC,h_c + his__L_c --> co2_c + hista_c,0.2814317775193228,0.2814317775193228,100.0,MINIMAL,0.0,NOT_A_TARGET
HIBDm,"3-hydroxyisobutyrate dehydrogenase, mitochondrial",Unknown,0.23437252228949343,0.23437252228949343,100.0,MINIMAL,1,11112_AT1,HIBADH,3hmp_m + nad_m <=> 2mop_m + h_m + nadh_m,0.2814317775193228,0.2814317775193228,100.0,MINIMAL,0.0,NOT_A_TARGET
HDCAter,Palmitate ER export,Unknown,0.23437252228949343,0.23437252228949343,100.0,MINIMAL,0,,,hdca_r --> hdca_c,0.2814317775193228,0.2814317775193228,100.0,MINIMAL,0.0,NOT_A_TARGET
HGNTOR,Homogentisateoxygen 1 2 oxidoreductase  decyclizing,Unknown,0.23437252228949343,0.23437252228949343,100.0,MINIMAL,1,3081_AT1,HGD,hgentis_c + o2_c --> 4mlacac_c + h_c,0.2814317775193228,0.2814317775193228,100.0,MINIMAL,0.0,NOT_A_TARGET
GUAt,Guanine transport,Unknown,0.23437252228949343,0.23437252228949343,100.0,MINIMAL,1,3177_AT1,SLC29A2,gua_e <=> gua_c,0.2814317775193228,0.2814317775193228,100.0,MINIMAL,0.0,NOT_A_TARGET
GULN3D,L-gulonate 3-dehydrogenase,Unknown,0.23437252228949343,0.23437252228949343,100.0,MINIMAL,0,,,guln__L_c + nad_c <=> 3dhguln_c + h_c + nadh_c,0.2814317775193228,0.2814317775193228,100.0,MINIMAL,0.0,NOT_A_TARGET
H2CO3Dm,Carboxylic acid dissociation,Unknown,0.23437252228949343,0.23437252228949343,100.0,MINIMAL,2,11238_AT1;763_AT1,CA5B;CA5A,co2_m + h2o_m <=> h2co3_m,0.2814317775193228,0.2814317775193228,100.0,MINIMAL,0.0,NOT_A_TARGET
GULNDer,"Gulonate dehydrogenase, endoplasmic reticulum",Unknown,0.23437252228949343,0.23437252228949343,100.0,MINIMAL,0,,,glcur_r + h_r + nadph_r <=> guln__L_r + nadp_r,0.2814317775193228,0.2814317775193228,100.0,MINIMAL,0.0,NOT_A_TARGET
GULNter,L-gulonate endoplasmic reticular export,Unknown,0.23437252228949343,0.23437252228949343,100.0,MINIMAL,0,,,guln__L_r --> guln__L_c,0.2814317775193228,0.2814317775193228,100.0,MINIMAL,0.0,NOT_A_TARGET
H2O2syn,Hydrogen peroxide synthesis (NADPH dependent),Unknown,0.23437252228949343,0.23437252228949343,100.0,MINIMAL,3,53905_AT1;53905_AT2;50506_AT1,DUOX1;DUOX1;DUOX2,h_c + nadph_c + o2_c --> h2o2_c + nadp_c,0.2814317775193228,0.2814317775193228,100.0,MINIMAL,0.0,NOT_A_TARGET
H2O2tly,Hydrogen peroxide lysosomal transport via diffusion,Unknown,0.23437252228949343,0.23437252228949343,100.0,MINIMAL,0,,,h2o2_c <=> h2o2_l,0.2814317775193228,0.2814317775193228,100.0,MINIMAL,0.0,NOT_A_TARGET
GluForTx,Formimidoyltransferase cyclodeaminase,Unknown,0.23437252228949343,0.23437252228949343,100.0,MINIMAL,2,10841_AT1;10841_AT2,FTCD;FTCD,forglu_c + h_c + thf_c --> 5forthf_c + glu__L_c,0.2814317775193228,0.2814317775193228,100.0,MINIMAL,0.0,NOT_A_TARGET
H2CO3D,Carboxylic acid dissociation,Unknown,0.23437252228949343,0.23437252228949343,100.0,MINIMAL,11,771_AT2;760_AT1;768_AT1;759_AT1;23632_AT1;762_AT1;766_AT2;766_AT1;761_AT1;771_AT1,CA12;CA2;CA9;CA1;CA14;CA4;CA7;CA7;CA3;CA12,co2_c + h2o_c <=> h2co3_c,0.2814317775193228,0.2814317775193228,100.0,MINIMAL,0.0,NOT_A_TARGET
H2CO3D2,Carboxylic acid dissociation,Unknown,0.23437252228949343,0.23437252228949343,100.0,MINIMAL,0,,,h_c + hco3_c <=> h2co3_c,0.2814317775193228,0.2814317775193228,100.0,MINIMAL,0.0,NOT_A_TARGET
H2CO3D2m,"Carboxylic acid dissociation, mitochondrial",Unknown,0.23437252228949343,0.23437252228949343,100.0,MINIMAL,0,,,h_m + hco3_m <=> h2co3_m,0.2814317775193228,0.2814317775193228,100.0,MINIMAL,0.0,NOT_A_TARGET
H2O2tn,Hydrogen peroxide nuclear transport,Unknown,0.23437252228949343,0.23437252228949343,100.0,MINIMAL,0,,,h2o2_c <=> h2o2_n,0.2814317775193228,0.2814317775193228,100.0,MINIMAL,0.0,NOT_A_TARGET
H2Ot,H2O transport via diffusion,Unknown,0.23437252228949343,0.23437252228949343,100.0,MINIMAL,1,6523_AT1,SLC5A1,h2o_e <=> h2o_c,0.2814317775193228,0.2814317775193228,100.0,MINIMAL,0.0,NOT_A_TARGET
HEX1,Hexokinase (D-glucose:ATP),Unknown,0.23437252228949343,0.23437252228949343,100.0,MINIMAL,11,80201_AT1;3098_AT1;3098_AT5;3098_AT2;3098_AT4;2645_AT2;3099_AT1;2645_AT1;3098_AT3;2645_AT3,HKDC1;HK1;HK1;HK1;HK1;GCK;HK2;GCK;HK1;GCK,atp_c + glc__D_c --> adp_c + g6p_c + h_c,0.2814317775193228,0.2814317775193228,100.0,MINIMAL,0.0,NOT_A_TARGET
HEX10,Hexokinase (D-glucosamine:ATP),Unknown,0.23437252228949343,0.23437252228949343,100.0,MINIMAL,11,80201_AT1;3098_AT1;3098_AT5;3098_AT2;3098_AT4;2645_AT2;3099_AT1;2645_AT1;3098_AT3;2645_AT3,HKDC1;HK1;HK1;HK1;HK1;GCK;HK2;GCK;HK1;GCK,atp_c + gam_c --> adp_c + gam6p_c + h_c,0.2814317775193228,0.2814317775193228,100.0,MINIMAL,0.0,NOT_A_TARGET
H2Otm,H2O transport  mitochondrial,Unknown,0.23437252228949343,0.23437252228949343,100.0,MINIMAL,1,343_AT1,AQP8,h2o_c <=> h2o_m,0.2814317775193228,0.2814317775193228,100.0,MINIMAL,0.0,NOT_A_TARGET
HEX4,Hexokinase (D-mannose:ATP),Unknown,0.23437252228949343,0.23437252228949343,100.0,MINIMAL,11,80201_AT1;3098_AT1;3098_AT5;3098_AT2;3098_AT4;2645_AT2;3099_AT1;2645_AT1;3098_AT3;2645_AT3,HKDC1;HK1;HK1;HK1;HK1;GCK;HK2;GCK;HK1;GCK,atp_c + man_c --> adp_c + h_c + man6p_c,0.2814317775193228,0.2814317775193228,100.0,MINIMAL,0.0,NOT_A_TARGET
HEX7,Hexokinase (D-fructose:ATP),Unknown,0.23437252228949343,0.23437252228949343,100.0,MINIMAL,11,80201_AT1;3098_AT1;3098_AT5;3098_AT2;3098_AT4;2645_AT2;3099_AT1;2645_AT1;3098_AT3;2645_AT3,HKDC1;HK1;HK1;HK1;HK1;GCK;HK2;GCK;HK1;GCK,atp_c + fru_c --> adp_c + f6p_c + h_c,0.2814317775193228,0.2814317775193228,100.0,MINIMAL,0.0,NOT_A_TARGET
HSD3B7P,"Hydroxy-delta-5-steroid dehydrogenase, 3 beta- and steroid delta-isomerase 7",Unknown,0.23437252228949343,0.23437252228949343,100.0,MINIMAL,1,80270_AT1,HSD3B7,nadp_r + xol7a_r --> h_r + nadph_r + xol7aone_r,0.2814317775193228,0.2814317775193228,100.0,MINIMAL,0.0,NOT_A_TARGET
HSD11B2r,11-beta-hydroxysteroid dehydrogenase type 2,Unknown,0.23437252228949343,0.23437252228949343,100.0,MINIMAL,1,3291_AT1,HSD11B2,cortsn_r + h_r + nadh_r <=> crtsl_r + nad_r,0.2814317775193228,0.2814317775193228,100.0,MINIMAL,0.0,NOT_A_TARGET
GTMLTe,G-glutamyltransferase (e),Unknown,0.23437252228949343,0.23437252228949343,100.0,MINIMAL,4,2678_AT1;2678_AT2;2679_AT1;2678_AT3,GGT1;GGT1;2679_AT1;GGT1,ala__L_c + gthrd_c --> cgly_e + gluala_e,0.2814317775193228,0.2814317775193228,100.0,MINIMAL,0.0,NOT_A_TARGET
NDPK5n,"Nucleoside-diphosphate kinase (ATP:dGDP), nuclear",Unknown,0.23437252228949343,0.23437252228949343,100.0,MINIMAL,3,4830_AT1;4830_AT2;4831_AT1,NME1;NME1;NME2,atp_n + dgdp_n <=> adp_n + dgtp_n,0.2814317775193228,0.2814317775193228,100.0,MINIMAL,0.0,NOT_A_TARGET
NDPK6,Nucleoside-diphosphate kinase (ATP:dUDP),Unknown,0.23437252228949343,0.23437252228949343,100.0,MINIMAL,7,29922_AT1;4830_AT1;29922_AT2;4832_AT1;10201_AT1;4830_AT2;4831_AT1,NME7;NME1;NME7;NME3;NME6;NME1;NME2,atp_c + dudp_c <=> adp_c + dutp_c,0.2814317775193228,0.2814317775193228,100.0,MINIMAL,0.0,NOT_A_TARGET
NDPK6m,"ATP:dUDP phosphotransferase, mitochondria",Unknown,0.23437252228949343,0.23437252228949343,100.0,MINIMAL,1,4833_AT1,NME4,atp_m + dudp_m <=> adp_m + dutp_m,0.2814317775193228,0.2814317775193228,100.0,MINIMAL,0.0,NOT_A_TARGET
NNMT,Nicotinamide N methyltransferase,Unknown,0.23437252228949343,0.23437252228949343,100.0,MINIMAL,1,4837_AT1,NNMT,amet_c + ncam_c --> 1mncam_c + ahcys_c,0.2814317775193228,0.2814317775193228,100.0,MINIMAL,0.0,NOT_A_TARGET
NORANMT,Noradrenaline N-methyltransferase,Unknown,0.23437252228949343,0.23437252228949343,100.0,MINIMAL,1,5409_AT1,PNMT,amet_c + nrpphr_c --> adrnl_c + ahcys_c + h_c,0.2814317775193228,0.2814317775193228,100.0,MINIMAL,0.0,NOT_A_TARGET
NOS1,"L-Arginine,NADPH:oxygen oxidoreductase (N-(omega)-hydroxyarginine-forming)",Unknown,0.23437252228949343,0.23437252228949343,100.0,MINIMAL,6,4843_AT2;4846_AT1;4843_AT1;4844_AT1;4845_AT1;4842_AT1,NOS2;NOS3;NOS2;4844_AT1;4845_AT1;NOS1,arg__L_c + h_c + nadph_c + o2_c --> h2o_c + nadp_c + nwharg_c,0.2814317775193228,0.2814317775193228,100.0,MINIMAL,0.0,NOT_A_TARGET
NOS2,Nitric Oxide Synthase (NO forming),Unknown,0.23437252228949343,0.23437252228949343,100.0,MINIMAL,6,4843_AT2;4846_AT1;4843_AT1;4844_AT1;4845_AT1;4842_AT1,NOS2;NOS3;NOS2;4844_AT1;4845_AT1;NOS1,nadph_c + 2.0 nwharg_c + 2.0 o2_c --> 2.0 citr__L_c + 2.0 h2o_c + h_c + nadp_c + 2.0 no_c,0.2814317775193228,0.2814317775193228,100.0,MINIMAL,0.0,NOT_A_TARGET
NOt,NO transport (diffusion),Unknown,0.23437252228949343,0.23437252228949343,100.0,MINIMAL,0,,,no_e <=> no_c,0.2814317775193228,0.2814317775193228,100.0,MINIMAL,0.0,NOT_A_TARGET
NDPK6n,"Nucleoside-diphosphate kinase (ATP:dUDP), nuclear",Unknown,0.23437252228949343,0.23437252228949343,100.0,MINIMAL,3,4830_AT2;4830_AT1;4831_AT1,NME1;NME1;NME2,atp_n + dudp_n <=> adp_n + dutp_n,0.2814317775193228,0.2814317775193228,100.0,MINIMAL,0.0,NOT_A_TARGET
NDPK7,Nucleoside-diphosphate kinase (ATP:dCDP),Unknown,0.23437252228949343,0.23437252228949343,100.0,MINIMAL,7,29922_AT1;4830_AT1;29922_AT2;4832_AT1;10201_AT1;4830_AT2;4831_AT1,NME7;NME1;NME7;NME3;NME6;NME1;NME2,atp_c + dcdp_c <=> adp_c + dctp_c,0.2814317775193228,0.2814317775193228,100.0,MINIMAL,0.0,NOT_A_TARGET
NDPK7m,"ATP:dCDP phosphotransferase, mitochondria",Unknown,0.23437252228949343,0.23437252228949343,100.0,MINIMAL,1,4833_AT1,NME4,atp_m + dcdp_m <=> adp_m + dctp_m,0.2814317775193228,0.2814317775193228,100.0,MINIMAL,0.0,NOT_A_TARGET
NDPK8,Nucleoside-diphosphate kinase (ATP:dADP),Unknown,0.23437252228949343,0.23437252228949343,100.0,MINIMAL,7,29922_AT1;4830_AT1;29922_AT2;4832_AT1;10201_AT1;4830_AT2;4831_AT1,NME7;NME1;NME7;NME3;NME6;NME1;NME2,atp_c + dadp_c <=> adp_c + datp_c,0.2814317775193228,0.2814317775193228,100.0,MINIMAL,0.0,NOT_A_TARGET
NDPK8m,"Nucleoside-diphosphate kinase, mitochondria",Unknown,0.23437252228949343,0.23437252228949343,100.0,MINIMAL,1,4833_AT1,NME4,atp_m + dadp_m <=> adp_m + datp_m,0.2814317775193228,0.2814317775193228,100.0,MINIMAL,0.0,NOT_A_TARGET
NP1,Nucleotide phosphatase,Unknown,0.23437252228949343,0.23437252228949343,100.0,MINIMAL,1,4860_AT1,PNP,h_c + nac_c + r1p_c --> nicrns_c + pi_c,0.2814317775193228,0.2814317775193228,100.0,MINIMAL,0.0,NOT_A_TARGET
NPTHLte,Xenobiotic transport,Unknown,0.23437252228949343,0.23437252228949343,100.0,MINIMAL,0,,,npthl_e <=> npthl_c,0.2814317775193228,0.2814317775193228,100.0,MINIMAL,0.0,NOT_A_TARGET
NDPK8n,"Nucleoside-diphosphate kinase (ATP:dADP), nuclear",Unknown,0.23437252228949343,0.23437252228949343,100.0,MINIMAL,3,4830_AT1;4830_AT2;4831_AT1,NME1;NME1;NME2,atp_n + dadp_n <=> adp_n + datp_n,0.2814317775193228,0.2814317775193228,100.0,MINIMAL,0.0,NOT_A_TARGET
GMPtn,GMP nuclear transport,Unknown,0.23437252228949343,0.23437252228949343,100.0,MINIMAL,0,,,gmp_c <=> gmp_n,0.2814317775193228,0.2814317775193228,100.0,MINIMAL,0.0,NOT_A_TARGET
LEUtec,L-leucine transport via diffusion,Unknown,0.23437252228949343,0.23437252228949343,100.0,MINIMAL,2,124935_AT1;8501_AT1,SLC43A2;SLC43A1,leu__L_e <=> leu__L_c,0.2814317775193228,0.2814317775193228,100.0,MINIMAL,0.0,NOT_A_TARGET
NTD8,5'-nucleotidase (dGMP),Unknown,0.23437252228949343,0.23437252228949343,100.0,MINIMAL,2,22978_AT1;30833_AT1,NT5C2;NT5C,dgmp_c + h2o_c --> dgsn_c + pi_c,0.2814317775193228,0.2814317775193228,100.0,MINIMAL,0.0,NOT_A_TARGET
NRPPHRVESSEC,Noradrenaline secretion via secretory vesicle (ATP driven),Unknown,0.23437252228949343,0.23437252228949343,100.0,MINIMAL,2,6571_AT1;6570_AT1,SLC18A2;SLC18A1,2.0 atp_c + 2.0 h2o_c + 3.0 nrpphr_c --> 2.0 adp_c + 2.0 h_c + 3.0 nrpphr_e + 2.0 pi_c,0.2814317775193228,0.2814317775193228,100.0,MINIMAL,0.0,NOT_A_TARGET
NNDPR,Nicotinate-nucleotide diphosphorylase (carboxylating),Unknown,0.23437252228949343,0.23437252228949343,100.0,MINIMAL,1,23475_AT1,QPRT,2.0 h_c + prpp_c + quln_c --> co2_c + nicrnt_c + ppi_c,0.2814317775193228,0.2814317775193228,100.0,MINIMAL,0.0,NOT_A_TARGET
NDPK5m,"Nucleoside-diphosphate kinase (ATP:dGDP), mitochondrial",Unknown,0.23437252228949343,0.23437252228949343,100.0,MINIMAL,1,4833_AT1,NME4,atp_m + dgdp_m <=> adp_m + dgtp_m,0.2814317775193228,0.2814317775193228,100.0,MINIMAL,0.0,NOT_A_TARGET
NRPPHRt4_2_r,NRPPHRt4 LPAREN 2 RPAREN r,Unknown,0.23437252228949343,0.23437252228949343,100.0,MINIMAL,2,6530_AT1;6531_AT1,SLC6A2;SLC6A3,2.0 na1_e + nrpphr_e <=> 2.0 na1_c + nrpphr_c,0.2814317775193228,0.2814317775193228,100.0,MINIMAL,0.0,NOT_A_TARGET
NDPK5,Nucleoside-diphosphate kinase (ATP:dGDP),Unknown,0.23437252228949343,0.23437252228949343,100.0,MINIMAL,7,29922_AT1;4830_AT1;29922_AT2;4832_AT1;10201_AT1;4830_AT2;4831_AT1,NME7;NME1;NME7;NME3;NME6;NME1;NME2,atp_c + dgdp_c <=> adp_c + dgtp_c,0.2814317775193228,0.2814317775193228,100.0,MINIMAL,0.0,NOT_A_TARGET
LEUt5m,Leucine mitochondrial transport,Unknown,0.23437252228949343,0.23437252228949343,100.0,MINIMAL,0,,,leu__L_c <=> leu__L_m,0.2814317775193228,0.2814317775193228,100.0,MINIMAL,0.0,NOT_A_TARGET
NNATr_copy2,Nicotinate-nucleotide adenylyltransferase,Unknown,0.23437252228949343,0.23437252228949343,100.0,MINIMAL,3,23057_AT2;349565_AT1;23057_AT1,NMNAT2;NMNAT3;NMNAT2,atp_c + h_c + nicrnt_c <=> dnad_c + ppi_c,0.2814317775193228,0.2814317775193228,100.0,MINIMAL,0.0,NOT_A_TARGET
HSD11B1r,11-beta-hydroxysteroid dehydrogenase type 1,Unknown,0.23437252228949343,0.23437252228949343,100.0,MINIMAL,2,3290_AT2;3290_AT1,HSD11B1;HSD11B1,cortsn_r + h_r + nadph_r <=> crtsl_r + nadp_r,0.2814317775193228,0.2814317775193228,100.0,MINIMAL,0.0,NOT_A_TARGET
MI145PP,"D-myo-Inositol-1,4,5-trisphosphate 5-phosphohydrolase",Unknown,0.23437252228949343,0.23437252228949343,100.0,MINIMAL,9,3636_AT1;8867_AT1;8867_AT2;56623_AT1;3635_AT1;3633_AT1;27124_AT2;3632_AT1;27124_AT1,INPPL1;SYNJ1;SYNJ1;INPP5E;INPP5D;INPP5B;INPP5J;INPP5A;INPP5J,h2o_c + mi145p_c --> mi14p_c + pi_c,0.2814317775193228,0.2814317775193228,100.0,MINIMAL,0.0,NOT_A_TARGET
HDCAt,Hexadecanoate  n C160  transport in via uniport,Unknown,0.23437252228949343,0.23437252228949343,100.0,MINIMAL,1,10998_AT1,SLC27A5,hdca_e <=> hdca_c,0.2814317775193228,0.2814317775193228,100.0,MINIMAL,0.0,NOT_A_TARGET
HPACtr,Hydroxyphenylacetate transport via diffusion,Unknown,0.23437252228949343,0.23437252228949343,100.0,MINIMAL,0,,,4hphac_c <=> 4hphac_e,0.2814317775193228,0.2814317775193228,100.0,MINIMAL,0.0,NOT_A_TARGET
MEOHtly,"Methanol transporter, lysosome",Unknown,0.23437252228949343,0.23437252228949343,100.0,MINIMAL,0,,,meoh_c <=> meoh_l,0.2814317775193228,0.2814317775193228,100.0,MINIMAL,0.0,NOT_A_TARGET
HPDCACRNCPT1,Carnitine fatty-acyl transferase,Unknown,0.23437252228949343,0.23437252228949343,100.0,MINIMAL,5,1375_AT2;1374_AT1;1375_AT3;126129_AT1;1375_AT1,CPT1B;CPT1A;CPT1B;CPT1C;CPT1B,crn_c + hpdcacoa_c --> coa_c + hpdcacrn_c,0.2814317775193228,0.2814317775193228,100.0,MINIMAL,0.0,NOT_A_TARGET
HPDCACRNCPT2,Heptadecanoate transport into the mitochondria,Unknown,0.23437252228949343,0.23437252228949343,100.0,MINIMAL,1,1376_AT1,CPT2,coa_m + hpdcacrn_m --> crn_m + hpdcacoa_m,0.2814317775193228,0.2814317775193228,100.0,MINIMAL,0.0,NOT_A_TARGET
HPDCACRNt,Heptadecanoate transport into the mitochondria,Unknown,0.23437252228949343,0.23437252228949343,100.0,MINIMAL,1,788_AT1,SLC25A20,hpdcacrn_c --> hpdcacrn_m,0.2814317775193228,0.2814317775193228,100.0,MINIMAL,0.0,NOT_A_TARGET
HPDCAt,Fatty acid transport via diffusion,Unknown,0.23437252228949343,0.23437252228949343,100.0,MINIMAL,0,,,hpdca_e <=> hpdca_c,0.2814317775193228,0.2814317775193228,100.0,MINIMAL,0.0,NOT_A_TARGET
HDD2COAtx,Hdd2coa intracellular transport,Unknown,0.23437252228949343,0.23437252228949343,100.0,MINIMAL,0,,,hdd2coa_c <=> hdd2coa_x,0.2814317775193228,0.2814317775193228,100.0,MINIMAL,0.0,NOT_A_TARGET
HESTRATRIOLte,Hydroxylated estrogen derivative transport,Unknown,0.23437252228949343,0.23437252228949343,100.0,MINIMAL,0,,,hestratriol_c <=> hestratriol_e,0.2814317775193228,0.2814317775193228,100.0,MINIMAL,0.0,NOT_A_TARGET
HESTRATRIOLtr,Hydroxylated estrogen derivative transport,Unknown,0.23437252228949343,0.23437252228949343,100.0,MINIMAL,0,,,hestratriol_c <=> hestratriol_r,0.2814317775193228,0.2814317775193228,100.0,MINIMAL,0.0,NOT_A_TARGET
HSD17B42x,Hydroxysteroid (17-beta) dehydrogenase 4,Unknown,0.23437252228949343,0.23437252228949343,100.0,MINIMAL,1,3295_AT1,HSD17B4,h_x + nadph_x + o2_x + thcholoylcoa_x --> dhocholoylcoa_x + 2.0 h2o_x + nadp_x,0.2814317775193228,0.2814317775193228,100.0,MINIMAL,0.0,NOT_A_TARGET
GTHS,Glutathione synthetase,Unknown,0.23437252228949343,0.23437252228949343,100.0,MINIMAL,1,2937_AT1,GSS,atp_c + glucys_c + gly_c --> adp_c + gthrd_c + h_c + pi_c,0.2814317775193228,0.2814317775193228,100.0,MINIMAL,0.0,NOT_A_TARGET
HSD17B4x,Hydroxysteroid (17-beta) dehydrogenase 4,Unknown,0.23437252228949343,0.23437252228949343,100.0,MINIMAL,1,3295_AT1,HSD17B4,cholcoads_x + h_x + nadph_x + o2_x --> cholcoaone_x + h2o_x + nadp_x,0.2814317775193228,0.2814317775193228,100.0,MINIMAL,0.0,NOT_A_TARGET
HSD17B7r,Testicular 17-beta-hydroxysteroid dehydrogenase,Unknown,0.23437252228949343,0.23437252228949343,100.0,MINIMAL,1,51478_AT1,HSD17B7,estrone_r + h_r + nadph_r --> estradiol_r + nadp_r,0.2814317775193228,0.2814317775193228,100.0,MINIMAL,0.0,NOT_A_TARGET
HSD17B8r,17-beta-hydroxysteroid dehydrogenase,Unknown,0.23437252228949343,0.23437252228949343,100.0,MINIMAL,1,3294_AT1,HSD17B2,estrone_r + h_r + nadh_r --> estradiol_r + nad_r,0.2814317775193228,0.2814317775193228,100.0,MINIMAL,0.0,NOT_A_TARGET
HSD17B9r,17-beta-hydroxysteroid dehydrogenase (type 7),Unknown,0.23437252228949343,0.23437252228949343,100.0,MINIMAL,1,51478_AT1,HSD17B7,andrstrn_r + h_r + nadph_r + 1.5 o2_r --> eandrstrn_r + 2.0 h2o_r + nadp_r,0.2814317775193228,0.2814317775193228,100.0,MINIMAL,0.0,NOT_A_TARGET
HSD3A1r,3 alpha-hydroxysteroid dehydrogenase (type 3),Unknown,0.23437252228949343,0.23437252228949343,100.0,MINIMAL,1,1109_AT1,AKR1C4,andrstandn_r + h_r + nadh_r <=> andrstrn_r + nad_r,0.2814317775193228,0.2814317775193228,100.0,MINIMAL,0.0,NOT_A_TARGET
HSD3A2r,3 alpha-hydroxysteroid dehydrogenase (type 3),Unknown,0.23437252228949343,0.23437252228949343,100.0,MINIMAL,1,1109_AT1,AKR1C4,andrstandn_r + h_r + nadph_r <=> andrstrn_r + nadp_r,0.2814317775193228,0.2814317775193228,100.0,MINIMAL,0.0,NOT_A_TARGET
ITCOAL1m,"Itaconate--CoA ligase (GDP-forming), mitochondrial",Unknown,0.23437252228949343,0.23437252228949343,100.0,MINIMAL,2,8802_AT1;8801_AT1,SUCLG1;SUCLG2,coa_m + gtp_m + itacon_m <=> gdp_m + itaccoa_m + pi_m,0.2814317775193228,0.2814317775193228,100.0,MINIMAL,0.0,NOT_A_TARGET
HSD3B3r,3 beta-hydroxysteroid dehydrogenase type 1,Unknown,0.23437252228949343,0.23437252228949343,100.0,MINIMAL,1,3284_AT1,HSD3B2,eandrstrn_r + h_r + nadph_r --> andrstandn_r + h2o_r + nadp_r,0.2814317775193228,0.2814317775193228,100.0,MINIMAL,0.0,NOT_A_TARGET
HSD3B7,"Hydroxy-delta-5-steroid dehydrogenase, 3 beta- and steroid delta-isomerase 7",Unknown,0.23437252228949343,0.23437252228949343,100.0,MINIMAL,1,80270_AT1,HSD3B7,nad_r + xol7a_r --> h_r + nadh_r + xol7aone_r,0.2814317775193228,0.2814317775193228,100.0,MINIMAL,0.0,NOT_A_TARGET
GLUt7l,"Glutamate transport, lysosomal",Unknown,0.23437252228949343,0.23437252228949343,100.0,MINIMAL,0,,,glu__L_l --> glu__L_c,0.2814317775193228,0.2814317775193228,100.0,MINIMAL,0.0,NOT_A_TARGET
MI145PK,"Inositol-1,4,5-trisphosphate 3-kinase",Unknown,0.23437252228949343,0.23437252228949343,100.0,MINIMAL,3,80271_AT1;3706_AT1;3707_AT1,ITPKC;ITPKA;ITPKB,atp_c + mi145p_c --> adp_c + h_c + mi1345p_c,0.2814317775193228,0.2814317775193228,100.0,MINIMAL,0.0,NOT_A_TARGET
HMGLx,Hydroxymethylglutaryl-CoA lyase,Unknown,0.23437252228949343,0.23437252228949343,100.0,MINIMAL,1,3155_AT1,HMGCL,hmgcoa_x --> acac_x + accoa_x,0.2814317775193228,0.2814317775193228,100.0,MINIMAL,0.0,NOT_A_TARGET
HMGLm,Hydroxymethylglutaryl-CoA lyase,Unknown,0.23437252228949343,0.23437252228949343,100.0,MINIMAL,2,3155_AT1;54511_AT1,HMGCL;HMGCLL1,hmgcoa_m --> acac_m + accoa_m,0.2814317775193228,0.2814317775193228,100.0,MINIMAL,0.0,NOT_A_TARGET
GLYK,Glycerol kinase,Unknown,0.23437252228949343,0.23437252228949343,100.0,MINIMAL,4,2712_AT1;2710_AT1;2713_AT1;2710_AT2,GK2;GK;2713_AT1;GK,atp_c + glyc_c --> adp_c + glyc3p_c + h_c,0.2814317775193228,0.2814317775193228,100.0,MINIMAL,0.0,NOT_A_TARGET
LNLNCACRNt,Transport into the mitochondria (carnitine),Unknown,0.23437252228949343,0.23437252228949343,100.0,MINIMAL,1,788_AT1,SLC25A20,lnlncacrn_c --> lnlncacrn_m,0.2814317775193228,0.2814317775193228,100.0,MINIMAL,0.0,NOT_A_TARGET
LNLNCGCPT1,Carnitine O-palmitoyltransferase,Unknown,0.23437252228949343,0.23437252228949343,100.0,MINIMAL,6,1375_AT2;1374_AT1;1375_AT3;126129_AT1;1375_AT4;1375_AT1,CPT1B;CPT1A;CPT1B;CPT1C;CPT1B;CPT1B,crn_c + lnlncgcoa_c --> coa_c + lnlncgcrn_c,0.2814317775193228,0.2814317775193228,100.0,MINIMAL,0.0,NOT_A_TARGET
LNLNCGCPT2,Carnitine transferase,Unknown,0.23437252228949343,0.23437252228949343,100.0,MINIMAL,1,1376_AT1,CPT2,coa_m + lnlncgcrn_m --> crn_m + lnlncgcoa_m,0.2814317775193228,0.2814317775193228,100.0,MINIMAL,0.0,NOT_A_TARGET
LNLNCGCRNt,Transport into the mitochondria (carnitine),Unknown,0.23437252228949343,0.23437252228949343,100.0,MINIMAL,1,788_AT1,SLC25A20,lnlncgcrn_c --> lnlncgcrn_m,0.2814317775193228,0.2814317775193228,100.0,MINIMAL,0.0,NOT_A_TARGET
LNLNCGt,Fatty acid transport via diffusion,Unknown,0.23437252228949343,0.23437252228949343,100.0,MINIMAL,1,10998_AT1,SLC27A5,lnlncg_e <=> lnlncg_c,0.2814317775193228,0.2814317775193228,100.0,MINIMAL,0.0,NOT_A_TARGET
KCCt,K+-Cl- cotransport,Unknown,0.23437252228949343,0.23437252228949343,100.0,MINIMAL,4,6560_AT1;10723_AT1;9990_AT1;57468_AT1,SLC12A4;SLC12A7;SLC12A6;SLC12A5,cl_e + k_e <=> cl_c + k_c,0.2814317775193228,0.2814317775193228,100.0,MINIMAL,0.0,NOT_A_TARGET
GLYCLTDy,Glycolate dehydrogenase (NADP),Unknown,0.23437252228949343,0.23437252228949343,100.0,MINIMAL,1,9380_AT1,GRHPR,glx_c + h_c + nadph_c --> glyclt_c + nadp_c,0.2814317775193228,0.2814317775193228,100.0,MINIMAL,0.0,NOT_A_TARGET
GACMTRc,Guanidinoacetate N-methyltransferase (c),Unknown,0.23437252228949343,0.23437252228949343,100.0,MINIMAL,2,2593_AT1;2593_AT2,GAMT;GAMT,amet_c + gudac_c <=> ahcys_c + creat_c + h_c,0.2814317775193228,0.2814317775193228,100.0,MINIMAL,0.0,NOT_A_TARGET
INSt,Inosine transport (diffusion),Unknown,0.23437252228949343,0.23437252228949343,100.0,MINIMAL,2,3177_AT1;2030_AT1,SLC29A2;SLC29A1,ins_e <=> ins_c,0.2814317775193228,0.2814317775193228,100.0,MINIMAL,0.0,NOT_A_TARGET
LTD4DP,Leukotriene D4 dipeptidase,Unknown,0.23437252228949343,0.23437252228949343,100.0,MINIMAL,0,,,h2o_c + leuktrD4_c <=> gly_c + leuktrE4_c,0.2814317775193228,0.2814317775193228,100.0,MINIMAL,0.0,NOT_A_TARGET
ICDHxm,Isocitrate dehydrogenase  NAD,Unknown,0.23437252228949343,0.23437252228949343,100.0,MINIMAL,6,3420_AT2;3421_AT2;3420_AT1;3420_AT3;3421_AT1;3419_AT1,IDH3B;IDH3G;IDH3B;IDH3B;IDH3G;IDH3A,icit_m + nad_m --> akg_m + co2_m + nadh_m,0.2814317775193228,0.2814317775193228,100.0,MINIMAL,0.0,NOT_A_TARGET
GLXO1,Glyoxylate oxidase,Unknown,0.23437252228949343,0.23437252228949343,100.0,MINIMAL,9,197257_AT2;3948_AT1;55293_AT1;160287_AT1;3948_AT2;3945_AT1;197257_AT1;3939_AT1;92483_AT1,LDHD;LDHC;UEVLD;LDHAL6A;LDHC;LDHB;LDHD;LDHA;LDHAL6B,glx_c + h2o_c + nad_c --> 2.0 h_c + nadh_c + oxa_c,0.2814317775193228,0.2814317775193228,100.0,MINIMAL,0.0,NOT_A_TARGET
METtec,L-methionine transport via diffusion (extracellular to cytosol),Unknown,0.23437252228949343,0.23437252228949343,100.0,MINIMAL,2,124935_AT1;8501_AT1,SLC43A2;SLC43A1,met__L_e <=> met__L_c,0.2814317775193228,0.2814317775193228,100.0,MINIMAL,0.0,NOT_A_TARGET
GLUtr,Intracellular transport,Unknown,0.23437252228949343,0.23437252228949343,100.0,MINIMAL,0,,,glu__L_c <=> glu__L_r,0.2814317775193228,0.2814317775193228,100.0,MINIMAL,0.0,NOT_A_TARGET
MACOXO,3-Methylimidazole acetaldehyde:NAD+ oxidoreductase,Unknown,0.23437252228949343,0.23437252228949343,100.0,MINIMAL,5,218_AT1;222_AT1;4129_AT1;221_AT1;220_AT1,ALDH3A1;ALDH3B2;MAOB;ALDH3B1;ALDH1A3,3mldz_c + h2o_c + nad_c --> 3mlda_c + 2.0 h_c + nadh_c,0.2814317775193228,0.2814317775193228,100.0,MINIMAL,0.0,NOT_A_TARGET
MALSO3tm,"Malate:sulfite antiport, mitochondrial",Unknown,0.23437252228949343,0.23437252228949343,100.0,MINIMAL,1,1468_AT1,SLC25A10,mal__L_c + so3_m <=> mal__L_m + so3_c,0.2814317775193228,0.2814317775193228,100.0,MINIMAL,0.0,NOT_A_TARGET
MALSO4tm,"Malate:sulfate antiport, mitochondrial",Unknown,0.23437252228949343,0.23437252228949343,100.0,MINIMAL,1,1468_AT1,SLC25A10,mal__L_c + so4_m <=> mal__L_m + so4_c,0.2814317775193228,0.2814317775193228,100.0,MINIMAL,0.0,NOT_A_TARGET
MALT,Alpha glucosidase,Unknown,0.23437252228949343,0.23437252228949343,100.0,MINIMAL,1,2595_AT1,GANC,h2o_c + malt_c --> 2.0 glc__D_c,0.2814317775193228,0.2814317775193228,100.0,MINIMAL,0.0,NOT_A_TARGET
MALTSULtm,"Malate:thiosulfate antiport, mitochondrial",Unknown,0.23437252228949343,0.23437252228949343,100.0,MINIMAL,1,1468_AT1,SLC25A10,mal__L_c + tsul_m <=> mal__L_m + tsul_c,0.2814317775193228,0.2814317775193228,100.0,MINIMAL,0.0,NOT_A_TARGET
MGCHrm,Methylglutaconyl-coa hydratase,Unknown,0.23437252228949343,0.23437252228949343,100.0,MINIMAL,1,549_AT1,AUH,3mgcoa_m + h2o_m <=> hmgcoa_m,0.2814317775193228,0.2814317775193228,100.0,MINIMAL,0.0,NOT_A_TARGET
MALTt1r,Maltose transport (uniport),Unknown,0.23437252228949343,0.23437252228949343,100.0,MINIMAL,1,6515_AT1,SLC2A3,malt_e <=> malt_c,0.2814317775193228,0.2814317775193228,100.0,MINIMAL,0.0,NOT_A_TARGET
MALtm,Malate transport  mitochondrial,Unknown,0.23437252228949343,0.23437252228949343,100.0,MINIMAL,1,1468_AT1,SLC25A10,mal__L_c + pi_m <=> mal__L_m + pi_c,0.2814317775193228,0.2814317775193228,100.0,MINIMAL,0.0,NOT_A_TARGET
MHISOR,N-Methylhistamine:oxygen oxidoreductase (deaminating),Unknown,0.23437252228949343,0.23437252228949343,100.0,MINIMAL,4,8639_AT1;314_AT2;314_AT1;26_AT1,AOC3;AOC2;AOC2;AOC1,h2o_c + mhista_c + o2_c --> 3mldz_c + h2o2_c + nh4_c,0.2814317775193228,0.2814317775193228,100.0,MINIMAL,0.0,NOT_A_TARGET
MI1345PP,"D-myo-Inositol 1,3,4,5-tetrakisphosphate 5-phosphohydrolase",Unknown,0.23437252228949343,0.23437252228949343,100.0,MINIMAL,9,3636_AT1;8867_AT1;8867_AT2;56623_AT1;3635_AT1;3633_AT1;27124_AT2;3632_AT1;27124_AT1,INPPL1;SYNJ1;SYNJ1;INPP5E;INPP5D;INPP5B;INPP5J;INPP5A;INPP5J,h2o_c + mi1345p_c --> mi134p_c + pi_c,0.2814317775193228,0.2814317775193228,100.0,MINIMAL,0.0,NOT_A_TARGET
LNLNCAt,Fatty acid transport via diffusion,Unknown,0.23437252228949343,0.23437252228949343,100.0,MINIMAL,1,10998_AT1,SLC27A5,lnlnca_e <=> lnlnca_c,0.2814317775193228,0.2814317775193228,100.0,MINIMAL,0.0,NOT_A_TARGET
IDHPOXOXb,Iodide:hydrogen-peroxide oxidoreductase,Unknown,0.23437252228949343,0.23437252228949343,100.0,MINIMAL,5,7173_AT4;7173_AT2;7173_AT3;7173_AT5;7173_AT1,TPO;TPO;TPO;TPO;TPO,iodine_c + tyr__L_c --> 3ityr__L_c + h_c + i_c,0.2814317775193228,0.2814317775193228,100.0,MINIMAL,0.0,NOT_A_TARGET
LACZe,"B-galactosidase, extracellular",Unknown,0.23437252228949343,0.23437252228949343,100.0,MINIMAL,1,3938_AT1,LCT,h2o_e + lcts_e --> gal_e + glc__D_e,0.2814317775193228,0.2814317775193228,100.0,MINIMAL,0.0,NOT_A_TARGET
IDHPOXOX4,Iodide:hydrogen-peroxide oxidoreductase 4,Unknown,0.23437252228949343,0.23437252228949343,100.0,MINIMAL,5,7173_AT4;7173_AT2;7173_AT3;7173_AT5;7173_AT1,TPO;TPO;TPO;TPO;TPO,2.0 35diotyr_c + h2o2_c --> 2amac_c + 2.0 h2o_c + thyox__L_c,0.2814317775193228,0.2814317775193228,100.0,MINIMAL,0.0,NOT_A_TARGET
IMPC,IMP cyclohydrolase,Unknown,0.23437252228949343,0.23437252228949343,100.0,MINIMAL,1,471_AT1,ATIC,h2o_c + imp_c <=> fprica_c,0.2814317775193228,0.2814317775193228,100.0,MINIMAL,0.0,NOT_A_TARGET
GLYBt4_2_r,GLYBt4 LPAREN 2 RPAREN r,Unknown,0.23437252228949343,0.23437252228949343,100.0,MINIMAL,1,6539_AT1,SLC6A12,glyb_e + 2.0 na1_e <=> glyb_c + 2.0 na1_c,0.2814317775193228,0.2814317775193228,100.0,MINIMAL,0.0,NOT_A_TARGET
INOSTO,Myo-Inositol:oxygen oxidoreductase,Unknown,0.23437252228949343,0.23437252228949343,100.0,MINIMAL,1,55586_AT1,MIOX,inost_c + o2_c --> glcur_c + h2o_c + h_c,0.2814317775193228,0.2814317775193228,100.0,MINIMAL,0.0,NOT_A_TARGET
LSTO1r,Lathosterol oxidase,Unknown,0.23437252228949343,0.23437252228949343,100.0,MINIMAL,1,6309_AT1,SC5D,chlstol_r + h_r + nadph_r + o2_r --> ddsmsterol_r + 2.0 h2o_r + nadp_r,0.2814317775193228,0.2814317775193228,100.0,MINIMAL,0.0,NOT_A_TARGET
LSTO2r,Lathosterol oxidase,Unknown,0.23437252228949343,0.23437252228949343,100.0,MINIMAL,1,6309_AT1,SC5D,h_r + lthstrl_r + nadph_r + o2_r --> 7dhchsterol_r + 2.0 h2o_r + nadp_r,0.2814317775193228,0.2814317775193228,100.0,MINIMAL,0.0,NOT_A_TARGET
LTC4CP,Leukotriene C4 carboxypeptidase,Unknown,0.23437252228949343,0.23437252228949343,100.0,MINIMAL,0,,,h2o_c + leuktrC4_c <=> gly_c + leuktrF4_c,0.2814317775193228,0.2814317775193228,100.0,MINIMAL,0.0,NOT_A_TARGET
PUNP2,Purine-nucleoside phosphorylase (Deoxyadenosine),Unknown,0.23437252228949343,0.23437252228949343,100.0,MINIMAL,1,4860_AT1,PNP,dad_2_c + pi_c <=> 2dr1p_c + ade_c,0.2814317775193228,0.2814317775193228,100.0,MINIMAL,0.0,NOT_A_TARGET
GLYATm,Glycine C-acetyltransferase,Unknown,0.23437252228949343,0.23437252228949343,100.0,MINIMAL,1,23464_AT1,GCAT,accoa_m + gly_m <=> 2aobut_m + coa_m,0.2814317775193228,0.2814317775193228,100.0,MINIMAL,0.0,NOT_A_TARGET
INSTt4_2,Inositol transport via sodium symport,Unknown,0.23437252228949343,0.23437252228949343,100.0,MINIMAL,1,115584_AT1,SLC5A11,inost_e + 2.0 na1_e <=> inost_c + 2.0 na1_c,0.2814317775193228,0.2814317775193228,100.0,MINIMAL,0.0,NOT_A_TARGET
KDNH,2-keto-3deoxy-D-glycero-D-galactononic acid phosphohydrolase,Unknown,0.23437252228949343,0.23437252228949343,100.0,MINIMAL,0,,,h2o_c + kdnp_c --> kdn_c + pi_c,0.2814317775193228,0.2814317775193228,100.0,MINIMAL,0.0,NOT_A_TARGET
ILETA,Isoleucine transaminase,Unknown,0.23437252228949343,0.23437252228949343,100.0,MINIMAL,1,586_AT1,BCAT1,akg_c + ile__L_c <=> 3mop_c + glu__L_c,0.2814317775193228,0.2814317775193228,100.0,MINIMAL,0.0,NOT_A_TARGET
LTC4Sr,Leukotriene C4 synthase,Unknown,0.23437252228949343,0.23437252228949343,100.0,MINIMAL,4,4259_AT1;4258_AT1;4056_AT2;4056_AT1,MGST3;MGST2;LTC4S;LTC4S,gthrd_r + leuktrA4_r --> leuktrC4_r,0.2814317775193228,0.2814317775193228,100.0,MINIMAL,0.0,NOT_A_TARGET
IDPtn,IDP nuclear transport,Unknown,0.23437252228949343,0.23437252228949343,100.0,MINIMAL,0,,,idp_c <=> idp_n,0.2814317775193228,0.2814317775193228,100.0,MINIMAL,0.0,NOT_A_TARGET
ICDHyr,Isocitrate dehydrogenase (NADP),Unknown,0.23437252228949343,0.23437252228949343,100.0,MINIMAL,1,3417_AT1,IDH1,icit_c + nadp_c --> akg_c + co2_c + nadph_c,0.2814317775193228,0.2814317775193228,100.0,MINIMAL,0.0,NOT_A_TARGET
LNLCCRNt,Transport into the mitochondria (carnitine),Unknown,0.23437252228949343,0.23437252228949343,100.0,MINIMAL,1,788_AT1,SLC25A20,lnlccrn_c --> lnlccrn_m,0.2814317775193228,0.2814317775193228,100.0,MINIMAL,0.0,NOT_A_TARGET
KCC2t,K+-Cl- cotransporter (NH4+),Unknown,0.23437252228949343,0.23437252228949343,100.0,MINIMAL,3,6560_AT1;10723_AT1;9990_AT1,SLC12A4;SLC12A7;SLC12A6,cl_e + nh4_e <=> cl_c + nh4_c,0.2814317775193228,0.2814317775193228,100.0,MINIMAL,0.0,NOT_A_TARGET
GTHOr,Glutathione oxidoreductase,Unknown,0.23437252228949343,0.23437252228949343,100.0,MINIMAL,1,2936_AT1,GSR,gthox_c + h_c + nadph_c --> 2.0 gthrd_c + nadp_c,0.2814317775193228,0.2814317775193228,100.0,MINIMAL,0.0,NOT_A_TARGET
LNLCt,Linoleic acid (n-C18:2) transport in via diffusion,Unknown,0.23437252228949343,0.23437252228949343,100.0,MINIMAL,1,10998_AT1,SLC27A5,lnlc_e <=> lnlc_c,0.2814317775193228,0.2814317775193228,100.0,MINIMAL,0.0,NOT_A_TARGET
LNLNCACPT1,Carnitine O-palmitoyltransferase,Unknown,0.23437252228949343,0.23437252228949343,100.0,MINIMAL,6,1375_AT2;1374_AT1;1375_AT3;126129_AT1;1375_AT4;1375_AT1,CPT1B;CPT1A;CPT1B;CPT1C;CPT1B;CPT1B,crn_c + lnlncacoa_c --> coa_c + lnlncacrn_c,0.2814317775193228,0.2814317775193228,100.0,MINIMAL,0.0,NOT_A_TARGET
LNLNCACPT2,Carnitine transferase,Unknown,0.23437252228949343,0.23437252228949343,100.0,MINIMAL,1,1376_AT1,CPT2,coa_m + lnlncacrn_m --> crn_m + lnlncacoa_m,0.2814317775193228,0.2814317775193228,100.0,MINIMAL,0.0,NOT_A_TARGET
ICDHym,Isocitrate dehydrogenase  NADP,Unknown,0.23437252228949343,0.23437252228949343,100.0,MINIMAL,1,3418_AT1,IDH2,icit_m + nadp_m <=> akg_m + co2_m + nadph_m,0.2814317775193228,0.2814317775193228,100.0,MINIMAL,0.0,NOT_A_TARGET
IDHPOXOX2b,Iodide:hydrogen-peroxide oxidoreductase 2,Unknown,0.23437252228949343,0.23437252228949343,100.0,MINIMAL,5,7173_AT4;7173_AT2;7173_AT3;7173_AT5;7173_AT1,TPO;TPO;TPO;TPO;TPO,3ityr__L_c + iodine_c --> 35diotyr_c + h_c + i_c,0.2814317775193228,0.2814317775193228,100.0,MINIMAL,0.0,NOT_A_TARGET
IDHPOXOX3,Iodide:hydrogen-peroxide oxidoreductase 3,Unknown,0.23437252228949343,0.23437252228949343,100.0,MINIMAL,5,7173_AT4;7173_AT2;7173_AT3;7173_AT5;7173_AT1,TPO;TPO;TPO;TPO;TPO,35diotyr_c + 3ityr__L_c + h2o2_c --> 2amac_c + 2.0 h2o_c + triodthy_c,0.2814317775193228,0.2814317775193228,100.0,MINIMAL,0.0,NOT_A_TARGET
MAN6PI,Mannose-6-phosphate isomerase,Unknown,0.23437252228949343,0.23437252228949343,100.0,MINIMAL,1,4351_AT1,MPI,man6p_c <=> f6p_c,0.2814317775193228,0.2814317775193228,100.0,MINIMAL,0.0,NOT_A_TARGET
MANt1r,Mannose transport (uniport),Unknown,0.23437252228949343,0.23437252228949343,100.0,MINIMAL,3,6515_AT1;6513_AT1;6514_AT1,SLC2A3;SLC2A1;SLC2A2,man_e <=> man_c,0.2814317775193228,0.2814317775193228,100.0,MINIMAL,0.0,NOT_A_TARGET
HMGCOASm,Hydroxymethylglutaryl CoA synthase  mitochondrial,Unknown,0.23437252228949343,0.23437252228949343,100.0,MINIMAL,1,3158_AT1,HMGCS2,coa_m + h_m + hmgcoa_m <-- aacoa_m + accoa_m + h2o_m,0.2814317775193228,0.2814317775193228,100.0,MINIMAL,0.0,NOT_A_TARGET
MERCPLACCYSt,"3-mercaptolactate-cysteine disulfide transport, extracellular",Unknown,0.23437252228949343,0.23437252228949343,100.0,MINIMAL,0,,,mercplaccys_c --> mercplaccys_e,0.2814317775193228,0.2814317775193228,100.0,MINIMAL,0.0,NOT_A_TARGET
METS,Methionine synthase,Unknown,0.23437252228949343,0.23437252228949343,100.0,MINIMAL,1,4548_AT1,MTR,5mthf_c + hcys__L_c --> h_c + met__L_c + thf_c,0.2814317775193228,0.2814317775193228,100.0,MINIMAL,0.0,NOT_A_TARGET
KYN3OX,Kynurenine 3 monooxygenase,Unknown,0.23437252228949343,0.23437252228949343,100.0,MINIMAL,1,8564_AT1,KMO,Lkynr_c + h_c + nadph_c + o2_c --> h2o_c + hLkynr_c + nadp_c,0.2814317775193228,0.2814317775193228,100.0,MINIMAL,0.0,NOT_A_TARGET
GLXtp,Glyoxylate transport  peroxisomal,Unknown,0.23437252228949343,0.23437252228949343,100.0,MINIMAL,0,,,glx_c <=> glx_x,0.2814317775193228,0.2814317775193228,100.0,MINIMAL,0.0,NOT_A_TARGET
LNLCCPT2,Carnitine transferase,Unknown,0.23437252228949343,0.23437252228949343,100.0,MINIMAL,1,1376_AT1,CPT2,coa_m + lnlccrn_m --> crn_m + lnlccoa_m,0.2814317775193228,0.2814317775193228,100.0,MINIMAL,0.0,NOT_A_TARGET
GTHOm,Glutathione oxidoreductase,Unknown,0.23437252228949343,0.23437252228949343,100.0,MINIMAL,1,2936_AT1,GSR,gthox_m + h_m + nadph_m --> 2.0 gthrd_m + nadp_m,0.2814317775193228,0.2814317775193228,100.0,MINIMAL,0.0,NOT_A_TARGET
LALDD,D-lactaldehyde dehydrogenase,Unknown,0.23437252228949343,0.23437252228949343,100.0,MINIMAL,1,9380_AT1,GRHPR,lald__D_c + nadp_c <=> h_c + mthgxl_c + nadph_c,0.2814317775193228,0.2814317775193228,100.0,MINIMAL,0.0,NOT_A_TARGET
HISDr,Histidase r,Unknown,0.23437252228949343,0.23437252228949343,100.0,MINIMAL,1,3034_AT1,HAL,his__L_c --> nh4_c + urcan_c,0.2814317775193228,0.2814317775193228,100.0,MINIMAL,0.0,NOT_A_TARGET
HISTAVESSEC,Histamine secretion via secretory vesicle (ATP driven),Unknown,0.23437252228949343,0.23437252228949343,100.0,MINIMAL,2,6571_AT1;6570_AT1,SLC18A2;SLC18A1,2.0 atp_c + 2.0 h2o_c + 3.0 hista_c --> 2.0 adp_c + 2.0 h_c + 3.0 hista_e + 2.0 pi_c,0.2814317775193228,0.2814317775193228,100.0,MINIMAL,0.0,NOT_A_TARGET
GUACYC,Guanylate cyclase,Unknown,0.23437252228949343,0.23437252228949343,100.0,MINIMAL,10,4882_AT2;3000_AT1;2984_AT1;2974_AT1;4881_AT1;4882_AT1;2983_AT1;2982_AT1;2977_AT1;2986_AT1,NPR2;GUCY2D;GUCY2C;2974_AT1;NPR1;NPR2;GUCY1B3;GUCY1A3;GUCY1A2;GUCY2F,gtp_c --> 35cgmp_c + ppi_c,0.2814317775193228,0.2814317775193228,100.0,MINIMAL,0.0,NOT_A_TARGET
HISTAtu,Histamine uniport,Unknown,0.23437252228949343,0.23437252228949343,100.0,MINIMAL,3,6582_AT2;6582_AT1;6581_AT1,SLC22A2;SLC22A2;SLC22A3,hista_e <=> hista_c,0.2814317775193228,0.2814317775193228,100.0,MINIMAL,0.0,NOT_A_TARGET
HISt4,L-histidine transport in via sodium symport,Unknown,0.23437252228949343,0.23437252228949343,100.0,MINIMAL,2,54407_AT1;11254_AT1,SLC38A2;SLC6A14,his__L_e + na1_e --> his__L_c + na1_c,0.2814317775193228,0.2814317775193228,100.0,MINIMAL,0.0,NOT_A_TARGET
HIStN1,"Histidine transport (Na, H coupled)",Unknown,0.23437252228949343,0.23437252228949343,100.0,MINIMAL,1,10991_AT1,SLC38A3,h_c + his__L_e + 2.0 na1_e <=> h_e + his__L_c + 2.0 na1_c,0.2814317775193228,0.2814317775193228,100.0,MINIMAL,0.0,NOT_A_TARGET
HKYNH,3 Hydroxy L kynurenine hydrolase,Unknown,0.23437252228949343,0.23437252228949343,100.0,MINIMAL,1,8942_AT1,KYNU,h2o_c + hLkynr_c --> 3hanthrn_c + ala__L_c,0.2814317775193228,0.2814317775193228,100.0,MINIMAL,0.0,NOT_A_TARGET
HKt,H+/K+ gastric/non-gastric P-ATPase and ABC ATPase,Unknown,0.23437252228949343,0.23437252228949343,100.0,MINIMAL,2,496_AT1;495_AT1,ATP4B;ATP4A,atp_c + h2o_c + k_e --> adp_c + h_e + k_c + pi_c,0.2814317775193228,0.2814317775193228,100.0,MINIMAL,0.0,NOT_A_TARGET
HACD1m,"3-Hydroxybutanoyl-CoA:NAD+ oxidoreductase, mitochondria",Unknown,0.23437252228949343,0.23437252228949343,100.0,MINIMAL,4,3033_AT1;3030_AT1;3028_AT1;3032_AT1,HADH;HADHA;HSD17B10;HADHB,aacoa_m + h_m + nadh_m <=> 3hbcoa_m + nad_m,0.2814317775193228,0.2814317775193228,100.0,MINIMAL,0.0,NOT_A_TARGET
HACD9m,"(2S,3S)-3-hydroxy-2-methylbutanoyl-CoA:NAD+ oxidoreductase",Unknown,0.23437252228949343,0.23437252228949343,100.0,MINIMAL,1,3028_AT1,HSD17B10,3hmbcoa_m + nad_m <=> 2maacoa_m + h_m + nadh_m,0.2814317775193228,0.2814317775193228,100.0,MINIMAL,0.0,NOT_A_TARGET
HMBS,Hydroxymethylbilane synthase,Unknown,0.23437252228949343,0.23437252228949343,100.0,MINIMAL,1,3145_AT1,HMBS,h2o_c + 4.0 ppbng_c --> hmbil_c + 4.0 nh4_c,0.2814317775193228,0.2814317775193228,100.0,MINIMAL,0.0,NOT_A_TARGET
GLYt2r,Glycine reversible transport via proton symport,Unknown,0.23437252228949343,0.23437252228949343,100.0,MINIMAL,1,206358_AT1,SLC36A1,gly_e + h_e <=> gly_c + h_c,0.2814317775193228,0.2814317775193228,100.0,MINIMAL,0.0,NOT_A_TARGET
HAS1,Hyaluronan synthase,Unknown,0.23437252228949343,0.23437252228949343,100.0,MINIMAL,4,3038_AT2;3036_AT1;3037_AT1;3038_AT1,HAS3;HAS1;HAS2;HAS3,uacgam_c + udpglcur_c --> 2.0 h_c + ha_pre1_e + 2.0 udp_c,0.2814317775193228,0.2814317775193228,100.0,MINIMAL,0.0,NOT_A_TARGET
GLYOX,Hydroxyacylglutathione hydrolase,Unknown,0.23437252228949343,0.23437252228949343,100.0,MINIMAL,3,84264_AT1;84264_AT2;3029_AT1,HAGHL;HAGHL;HAGH,h2o_c + lgt__S_c --> gthrd_c + h_c + lac__D_c,0.2814317775193228,0.2814317775193228,100.0,MINIMAL,0.0,NOT_A_TARGET
HAS2,Hyaluronan synthase,Unknown,0.23437252228949343,0.23437252228949343,100.0,MINIMAL,4,3038_AT2;3036_AT1;3037_AT1;3038_AT1,HAS3;HAS1;HAS2;HAS3,ha_pre1_e + uacgam_c + udpglcur_c --> 2.0 h_c + ha_e + 2.0 udp_c,0.2814317775193228,0.2814317775193228,100.0,MINIMAL,0.0,NOT_A_TARGET
GAPD,Glyceraldehyde-3-phosphate dehydrogenase,Unknown,0.23437252228949343,0.23437252228949343,100.0,MINIMAL,2,26330_AT1;2597_AT1,GAPDHS;GAPDH,g3p_c + nad_c + pi_c <=> 13dpg_c + h_c + nadh_c,0.2814317775193228,0.2814317775193228,100.0,MINIMAL,0.0,NOT_A_TARGET
HAtly,"Hyaluronan transport, extracellular to lysosome",Unknown,0.23437252228949343,0.23437252228949343,100.0,MINIMAL,0,,,ha_e --> ha_l,0.2814317775193228,0.2814317775193228,100.0,MINIMAL,0.0,NOT_A_TARGET
METLEUex,Methionine/Leucine exchange (Met in),Unknown,0.23437252228949343,0.23437252228949343,100.0,MINIMAL,2,8140_AT1;6520_AT1,SLC7A5;SLC3A2,leu__L_c + met__L_e --> leu__L_e + met__L_c,0.2814317775193228,0.2814317775193228,100.0,MINIMAL,0.0,NOT_A_TARGET
GSNt,Guanosine facilated transport in cytosol,Unknown,0.23437252228949343,0.23437252228949343,100.0,MINIMAL,2,3177_AT1;2030_AT1,SLC29A2;SLC29A1,gsn_e <=> gsn_c,0.2814317775193228,0.2814317775193228,100.0,MINIMAL,0.0,NOT_A_TARGET
MANt4,D-mannose transport via sodium cotransport,Unknown,0.23437252228949343,0.23437252228949343,100.0,MINIMAL,1,200010_AT1,SLC5A9,man_e + na1_e <=> man_c + na1_c,0.2814317775193228,0.2814317775193228,100.0,MINIMAL,0.0,NOT_A_TARGET
GSNt4,Guanosine transport in via sodium symport,Unknown,0.23437252228949343,0.23437252228949343,100.0,MINIMAL,2,64078_AT1;9153_AT1,SLC28A3;SLC28A2,gsn_e + na1_e --> gsn_c + na1_c,0.2814317775193228,0.2814317775193228,100.0,MINIMAL,0.0,NOT_A_TARGET
MI134PP,"D-myo-Inositol 1,3,4-trisphosphate 1-phosphohydrolase",Unknown,0.23437252228949343,0.23437252228949343,100.0,MINIMAL,1,3628_AT1,INPP1,h2o_c + mi134p_c --> mi34p_c + pi_c,0.2814317775193228,0.2814317775193228,100.0,MINIMAL,0.0,NOT_A_TARGET
MANtly,Mannose efflux from lysosome,Unknown,0.23437252228949343,0.23437252228949343,100.0,MINIMAL,0,,,man_l --> man_c,0.2814317775193228,0.2814317775193228,100.0,MINIMAL,0.0,NOT_A_TARGET
MAOX,Methylamine:oxygen oxidoreductase (deaminating) (copper-containing),Unknown,0.23437252228949343,0.23437252228949343,100.0,MINIMAL,4,8639_AT1;314_AT2;314_AT1;26_AT1,AOC3;AOC2;AOC2;AOC1,h2o_c + mma_c + o2_c --> fald_c + h2o2_c + nh4_c,0.2814317775193228,0.2814317775193228,100.0,MINIMAL,0.0,NOT_A_TARGET
MCCCrm,"Methylcrotonoyl-CoA carboxylase, mitochondrial",Unknown,0.23437252228949343,0.23437252228949343,100.0,MINIMAL,2,56922_AT1;64087_AT1,MCCC1;MCCC2,3mb2coa_m + atp_m + hco3_m <=> 3mgcoa_m + adp_m + h_m + pi_m,0.2814317775193228,0.2814317775193228,100.0,MINIMAL,0.0,NOT_A_TARGET
GUAD,Guanine deaminase,Unknown,0.23437252228949343,0.23437252228949343,100.0,MINIMAL,1,9615_AT1,GDA,gua_c + h2o_c + h_c --> nh4_c + xan_c,0.2814317775193228,0.2814317775193228,100.0,MINIMAL,0.0,NOT_A_TARGET
METt4,L-methionine transport in via sodium symport,Unknown,0.23437252228949343,0.23437252228949343,100.0,MINIMAL,4,6584_AT1;81539_AT1;54407_AT1;11254_AT1,SLC22A5;SLC38A1;SLC38A2;SLC6A14,met__L_e + na1_e --> met__L_c + na1_c,0.2814317775193228,0.2814317775193228,100.0,MINIMAL,0.0,NOT_A_TARGET
MACACI,Maleylacetoacetate isomerase,Unknown,0.23437252228949343,0.23437252228949343,100.0,MINIMAL,3,2954_AT2;2954_AT1;2954_AT3,GSTZ1;GSTZ1;GSTZ1,4mlacac_c --> 4fumacac_c,0.2814317775193228,0.2814317775193228,100.0,MINIMAL,0.0,NOT_A_TARGET
INSt4,Inosine transport in via sodium symport,Unknown,0.23437252228949343,0.23437252228949343,100.0,MINIMAL,2,64078_AT1;9153_AT1,SLC28A3;SLC28A2,ins_e + na1_e --> ins_c + na1_c,0.2814317775193228,0.2814317775193228,100.0,MINIMAL,0.0,NOT_A_TARGET
GLXO2p,"Glyoxylate oxidase, peroxisomal",Unknown,0.23437252228949343,0.23437252228949343,100.0,MINIMAL,3,51179_AT2;54363_AT1;51179_AT1,HAO2;HAO1;HAO2,glx_x + h2o_x + o2_x --> h2o2_x + h_x + oxa_x,0.2814317775193228,0.2814317775193228,100.0,MINIMAL,0.0,NOT_A_TARGET
GLYAMDTRc,Glycine amidinotransferase (c),Unknown,0.23437252228949343,0.23437252228949343,100.0,MINIMAL,1,2628_AT1,GATM,arg__L_c + gly_c <=> gudac_c + orn_c,0.2814317775193228,0.2814317775193228,100.0,MINIMAL,0.0,NOT_A_TARGET
INSt5,Inosine transport in via sodium (1:2) symport,Unknown,0.23437252228949343,0.23437252228949343,100.0,MINIMAL,1,64078_AT1,SLC28A3,ins_e + 2.0 na1_e --> ins_c + 2.0 na1_c,0.2814317775193228,0.2814317775193228,100.0,MINIMAL,0.0,NOT_A_TARGET
L_LACtcm,L-lactate transport via diffusion (cytosol to mitochondria),Unknown,0.23437252228949343,0.23437252228949343,100.0,MINIMAL,1,366_AT1,AQP9,lac__L_c --> lac__L_m,0.2814317775193228,0.2814317775193228,100.0,MINIMAL,0.0,NOT_A_TARGET
LYSOXp,"L-lysine oxidase, peroxisomal",Unknown,0.23437252228949343,0.23437252228949343,100.0,MINIMAL,0,,,h2o_x + lys__L_x + o2_x --> 6a2ohxnt_x + h2o2_x + nh4_x,0.2814317775193228,0.2814317775193228,100.0,MINIMAL,0.0,NOT_A_TARGET
GSNt5,Guanosine transport in via sodium (1:2) symport,Unknown,0.23437252228949343,0.23437252228949343,100.0,MINIMAL,1,64078_AT1,SLC28A3,gsn_e + 2.0 na1_e --> gsn_c + 2.0 na1_c,0.2814317775193228,0.2814317775193228,100.0,MINIMAL,0.0,NOT_A_TARGET
LYSt4,L-lysine transport in via sodium symport,Unknown,0.23437252228949343,0.23437252228949343,100.0,MINIMAL,2,6584_AT1;11254_AT1,SLC22A5;SLC6A14,lys__L_e + na1_e --> lys__L_c + na1_c,0.2814317775193228,0.2814317775193228,100.0,MINIMAL,0.0,NOT_A_TARGET
LYSt5r,LYStiDF,Unknown,0.23437252228949343,0.23437252228949343,100.0,MINIMAL,4,6542_AT1;6541_AT1;84889_AT1;55089_AT1,SLC7A2;SLC7A1;SLC7A3;SLC38A4,lys__L_e --> lys__L_c,0.2814317775193228,0.2814317775193228,100.0,MINIMAL,0.0,NOT_A_TARGET
LYStip,"L-lysine transport, peroxisomal (irreversible)",Unknown,0.23437252228949343,0.23437252228949343,100.0,MINIMAL,0,,,lys__L_c --> lys__L_x,0.2814317775193228,0.2814317775193228,100.0,MINIMAL,0.0,NOT_A_TARGET
LYStm,Lysine mitochondrial transport via ornithine carrier,Unknown,0.23437252228949343,0.23437252228949343,100.0,MINIMAL,2,10166_AT1;83884_AT1,SLC25A15;SLC25A2,h_m + lys__L_c <=> h_c + lys__L_m,0.2814317775193228,0.2814317775193228,100.0,MINIMAL,0.0,NOT_A_TARGET
LYStn,"L-lysine transport, nuclear",Unknown,0.23437252228949343,0.23437252228949343,100.0,MINIMAL,0,,,lys__L_c <=> lys__L_n,0.2814317775193228,0.2814317775193228,100.0,MINIMAL,0.0,NOT_A_TARGET
L_LACDcm,"L-Lactate dehydrogenase, cytosolic/mitochondrial",Unknown,0.23437252228949343,0.23437252228949343,100.0,MINIMAL,1,124637_AT1,CYB5D1,2.0 ficytC_m + lac__L_c --> 2.0 focytC_m + 2.0 h_c + pyr_c,0.2814317775193228,0.2814317775193228,100.0,MINIMAL,0.0,NOT_A_TARGET
L_LACtm,L lactate transport  mitochondrial,Unknown,0.23437252228949343,0.23437252228949343,100.0,MINIMAL,1,6566_AT1,SLC16A1,h_c + lac__L_c <=> h_m + lac__L_m,0.2814317775193228,0.2814317775193228,100.0,MINIMAL,0.0,NOT_A_TARGET
L_LACt2r,L lactate reversible transport via proton symport,Unknown,0.23437252228949343,0.23437252228949343,100.0,MINIMAL,4,6566_AT1;9123_AT1;9194_AT1;23539_AT1,SLC16A1;SLC16A3;SLC16A7;SLC16A8,h_e + lac__L_e <=> h_c + lac__L_c,0.2814317775193228,0.2814317775193228,100.0,MINIMAL,0.0,NOT_A_TARGET
MEPIVESSte,Metanephrine secretion via secretory vesicle (ATP driven),Unknown,0.23437252228949343,0.23437252228949343,100.0,MINIMAL,0,,,2.0 atp_c + 2.0 h2o_c + 3.0 mepi_c --> 2.0 adp_c + 2.0 h_c + 3.0 mepi_e + 2.0 pi_c,0.2814317775193228,0.2814317775193228,100.0,MINIMAL,0.0,NOT_A_TARGET
NKCCt,Na+-K+-Cl- cotransport,Unknown,0.23437252228949343,0.23437252228949343,100.0,MINIMAL,2,6557_AT1;6558_AT1,SLC12A1;SLC12A2,2.0 cl_e + k_e + na1_e <=> 2.0 cl_c + k_c + na1_c,0.2814317775193228,0.2814317775193228,100.0,MINIMAL,0.0,NOT_A_TARGET
MI14PP,"D-myo-Inositol-1,4-bisphosphate 1-phosphohydrolase",Unknown,0.23437252228949343,0.23437252228949343,100.0,MINIMAL,1,3628_AT1,INPP1,h2o_c + mi14p_c --> mi4p__D_c + pi_c,0.2814317775193228,0.2814317775193228,100.0,MINIMAL,0.0,NOT_A_TARGET
LEUTAm,Leucine transaminase  mitochondrial,Unknown,0.23437252228949343,0.23437252228949343,100.0,MINIMAL,1,587_AT1,BCAT2,akg_m + leu__L_m <=> 4mop_m + glu__L_m,0.2814317775193228,0.2814317775193228,100.0,MINIMAL,0.0,NOT_A_TARGET
NDP7er,"Nucleoside-diphosphatase (UDP), endoplasmic reticulum",Unknown,0.23437252228949343,0.23437252228949343,100.0,MINIMAL,3,9583_AT1;124583_AT1;957_AT1,G_9583_AT1;CANT1;ENTPD5,h2o_r + udp_r --> h_r + pi_r + ump_r,0.2814317775193228,0.2814317775193228,100.0,MINIMAL,0.0,NOT_A_TARGET
LEUKTRC4t,Leukotriene C4 transport via bicarbonate countertransport,Unknown,0.23437252228949343,0.23437252228949343,100.0,MINIMAL,2,28234_AT1;10599_AT1,SLCO1B3;SLCO1B1,hco3_c + leuktrC4_e <=> hco3_e + leuktrC4_c,0.2814317775193228,0.2814317775193228,100.0,MINIMAL,0.0,NOT_A_TARGET
NDP8,Nucleoside-diphosphatase (dUDP),Unknown,0.23437252228949343,0.23437252228949343,100.0,MINIMAL,1,1841_AT1,DTYMK,dudp_c + h2o_c --> dump_c + h_c + pi_c,0.2814317775193228,0.2814317775193228,100.0,MINIMAL,0.0,NOT_A_TARGET
NDP8ex,"Nucleoside-diphosphatase (UTP), extracellular",Unknown,0.23437252228949343,0.23437252228949343,100.0,MINIMAL,1,124583_AT1,CANT1,h2o_e + utp_e --> h_e + pi_e + udp_e,0.2814317775193228,0.2814317775193228,100.0,MINIMAL,0.0,NOT_A_TARGET
LEUKTRD4tr,Leukotriene intracellular transport,Unknown,0.23437252228949343,0.23437252228949343,100.0,MINIMAL,0,,,leuktrD4_c <=> leuktrD4_r,0.2814317775193228,0.2814317775193228,100.0,MINIMAL,0.0,NOT_A_TARGET
NICRNS,Nicotinate D-ribonucleotide synthase (ATP),Unknown,0.23437252228949343,0.23437252228949343,100.0,MINIMAL,0,,,atp_c + nicrns_c --> adp_c + h_c + nicrnt_c,0.2814317775193228,0.2814317775193228,100.0,MINIMAL,0.0,NOT_A_TARGET
NDPK1,Nucleoside-diphosphate kinase (ATP:GDP),Unknown,0.23437252228949343,0.23437252228949343,100.0,MINIMAL,7,29922_AT1;4830_AT1;29922_AT2;4832_AT1;10201_AT1;4830_AT2;4831_AT1,NME7;NME1;NME7;NME3;NME6;NME1;NME2,atp_c + gdp_c <=> adp_c + gtp_c,0.2814317775193228,0.2814317775193228,100.0,MINIMAL,0.0,NOT_A_TARGET
NAt,Sodium transport (uniport),Unknown,0.23437252228949343,0.23437252228949343,100.0,MINIMAL,3,6523_AT1;6528_AT1;6526_AT1,SLC5A1;SLC5A5;SLC5A3,na1_e <=> na1_c,0.2814317775193228,0.2814317775193228,100.0,MINIMAL,0.0,NOT_A_TARGET
NDPK9,Nucleoside diphosphate kinase  ATPIDP,Unknown,0.23437252228949343,0.23437252228949343,100.0,MINIMAL,7,29922_AT1;4830_AT1;29922_AT2;4832_AT1;10201_AT1;4830_AT2;4831_AT1,NME7;NME1;NME7;NME3;NME6;NME1;NME2,atp_c + idp_c <=> adp_c + itp_c,0.2814317775193228,0.2814317775193228,100.0,MINIMAL,0.0,NOT_A_TARGET
GLYt4,Glycine transport via sodium symport,Unknown,0.23437252228949343,0.23437252228949343,100.0,MINIMAL,4,81539_AT1;55089_AT1;54407_AT1;11254_AT1,SLC38A1;SLC38A4;SLC38A2;SLC6A14,gly_e + na1_e --> gly_c + na1_c,0.2814317775193228,0.2814317775193228,100.0,MINIMAL,0.0,NOT_A_TARGET
NADtn,NAD transport  nuclear through pores,Unknown,0.23437252228949343,0.23437252228949343,100.0,MINIMAL,0,,,nad_n <=> nad_c,0.2814317775193228,0.2814317775193228,100.0,MINIMAL,0.0,NOT_A_TARGET
GLUPRT,Glutamine phosphoribosyldiphosphate amidotransferase,Unknown,0.23437252228949343,0.23437252228949343,100.0,MINIMAL,1,5471_AT1,PPAT,gln__L_c + h2o_c + prpp_c --> glu__L_c + ppi_c + pram_c,0.2814317775193228,0.2814317775193228,100.0,MINIMAL,0.0,NOT_A_TARGET
NACASPtm,N-acetyl-L-aspartate transport (mitochondria to cytosol),Unknown,0.23437252228949343,0.23437252228949343,100.0,MINIMAL,0,,,Nacasp_m --> Nacasp_c,0.2814317775193228,0.2814317775193228,100.0,MINIMAL,0.0,NOT_A_TARGET
NADPNe,"NADP nucleosidase,extracellular",Unknown,0.23437252228949343,0.23437252228949343,100.0,MINIMAL,1,952_AT1,CD38,h2o_e + nadp_e --> adprbp_e + h_e + ncam_e,0.2814317775193228,0.2814317775193228,100.0,MINIMAL,0.0,NOT_A_TARGET
NADNe,"NAD nucleosidase,extracellular",Unknown,0.23437252228949343,0.23437252228949343,100.0,MINIMAL,1,952_AT1,CD38,h2o_e + nad_e --> adprib_e + h_e + ncam_e,0.2814317775193228,0.2814317775193228,100.0,MINIMAL,0.0,NOT_A_TARGET
GLUNm,Glutaminase (mitochondrial),Unknown,0.23437252228949343,0.23437252228949343,100.0,MINIMAL,3,27165_AT1;2744_AT1;27165_AT2,GLS2;GLS;GLS2,gln__L_m + h2o_m --> glu__L_m + nh4_m,0.2814317775193228,0.2814317775193228,100.0,MINIMAL,0.0,NOT_A_TARGET
GLUDym,"Glutamate dehydrogenase (NADP), mitochondrial",Unknown,0.23437252228949343,0.23437252228949343,100.0,MINIMAL,2,2746_AT1;2747_AT1,GLUD1;GLUD2,glu__L_m + h2o_m + nadp_m <=> akg_m + h_m + nadph_m + nh4_m,0.2814317775193228,0.2814317775193228,100.0,MINIMAL,0.0,NOT_A_TARGET
GDHm,"Glutamate dehydrogenase, mitochondria",Unknown,0.23437252228949343,0.23437252228949343,100.0,MINIMAL,2,2746_AT1;2747_AT1,GLUD1;GLUD2,glu__L_m + h2o_m + nad_m <=> akg_m + h_m + nadh_m + nh4_m,0.2814317775193228,0.2814317775193228,100.0,MINIMAL,0.0,NOT_A_TARGET
NADS2,Nicotinate-mononucleotide adenylyltransferase,Unknown,0.23437252228949343,0.23437252228949343,100.0,MINIMAL,1,55191_AT1,NADSYN1,atp_c + dnad_c + gln__L_c + h2o_c --> amp_c + glu__L_c + h_c + nad_c + ppi_c,0.2814317775193228,0.2814317775193228,100.0,MINIMAL,0.0,NOT_A_TARGET
LDH_D,D-lactate dehydrogenase,Unknown,0.23437252228949343,0.23437252228949343,100.0,MINIMAL,2,197257_AT2;197257_AT1,LDHD;LDHD,lac__D_c + nad_c <=> h_c + nadh_c + pyr_c,0.2814317775193228,0.2814317775193228,100.0,MINIMAL,0.0,NOT_A_TARGET
NACHEX27ly,"Beta-N-acetylhexosaminidase, lysosomal",Unknown,0.23437252228949343,0.23437252228949343,100.0,MINIMAL,2,3074_AT1;3073_AT1,HEXB;HEXA,h2o_l + ha_deg1_l --> acgam_l + ha_pre1_l,0.2814317775193228,0.2814317775193228,100.0,MINIMAL,0.0,NOT_A_TARGET
NAHCO3_HCLt,Bicarbonate transport (HCl/NaHCO3 exchange),Unknown,0.23437252228949343,0.23437252228949343,100.0,MINIMAL,2,9498_AT1;57282_AT1,SLC4A8;SLC4A10,cl_c + h_c + hco3_e + na1_e <=> cl_e + h_e + hco3_c + na1_c,0.2814317775193228,0.2814317775193228,100.0,MINIMAL,0.0,NOT_A_TARGET
NADN,NAD nucleosidase,Unknown,0.23437252228949343,0.23437252228949343,100.0,MINIMAL,0,,,h2o_c + nad_c --> adprib_c + h_c + ncam_c,0.2814317775193228,0.2814317775193228,100.0,MINIMAL,0.0,NOT_A_TARGET
LDH_L,L-lactate dehydrogenase,Unknown,0.23437252228949343,0.23437252228949343,100.0,MINIMAL,7,3945_AT1;3948_AT1;55293_AT1;160287_AT1;3939_AT1;3948_AT2;92483_AT1,LDHB;LDHC;UEVLD;LDHAL6A;LDHA;LDHC;LDHAL6B,lac__L_c + nad_c <=> h_c + nadh_c + pyr_c,0.2814317775193228,0.2814317775193228,100.0,MINIMAL,0.0,NOT_A_TARGET
NDP7ex,"Nucleoside-diphosphatase (UDP), extracellular",Unknown,0.23437252228949343,0.23437252228949343,100.0,MINIMAL,1,124583_AT1,CANT1,h2o_e + udp_e --> h_e + pi_e + ump_e,0.2814317775193228,0.2814317775193228,100.0,MINIMAL,0.0,NOT_A_TARGET
NDP3ex,"Nucleoside-diphosphatase (GDP), extracellular",Unknown,0.23437252228949343,0.23437252228949343,100.0,MINIMAL,1,124583_AT1,CANT1,gdp_e + h2o_e --> gmp_e + h_e + pi_e,0.2814317775193228,0.2814317775193228,100.0,MINIMAL,0.0,NOT_A_TARGET
NAIt,Na+ / iodide cotransport,Unknown,0.23437252228949343,0.23437252228949343,100.0,MINIMAL,1,6528_AT1,SLC5A5,i_e + 2.0 na1_e <=> i_c + 2.0 na1_c,0.2814317775193228,0.2814317775193228,100.0,MINIMAL,0.0,NOT_A_TARGET
LDH_Lm,"L-lactate dehydrogenase, mitochondria",Unknown,0.23437252228949343,0.23437252228949343,100.0,MINIMAL,1,3939_AT1,LDHA,lac__L_m + nad_m <=> h_m + nadh_m + pyr_m,0.2814317775193228,0.2814317775193228,100.0,MINIMAL,0.0,NOT_A_TARGET
MCPST,3-mercaptopyruvate sulfurtransferase,Unknown,0.23437252228949343,0.23437252228949343,100.0,MINIMAL,1,4357_AT1,MPST,cyan_c + mercppyr_c --> h_c + pyr_c + tcynt_c,0.2814317775193228,0.2814317775193228,100.0,MINIMAL,0.0,NOT_A_TARGET
MDH,Malate dehydrogenase,Unknown,0.23437252228949343,0.23437252228949343,100.0,MINIMAL,2,130752_AT1;4190_AT1,MDH1B;MDH1,mal__L_c + nad_c <=> h_c + nadh_c + oaa_c,0.2814317775193228,0.2814317775193228,100.0,MINIMAL,0.0,NOT_A_TARGET
MDHm,Malate dehydrogenase  mitochondrial,Unknown,0.23437252228949343,0.23437252228949343,100.0,MINIMAL,1,4191_AT1,MDH2,mal__L_m + nad_m <=> h_m + nadh_m + oaa_m,0.2814317775193228,0.2814317775193228,100.0,MINIMAL,0.0,NOT_A_TARGET
LALDO2,D-Lactaldehyde:NADP+ 1-oxidoreductase,Unknown,0.23437252228949343,0.23437252228949343,100.0,MINIMAL,4,10327_AT1;231_AT1;8574_AT1;10327_AT2,AKR1A1;AKR1B1;AKR7A2;AKR1A1,h_c + mthgxl_c + nadph_c --> lald__D_c + nadp_c,0.2814317775193228,0.2814317775193228,100.0,MINIMAL,0.0,NOT_A_TARGET
MDRPD,5-Methylthio-5-deoxy-D-ribulose 1-phosphate dehydratase,Unknown,0.23437252228949343,0.23437252228949343,100.0,MINIMAL,0,,,5mdru1p_c --> dkmpp_c + h2o_c,0.2814317775193228,0.2814317775193228,100.0,MINIMAL,0.0,NOT_A_TARGET
LALDO2x,D-Lactaldehyde:NAD+ 1-oxidoreductase,Unknown,0.23437252228949343,0.23437252228949343,100.0,MINIMAL,1,8574_AT1,AKR7A2,h_c + mthgxl_c + nadh_c --> lald__D_c + nad_c,0.2814317775193228,0.2814317775193228,100.0,MINIMAL,0.0,NOT_A_TARGET
ME1m,Malic enzyme  NAD   mitochondrial,Unknown,0.23437252228949343,0.23437252228949343,100.0,MINIMAL,1,4200_AT1,ME2,mal__L_m + nad_m --> co2_m + nadh_m + pyr_m,0.2814317775193228,0.2814317775193228,100.0,MINIMAL,0.0,NOT_A_TARGET
ME2,Malic enzyme (NADP),Unknown,0.23437252228949343,0.23437252228949343,100.0,MINIMAL,1,4199_AT1,ME1,mal__L_c + nadp_c --> co2_c + nadph_c + pyr_c,0.2814317775193228,0.2814317775193228,100.0,MINIMAL,0.0,NOT_A_TARGET
ME2m,Malic enzyme  NADP   mitochondrial,Unknown,0.23437252228949343,0.23437252228949343,100.0,MINIMAL,2,4200_AT1;10873_AT1,ME2;ME3,mal__L_m + nadp_m --> co2_m + nadph_m + pyr_m,0.2814317775193228,0.2814317775193228,100.0,MINIMAL,0.0,NOT_A_TARGET
NACASPAH,N-Acetyl-L-aspartate amidohydrolase,Unknown,0.23437252228949343,0.23437252228949343,100.0,MINIMAL,2,443_AT1;91703_AT1,ASPA;ACY3,Nacasp_c + h2o_c --> ac_c + asp__L_c,0.2814317775193228,0.2814317775193228,100.0,MINIMAL,0.0,NOT_A_TARGET
LCYSTCBOXL,3-Sulfoalanine carboxy-lyase,Unknown,0.23437252228949343,0.23437252228949343,100.0,MINIMAL,4,2571_AT2;2571_AT1;2572_AT1;51380_AT1,GAD1;GAD1;GAD2;CSAD,Lcyst_c + h_c --> co2_c + taur_c,0.2814317775193228,0.2814317775193228,100.0,MINIMAL,0.0,NOT_A_TARGET
GPDDA1,Glycerophosphodiester phosphodiesterase (Glycerophosphocholine),Unknown,0.23437252228949343,0.23437252228949343,100.0,MINIMAL,0,,,g3pc_c + h2o_c --> chol_c + glyc3p_c + h_c,0.2814317775193228,0.2814317775193228,100.0,MINIMAL,0.0,NOT_A_TARGET
NCNt,Na+/Ca2+-NH4+ exchange,Unknown,0.23437252228949343,0.23437252228949343,100.0,MINIMAL,2,25769_AT1;9187_AT1,SLC24A2;SLC24A1,ca2_e + 4.0 na1_c + nh4_e <=> ca2_c + 4.0 na1_e + nh4_c,0.2814317775193228,0.2814317775193228,100.0,MINIMAL,0.0,NOT_A_TARGET
NAt3_1,Sodium proton antiporter  HNA is 11,Unknown,0.23437252228949343,0.23437252228949343,100.0,MINIMAL,5,6553_AT1;6548_AT1;6549_AT1;6550_AT1;389015_AT1,SLC9A5;SLC9A1;SLC9A2;SLC9A3;SLC9A4,h_e + na1_c <=> h_c + na1_e,0.2814317775193228,0.2814317775193228,100.0,MINIMAL,0.0,NOT_A_TARGET
NAt5,Sodium/ammonium proton antiporter,Unknown,0.23437252228949343,0.23437252228949343,100.0,MINIMAL,3,6550_AT1;6548_AT1;6549_AT1,SLC9A3;SLC9A1;SLC9A2,na1_c + nh4_e <=> na1_e + nh4_c,0.2814317775193228,0.2814317775193228,100.0,MINIMAL,0.0,NOT_A_TARGET
LEUKTRA4tr,Leukotriene intracellular transport,Unknown,0.23437252228949343,0.23437252228949343,100.0,MINIMAL,0,,,leuktrA4_c <=> leuktrA4_r,0.2814317775193228,0.2814317775193228,100.0,MINIMAL,0.0,NOT_A_TARGET
NAtx,Sodium transport via diffusion (perioxisome),Unknown,0.23437252228949343,0.23437252228949343,100.0,MINIMAL,0,,,na1_c <=> na1_x,0.2814317775193228,0.2814317775193228,100.0,MINIMAL,0.0,NOT_A_TARGET
NDPK9n,"Nucleoside-diphosphate kinase (ATP:IDP), nuclear",Unknown,0.23437252228949343,0.23437252228949343,100.0,MINIMAL,3,4830_AT1;4830_AT2;4831_AT1,NME1;NME1;NME2,atp_n + idp_n <=> adp_n + itp_n,0.2814317775193228,0.2814317775193228,100.0,MINIMAL,0.0,NOT_A_TARGET
NH4t3r,Ammonia transport via proton antiport,Unknown,0.23437252228949343,0.23437252228949343,100.0,MINIMAL,2,57127_AT1;6005_AT1,RHBG;RHAG,h_e + nh4_c <=> h_c + nh4_e,0.2814317775193228,0.2814317775193228,100.0,MINIMAL,0.0,NOT_A_TARGET
NH4tp,Ammonia peroxisomal transport,Unknown,0.23437252228949343,0.23437252228949343,100.0,MINIMAL,0,,,nh4_c <=> nh4_x,0.2814317775193228,0.2814317775193228,100.0,MINIMAL,0.0,NOT_A_TARGET
NCAMUP,Nicotinamide acid uptake,Unknown,0.23437252228949343,0.23437252228949343,100.0,MINIMAL,0,,,ncam_e --> ncam_c,0.2814317775193228,0.2814317775193228,100.0,MINIMAL,0.0,NOT_A_TARGET
NCKt,Na+/Ca2+-K+ exchange,Unknown,0.23437252228949343,0.23437252228949343,100.0,MINIMAL,6,57419_AT1;123041_AT2;25769_AT1;123041_AT3;9187_AT1;123041_AT1,SLC24A3;SLC24A4;SLC24A2;SLC24A4;SLC24A1;SLC24A4,ca2_e + k_e + 4.0 na1_c <=> ca2_c + k_c + 4.0 na1_e,0.2814317775193228,0.2814317775193228,100.0,MINIMAL,0.0,NOT_A_TARGET
NDP10ex,"Nucleoside-diphosphatase (IDP), extracellular",Unknown,0.23437252228949343,0.23437252228949343,100.0,MINIMAL,1,124583_AT1,CANT1,h2o_e + idp_e --> h_e + imp_e + pi_e,0.2814317775193228,0.2814317775193228,100.0,MINIMAL,0.0,NOT_A_TARGET
NACt,Nicotinic acid transport,Unknown,0.23437252228949343,0.23437252228949343,100.0,MINIMAL,0,,,nac_e --> nac_c,0.2814317775193228,0.2814317775193228,100.0,MINIMAL,0.0,NOT_A_TARGET
GLUTCOADHm,Glutaryl-CoA dehydrogenase (mitochondria),Unknown,0.23437252228949343,0.23437252228949343,100.0,MINIMAL,2,2639_AT2;2639_AT1,GCDH;GCDH,fad_m + glutcoa_m + h_m --> b2coa_m + co2_m + fadh2_m,0.2814317775193228,0.2814317775193228,100.0,MINIMAL,0.0,NOT_A_TARGET
LALDO,D-Lactaldehyde NAD+ oxidoreductase (glutathione-formylating),Unknown,0.23437252228949343,0.23437252228949343,100.0,MINIMAL,1,128_AT1,ADH5,gthrd_c + lald__D_c + nad_c <=> h_c + lgt__S_c + nadh_c,0.2814317775193228,0.2814317775193228,100.0,MINIMAL,0.0,NOT_A_TARGET
CO2ter,CO2 endoplasmic reticular transport via diffusion,Unknown,0.0,0.23437252228949343,0.0,LETHAL,0,,,co2_c <=> co2_r,0.0,0.2814317775193228,0.0,LETHAL,0.0,CRITICAL_VIRAL_TARGET
ARTCOAL1,R group coenzyme a ligase,Unknown,0.0,0.23437252228949343,0.0,LETHAL,0,,,Rtotal_c + coa_c <=> Rtotalcoa_c,0.0,0.2814317775193228,0.0,LETHAL,0.0,CRITICAL_VIRAL_TARGET
HMGCOARx,Hydroxymethylglutaryl CoA reductase (ir),Unknown,0.0,0.23437252228949343,0.0,LETHAL,1,3156_AT1,HMGCR,2.0 h_x + hmgcoa_x + 2.0 nadph_x --> coa_x + mev__R_x + 2.0 nadp_x,0.0,0.2814317775193228,0.0,LETHAL,0.0,CRITICAL_VIRAL_TARGET
ARTCOAL2,R group coenzyme a ligase,Unknown,0.0,0.23437252228949343,0.0,LETHAL,0,,,Rtotal2_c + coa_c <=> Rtotal2coa_c,0.0,0.2814317775193228,0.0,LETHAL,0.0,CRITICAL_VIRAL_TARGET
HMGCOAS,Hydroxymethylglutaryl CoA synthase,Unknown,0.0,0.23437252228949343,0.0,LETHAL,2,3157_AT1;3157_AT2,HMGCS1;HMGCS1,coa_c + h_c + hmgcoa_c <-- aacoa_c + accoa_c + h2o_c,0.0,0.2814317775193228,0.0,LETHAL,0.0,CRITICAL_VIRAL_TARGET
HMGCOAtx,Hydroxymethylglutaryl-CoA reversible peroxisomal transport,Unknown,0.0,0.23437252228949343,0.0,LETHAL,0,,,hmgcoa_c <=> hmgcoa_x,0.0,0.2814317775193228,0.0,LETHAL,0.0,CRITICAL_VIRAL_TARGET
FORtr,"FOR transporter, endoplasmic reticulum",Unknown,0.0,0.23437252228949343,0.0,LETHAL,0,,,for_c <=> for_r,0.0,0.2814317775193228,0.0,LETHAL,0.0,CRITICAL_VIRAL_TARGET
IPDDIx,Isopentenyl-diphosphate D-isomerase,Unknown,0.0,0.23437252228949343,0.0,LETHAL,2,91734_AT1;3422_AT1,IDI2;IDI1,ipdp_x <=> dmpp_x,0.0,0.2814317775193228,0.0,LETHAL,0.0,CRITICAL_VIRAL_TARGET
SQLSr,Squalene synthase,Unknown,0.0,0.23437252228949343,0.0,LETHAL,1,2222_AT1,FDFT1,2.0 frdp_r + h_r + nadph_r --> nadp_r + 2.0 ppi_r + sql_r,0.0,0.2814317775193228,0.0,LETHAL,0.0,CRITICAL_VIRAL_TARGET
SQLEr,Squalene epoxidase  endoplasmic reticular  NADP,Unknown,0.0,0.23437252228949343,0.0,LETHAL,1,6713_AT1,SQLE,h_r + nadph_r + o2_r + sql_r --> Ssq23epx_r + h2o_r + nadp_r,0.0,0.2814317775193228,0.0,LETHAL,0.0,CRITICAL_VIRAL_TARGET
Htx,"H transporter, peroxisome",Unknown,0.0,0.23437252228949343,0.0,LETHAL,0,,,h_c <=> h_x,0.0,0.2814317775193228,0.0,LETHAL,0.0,CRITICAL_VIRAL_TARGET
ADPtx,"ADP transporter, peroxisomal",Unknown,0.0,0.23437252228949343,0.0,LETHAL,0,,,adp_c <=> adp_x,0.0,0.2814317775193228,0.0,LETHAL,0.0,CRITICAL_VIRAL_TARGET
LNS14DMr,Cytochrome P450 lanosterol 14-alpha-demethylase,Unknown,0.0,0.23437252228949343,0.0,LETHAL,1,1595_AT1,CYP51A1,2.0 h_r + lanost_r + 3.0 nadph_r + 3.0 o2_r --> 44mctr_r + for_r + 4.0 h2o_r + 3.0 nadp_r,0.0,0.2814317775193228,0.0,LETHAL,0.0,CRITICAL_VIRAL_TARGET
LNSTLSr,Lanosterol synthase,Unknown,0.0,0.23437252228949343,0.0,LETHAL,1,4047_AT1,LSS,Ssq23epx_r --> lanost_r,0.0,0.2814317775193228,0.0,LETHAL,0.0,CRITICAL_VIRAL_TARGET
SMS,Sphingomyelin synthase (homo sapiens),Unknown,0.0,0.23437252228949343,0.0,LETHAL,1,259230_AT1,SGMS1,crm_hs_c + pchol_hs_c --> dag_hs_c + sphmyln_hs_c,0.0,0.2814317775193228,0.0,LETHAL,0.0,CRITICAL_VIRAL_TARGET
IMPD,IMP dehydrogenase,Unknown,0.0,0.23437252228949343,0.0,LETHAL,3,3614_AT1;3614_AT2;3615_AT1,IMPDH1;IMPDH1;IMPDH2,h2o_c + imp_c + nad_c --> h_c + nadh_c + xmp_c,0.0,0.2814317775193228,0.0,LETHAL,0.0,CRITICAL_VIRAL_TARGET
SERPT,Serine C palmitoyltransferase,Unknown,0.0,0.23437252228949343,0.0,LETHAL,2,9517_AT1;10558_AT1,SPTLC2;SPTLC1,h_c + pmtcoa_c + ser__L_c --> 3dsphgn_c + co2_c + coa_c,0.0,0.2814317775193228,0.0,LETHAL,0.0,CRITICAL_VIRAL_TARGET
ARTPLM2m,R group to palmitate conversion,Unknown,0.0,0.23437252228949343,0.0,LETHAL,0,,,Rtotal2coa_m <=> pmtcoa_m,0.0,0.2814317775193228,0.0,LETHAL,0.0,CRITICAL_VIRAL_TARGET
RTOTAL2CRNt,R group transport into the mitochondria,Unknown,0.0,0.23437252228949343,0.0,LETHAL,1,788_AT1,SLC25A20,Rtotal2crn_c --> Rtotal2crn_m,0.0,0.2814317775193228,0.0,LETHAL,0.0,CRITICAL_VIRAL_TARGET
RTOTAL2CRNCPT2,R group transport into the mitochondria,Unknown,0.0,0.23437252228949343,0.0,LETHAL,1,1376_AT1,CPT2,Rtotal2crn_m + coa_m --> Rtotal2coa_m + crn_m,0.0,0.2814317775193228,0.0,LETHAL,0.0,CRITICAL_VIRAL_TARGET
CO2tp,CO2 peroxisomal transport,Unknown,0.0,0.23437252228949343,0.0,LETHAL,0,,,co2_c <=> co2_x,0.0,0.2814317775193228,0.0,LETHAL,0.0,CRITICAL_VIRAL_TARGET
FADtru,"FAD transporter, endoplasmic reticulum",Unknown,0.0,0.23437252228949343,0.0,LETHAL,0,,,fad_r --> fad_c,0.0,0.2814317775193228,0.0,LETHAL,0.0,CRITICAL_VIRAL_TARGET
FADH2tru,"FADH2 transporter, endoplasmic reticulum",Unknown,0.0,0.23437252228949343,0.0,LETHAL,0,,,fadh2_c --> fadh2_r,0.0,0.2814317775193228,0.0,LETHAL,0.0,CRITICAL_VIRAL_TARGET
MEVK1x,Mevalonate kinase (atp),Unknown,0.0,0.23437252228949343,0.0,LETHAL,1,4598_AT1,MVK,atp_x + mev__R_x --> 5pmev_x + adp_x + h_x,0.0,0.2814317775193228,0.0,LETHAL,0.0,CRITICAL_VIRAL_TARGET
DSAT,Dihydrosphingosine N-acyltransferase,Unknown,0.0,0.23437252228949343,0.0,LETHAL,0,,,Rtotalcoa_c + sphgn_c --> coa_c + dhcrm_hs_c + h_c,0.0,0.2814317775193228,0.0,LETHAL,0.0,CRITICAL_VIRAL_TARGET
CRNtim,L carnitine transport out of mitochondria via diffusion,Unknown,0.0,0.23437252228949343,0.0,LETHAL,1,788_AT1,SLC25A20,crn_m --> crn_c,0.0,0.2814317775193228,0.0,LETHAL,0.0,CRITICAL_VIRAL_TARGET
GMPS2,GMP synthase,Unknown,0.0,0.23437252228949343,0.0,LETHAL,1,8833_AT1,GMPS,atp_c + gln__L_c + h2o_c + xmp_c --> amp_c + glu__L_c + gmp_c + 2.0 h_c + ppi_c,0.0,0.2814317775193228,0.0,LETHAL,0.0,CRITICAL_VIRAL_TARGET
C4STMO1r,"C-4 sterol methyl oxidase (4,4-dimethylzymosterol)",Unknown,0.0,0.23437252228949343,0.0,LETHAL,1,6307_AT1,MSMO1,44mzym_r + 3.0 h_r + 3.0 nadph_r + 3.0 o2_r --> 4mzym_int1_r + 4.0 h2o_r + 3.0 nadp_r,0.0,0.2814317775193228,0.0,LETHAL,0.0,CRITICAL_VIRAL_TARGET
3DSPHR,3 Dehydrosphinganine reductase,Unknown,0.0,0.23437252228949343,0.0,LETHAL,1,2531_AT1,KDSR,3dsphgn_c + h_c + nadph_c --> nadp_c + sphgn_c,0.0,0.2814317775193228,0.0,LETHAL,0.0,CRITICAL_VIRAL_TARGET
GRTTx,Geranyltranstransferase,Unknown,0.0,0.23437252228949343,0.0,LETHAL,1,2224_AT1,FDPS,grdp_x + ipdp_x --> frdp_x + ppi_x,0.0,0.2814317775193228,0.0,LETHAL,0.0,CRITICAL_VIRAL_TARGET
COAtp,"Coenzyme A transport, peroxisomal",Unknown,0.0,0.23437252228949343,0.0,LETHAL,0,,,coa_c <=> coa_x,0.0,0.2814317775193228,0.0,LETHAL,0.0,CRITICAL_VIRAL_TARGET
FRDPtr,"Lipid, flip-flop intracellular transport",Unknown,0.0,0.23437252228949343,0.0,LETHAL,0,,,frdp_x <=> frdp_r,0.0,0.2814317775193228,0.0,LETHAL,0.0,CRITICAL_VIRAL_TARGET
CDIPTr,Phosphatidylinositol synthase (Homo sapiens),Unknown,0.0,0.23437252228949343,0.0,LETHAL,2,10423_AT2;10423_AT1,CDIPT;CDIPT,cdpdag_hs_c + inost_c <=> cmp_c + h_c + pail_hs_c,0.0,0.2814317775193228,0.0,LETHAL,0.0,CRITICAL_VIRAL_TARGET
DPMVDx,Diphosphomevalonate decarboxylase,Unknown,0.0,0.23437252228949343,0.0,LETHAL,1,4597_AT1,MVD,5dpmev_x + atp_x --> adp_x + co2_x + ipdp_x + pi_x,0.0,0.2814317775193228,0.0,LETHAL,0.0,CRITICAL_VIRAL_TARGET
CHSTEROLt2,Cholesterol intracellular transport,Unknown,0.0,0.23437252228949343,0.0,LETHAL,0,,,chsterol_r <=> chsterol_m,0.0,0.2814317775193228,0.0,LETHAL,0.0,CRITICAL_VIRAL_TARGET
CHSTEROLt3,Cholesterol intracellular transport,Unknown,0.0,0.23437252228949343,0.0,LETHAL,0,,,chsterol_c <=> chsterol_m,0.0,0.2814317775193228,0.0,LETHAL,0.0,CRITICAL_VIRAL_TARGET
NADPHtru,"NADPH transporter, endoplasmic reticulum",Unknown,0.0,0.23437252228949343,0.0,LETHAL,0,,,nadph_c --> nadph_r,0.0,0.2814317775193228,0.0,LETHAL,0.0,CRITICAL_VIRAL_TARGET
NADPHtxu,"NADPH transport, glyoxysome",Unknown,0.0,0.23437252228949343,0.0,LETHAL,0,,,nadph_c --> nadph_x,0.0,0.2814317775193228,0.0,LETHAL,0.0,CRITICAL_VIRAL_TARGET
NADPtru,"NADP transporter, endoplasmic reticulum",Unknown,0.0,0.23437252228949343,0.0,LETHAL,0,,,nadp_r --> nadp_c,0.0,0.2814317775193228,0.0,LETHAL,0.0,CRITICAL_VIRAL_TARGET
NADPtxu,"NADP transport, glyoxysome",Unknown,0.0,0.23437252228949343,0.0,LETHAL,0,,,nadp_x --> nadp_c,0.0,0.2814317775193228,0.0,LETHAL,0.0,CRITICAL_VIRAL_TARGET
PPItx,"Diphosphate transporter, peroxisome",Unknown,0.0,0.23437252228949343,0.0,LETHAL,0,,,ppi_c <=> ppi_x,0.0,0.2814317775193228,0.0,LETHAL,0.0,CRITICAL_VIRAL_TARGET
PPAer,"Inorganic diphosphatase, endoplasmic reticulum",Unknown,0.0,0.23437252228949343,0.0,LETHAL,3,57818_AT1;92579_AT1;2538_AT1,G6PC2;G6PC3;G6PC,h2o_r + ppi_r --> h_r + 2.0 pi_r,0.0,0.2814317775193228,0.0,LETHAL,0.0,CRITICAL_VIRAL_TARGET
PItx,"Phosphate transporter, peroxisome",Unknown,0.0,0.23437252228949343,0.0,LETHAL,0,,,pi_c <=> pi_x,0.0,0.2814317775193228,0.0,LETHAL,0.0,CRITICAL_VIRAL_TARGET
PIter,"Phosphate transport, endoplasmic reticulum",Unknown,0.0,0.23437252228949343,0.0,LETHAL,1,2544_AT1,2544_AT1,pi_r <=> pi_c,0.0,0.2814317775193228,0.0,LETHAL,0.0,CRITICAL_VIRAL_TARGET
PMEVKx,Phosphomevalonate kinase,Unknown,0.0,0.23437252228949343,0.0,LETHAL,1,10654_AT1,PMVK,5pmev_x + atp_x --> 5dpmev_x + adp_x,0.0,0.2814317775193228,0.0,LETHAL,0.0,CRITICAL_VIRAL_TARGET
DMATTx,Dimethylallyltranstransferase,Unknown,0.0,0.23437252228949343,0.0,LETHAL,1,2224_AT1,FDPS,dmpp_x + ipdp_x --> grdp_x + ppi_x,0.0,0.2814317775193228,0.0,LETHAL,0.0,CRITICAL_VIRAL_TARGET
C14STRr,C-14 sterol reductase,Unknown,0.0,0.23437252228949343,0.0,LETHAL,1,7108_AT1,TM7SF2,44mctr_r + h_r + nadph_r --> 44mzym_r + nadp_r,0.0,0.2814317775193228,0.0,LETHAL,0.0,CRITICAL_VIRAL_TARGET
O2t,O2 transport  diffusion,Unknown,0.0,0.23437252228949343,0.0,LETHAL,0,,,o2_e <=> o2_c,0.0,0.2814317775193228,0.0,LETHAL,0.0,CRITICAL_VIRAL_TARGET
O2ter,O2  transport  endoplasmic reticulum,Unknown,0.0,0.23437252228949343,0.0,LETHAL,0,,,o2_c <=> o2_r,0.0,0.2814317775193228,0.0,LETHAL,0.0,CRITICAL_VIRAL_TARGET
PEFLIP,Phosphatidylethanolamine flippase,Unknown,0.0,0.23437252228949343,0.0,LETHAL,2,57194_AT1;10396_AT1,ATP10A;ATP8A1,atp_c + h2o_c + pe_hs_e --> adp_c + h_c + pe_hs_c + pi_c,0.0,0.2814317775193228,0.0,LETHAL,0.0,CRITICAL_VIRAL_TARGET
C3STKR2r,C-3 sterol keto reductase (zymosterol),Unknown,0.0,0.23437252228949343,0.0,LETHAL,1,3295_AT1,HSD17B4,h_r + nadph_r + zym_int2_r --> nadp_r + zymst_r,0.0,0.2814317775193228,0.0,LETHAL,0.0,CRITICAL_VIRAL_TARGET
MI4PP,1D-myo-Inositol 4-phosphate phosphohydrolase,Unknown,0.23437252228949343,0.23437252228949343,100.0,MINIMAL,2,3613_AT1;3612_AT1,IMPA2;IMPA1,h2o_c + mi4p__D_c --> inost_c + pi_c,0.2814317775193228,0.2814317775193228,100.0,MINIMAL,0.0,NOT_A_TARGET
MI3PP,1D-myo-Inositol 3-phosphate phosphohydrolase,Unknown,0.23437252228949343,0.23437252228949343,100.0,MINIMAL,2,3613_AT1;3612_AT1,IMPA2;IMPA1,h2o_c + mi3p__D_c --> inost_c + pi_c,0.2814317775193228,0.2814317775193228,100.0,MINIMAL,0.0,NOT_A_TARGET
G6PDH2er,Glucose 6 phosphate dehydrogenase  endoplasmic reticulum,Unknown,0.23437252228949343,0.23437252228949343,100.0,MINIMAL,1,9563_AT1,H6PD,g6p_r + nadp_r <=> 6pgl_r + h_r + nadph_r,0.2814317775193228,0.2814317775193228,100.0,MINIMAL,0.0,NOT_A_TARGET
GLYt7_311_r,GLYt7 LPAREN 311 RPAREN r,Unknown,0.23437252228949343,0.23437252228949343,100.0,MINIMAL,1,9152_AT1,SLC6A5,cl_e + gly_e + 3.0 na1_e <=> cl_c + gly_c + 3.0 na1_c,0.2814317775193228,0.2814317775193228,100.0,MINIMAL,0.0,NOT_A_TARGET
NTD7,5'-nucleotidase (AMP),Unknown,0.23437252228949343,0.23437252228949343,100.0,MINIMAL,3,93034_AT1;22978_AT1;93034_AT2,NT5C1B;NT5C2;NT5C1B,amp_c + h2o_c --> adn_c + pi_c,0.2814317775193228,0.2814317775193228,100.0,MINIMAL,0.0,NOT_A_TARGET
NTD7e,"5'-nucleotidase (AMP), extracellular",Unknown,0.23437252228949343,0.23437252228949343,100.0,MINIMAL,1,4907_AT1,NT5E,amp_e + h2o_e --> adn_e + pi_e,0.2814317775193228,0.2814317775193228,100.0,MINIMAL,0.0,NOT_A_TARGET
P4501B1r,Cytochrome P450 1B1,Unknown,0.23437252228949343,0.23437252228949343,100.0,MINIMAL,1,1545_AT1,CYP1B1,estradiol_r + h_r + nadph_r + o2_r --> h2o_r + hestratriol_r + nadp_r,0.2814317775193228,0.2814317775193228,100.0,MINIMAL,0.0,NOT_A_TARGET
OCBTm,"Ornithine carbamoyltransferase, irreversible",Unknown,0.23437252228949343,0.23437252228949343,100.0,MINIMAL,1,5009_AT1,OTC,cbp_m + orn_m --> citr__L_m + h_m + pi_m,0.2814317775193228,0.2814317775193228,100.0,MINIMAL,0.0,NOT_A_TARGET
GLUDC,Glutamate Decarboxylase,Unknown,0.23437252228949343,0.23437252228949343,100.0,MINIMAL,3,2571_AT2;2572_AT1;2571_AT1,GAD1;GAD2;GAD1,glu__L_c + h_c --> 4abut_c + co2_c,0.2814317775193228,0.2814317775193228,100.0,MINIMAL,0.0,NOT_A_TARGET
OCCOAtm,"Octanoyl-CoA transport, diffusion",Unknown,0.23437252228949343,0.23437252228949343,100.0,MINIMAL,0,,,occoa_c --> occoa_m,0.2814317775193228,0.2814317775193228,100.0,MINIMAL,0.0,NOT_A_TARGET
OCCOAtx,Fatty acid intracellular transport,Unknown,0.23437252228949343,0.23437252228949343,100.0,MINIMAL,0,,,occoa_c <=> occoa_x,0.2814317775193228,0.2814317775193228,100.0,MINIMAL,0.0,NOT_A_TARGET
PCm,Pyruvate carboxylase,Unknown,0.23437252228949343,0.23437252228949343,100.0,MINIMAL,2,5091_AT1;5091_AT2,PC;PC,atp_m + hco3_m + pyr_m --> adp_m + h_m + oaa_m + pi_m,0.2814317775193228,0.2814317775193228,100.0,MINIMAL,0.0,NOT_A_TARGET
OCOAT1m,3-oxoacid CoA-transferase,Unknown,0.23437252228949343,0.23437252228949343,100.0,MINIMAL,2,5019_AT1;64064_AT1,OXCT1;OXCT2,acac_m + succoa_m <=> aacoa_m + succ_m,0.2814317775193228,0.2814317775193228,100.0,MINIMAL,0.0,NOT_A_TARGET
P45027A11m,"5-beta-cholestane-3-alpha,7-alpha,12-alpha-triol 27-hydroxylase",Unknown,0.23437252228949343,0.23437252228949343,100.0,MINIMAL,1,1593_AT1,CYP27A1,h_m + nadph_m + o2_m + xoltriol_m --> h2o_m + nadp_m + xoltetrol_m,0.2814317775193228,0.2814317775193228,100.0,MINIMAL,0.0,NOT_A_TARGET
OCTAt,Octanoate transport via diffusion,Unknown,0.23437252228949343,0.23437252228949343,100.0,MINIMAL,0,,,octa_e <=> octa_c,0.2814317775193228,0.2814317775193228,100.0,MINIMAL,0.0,NOT_A_TARGET
P45027A12m,"5-beta-cholestane-3-alpha,7-alpha,12-alpha-triol 27-hydroxylase",Unknown,0.23437252228949343,0.23437252228949343,100.0,MINIMAL,1,1593_AT1,CYP27A1,nadp_m + xoltetrol_m --> h_m + nadph_m + thcholst_m,0.2814317775193228,0.2814317775193228,100.0,MINIMAL,0.0,NOT_A_TARGET
ODECOAtx,Fatty acid intracellular transport,Unknown,0.23437252228949343,0.23437252228949343,100.0,MINIMAL,0,,,odecoa_c <=> odecoa_x,0.2814317775193228,0.2814317775193228,100.0,MINIMAL,0.0,NOT_A_TARGET
OIVD1m,"2-oxoisovalerate dehydrogenase (acylating; 4-methyl-2-oxopentaoate), mitochondrial",Unknown,0.23437252228949343,0.23437252228949343,100.0,MINIMAL,5,593_AT1;1738_AT1;594_AT2;1629_AT1;594_AT1,BCKDHA;DLD;BCKDHB;DBT;BCKDHB,4mop_m + coa_m + nad_m --> co2_m + ivcoa_m + nadh_m,0.2814317775193228,0.2814317775193228,100.0,MINIMAL,0.0,NOT_A_TARGET
GLUCYS,Gamma-glutamylcysteine synthetase,Unknown,0.23437252228949343,0.23437252228949343,100.0,MINIMAL,2,2729_AT1;2730_AT1,GCLC;GCLM,atp_c + cys__L_c + glu__L_c --> adp_c + glucys_c + h_c + pi_c,0.2814317775193228,0.2814317775193228,100.0,MINIMAL,0.0,NOT_A_TARGET
G5SDym,"Glutamate-5-semialdehyde dehydrogenase, mitochondria",Unknown,0.23437252228949343,0.23437252228949343,100.0,MINIMAL,1,5832_AT1,ALDH18A1,glu5p_m + h_m + nadph_m --> glu5sa_m + nadp_m + pi_m,0.2814317775193228,0.2814317775193228,100.0,MINIMAL,0.0,NOT_A_TARGET
G6PDA,Glucosamine-6-phosphate deaminase,Unknown,0.23437252228949343,0.23437252228949343,100.0,MINIMAL,2,10007_AT1;132789_AT1,GNPDA1;GNPDA2,gam6p_c + h2o_c --> f6p_c + nh4_c,0.2814317775193228,0.2814317775193228,100.0,MINIMAL,0.0,NOT_A_TARGET
NRVNCCOAtx,Fatty acid intracellular transport,Unknown,0.23437252228949343,0.23437252228949343,100.0,MINIMAL,0,,,nrvnccoa_c <=> nrvnccoa_x,0.2814317775193228,0.2814317775193228,100.0,MINIMAL,0.0,NOT_A_TARGET
GLYtp,Glycine passive transport to peroxisome,Unknown,0.23437252228949343,0.23437252228949343,100.0,MINIMAL,0,,,gly_c <=> gly_x,0.2814317775193228,0.2814317775193228,100.0,MINIMAL,0.0,NOT_A_TARGET
LGNCCOAtx,Fatty acid intracellular transport,Unknown,0.23437252228949343,0.23437252228949343,100.0,MINIMAL,0,,,lgnccoa_c <=> lgnccoa_x,0.2814317775193228,0.2814317775193228,100.0,MINIMAL,0.0,NOT_A_TARGET
GMPR,GMP reductase,Unknown,0.23437252228949343,0.23437252228949343,100.0,MINIMAL,4,2766_AT1;51292_AT2;51292_AT1;51292_AT3,GMPR;GMPR2;GMPR2;GMPR2,gmp_c + 2.0 h_c + nadph_c --> imp_c + nadp_c + nh4_c,0.2814317775193228,0.2814317775193228,100.0,MINIMAL,0.0,NOT_A_TARGET
NTD9,5'-nucleotidase (GMP),Unknown,0.23437252228949343,0.23437252228949343,100.0,MINIMAL,1,22978_AT1,NT5C2,gmp_c + h2o_c --> gsn_c + pi_c,0.2814317775193228,0.2814317775193228,100.0,MINIMAL,0.0,NOT_A_TARGET
NTD9e,"5'-nucleotidase (GMP), extracellular",Unknown,0.23437252228949343,0.23437252228949343,100.0,MINIMAL,1,4907_AT1,NT5E,gmp_e + h2o_e --> gsn_e + pi_e,0.2814317775193228,0.2814317775193228,100.0,MINIMAL,0.0,NOT_A_TARGET
GLYt7_211_r,GLYt7 LPAREN 211 RPAREN r,Unknown,0.23437252228949343,0.23437252228949343,100.0,MINIMAL,2,6536_AT1;6536_AT2,SLC6A9;SLC6A9,cl_e + gly_e + 2.0 na1_e <=> cl_c + gly_c + 2.0 na1_c,0.2814317775193228,0.2814317775193228,100.0,MINIMAL,0.0,NOT_A_TARGET
NTD6,5'-nucleotidase (dAMP),Unknown,0.23437252228949343,0.23437252228949343,100.0,MINIMAL,1,22978_AT1,NT5C2,damp_c + h2o_c --> dad_2_c + pi_c,0.2814317775193228,0.2814317775193228,100.0,MINIMAL,0.0,NOT_A_TARGET
G6PDH1er_copy1,"Glucose-6-phosphate dehydrogenase, endoplasmic reticulum",Unknown,0.23437252228949343,0.23437252228949343,100.0,MINIMAL,1,9563_AT1,H6PD,g6p_r + nad_r --> 6pgl_r + h_r + nadh_r,0.2814317775193228,0.2814317775193228,100.0,MINIMAL,0.0,NOT_A_TARGET
NTD5m,"5'-nucleotidase (dTMP), mitochondrial",Unknown,0.23437252228949343,0.23437252228949343,100.0,MINIMAL,1,56953_AT1,NT5M,dtmp_m + h2o_m --> pi_m + thymd_m,0.2814317775193228,0.2814317775193228,100.0,MINIMAL,0.0,NOT_A_TARGET
GND,Phosphogluconate dehydrogenase,Unknown,0.23437252228949343,0.23437252228949343,100.0,MINIMAL,1,5226_AT1,PGD,6pgc_c + nadp_c --> co2_c + nadph_c + ru5p__D_c,0.2814317775193228,0.2814317775193228,100.0,MINIMAL,0.0,NOT_A_TARGET
NMNATn,Nicotinamide-nucleotide adenylyltransferase,Unknown,0.23437252228949343,0.23437252228949343,100.0,MINIMAL,1,64802_AT1,NMNAT1,atp_n + h_n + nmn_n --> nad_n + ppi_n,0.2814317775193228,0.2814317775193228,100.0,MINIMAL,0.0,NOT_A_TARGET
NDPK10n,"Nucleoside-diphosphate kinase (ATP:dIDP), nuclear",Unknown,0.23437252228949343,0.23437252228949343,100.0,MINIMAL,3,4830_AT1;4830_AT2;4831_AT1,NME1;NME1;NME2,atp_n + didp_n <=> adp_n + ditp_n,0.2814317775193228,0.2814317775193228,100.0,MINIMAL,0.0,NOT_A_TARGET
NDPK1m,"Nucleoside-diphosphate kinase (ATP:GDP), mitochondrial",Unknown,0.23437252228949343,0.23437252228949343,100.0,MINIMAL,1,4833_AT1,NME4,atp_m + gdp_m <=> adp_m + gtp_m,0.2814317775193228,0.2814317775193228,100.0,MINIMAL,0.0,NOT_A_TARGET
NDPK1n,"Nucleoside-diphosphate kinase (ATP:GDP), nuclear",Unknown,0.23437252228949343,0.23437252228949343,100.0,MINIMAL,3,4830_AT1;4830_AT2;4831_AT1,NME1;NME1;NME2,atp_n + gdp_n <=> adp_n + gtp_n,0.2814317775193228,0.2814317775193228,100.0,MINIMAL,0.0,NOT_A_TARGET
NMNAT,Nicotinamide-nucleotide adenylyltransferase,Unknown,0.23437252228949343,0.23437252228949343,100.0,MINIMAL,3,23057_AT2;349565_AT1;23057_AT1,NMNAT2;NMNAT3;NMNAT2,atp_c + h_c + nmn_c <=> nad_c + ppi_c,0.2814317775193228,0.2814317775193228,100.0,MINIMAL,0.0,NOT_A_TARGET
NMNtn,"NMN transport, nuclear trhough pore",Unknown,0.23437252228949343,0.23437252228949343,100.0,MINIMAL,0,,,nmn_c <=> nmn_n,0.2814317775193228,0.2814317775193228,100.0,MINIMAL,0.0,NOT_A_TARGET
NDPK2n,"Nucleoside-diphosphate kinase (ATP:UDP), nuclear",Unknown,0.23437252228949343,0.23437252228949343,100.0,MINIMAL,3,4830_AT1;4830_AT2;4831_AT1,NME1;NME1;NME2,atp_n + udp_n <=> adp_n + utp_n,0.2814317775193228,0.2814317775193228,100.0,MINIMAL,0.0,NOT_A_TARGET
NDPK3,Nucleoside-diphosphate kinase (ATP:CDP),Unknown,0.23437252228949343,0.23437252228949343,100.0,MINIMAL,7,29922_AT1;4830_AT1;29922_AT2;4832_AT1;10201_AT1;4830_AT2;4831_AT1,NME7;NME1;NME7;NME3;NME6;NME1;NME2,atp_c + cdp_c <=> adp_c + ctp_c,0.2814317775193228,0.2814317775193228,100.0,MINIMAL,0.0,NOT_A_TARGET
LEUt4,L-leucine transport in via sodium symport,Unknown,0.23437252228949343,0.23437252228949343,100.0,MINIMAL,7,6541_AT1;81539_AT1;6520_AT1;6542_AT1;84889_AT1;55089_AT1;11254_AT1,SLC7A1;SLC38A1;SLC3A2;SLC7A2;SLC7A3;SLC38A4;SLC6A14,leu__L_e + na1_e --> leu__L_c + na1_c,0.2814317775193228,0.2814317775193228,100.0,MINIMAL,0.0,NOT_A_TARGET
NNATr_copy1,Nicotinate-nucleotide adenylyltransferase,Unknown,0.23437252228949343,0.23437252228949343,100.0,MINIMAL,3,5169_AT1;5167_AT1;5168_AT1,ENPP3;ENPP1;ENPP2,atp_c + h_c + nicrnt_c --> dnad_c + ppi_c,0.2814317775193228,0.2814317775193228,100.0,MINIMAL,0.0,NOT_A_TARGET
NNATn,"ATP:nicotinamide-nucleotide adenylyltransferase, nucleus",Unknown,0.23437252228949343,0.23437252228949343,100.0,MINIMAL,1,64802_AT1,NMNAT1,atp_n + h_n + nicrnt_n --> dnad_n + ppi_n,0.2814317775193228,0.2814317775193228,100.0,MINIMAL,0.0,NOT_A_TARGET
NDPK3m,"ATP:CDP phosphotransferase, mitochondria",Unknown,0.23437252228949343,0.23437252228949343,100.0,MINIMAL,1,4833_AT1,NME4,atp_m + cdp_m <=> adp_m + ctp_m,0.2814317775193228,0.2814317775193228,100.0,MINIMAL,0.0,NOT_A_TARGET
NDPK3n,"Nucleoside-diphosphate kinase (ATP:CDP),nuclear",Unknown,0.23437252228949343,0.23437252228949343,100.0,MINIMAL,3,4830_AT2;4830_AT1;4831_AT1,NME1;NME1;NME2,atp_n + cdp_n <=> adp_n + ctp_n,0.2814317775193228,0.2814317775193228,100.0,MINIMAL,0.0,NOT_A_TARGET
NDPK4,Nucleoside-diphosphate kinase (ATP:dTDP),Unknown,0.23437252228949343,0.23437252228949343,100.0,MINIMAL,7,29922_AT1;4830_AT1;29922_AT2;4832_AT1;10201_AT1;4830_AT2;4831_AT1,NME7;NME1;NME7;NME3;NME6;NME1;NME2,atp_c + dtdp_c <=> adp_c + dttp_c,0.2814317775193228,0.2814317775193228,100.0,MINIMAL,0.0,NOT_A_TARGET
NDPK4m,"ATP:dTDP phosphotransferase, mitochondria",Unknown,0.23437252228949343,0.23437252228949343,100.0,MINIMAL,1,4833_AT1,NME4,atp_m + dtdp_m <=> adp_m + dttp_m,0.2814317775193228,0.2814317775193228,100.0,MINIMAL,0.0,NOT_A_TARGET
NDPK4n,"Nucleoside-diphosphate kinase (ATP:dTDP), nuclear",Unknown,0.23437252228949343,0.23437252228949343,100.0,MINIMAL,3,4830_AT1;4830_AT2;4831_AT1,NME1;NME1;NME2,atp_n + dtdp_n <=> adp_n + dttp_n,0.2814317775193228,0.2814317775193228,100.0,MINIMAL,0.0,NOT_A_TARGET
G6PDH2r,Glucose 6-phosphate dehydrogenase,Unknown,0.23437252228949343,0.23437252228949343,100.0,MINIMAL,1,2539_AT1,G6PD,g6p_c + nadp_c <=> 6pgl_c + h_c + nadph_c,0.2814317775193228,0.2814317775193228,100.0,MINIMAL,0.0,NOT_A_TARGET
NRPPHRtu,Norepinephrine uniport,Unknown,0.23437252228949343,0.23437252228949343,100.0,MINIMAL,3,6582_AT2;6582_AT1;6581_AT1,SLC22A2;SLC22A2;SLC22A3,nrpphr_e <=> nrpphr_c,0.2814317775193228,0.2814317775193228,100.0,MINIMAL,0.0,NOT_A_TARGET
NKCC2t,Na+-K+-Cl- cotransport (NH4+),Unknown,0.23437252228949343,0.23437252228949343,100.0,MINIMAL,2,6557_AT1;6558_AT1,SLC12A1;SLC12A2,2.0 cl_e + na1_e + nh4_e <=> 2.0 cl_c + na1_c + nh4_c,0.2814317775193228,0.2814317775193228,100.0,MINIMAL,0.0,NOT_A_TARGET
O2tm,O2 transport  diffusion,Unknown,0.23437252228949343,0.23437252228949343,100.0,MINIMAL,0,,,o2_c <=> o2_m,0.2814317775193228,0.2814317775193228,100.0,MINIMAL,0.0,NOT_A_TARGET
O2tn,"O2 transport (diffusion), nucleus",Unknown,0.23437252228949343,0.23437252228949343,100.0,MINIMAL,0,,,o2_c <=> o2_n,0.2814317775193228,0.2814317775193228,100.0,MINIMAL,0.0,NOT_A_TARGET
NTD5,5'-nucleotidase (dTMP),Unknown,0.23437252228949343,0.23437252228949343,100.0,MINIMAL,1,30833_AT1,NT5C,dtmp_c + h2o_c --> pi_c + thymd_c,0.2814317775193228,0.2814317775193228,100.0,MINIMAL,0.0,NOT_A_TARGET
G6PDH1er_copy2,"Glucose-6-phosphate dehydrogenase, endoplasmic reticulum",Unknown,0.23437252228949343,0.23437252228949343,100.0,MINIMAL,1,9563_AT1,H6PD,g6p_r + nad_r <=> 6pgl_r + h_r + nadh_r,0.2814317775193228,0.2814317775193228,100.0,MINIMAL,0.0,NOT_A_TARGET
NTP3e,Nucleoside-triphosphatase (GTP),Unknown,0.23437252228949343,0.23437252228949343,100.0,MINIMAL,1,124583_AT1,CANT1,gtp_e + h2o_e --> gdp_e + h_e + pi_e,0.2814317775193228,0.2814317775193228,100.0,MINIMAL,0.0,NOT_A_TARGET
MI34PP,"D-myo-Inositol-3,4-bisphosphate 4-phosphohydrolase",Unknown,0.23437252228949343,0.23437252228949343,100.0,MINIMAL,3,3631_AT2;3631_AT1;8821_AT1,INPP4A;INPP4A;INPP4B,h2o_c + mi34p_c --> mi3p__D_c + pi_c,0.2814317775193228,0.2814317775193228,100.0,MINIMAL,0.0,NOT_A_TARGET
MTAP,5  methylthioadenosine phosphorylase,Unknown,0.23437252228949343,0.23437252228949343,100.0,MINIMAL,1,4507_AT1,MTAP,5mta_c + pi_c --> 5mdr1p_c + ade_c,0.2814317775193228,0.2814317775193228,100.0,MINIMAL,0.0,NOT_A_TARGET
MTHFC,Methenyltetrahydrofolate cyclohydrolase,Unknown,0.23437252228949343,0.23437252228949343,100.0,MINIMAL,3,4522_AT1;285216_AT1;80068_AT1,MTHFD1;285216_AT1;80068_AT1,h2o_c + methf_c <=> 10fthf_c + h_c,0.2814317775193228,0.2814317775193228,100.0,MINIMAL,0.0,NOT_A_TARGET
MTHFCm,Methenyltetrahydrifikate cyclohydrolase  mitochondrial,Unknown,0.23437252228949343,0.23437252228949343,100.0,MINIMAL,2,10797_AT1;25902_AT1,MTHFD2;MTHFD1L,h2o_m + methf_m <=> 10fthf_m + h_m,0.2814317775193228,0.2814317775193228,100.0,MINIMAL,0.0,NOT_A_TARGET
GLUVESSEC,L-glutamate secretion via secretory vesicle (ATP driven),Unknown,0.23437252228949343,0.23437252228949343,100.0,MINIMAL,3,246213_AT1;57084_AT1;57030_AT1,SLC17A8;SLC17A6;SLC17A7,atp_c + glu__L_c + h2o_c --> adp_c + glu__L_e + h_c + pi_c,0.2814317775193228,0.2814317775193228,100.0,MINIMAL,0.0,NOT_A_TARGET
MTHFD,Methylenetetrahydrofolate dehydrogenase (NADP),Unknown,0.23437252228949343,0.23437252228949343,100.0,MINIMAL,1,4522_AT1,MTHFD1,mlthf_c + nadp_c <=> methf_c + nadph_c,0.2814317775193228,0.2814317775193228,100.0,MINIMAL,0.0,NOT_A_TARGET
MTHFD2m,"Methylenetetrahydrofolate dehydrogenase (NAD), mitochondrial",Unknown,0.23437252228949343,0.23437252228949343,100.0,MINIMAL,1,10797_AT1,MTHFD2,mlthf_m + nad_m <=> methf_m + nadh_m,0.2814317775193228,0.2814317775193228,100.0,MINIMAL,0.0,NOT_A_TARGET
MTHFDm,Methylenetetrahydrofolate dehydrogenase  NADP   mitochondrial,Unknown,0.23437252228949343,0.23437252228949343,100.0,MINIMAL,2,10797_AT1;25902_AT1,MTHFD2;MTHFD1L,mlthf_m + nadp_m <=> methf_m + nadph_m,0.2814317775193228,0.2814317775193228,100.0,MINIMAL,0.0,NOT_A_TARGET
LCYSTAT,L-Cysteate:2-oxoglutarate aminotransferase,Unknown,0.23437252228949343,0.23437252228949343,100.0,MINIMAL,1,2805_AT1,GOT1,Lcyst_c + akg_c <=> 3spyr_c + glu__L_c,0.2814317775193228,0.2814317775193228,100.0,MINIMAL,0.0,NOT_A_TARGET
MTHFR3,5 10 methylenetetrahydrofolatereductase  NADPH,Unknown,0.23437252228949343,0.23437252228949343,100.0,MINIMAL,1,4524_AT1,MTHFR,2.0 h_c + mlthf_c + nadph_c --> 5mthf_c + nadp_c,0.2814317775193228,0.2814317775193228,100.0,MINIMAL,0.0,NOT_A_TARGET
MTRI,5-methylthioribose-1-phosphate isomerase,Unknown,0.23437252228949343,0.23437252228949343,100.0,MINIMAL,0,,,5mdr1p_c <=> 5mdru1p_c,0.2814317775193228,0.2814317775193228,100.0,MINIMAL,0.0,NOT_A_TARGET
N2M2NMASNtly,"N2m2nmasn transport, extracellular to lysosome",Unknown,0.23437252228949343,0.23437252228949343,100.0,MINIMAL,0,,,n2m2nmasn_e --> n2m2nmasn_l,0.2814317775193228,0.2814317775193228,100.0,MINIMAL,0.0,NOT_A_TARGET
NICRNTtn,"NICRNT transport, nuclear trhough pore",Unknown,0.23437252228949343,0.23437252228949343,100.0,MINIMAL,0,,,nicrnt_c <=> nicrnt_n,0.2814317775193228,0.2814317775193228,100.0,MINIMAL,0.0,NOT_A_TARGET
LCADi,Lactaldehyde dehydrogenase,Unknown,0.23437252228949343,0.23437252228949343,100.0,MINIMAL,11,216_AT1;501_AT1;8854_AT2;220_AT1;223_AT1;224_AT1;218_AT1;8854_AT1;222_AT1;221_AT1,ALDH1A1;ALDH7A1;ALDH1A2;ALDH1A3;ALDH9A1;ALDH3A2;ALDH3A1;ALDH1A2;ALDH3B2;ALDH3B1,h2o_c + lald__L_c + nad_c --> 2.0 h_c + lac__L_c + nadh_c,0.2814317775193228,0.2814317775193228,100.0,MINIMAL,0.0,NOT_A_TARGET
MECOALm,"Mesaconate--CoA ligase (ADP-forming), mitochondrial",Unknown,0.23437252228949343,0.23437252228949343,100.0,MINIMAL,2,8802_AT1;8803_AT1,SUCLG1;SUCLA2,atp_m + coa_m + mescon_m <=> adp_m + mescoa_m + pi_m,0.2814317775193228,0.2814317775193228,100.0,MINIMAL,0.0,NOT_A_TARGET
G6PPer,"Glucose-6-phosphate phosphatase, edoplasmic reticular",Unknown,0.23437252228949343,0.23437252228949343,100.0,MINIMAL,3,57818_AT1;92579_AT1;2538_AT1,G6PC2;G6PC3;G6PC,g6p_r + h2o_r --> glc__D_r + pi_r,0.2814317775193228,0.2814317775193228,100.0,MINIMAL,0.0,NOT_A_TARGET
G6Pter,Glucose 6 phosphate endoplasmic reticular transport via diffusion,Unknown,0.23437252228949343,0.23437252228949343,100.0,MINIMAL,1,2542_AT1,SLC37A4,g6p_c <=> g6p_r,0.2814317775193228,0.2814317775193228,100.0,MINIMAL,0.0,NOT_A_TARGET
MI1PP,Myo-inositol 1-phosphatase,Unknown,0.23437252228949343,0.23437252228949343,100.0,MINIMAL,2,3613_AT1;3612_AT1,IMPA2;IMPA1,h2o_c + mi1p__D_c --> inost_c + pi_c,0.2814317775193228,0.2814317775193228,100.0,MINIMAL,0.0,NOT_A_TARGET
MI1PS,Myo Inositol 1 phosphate synthase,Unknown,0.23437252228949343,0.23437252228949343,100.0,MINIMAL,1,51477_AT1,ISYNA1,g6p_c --> mi1p__D_c,0.2814317775193228,0.2814317775193228,100.0,MINIMAL,0.0,NOT_A_TARGET
MCD,Malonyl-CoA Decarboxylase cytoplasmic,Unknown,0.23437252228949343,0.23437252228949343,100.0,MINIMAL,1,23417_AT1,MLYCD,h_c + malcoa_c --> accoa_c + co2_c,0.2814317775193228,0.2814317775193228,100.0,MINIMAL,0.0,NOT_A_TARGET
MCDm,"Malonyl-CoA Decarboxylase, mitochondrial",Unknown,0.23437252228949343,0.23437252228949343,100.0,MINIMAL,1,23417_AT1,MLYCD,h_m + malcoa_m --> accoa_m + co2_m,0.2814317775193228,0.2814317775193228,100.0,MINIMAL,0.0,NOT_A_TARGET
MCITS,2-methylcitrate synthase,Unknown,0.23437252228949343,0.23437252228949343,100.0,MINIMAL,0,,,h2o_c + oaa_c + ppcoa_c --> 2mcit_c + coa_c + h_c,0.2814317775193228,0.2814317775193228,100.0,MINIMAL,0.0,NOT_A_TARGET
MCLACCYSR,3-mercaptolactate:cysteine reductase,Unknown,0.23437252228949343,0.23437252228949343,100.0,MINIMAL,0,,,cys__L_c + mercplac_c + nad_c --> h_c + mercplaccys_c + nadh_c,0.2814317775193228,0.2814317775193228,100.0,MINIMAL,0.0,NOT_A_TARGET
GLUt6,"Glutamate transport via Na, H symport and K antiport",Unknown,0.23437252228949343,0.23437252228949343,100.0,MINIMAL,5,6507_AT1;6505_AT1;6511_AT1;6506_AT1;6512_AT1,SLC1A3;SLC1A1;SLC1A6;SLC1A2;SLC1A7,glu__L_e + h_e + k_c + 3.0 na1_e --> glu__L_c + h_c + k_e + 3.0 na1_c,0.2814317775193228,0.2814317775193228,100.0,MINIMAL,0.0,NOT_A_TARGET
MCLORi,3-Mercaptolactate:NAD+ oxidoreductase irreversible,Unknown,0.23437252228949343,0.23437252228949343,100.0,MINIMAL,7,3945_AT1;3948_AT1;55293_AT1;160287_AT1;3939_AT1;3948_AT2;92483_AT1,LDHB;LDHC;UEVLD;LDHAL6A;LDHA;LDHC;LDHAL6B,h_c + mercppyr_c + nadh_c <=> mercplac_c + nad_c,0.2814317775193228,0.2814317775193228,100.0,MINIMAL,0.0,NOT_A_TARGET
GLUt2m,"Amino acid transporter (glu-L), mitochondrial",Unknown,0.23437252228949343,0.23437252228949343,100.0,MINIMAL,4,8604_AT1;83733_AT1;79751_AT1;10165_AT1,SLC25A12;SLC25A18;SLC25A22;SLC25A13,glu__L_c + h_c <=> glu__L_m + h_m,0.2814317775193228,0.2814317775193228,100.0,MINIMAL,0.0,NOT_A_TARGET
MOGAT,Monoacylglycerol acyltransferase,Unknown,0.23437252228949343,0.23437252228949343,100.0,MINIMAL,2,116255_AT1;80168_AT1,MOGAT1;MOGAT2,Rtotalcoa_c + mag_hs_c --> coa_c + dag_hs_c,0.2814317775193228,0.2814317775193228,100.0,MINIMAL,0.0,NOT_A_TARGET
NT5C,5'-nucleotidase,Unknown,0.23437252228949343,0.23437252228949343,100.0,MINIMAL,1,22978_AT1,NT5C2,h2o_c + nicrnt_c --> nicrns_c + pi_c,0.2814317775193228,0.2814317775193228,100.0,MINIMAL,0.0,NOT_A_TARGET
LCAT1e,Lecithin-cholesterol acyltransferase,Unknown,0.23437252228949343,0.23437252228949343,100.0,MINIMAL,1,3931_AT1,LCAT,chsterol_e + pchol_hs_e --> lpchol_hs_e + xolest2_hs_e,0.2814317775193228,0.2814317775193228,100.0,MINIMAL,0.0,NOT_A_TARGET
NTD1,5'-nucleotidase (dUMP),Unknown,0.23437252228949343,0.23437252228949343,100.0,MINIMAL,1,30833_AT1,NT5C,dump_c + h2o_c --> duri_c + pi_c,0.2814317775193228,0.2814317775193228,100.0,MINIMAL,0.0,NOT_A_TARGET
NTD10,5'-nucleotidase (XMP),Unknown,0.23437252228949343,0.23437252228949343,100.0,MINIMAL,1,22978_AT1,NT5C2,h2o_c + xmp_c --> pi_c + xtsn_c,0.2814317775193228,0.2814317775193228,100.0,MINIMAL,0.0,NOT_A_TARGET
NTD11,5'-nucleotidase (IMP),Unknown,0.23437252228949343,0.23437252228949343,100.0,MINIMAL,3,93034_AT1;22978_AT1;93034_AT2,NT5C1B;NT5C2;NT5C1B,h2o_c + imp_c --> ins_c + pi_c,0.2814317775193228,0.2814317775193228,100.0,MINIMAL,0.0,NOT_A_TARGET
NTD1m,"5'-nucleotidase (dUMP),mitochondrial",Unknown,0.23437252228949343,0.23437252228949343,100.0,MINIMAL,1,56953_AT1,NT5M,dump_m + h2o_m --> duri_m + pi_m,0.2814317775193228,0.2814317775193228,100.0,MINIMAL,0.0,NOT_A_TARGET
NTD2,5'-nucleotidase (UMP),Unknown,0.23437252228949343,0.23437252228949343,100.0,MINIMAL,1,51251_AT1,NT5C3A,h2o_c + ump_c --> pi_c + uri_c,0.2814317775193228,0.2814317775193228,100.0,MINIMAL,0.0,NOT_A_TARGET
NaKt,Na+/K+ exchanging ATPase,Unknown,0.23437252228949343,0.23437252228949343,100.0,MINIMAL,8,477_AT1;480_AT1;481_AT1;482_AT1;483_AT1;476_AT1;478_AT1;23439_AT1,ATP1A2;ATP1A4;ATP1B1;ATP1B2;ATP1B3;ATP1A1;ATP1A3;ATP1B4,atp_c + h2o_c + 2.0 k_e + 3.0 na1_c --> adp_c + h_c + 2.0 k_c + 3.0 na1_e + pi_c,0.2814317775193228,0.2814317775193228,100.0,MINIMAL,0.0,NOT_A_TARGET
NTD2e,"5'-nucleotidase (UMP), extracellular",Unknown,0.23437252228949343,0.23437252228949343,100.0,MINIMAL,1,4907_AT1,NT5E,h2o_e + ump_e --> pi_e + uri_e,0.2814317775193228,0.2814317775193228,100.0,MINIMAL,0.0,NOT_A_TARGET
O2St,Superoxide anion transport via diffusion (extracellular),Unknown,0.23437252228949343,0.23437252228949343,100.0,MINIMAL,0,,,o2s_c <=> o2s_e,0.2814317775193228,0.2814317775193228,100.0,MINIMAL,0.0,NOT_A_TARGET
NTD3,5'-nucleotidase (dCMP),Unknown,0.23437252228949343,0.23437252228949343,100.0,MINIMAL,3,93034_AT1;93034_AT2;30833_AT1,NT5C1B;NT5C1B;NT5C,dcmp_c + h2o_c --> dcyt_c + pi_c,0.2814317775193228,0.2814317775193228,100.0,MINIMAL,0.0,NOT_A_TARGET
NTD4,5'-nucleotidase (CMP),Unknown,0.23437252228949343,0.23437252228949343,100.0,MINIMAL,1,51251_AT1,NT5C3A,cmp_c + h2o_c --> cytd_c + pi_c,0.2814317775193228,0.2814317775193228,100.0,MINIMAL,0.0,NOT_A_TARGET
NTD4e,"5'-nucleotidase (CMP), extracellular",Unknown,0.23437252228949343,0.23437252228949343,100.0,MINIMAL,1,4907_AT1,NT5E,cmp_e + h2o_e --> cytd_e + pi_e,0.2814317775193228,0.2814317775193228,100.0,MINIMAL,0.0,NOT_A_TARGET
O2Stn,Superoxide anion transport via diffusion (nucleus),Unknown,0.23437252228949343,0.23437252228949343,100.0,MINIMAL,0,,,o2s_c <=> o2s_n,0.2814317775193228,0.2814317775193228,100.0,MINIMAL,0.0,NOT_A_TARGET
O2Stx,Superoxide anion transport via diffusion (peroxisome),Unknown,0.23437252228949343,0.23437252228949343,100.0,MINIMAL,0,,,o2s_c <=> o2s_x,0.2814317775193228,0.2814317775193228,100.0,MINIMAL,0.0,NOT_A_TARGET
NDPK10,Nucleoside-diphosphate kinase (ATP dIDP),Unknown,0.23437252228949343,0.23437252228949343,100.0,MINIMAL,7,29922_AT1;4830_AT1;29922_AT2;4832_AT1;10201_AT1;4830_AT2;4831_AT1,NME7;NME1;NME7;NME3;NME6;NME1;NME2,atp_c + didp_c <=> adp_c + ditp_c,0.2814317775193228,0.2814317775193228,100.0,MINIMAL,0.0,NOT_A_TARGET
GNMT,Glycine N-methyltransferase,Unknown,0.23437252228949343,0.23437252228949343,100.0,MINIMAL,1,27232_AT1,GNMT,amet_c + gly_c --> ahcys_c + h_c + sarcs_c,0.2814317775193228,0.2814317775193228,100.0,MINIMAL,0.0,NOT_A_TARGET
LEUTA,Leucine transaminase,Unknown,0.23437252228949343,0.23437252228949343,100.0,MINIMAL,1,586_AT1,BCAT1,akg_c + leu__L_c <=> 4mop_c + glu__L_c,0.2814317775193228,0.2814317775193228,100.0,MINIMAL,0.0,NOT_A_TARGET
MECOAS1m,Mesaconate--CoA ligase (GDP-forming),Unknown,0.23437252228949343,0.23437252228949343,100.0,MINIMAL,2,8802_AT1;8801_AT1,SUCLG1;SUCLG2,coa_m + gtp_m + mescon_m <=> gdp_m + mescoa_m + pi_m,0.2814317775193228,0.2814317775193228,100.0,MINIMAL,0.0,NOT_A_TARGET
LCADi_D,Lactaldehyde dehydrogenase,Unknown,0.23437252228949343,0.23437252228949343,100.0,MINIMAL,11,216_AT1;501_AT1;8854_AT2;220_AT1;223_AT1;224_AT1;218_AT1;8854_AT1;222_AT1;221_AT1,ALDH1A1;ALDH7A1;ALDH1A2;ALDH1A3;ALDH9A1;ALDH3A2;ALDH3A1;ALDH1A2;ALDH3B2;ALDH3B1,h2o_c + lald__D_c + nad_c --> 2.0 h_c + lac__D_c + nadh_c,0.2814317775193228,0.2814317775193228,100.0,MINIMAL,0.0,NOT_A_TARGET
MMCDm,"Methylmalonyl-CoA decarboxylase, mitochondrial",Unknown,0.23437252228949343,0.23437252228949343,100.0,MINIMAL,1,23417_AT1,MLYCD,h_m + mmcoa__S_m --> co2_m + ppcoa_m,0.2814317775193228,0.2814317775193228,100.0,MINIMAL,0.0,NOT_A_TARGET
MMEm,Methylmalonyl-CoA epimerase/racemase,Unknown,0.23437252228949343,0.23437252228949343,100.0,MINIMAL,1,84693_AT1,MCEE,mmcoa__R_m <=> mmcoa__S_m,0.2814317775193228,0.2814317775193228,100.0,MINIMAL,0.0,NOT_A_TARGET
MMMm,Methylmalonyl-CoA mutase,Unknown,0.23437252228949343,0.23437252228949343,100.0,MINIMAL,1,4594_AT1,MUT,mmcoa__R_m <=> succoa_m,0.2814317775193228,0.2814317775193228,100.0,MINIMAL,0.0,NOT_A_TARGET
MMSAD1m,Methylmalonate-semialdehyde dehydrogenase,Unknown,0.23437252228949343,0.23437252228949343,100.0,MINIMAL,1,4329_AT1,ALDH6A1,2mop_m + coa_m + nad_m --> co2_m + nadh_m + ppcoa_m,0.2814317775193228,0.2814317775193228,100.0,MINIMAL,0.0,NOT_A_TARGET
MMSAD3m,Methylmalonate-semialdehyde dehydrogenase (acylating),Unknown,0.23437252228949343,0.23437252228949343,100.0,MINIMAL,1,4329_AT1,ALDH6A1,coa_m + msa_m + nad_m --> accoa_m + co2_m + nadh_m,0.2814317775193228,0.2814317775193228,100.0,MINIMAL,0.0,NOT_A_TARGET
LRAT,Lecithin retinol acyltransferase,Unknown,0.23437252228949343,0.23437252228949343,100.0,MINIMAL,1,9227_AT1,LRAT,pchol_hs_c + retinol_c --> lpchol_hs_c + retfa_c,0.2814317775193228,0.2814317775193228,100.0,MINIMAL,0.0,NOT_A_TARGET
INSTt4,Inositol transport via sodium symport,Unknown,0.23437252228949343,0.23437252228949343,100.0,MINIMAL,1,6526_AT1,SLC5A3,inost_e + na1_e <=> inost_c + na1_c,0.2814317775193228,0.2814317775193228,100.0,MINIMAL,0.0,NOT_A_TARGET
LPS4e,Phospholipase,Unknown,0.23437252228949343,0.23437252228949343,100.0,MINIMAL,1,50487_AT1,PLA2G3,h2o_e + pglyc_hs_e --> 1glyc_hs_e + Rtotal2_e + h_e,0.2814317775193228,0.2814317775193228,100.0,MINIMAL,0.0,NOT_A_TARGET
P45027A14m,"5-beta-cytochrome P450, family 27, subfamily A, polypeptide 1",Unknown,0.23437252228949343,0.23437252228949343,100.0,MINIMAL,1,1593_AT1,CYP27A1,h_m + nadph_m + o2_m + xol7ah2_m --> h2o_m + nadp_m + xol7ah3_m,0.2814317775193228,0.2814317775193228,100.0,MINIMAL,0.0,NOT_A_TARGET
GLU5Km,Glutamate 5-kinase (m),Unknown,0.23437252228949343,0.23437252228949343,100.0,MINIMAL,1,5832_AT1,ALDH18A1,atp_m + glu__L_m --> adp_m + glu5p_m,0.2814317775193228,0.2814317775193228,100.0,MINIMAL,0.0,NOT_A_TARGET
ORNTArm,L-Ornithine:2-oxo-acid aminotransferase,Unknown,0.23437252228949343,0.23437252228949343,100.0,MINIMAL,1,4942_AT1,OAT,akg_m + orn_m <=> glu5sa_m + glu__L_m,0.2814317775193228,0.2814317775193228,100.0,MINIMAL,0.0,NOT_A_TARGET
P45027A15m,"5-beta-cytochrome P450, family 27, subfamily A, polypeptide 1",Unknown,0.23437252228949343,0.23437252228949343,100.0,MINIMAL,1,1593_AT1,CYP27A1,h_m + nadph_m + o2_m + xol7ah3_m --> 2.0 h2o_m + nadp_m + xol7ah2al_m,0.2814317775193228,0.2814317775193228,100.0,MINIMAL,0.0,NOT_A_TARGET
ORNt3m,Ornithine mitochondrial transport via proton antiport,Unknown,0.23437252228949343,0.23437252228949343,100.0,MINIMAL,2,10166_AT1;83884_AT1,SLC25A15;SLC25A2,h_c + orn_m <=> h_m + orn_c,0.2814317775193228,0.2814317775193228,100.0,MINIMAL,0.0,NOT_A_TARGET
ORNt4m,Ornithine mitochondrial transport exchange with citruline,Unknown,0.23437252228949343,0.23437252228949343,100.0,MINIMAL,2,10166_AT1;83884_AT1,SLC25A15;SLC25A2,citr__L_c + h_c + orn_m <=> citr__L_m + h_m + orn_c,0.2814317775193228,0.2814317775193228,100.0,MINIMAL,0.0,NOT_A_TARGET
ORNt,Ornithine transport via diffusion,Unknown,0.23437252228949343,0.23437252228949343,100.0,MINIMAL,3,6542_AT1;6541_AT1;84889_AT1,SLC7A2;SLC7A1;SLC7A3,orn_e --> orn_c,0.2814317775193228,0.2814317775193228,100.0,MINIMAL,0.0,NOT_A_TARGET
PEFLIPm,Phosphatidylethanolamine flippase,Unknown,0.23437252228949343,0.23437252228949343,100.0,MINIMAL,2,57194_AT1;10396_AT1,ATP10A;ATP8A1,atp_c + h2o_c + pe_hs_c --> adp_c + h_c + pe_hs_m + pi_c,0.2814317775193228,0.2814317775193228,100.0,MINIMAL,0.0,NOT_A_TARGET
ORPT,Orotate phosphoribosyltransferase,Unknown,0.23437252228949343,0.23437252228949343,100.0,MINIMAL,1,7372_AT1,UMPS,orot5p_c + ppi_c <=> orot_c + prpp_c,0.2814317775193228,0.2814317775193228,100.0,MINIMAL,0.0,NOT_A_TARGET
OXAHCOtex,Oxalate transport via bicarbonate countertransport,Unknown,0.23437252228949343,0.23437252228949343,100.0,MINIMAL,5,1811_AT1;10861_AT2;10861_AT1;10861_AT3;1836_AT1,SLC26A3;SLC26A1;SLC26A1;SLC26A1;SLC26A2,2.0 hco3_c + oxa_e --> 2.0 hco3_e + oxa_c,0.2814317775193228,0.2814317775193228,100.0,MINIMAL,0.0,NOT_A_TARGET
PEPCKm,Phosphoenolpyruvate carboxykinase (GTP),Unknown,0.23437252228949343,0.23437252228949343,100.0,MINIMAL,1,5106_AT1,PCK2,gtp_m + oaa_m --> co2_m + gdp_m + pep_m,0.2814317775193228,0.2814317775193228,100.0,MINIMAL,0.0,NOT_A_TARGET
OXAtp,Oxalate transport out of peroxisome,Unknown,0.23437252228949343,0.23437252228949343,100.0,MINIMAL,0,,,oxa_x --> oxa_c,0.2814317775193228,0.2814317775193228,100.0,MINIMAL,0.0,NOT_A_TARGET
PHYCBOXL,L-Phenylalanine carboxy-lyase,Unknown,0.23437252228949343,0.23437252228949343,100.0,MINIMAL,1,1644_AT1,DDC,h_c + phe__L_c --> co2_c + peamn_c,0.2814317775193228,0.2814317775193228,100.0,MINIMAL,0.0,NOT_A_TARGET
PGSr,Prostaglandin G/H synthase,Unknown,0.23437252228949343,0.23437252228949343,100.0,MINIMAL,2,5742_AT1;5743_AT1,PTGS1;PTGS2,arachd_r + h_r + nadph_r + 2.0 o2_r --> h2o_r + nadp_r + prostgh2_r,0.2814317775193228,0.2814317775193228,100.0,MINIMAL,0.0,NOT_A_TARGET
P4502C93,Cytochrome P450 2C9,Unknown,0.23437252228949343,0.23437252228949343,100.0,MINIMAL,2,1557_AT1;1559_AT1,CYP2C19;CYP2C9,h_c + limnen_c + nadph_c + o2_c --> h2o_c + nadp_c + perillyl_c,0.2814317775193228,0.2814317775193228,100.0,MINIMAL,0.0,NOT_A_TARGET
PIPLC,Phosphatidylinositol phospholipase C,Unknown,0.23437252228949343,0.23437252228949343,100.0,MINIMAL,18,5335_AT1;23236_AT2;113026_AT1;5334_AT1;257068_AT1;89869_AT1;23007_AT1;5335_AT2;84812_AT1;5333_AT1,PLCG1;PLCB1;PLCD3;PLCL1;PLCXD2;PLCZ1;PLCH1;PLCG1;PLCD4;PLCD1,h2o_c + pail_hs_c --> dag_hs_c + h_c + mi1p__D_c,0.2814317775193228,0.2814317775193228,100.0,MINIMAL,0.0,NOT_A_TARGET
PIt7_copy1,Phosphate transport in/out via three Na+ symporter,Unknown,0.23437252228949343,0.23437252228949343,100.0,MINIMAL,2,6569_AT1;10568_AT1,SLC34A1;SLC34A2,3.0 na1_e + pi_e <=> 3.0 na1_c + pi_c,0.2814317775193228,0.2814317775193228,100.0,MINIMAL,0.0,NOT_A_TARGET
PIt7_copy2,Phosphate transport in/out via three Na+ symporter,Unknown,0.23437252228949343,0.23437252228949343,100.0,MINIMAL,4,10050_AT1;10786_AT1;6568_AT1;10246_AT1,SLC17A4;SLC17A3;SLC17A1;SLC17A2,3.0 na1_e + pi_e --> 3.0 na1_c + pi_c,0.2814317775193228,0.2814317775193228,100.0,MINIMAL,0.0,NOT_A_TARGET
P4502F1,Cytochrome P450 2F1,Unknown,0.23437252228949343,0.23437252228949343,100.0,MINIMAL,1,1572_AT1,CYP2F1,h_c + nadph_c + npthl_c + o2_c --> h2o_c + nadp_c + onpthl_c,0.2814317775193228,0.2814317775193228,100.0,MINIMAL,0.0,NOT_A_TARGET
PIt8,Phosphate transport in/out via Na+ symporter,Unknown,0.23437252228949343,0.23437252228949343,100.0,MINIMAL,2,6574_AT1;6575_AT1,SLC20A1;SLC20A2,1.5 na1_e + pi_e <=> 1.5 na1_c + pi_c,0.2814317775193228,0.2814317775193228,100.0,MINIMAL,0.0,NOT_A_TARGET
PIt9,Phosphate transport in/out via two Na+ symporter,Unknown,0.23437252228949343,0.23437252228949343,100.0,MINIMAL,1,142680_AT1,SLC34A3,2.0 na1_e + pi_e <=> 2.0 na1_c + pi_c,0.2814317775193228,0.2814317775193228,100.0,MINIMAL,0.0,NOT_A_TARGET
PLA2_2e,Phospholipase A2,Unknown,0.23437252228949343,0.23437252228949343,100.0,MINIMAL,8,26279_AT1;30814_AT1;5320_AT1;5319_AT1;5322_AT1;64600_AT1;8399_AT1;81579_AT1,PLA2G2D;PLA2G2E;PLA2G2A;PLA2G1B;PLA2G5;PLA2G2F;PLA2G10;PLA2G12A,h2o_e + pchol_hs_e --> Rtotal2_e + h_e + lpchol_hs_e,0.2814317775193228,0.2814317775193228,100.0,MINIMAL,0.0,NOT_A_TARGET
PItn,"Phosphate transport, nuclear",Unknown,0.23437252228949343,0.23437252228949343,100.0,MINIMAL,0,,,pi_n <=> pi_c,0.2814317775193228,0.2814317775193228,100.0,MINIMAL,0.0,NOT_A_TARGET
PLA2_2,Phospholipase A2,Unknown,0.23437252228949343,0.23437252228949343,100.0,MINIMAL,3,8398_AT2;5320_AT1;8398_AT1,PLA2G6;PLA2G2A;PLA2G6,h2o_c + pchol_hs_c --> Rtotal2_c + h_c + lpchol_hs_c,0.2814317775193228,0.2814317775193228,100.0,MINIMAL,0.0,NOT_A_TARGET
PEAMNO,Phenethylamine oxidase,Unknown,0.23437252228949343,0.23437252228949343,100.0,MINIMAL,5,314_AT1;26_AT1;4128_AT1;314_AT2;4129_AT1,AOC2;AOC1;MAOA;AOC2;MAOB,h2o_c + o2_c + peamn_c --> h2o2_c + nh4_c + pacald_c,0.2814317775193228,0.2814317775193228,100.0,MINIMAL,0.0,NOT_A_TARGET
PDX5POi,Pyridoxine 5'-phosphate oxidase,Unknown,0.23437252228949343,0.23437252228949343,100.0,MINIMAL,1,55163_AT1,PNPO,o2_c + pdx5p_c <=> h2o2_c + pydx5p_c,0.2814317775193228,0.2814317775193228,100.0,MINIMAL,0.0,NOT_A_TARGET
PNP,Purine nucleoside phosphorylase,Unknown,0.23437252228949343,0.23437252228949343,100.0,MINIMAL,1,4860_AT1,PNP,pi_c + rnam_c <=> h_c + ncam_c + r1p_c,0.2814317775193228,0.2814317775193228,100.0,MINIMAL,0.0,NOT_A_TARGET
PDHm,Pyruvate dehydrogenase,Unknown,0.23437252228949343,0.23437252228949343,100.0,MINIMAL,6,1737_AT1;5160_AT1;8050_AT1;5162_AT1;5161_AT1;1738_AT1,DLAT;PDHA1;PDHX;PDHB;PDHA2;DLD,coa_m + nad_m + pyr_m --> accoa_m + co2_m + nadh_m,0.2814317775193228,0.2814317775193228,100.0,MINIMAL,0.0,NOT_A_TARGET
PHEMEtm,Protoheme transport (mitochondria),Unknown,0.23437252228949343,0.23437252228949343,100.0,MINIMAL,0,,,pheme_m <=> pheme_c,0.2814317775193228,0.2814317775193228,100.0,MINIMAL,0.0,NOT_A_TARGET
PGK,Phosphoglycerate kinase,Unknown,0.23437252228949343,0.23437252228949343,100.0,MINIMAL,3,5230_AT1;5232_AT1;348477_AT1,PGK1;PGK2;348477_AT1,3pg_c + atp_c <=> 13dpg_c + adp_c,0.2814317775193228,0.2814317775193228,100.0,MINIMAL,0.0,NOT_A_TARGET
PGL,6-phosphogluconolactonase,Unknown,0.23437252228949343,0.23437252228949343,100.0,MINIMAL,1,25796_AT1,PGLS,6pgl_c + h2o_c --> 6pgc_c + h_c,0.2814317775193228,0.2814317775193228,100.0,MINIMAL,0.0,NOT_A_TARGET
PGM,Phosphoglycerate mutase,Unknown,0.23437252228949343,0.23437252228949343,100.0,MINIMAL,5,5224_AT1;669_AT2;5224_AT2;5223_AT1;669_AT1,PGAM2;BPGM;PGAM2;PGAM1;BPGM,2pg_c <=> 3pg_c,0.2814317775193228,0.2814317775193228,100.0,MINIMAL,0.0,NOT_A_TARGET
P4502C9,Cytochrome P450 2C9,Unknown,0.23437252228949343,0.23437252228949343,100.0,MINIMAL,1,1559_AT1,CYP2C9,h_c + nadph_c + o2_c + tolbutamide_c --> 4mtolbutamide_c + h2o_c + nadp_c,0.2814317775193228,0.2814317775193228,100.0,MINIMAL,0.0,NOT_A_TARGET
PGMT,Phosphoglucomutase,Unknown,0.23437252228949343,0.23437252228949343,100.0,MINIMAL,2,55276_AT1;5236_AT1,PGM2;PGM1,g1p_c <=> g6p_c,0.2814317775193228,0.2814317775193228,100.0,MINIMAL,0.0,NOT_A_TARGET
PHETHPTOX2,"L-Phenylalanine,tetrahydrobiopterin:oxygen oxidoreductase (4-hydroxylating)",Unknown,0.23437252228949343,0.23437252228949343,100.0,MINIMAL,1,5053_AT1,PAH,o2_c + phe__L_c + thbpt_c --> thbpt4acam_c + tyr__L_c,0.2814317775193228,0.2814317775193228,100.0,MINIMAL,0.0,NOT_A_TARGET
PHEt4,L-phenylalanine transport in via sodium symport,Unknown,0.23437252228949343,0.23437252228949343,100.0,MINIMAL,7,54407_AT1;6541_AT1;81539_AT1;6542_AT1;84889_AT1;55089_AT1;11254_AT1,SLC38A2;SLC7A1;SLC38A1;SLC7A2;SLC7A3;SLC38A4;SLC6A14,na1_e + phe__L_e --> na1_c + phe__L_c,0.2814317775193228,0.2814317775193228,100.0,MINIMAL,0.0,NOT_A_TARGET
PHEtec,L-phenylalanine transport via diffusion (extracellular to cytosol),Unknown,0.23437252228949343,0.23437252228949343,100.0,MINIMAL,2,124935_AT1;117247_AT1,SLC43A2;SLC16A10,phe__L_e <=> phe__L_c,0.2814317775193228,0.2814317775193228,100.0,MINIMAL,0.0,NOT_A_TARGET
P4502C92,Cytochrome P450 2C9,Unknown,0.23437252228949343,0.23437252228949343,100.0,MINIMAL,2,1557_AT1;1559_AT1,CYP2C19;CYP2C9,h_c + limnen_c + nadph_c + o2_c --> carveol_c + h2o_c + nadp_c,0.2814317775193228,0.2814317775193228,100.0,MINIMAL,0.0,NOT_A_TARGET
PGS,Prostaglandin G/H synthase,Unknown,0.23437252228949343,0.23437252228949343,100.0,MINIMAL,2,5742_AT1;5743_AT1,PTGS1;PTGS2,arachd_c + h_c + nadph_c + 2.0 o2_c --> h2o_c + nadp_c + prostgh2_c,0.2814317775193228,0.2814317775193228,100.0,MINIMAL,0.0,NOT_A_TARGET
PETOHMm_hs,Phosphatidylethanolamine N-methyltransferase,Unknown,0.23437252228949343,0.23437252228949343,100.0,MINIMAL,3,10400_AT3;10400_AT2;10400_AT1,PEMT;PEMT;PEMT,3.0 amet_m + pe_hs_m --> 3.0 ahcys_m + 3.0 h_m + pchol_hs_m,0.2814317775193228,0.2814317775193228,100.0,MINIMAL,0.0,NOT_A_TARGET
PETHCT,Phosphoethanolamine cytidyltransferase,Unknown,0.23437252228949343,0.23437252228949343,100.0,MINIMAL,1,5833_AT1,PCYT2,ctp_c + ethamp_c + h_c --> cdpea_c + ppi_c,0.2814317775193228,0.2814317775193228,100.0,MINIMAL,0.0,NOT_A_TARGET
PERILLYLte,Xenobiotic transport,Unknown,0.23437252228949343,0.23437252228949343,100.0,MINIMAL,0,,,perillyl_e <=> perillyl_c,0.2814317775193228,0.2814317775193228,100.0,MINIMAL,0.0,NOT_A_TARGET
P45027A16m,Cytochrome P450 27,Unknown,0.23437252228949343,0.23437252228949343,100.0,MINIMAL,1,1593_AT1,CYP27A1,nadph_m + o2_m + xol7ah2al_m --> dhcholestanate_m + h2o_m + nadp_m,0.2814317775193228,0.2814317775193228,100.0,MINIMAL,0.0,NOT_A_TARGET
OIVD2m,"2-oxoisovalerate dehydrogenase (acylating; 3-methyl-2-oxobutanoate), mitochondrial",Unknown,0.23437252228949343,0.23437252228949343,100.0,MINIMAL,5,593_AT1;1738_AT1;594_AT2;1629_AT1;594_AT1,BCKDHA;DLD;BCKDHB;DBT;BCKDHB,3mob_m + coa_m + nad_m --> co2_m + ibcoa_m + nadh_m,0.2814317775193228,0.2814317775193228,100.0,MINIMAL,0.0,NOT_A_TARGET
OIVD3m,"2-oxoisovalerate dehydrogenase (acylating; 3-methyl-2-oxopentanoate), mitochondrial",Unknown,0.23437252228949343,0.23437252228949343,100.0,MINIMAL,5,593_AT1;1738_AT1;594_AT2;1629_AT1;594_AT1,BCKDHA;DLD;BCKDHB;DBT;BCKDHB,3mop_m + coa_m + nad_m --> 2mbcoa_m + co2_m + nadh_m,0.2814317775193228,0.2814317775193228,100.0,MINIMAL,0.0,NOT_A_TARGET
OMEPRAZOLEte,Xenobiotic transport,Unknown,0.23437252228949343,0.23437252228949343,100.0,MINIMAL,0,,,omeprazole_e <=> omeprazole_c,0.2814317775193228,0.2814317775193228,100.0,MINIMAL,0.0,NOT_A_TARGET
OMPDC,Orotidine-5'-phosphate decarboxylase,Unknown,0.23437252228949343,0.23437252228949343,100.0,MINIMAL,1,7372_AT1,UMPS,h_c + orot5p_c --> co2_c + ump_c,0.2814317775193228,0.2814317775193228,100.0,MINIMAL,0.0,NOT_A_TARGET
P45027A13m,"5-beta-cholestane-3-alpha,7-alpha,12-alpha-triol 27-hydroxylase",Unknown,0.23437252228949343,0.23437252228949343,100.0,MINIMAL,1,1593_AT1,CYP27A1,nadph_m + o2_m + thcholst_m --> h2o_m + nadp_m + thcholstoic_m,0.2814317775193228,0.2814317775193228,100.0,MINIMAL,0.0,NOT_A_TARGET
ONPTHLte,Xenobiotic transport,Unknown,0.23437252228949343,0.23437252228949343,100.0,MINIMAL,0,,,onpthl_e <=> onpthl_c,0.2814317775193228,0.2814317775193228,100.0,MINIMAL,0.0,NOT_A_TARGET
OPAH,5-Oxoproline amidohydrolase (ATP-hydrolysing) (ir),Unknown,0.23437252228949343,0.23437252228949343,100.0,MINIMAL,1,26873_AT1,OPLAH,5oxpro_c + atp_c + 2.0 h2o_c --> adp_c + glu__L_c + h_c + pi_c,0.2814317775193228,0.2814317775193228,100.0,MINIMAL,0.0,NOT_A_TARGET
GCPNn,"Guanosine 3',5'-cyclic phosphate 5'-nucleotidohydrolase, nucleus",Unknown,0.23437252228949343,0.23437252228949343,100.0,MINIMAL,1,5152_AT1,PDE9A,35cgmp_n + h2o_n --> gmp_n + h_n,0.2814317775193228,0.2814317775193228,100.0,MINIMAL,0.0,NOT_A_TARGET
P45039A1r,Oxysterol 7-alpha-hydroxylase,Unknown,0.23437252228949343,0.23437252228949343,100.0,MINIMAL,1,51302_AT1,CYP39A1,h_r + nadph_r + o2_r + xol24oh_r --> h2o_r + nadp_r + xoltri24_r,0.2814317775193228,0.2814317775193228,100.0,MINIMAL,0.0,NOT_A_TARGET
PNTK,Pantothenate kinase,Unknown,0.23437252228949343,0.23437252228949343,100.0,MINIMAL,9,53354_AT2;79646_AT1;53354_AT1;55229_AT1;80025_AT4;53354_AT3;80025_AT3;80025_AT2;80025_AT1,PANK1;PANK3;PANK1;PANK4;PANK2;PANK1;PANK2;PANK2;PANK2,atp_c + pnto__R_c --> 4ppan_c + adp_c + h_c,0.2814317775193228,0.2814317775193228,100.0,MINIMAL,0.0,NOT_A_TARGET
P4502C19,Cytochrome P450 2C19,Unknown,0.23437252228949343,0.23437252228949343,100.0,MINIMAL,1,1557_AT1,CYP2C19,h_c + nadph_c + o2_c + omeprazole_c --> 5homeprazole_c + h2o_c + nadp_c,0.2814317775193228,0.2814317775193228,100.0,MINIMAL,0.0,NOT_A_TARGET
P4502E1,Cytochrome P450 2E1,Unknown,0.23437252228949343,0.23437252228949343,100.0,MINIMAL,1,1571_AT1,CYP2E1,4nph_c + h_c + nadph_c + o2_c --> 24nph_c + h2o_c + nadp_c,0.2814317775193228,0.2814317775193228,100.0,MINIMAL,0.0,NOT_A_TARGET
PI3PP,Phosphatidylinositol-3-phosphate 3-phosphatase,Unknown,0.23437252228949343,0.23437252228949343,100.0,MINIMAL,3,8897_AT1;8897_AT3;8897_AT2,MTMR3;MTMR3;MTMR3,h2o_c + pail3p_hs_c --> pail_hs_c + pi_c,0.2814317775193228,0.2814317775193228,100.0,MINIMAL,0.0,NOT_A_TARGET
PI5P3K,Phosphatidylinositol-5-phosphate 3-kinase,Unknown,0.23437252228949343,0.23437252228949343,100.0,MINIMAL,15,5286_AT1;5291_AT1;8503_AT1;5295_AT1;5294_AT1;5289_AT1;10870_AT1;5295_AT3;5293_AT1;5296_AT1,PIK3C2A;PIK3CB;PIK3R3;PIK3R1;PIK3CG;PIK3C3;HCST;PIK3R1;PIK3CD;PIK3R2,atp_c + pail5p_hs_c --> adp_c + h_c + pail35p_hs_c,0.2814317775193228,0.2814317775193228,100.0,MINIMAL,0.0,NOT_A_TARGET
PI5P4K,Phosphatidylinositol-5-phosphate 4-kinase,Unknown,0.23437252228949343,0.23437252228949343,100.0,MINIMAL,3,5298_AT1;55361_AT1;5297_AT1,PI4KB;PI4K2A;PI4KA,atp_c + pail5p_hs_c --> adp_c + h_c + pail45p_hs_c,0.2814317775193228,0.2814317775193228,100.0,MINIMAL,0.0,NOT_A_TARGET
PIK3,Phosphatidylinositol 3-kinase,Unknown,0.23437252228949343,0.23437252228949343,100.0,MINIMAL,15,5286_AT1;5291_AT1;8503_AT1;5295_AT1;5294_AT1;5289_AT1;10870_AT1;5295_AT3;5293_AT1;5296_AT1,PIK3C2A;PIK3CB;PIK3R3;PIK3R1;PIK3CG;PIK3C3;HCST;PIK3R1;PIK3CD;PIK3R2,atp_c + pail_hs_c --> adp_c + h_c + pail3p_hs_c,0.2814317775193228,0.2814317775193228,100.0,MINIMAL,0.0,NOT_A_TARGET
PIK4,Phosphatidylinositol 4-kinase,Unknown,0.23437252228949343,0.23437252228949343,100.0,MINIMAL,3,5298_AT1;55361_AT1;5297_AT1,PI4KB;PI4K2A;PI4KA,atp_c + pail_hs_c --> adp_c + h_c + pail4p_hs_c,0.2814317775193228,0.2814317775193228,100.0,MINIMAL,0.0,NOT_A_TARGET
PIK5,Phosphatidylinositol 5-kinase,Unknown,0.23437252228949343,0.23437252228949343,100.0,MINIMAL,3,8394_AT1;23396_AT1;8395_AT1,PIP5K1A;PIP5K1C;PIP5K1B,atp_c + pail_hs_c --> adp_c + h_c + pail5p_hs_c,0.2814317775193228,0.2814317775193228,100.0,MINIMAL,0.0,NOT_A_TARGET
PI45P3K,"Phosphatidylinositol 4,5-bisphosphate 3-kinase",Unknown,0.23437252228949343,0.23437252228949343,100.0,MINIMAL,11,8503_AT1;5291_AT1;5295_AT1;5294_AT1;5295_AT3;10870_AT1;5293_AT1;5296_AT1;5290_AT1;5295_AT2,PIK3R3;PIK3CB;PIK3R1;PIK3CG;PIK3R1;HCST;PIK3CD;PIK3R2;PIK3CA;PIK3R1,atp_c + pail45p_hs_c --> adp_c + h_c + pail345p_hs_c,0.2814317775193228,0.2814317775193228,100.0,MINIMAL,0.0,NOT_A_TARGET
PI45P3Kn,"Phosphatidylinositol 4,5-bisphosphate 3-kinase, nuclear",Unknown,0.23437252228949343,0.23437252228949343,100.0,MINIMAL,0,,,atp_n + pail45p_hs_n --> adp_n + h_n + pail345p_hs_n,0.2814317775193228,0.2814317775193228,100.0,MINIMAL,0.0,NOT_A_TARGET
PI45P5P,"Phosphatidylinositol-4,5-bisphosphate 5-phosphatase",Unknown,0.23437252228949343,0.23437252228949343,100.0,MINIMAL,7,8867_AT1;4952_AT2;8867_AT2;4952_AT1;8871_AT1;56623_AT1;3633_AT1,SYNJ1;OCRL;SYNJ1;OCRL;SYNJ2;INPP5E;INPP5B,h2o_c + pail45p_hs_c --> pail4p_hs_c + pi_c,0.2814317775193228,0.2814317775193228,100.0,MINIMAL,0.0,NOT_A_TARGET
PI45PLC,"Phosphatidylinositol 4,5-bisphosphate phospholipase C",Unknown,0.23437252228949343,0.23437252228949343,100.0,MINIMAL,18,5335_AT1;23236_AT2;113026_AT1;5334_AT1;257068_AT1;23007_AT1;89869_AT1;5335_AT2;84812_AT1;5333_AT1,PLCG1;PLCB1;PLCD3;PLCL1;PLCXD2;PLCH1;PLCZ1;PLCG1;PLCD4;PLCD1,h2o_c + pail45p_hs_c --> dag_hs_c + h_c + mi145p_c,0.2814317775193228,0.2814317775193228,100.0,MINIMAL,0.0,NOT_A_TARGET
PI4P3K,Phosphatidylinositol 4-phosphate 3-kinase,Unknown,0.23437252228949343,0.23437252228949343,100.0,MINIMAL,14,5286_AT1;5291_AT1;8503_AT1;5295_AT1;5294_AT1;5295_AT3;10870_AT1;5293_AT1;5296_AT1;5290_AT1,PIK3C2A;PIK3CB;PIK3R3;PIK3R1;PIK3CG;PIK3R1;HCST;PIK3CD;PIK3R2;PIK3CA,atp_c + pail4p_hs_c --> adp_c + h_c + pail34p_hs_c,0.2814317775193228,0.2814317775193228,100.0,MINIMAL,0.0,NOT_A_TARGET
RTOTAL3CRNCPT2,R group transport into the mitochondria,Unknown,0.23437252228949343,0.23437252228949343,100.0,MINIMAL,1,1376_AT1,CPT2,Rtotal3crn_m + coa_m --> Rtotal3coa_m + crn_m,0.2814317775193228,0.2814317775193228,100.0,MINIMAL,0.0,NOT_A_TARGET
RTOTAL3CRNt,R group transport into the mitochondria,Unknown,0.23437252228949343,0.23437252228949343,100.0,MINIMAL,1,788_AT1,SLC25A20,Rtotal3crn_c --> Rtotal3crn_m,0.2814317775193228,0.2814317775193228,100.0,MINIMAL,0.0,NOT_A_TARGET
SBTD_D2,D sorbitol dehydrogenase  D fructose producing,Unknown,0.23437252228949343,0.23437252228949343,100.0,MINIMAL,1,6652_AT1,SORD,nad_c + sbt__D_c --> fru_c + h_c + nadh_c,0.2814317775193228,0.2814317775193228,100.0,MINIMAL,0.0,NOT_A_TARGET
UDPGD,UDPglucose 6-dehydrogenase,Unknown,0.23437252228949343,0.23437252228949343,100.0,MINIMAL,1,7358_AT1,UGDH,h2o_c + 2.0 nad_c + udpg_c --> 3.0 h_c + 2.0 nadh_c + udpglcur_c,0.2814317775193228,0.2814317775193228,100.0,MINIMAL,0.0,NOT_A_TARGET
URATEtx,Urate export from peroxisome,Unknown,0.23437252228949343,0.23437252228949343,100.0,MINIMAL,0,,,urate_x --> urate_c,0.2814317775193228,0.2814317775193228,100.0,MINIMAL,0.0,NOT_A_TARGET
KHK2,Ketohexokinase (D-xylulose),Unknown,0.23437252228949343,0.23437252228949343,100.0,MINIMAL,2,3795_AT1;3795_AT2,KHK;KHK,atp_c + xylu__D_c --> adp_c + h_c + xu1p__D_c,0.2814317775193228,0.2814317775193228,100.0,MINIMAL,0.0,NOT_A_TARGET
URCN,Urocanase,Unknown,0.23437252228949343,0.23437252228949343,100.0,MINIMAL,1,131669_AT1,UROC1,h2o_c + urcan_c --> 4izp_c,0.2814317775193228,0.2814317775193228,100.0,MINIMAL,0.0,NOT_A_TARGET
UDPG4E,UDPglucose 4-epimerase,Unknown,0.23437252228949343,0.23437252228949343,100.0,MINIMAL,2,2582_AT1;2582_AT2,GALE;GALE,udpg_c <=> udpgal_c,0.2814317775193228,0.2814317775193228,100.0,MINIMAL,0.0,NOT_A_TARGET
UREAt,Urea transport via facilitate diffusion,Unknown,0.23437252228949343,0.23437252228949343,100.0,MINIMAL,4,6523_AT1;6528_AT1;8170_AT1;6563_AT1,SLC5A1;SLC5A5;SLC14A2;SLC14A1,urea_e <=> urea_c,0.2814317775193228,0.2814317775193228,100.0,MINIMAL,0.0,NOT_A_TARGET
UREAt5,"Urea, water cotransport",Unknown,0.23437252228949343,0.23437252228949343,100.0,MINIMAL,1,6523_AT1,SLC5A1,h2o_e + urea_e <=> h2o_c + urea_c,0.2814317775193228,0.2814317775193228,100.0,MINIMAL,0.0,NOT_A_TARGET
THYMt,Thymine reversible transport via facilated diffusion,Unknown,0.23437252228949343,0.23437252228949343,100.0,MINIMAL,1,3177_AT1,SLC29A2,thym_e <=> thym_c,0.2814317775193228,0.2814317775193228,100.0,MINIMAL,0.0,NOT_A_TARGET
UREAtm,Urea transport via diffusion,Unknown,0.23437252228949343,0.23437252228949343,100.0,MINIMAL,1,366_AT1,AQP9,urea_c <=> urea_m,0.2814317775193228,0.2814317775193228,100.0,MINIMAL,0.0,NOT_A_TARGET
PI3P5K,Phosphatidylinositol 3-phosphate 5-kinase,Unknown,0.23437252228949343,0.23437252228949343,100.0,MINIMAL,3,8394_AT1;23396_AT1;8395_AT1,PIP5K1A;PIP5K1C;PIP5K1B,atp_c + pail3p_hs_c --> adp_c + h_c + pail35p_hs_c,0.2814317775193228,0.2814317775193228,100.0,MINIMAL,0.0,NOT_A_TARGET
PI3P4K,Phosphatidylinositol 3-phosphate 4-kinase,Unknown,0.23437252228949343,0.23437252228949343,100.0,MINIMAL,6,55361_AT1;8395_AT1;5298_AT1;8394_AT1;23396_AT1;5297_AT1,PI4K2A;PIP5K1B;PI4KB;PIP5K1A;PIP5K1C;PI4KA,atp_c + pail3p_hs_c --> adp_c + h_c + pail34p_hs_c,0.2814317775193228,0.2814317775193228,100.0,MINIMAL,0.0,NOT_A_TARGET
PROSTGD2t,Prostaglandin transport via bicarbonate countertransport,Unknown,0.23437252228949343,0.23437252228949343,100.0,MINIMAL,1,6578_AT1,SLCO2A1,hco3_c + prostgd2_e <=> hco3_e + prostgd2_c,0.2814317775193228,0.2814317775193228,100.0,MINIMAL,0.0,NOT_A_TARGET
PI4PLC,Phosphatidylinositol 4-phosphate phospholipase C,Unknown,0.23437252228949343,0.23437252228949343,100.0,MINIMAL,18,5335_AT1;23236_AT2;113026_AT1;5334_AT1;257068_AT1;89869_AT1;23007_AT1;5335_AT2;84812_AT1;5333_AT1,PLCG1;PLCB1;PLCD3;PLCL1;PLCXD2;PLCZ1;PLCH1;PLCG1;PLCD4;PLCD1,h2o_c + pail4p_hs_c --> dag_hs_c + h_c + mi14p_c,0.2814317775193228,0.2814317775193228,100.0,MINIMAL,0.0,NOT_A_TARGET
PNTOt5,Pantothenate sodium symporter  II,Unknown,0.23437252228949343,0.23437252228949343,100.0,MINIMAL,1,8884_AT1,SLC5A6,atp_c + h2o_c + 2.0 na1_e + pnto__R_e --> adp_c + h_c + 2.0 na1_c + pi_c + pnto__R_c,0.2814317775193228,0.2814317775193228,100.0,MINIMAL,0.0,NOT_A_TARGET
PROSTGE1t,Prostaglandin transport via bicarbonate countertransport,Unknown,0.23437252228949343,0.23437252228949343,100.0,MINIMAL,1,6578_AT1,SLCO2A1,hco3_c + prostge1_e <=> hco3_e + prostge1_c,0.2814317775193228,0.2814317775193228,100.0,MINIMAL,0.0,NOT_A_TARGET
PROSTGE1t3,Prostaglandine E1 transport (ATP-dependent),Unknown,0.23437252228949343,0.23437252228949343,100.0,MINIMAL,1,10257_AT1,ABCC4,atp_c + h2o_c + prostge1_c --> adp_c + h_c + pi_c + prostge1_e,0.2814317775193228,0.2814317775193228,100.0,MINIMAL,0.0,NOT_A_TARGET
PPA,Inorganic diphosphatase,Unknown,0.23437252228949343,0.23437252228949343,100.0,MINIMAL,1,5464_AT1,PPA1,h2o_c + ppi_c --> h_c + 2.0 pi_c,0.2814317775193228,0.2814317775193228,100.0,MINIMAL,0.0,NOT_A_TARGET
PROSTGE2t,Prostaglandin transport via bicarbonate countertransport,Unknown,0.23437252228949343,0.23437252228949343,100.0,MINIMAL,4,6578_AT1;6579_AT1;28231_AT1;28232_AT1,SLCO2A1;SLCO1A2;SLCO4A1;SLCO3A1,hco3_c + prostge2_e <=> hco3_e + prostge2_c,0.2814317775193228,0.2814317775193228,100.0,MINIMAL,0.0,NOT_A_TARGET
PROSTGE2t2,Prostaglandin uniport,Unknown,0.23437252228949343,0.23437252228949343,100.0,MINIMAL,3,6582_AT2;6580_AT1;6582_AT1,SLC22A2;SLC22A1;SLC22A2,prostge2_e <=> prostge2_c,0.2814317775193228,0.2814317775193228,100.0,MINIMAL,0.0,NOT_A_TARGET
PROSTGE2t3,Prostaglandine E2 transport (ATP-dependent),Unknown,0.23437252228949343,0.23437252228949343,100.0,MINIMAL,1,10257_AT1,ABCC4,atp_c + h2o_c + prostge2_c --> adp_c + h_c + pi_c + prostge2_e,0.2814317775193228,0.2814317775193228,100.0,MINIMAL,0.0,NOT_A_TARGET
PROSTGF2t,Prostaglandin uniport,Unknown,0.23437252228949343,0.23437252228949343,100.0,MINIMAL,3,6582_AT2;6580_AT1;6582_AT1,SLC22A2;SLC22A1;SLC22A2,prostgf2_e <=> prostgf2_c,0.2814317775193228,0.2814317775193228,100.0,MINIMAL,0.0,NOT_A_TARGET
PROt2r,L proline reversible transport via proton symport,Unknown,0.23437252228949343,0.23437252228949343,100.0,MINIMAL,1,206358_AT1,SLC36A1,h_e + pro__L_e <=> h_c + pro__L_c,0.2814317775193228,0.2814317775193228,100.0,MINIMAL,0.0,NOT_A_TARGET
PPAm,Inorganic diphosphatase,Unknown,0.23437252228949343,0.23437252228949343,100.0,MINIMAL,4,27068_AT3;27068_AT2;27068_AT4;27068_AT1,PPA2;PPA2;PPA2;PPA2,h2o_m + ppi_m --> h_m + 2.0 pi_m,0.2814317775193228,0.2814317775193228,100.0,MINIMAL,0.0,NOT_A_TARGET
P4503A5,Cytochrome P450 3A5,Unknown,0.23437252228949343,0.23437252228949343,100.0,MINIMAL,1,1577_AT1,CYP3A5,aflatoxin_c + h_c + nadph_c + o2_c --> eaflatoxin_c + h2o_c + nadp_c,0.2814317775193228,0.2814317775193228,100.0,MINIMAL,0.0,NOT_A_TARGET
PIt2m,Phosphate transporter  mitochondrial,Unknown,0.23437252228949343,0.23437252228949343,100.0,MINIMAL,4,5250_AT4;5250_AT3;5250_AT2;5250_AT1,SLC25A3;SLC25A3;SLC25A3;SLC25A3,h_c + pi_c <=> h_m + pi_m,0.2814317775193228,0.2814317775193228,100.0,MINIMAL,0.0,NOT_A_TARGET
PROD2,Proline dehydrogenase,Unknown,0.23437252228949343,0.23437252228949343,100.0,MINIMAL,1,58510_AT1,PRODH2,fad_c + pro__L_c --> 1pyr5c_c + fadh2_c + h_c,0.2814317775193228,0.2814317775193228,100.0,MINIMAL,0.0,NOT_A_TARGET
PI345P3P,"Phosphatidylinositol-3,4,5-trisphosphate 3-phosphatase",Unknown,0.23437252228949343,0.23437252228949343,100.0,MINIMAL,1,5728_AT1,PTEN,h2o_c + pail345p_hs_c --> pail45p_hs_c + pi_c,0.2814317775193228,0.2814317775193228,100.0,MINIMAL,0.0,NOT_A_TARGET
PI4P5K,Phosphatidylinositol 4-phosphate 5-kinase,Unknown,0.23437252228949343,0.23437252228949343,100.0,MINIMAL,10,5305_AT1;8396_AT1;200576_AT3;200576_AT1;79837_AT1;23396_AT1;8396_AT2;200576_AT2;8395_AT1;8394_AT1,PIP4K2A;PIP4K2B;PIKFYVE;PIKFYVE;PIP4K2C;PIP5K1C;PIP4K2B;PIKFYVE;PIP5K1B;PIP5K1A,atp_c + pail4p_hs_c --> adp_c + h_c + pail45p_hs_c,0.2814317775193228,0.2814317775193228,100.0,MINIMAL,0.0,NOT_A_TARGET
PI345P3Pn,"Phosphatidylinositol-3,4,5-trisphosphate 3-phosphatase, nuclear",Unknown,0.23437252228949343,0.23437252228949343,100.0,MINIMAL,1,5728_AT1,PTEN,h2o_n + pail345p_hs_n --> pail45p_hs_n + pi_n,0.2814317775193228,0.2814317775193228,100.0,MINIMAL,0.0,NOT_A_TARGET
PI345P5P,"Phosphatidylinositol-3,4,5-trisphosphate 5-phosphatase",Unknown,0.23437252228949343,0.23437252228949343,100.0,MINIMAL,10,3636_AT1;8867_AT1;8867_AT2;8871_AT1;56623_AT1;3635_AT1;3633_AT1;27124_AT2;3632_AT1;27124_AT1,INPPL1;SYNJ1;SYNJ1;SYNJ2;INPP5E;INPP5D;INPP5B;INPP5J;INPP5A;INPP5J,h2o_c + pail345p_hs_c --> pail34p_hs_c + pi_c,0.2814317775193228,0.2814317775193228,100.0,MINIMAL,0.0,NOT_A_TARGET
PHACCOAGLNAC,Phenylacetyl-CoA:L-glutamine alpha-N-phenylacetyltransferase,Unknown,0.23437252228949343,0.23437252228949343,100.0,MINIMAL,0,,,gln__L_c + phaccoa_c --> coa_c + pheacgln_c,0.2814317775193228,0.2814317775193228,100.0,MINIMAL,0.0,NOT_A_TARGET
PHCDm,L 1 pyrroline 3 hydroxy 5 carboxylate dehydrogenase,Unknown,0.23437252228949343,0.23437252228949343,100.0,MINIMAL,2,8659_AT1;8659_AT2,ALDH4A1;ALDH4A1,1p3h5c_m + 2.0 h2o_m + nad_m --> e4hglu_m + h_m + nadh_m,0.2814317775193228,0.2814317775193228,100.0,MINIMAL,0.0,NOT_A_TARGET
P4502C94,Cytochrome P450 2C9,Unknown,0.23437252228949343,0.23437252228949343,100.0,MINIMAL,2,1557_AT1;1559_AT1,CYP2C19;CYP2C9,appnn_c + h_c + nadph_c + o2_c --> apnnox_c + h2o_c + nadp_c,0.2814317775193228,0.2814317775193228,100.0,MINIMAL,0.0,NOT_A_TARGET
PI34P5K,"Phosphatidylinositol 3,4-bisphosphate 5-kinase",Unknown,0.23437252228949343,0.23437252228949343,100.0,MINIMAL,3,8394_AT1;23396_AT1;8395_AT1,PIP5K1A;PIP5K1C;PIP5K1B,atp_c + pail34p_hs_c --> adp_c + h_c + pail345p_hs_c,0.2814317775193228,0.2814317775193228,100.0,MINIMAL,0.0,NOT_A_TARGET
PI35P3P,"Phosphatidylinositol-3,5-bisphosphate 3-phosphatase",Unknown,0.23437252228949343,0.23437252228949343,100.0,MINIMAL,3,8897_AT1;8897_AT3;8897_AT2,MTMR3;MTMR3;MTMR3,h2o_c + pail35p_hs_c --> pail5p_hs_c + pi_c,0.2814317775193228,0.2814317775193228,100.0,MINIMAL,0.0,NOT_A_TARGET
P4502D6,Cytochrome P450 2D6,Unknown,0.23437252228949343,0.23437252228949343,100.0,MINIMAL,1,1565_AT1,CYP2D6,debrisoquine_c + h_c + nadph_c + o2_c --> 4hdebrisoquine_c + h2o_c + nadp_c,0.2814317775193228,0.2814317775193228,100.0,MINIMAL,0.0,NOT_A_TARGET
PPAn,"Inorganic diphosphatase, nuclear",Unknown,0.23437252228949343,0.23437252228949343,100.0,MINIMAL,0,,,h2o_n + ppi_n --> h_n + 2.0 pi_n,0.2814317775193228,0.2814317775193228,100.0,MINIMAL,0.0,NOT_A_TARGET
PHEACGLNt,PHEACGLN extracellular transport via diffusion,Unknown,0.23437252228949343,0.23437252228949343,100.0,MINIMAL,0,,,pheacgln_c <=> pheacgln_e,0.2814317775193228,0.2814317775193228,100.0,MINIMAL,0.0,NOT_A_TARGET
URIK1,Uridine kinase  ATPUridine,Unknown,0.23437252228949343,0.23437252228949343,100.0,MINIMAL,2,7371_AT1;83549_AT1,UCK2;UCK1,atp_c + uri_c --> adp_c + h_c + ump_c,0.2814317775193228,0.2814317775193228,100.0,MINIMAL,0.0,NOT_A_TARGET
PSERT,Phosphoserine transaminase,Unknown,0.23437252228949343,0.23437252228949343,100.0,MINIMAL,2,29968_AT1;29968_AT2,PSAT1;PSAT1,3php_c + glu__L_c --> akg_c + pser__L_c,0.2814317775193228,0.2814317775193228,100.0,MINIMAL,0.0,NOT_A_TARGET
PSFLIPm,Phosphatidylserine flippase,Unknown,0.23437252228949343,0.23437252228949343,100.0,MINIMAL,2,57194_AT1;10396_AT1,ATP10A;ATP8A1,atp_c + h2o_c + ps_hs_c --> adp_c + h_c + pi_c + ps_hs_m,0.2814317775193228,0.2814317775193228,100.0,MINIMAL,0.0,NOT_A_TARGET
PSP_L,Phosphoserine phosphatase (L-serine),Unknown,0.23437252228949343,0.23437252228949343,100.0,MINIMAL,2,5723_AT1;8781_AT1,PSPH;8781_AT1,h2o_c + pser__L_c --> pi_c + ser__L_c,0.2814317775193228,0.2814317775193228,100.0,MINIMAL,0.0,NOT_A_TARGET
PPM,Phosphopentomutase,Unknown,0.23437252228949343,0.23437252228949343,100.0,MINIMAL,1,5236_AT1,PGM1,r1p_c <=> r5p_c,0.2814317775193228,0.2814317775193228,100.0,MINIMAL,0.0,NOT_A_TARGET
PSSA1_hs,Phosphatidylserine synthase homo sapiens,Unknown,0.23437252228949343,0.23437252228949343,100.0,MINIMAL,1,9791_AT1,PTDSS1,pchol_hs_c + ser__L_c <=> chol_c + ps_hs_c,0.2814317775193228,0.2814317775193228,100.0,MINIMAL,0.0,NOT_A_TARGET
PSSA2_hs,Phosphatidylserine synthase homo sapiens,Unknown,0.23437252228949343,0.23437252228949343,100.0,MINIMAL,1,81490_AT1,PTDSS2,pe_hs_c + ser__L_c <=> etha_c + ps_hs_c,0.2814317775193228,0.2814317775193228,100.0,MINIMAL,0.0,NOT_A_TARGET
PPNCL3,4'-Phosphopantothenate:L-cysteine ligase,Unknown,0.23437252228949343,0.23437252228949343,100.0,MINIMAL,1,79717_AT1,PPCS,4ppan_c + atp_c + cys__L_c --> 4ppcys_c + amp_c + h_c + ppi_c,0.2814317775193228,0.2814317775193228,100.0,MINIMAL,0.0,NOT_A_TARGET
PPPG9tm,Protoporphyrinogen IX mitochondrial transport,Unknown,0.23437252228949343,0.23437252228949343,100.0,MINIMAL,0,,,pppg9_c <=> pppg9_m,0.2814317775193228,0.2814317775193228,100.0,MINIMAL,0.0,NOT_A_TARGET
PTDCACRNCPT1,Carnitine fatty-acyl transferase,Unknown,0.23437252228949343,0.23437252228949343,100.0,MINIMAL,6,1375_AT2;1374_AT1;1375_AT3;126129_AT1;1375_AT4;1375_AT1,CPT1B;CPT1A;CPT1B;CPT1C;CPT1B;CPT1B,crn_c + ptdcacoa_c --> coa_c + ptdcacrn_c,0.2814317775193228,0.2814317775193228,100.0,MINIMAL,0.0,NOT_A_TARGET
PTDCACRNCPT2,Pentadecanoate transport into the mitochondria,Unknown,0.23437252228949343,0.23437252228949343,100.0,MINIMAL,1,1376_AT1,CPT2,coa_m + ptdcacrn_m --> crn_m + ptdcacoa_m,0.2814317775193228,0.2814317775193228,100.0,MINIMAL,0.0,NOT_A_TARGET
PTDCACRNt,Pentadecanoate transport into the mitochondria,Unknown,0.23437252228949343,0.23437252228949343,100.0,MINIMAL,1,788_AT1,SLC25A20,ptdcacrn_c --> ptdcacrn_m,0.2814317775193228,0.2814317775193228,100.0,MINIMAL,0.0,NOT_A_TARGET
PYRt2p,Pyruvate peroxisomal transport via proton symport,Unknown,0.23437252228949343,0.23437252228949343,100.0,MINIMAL,2,6566_AT1;9194_AT1,SLC16A1;SLC16A7,h_c + pyr_c <=> h_x + pyr_x,0.2814317775193228,0.2814317775193228,100.0,MINIMAL,0.0,NOT_A_TARGET
PYDAMK,Pyridoxamine kinase,Unknown,0.23437252228949343,0.23437252228949343,100.0,MINIMAL,1,8566_AT1,PDXK,atp_c + pydam_c --> adp_c + h_c + pyam5p_c,0.2814317775193228,0.2814317775193228,100.0,MINIMAL,0.0,NOT_A_TARGET
P4508B13r,Sterol 12-alpha-hydroxylase (nadh),Unknown,0.23437252228949343,0.23437252228949343,100.0,MINIMAL,1,1582_AT1,CYP8B1,h_r + nadh_r + o2_r + xol7aone_r --> h2o_r + nad_r + xoldiolone_r,0.2814317775193228,0.2814317775193228,100.0,MINIMAL,0.0,NOT_A_TARGET
RDH2,"Retinol dehydrogenase (9-cis,NADH)",Unknown,0.23437252228949343,0.23437252228949343,100.0,MINIMAL,1,5959_AT1,RDH5,nad_c + retinol_9_cis_c <=> h_c + nadh_c + retinal_cis_9_c,0.2814317775193228,0.2814317775193228,100.0,MINIMAL,0.0,NOT_A_TARGET
RDH3,"Retinol dehydrogenase (11-cis,NADH)",Unknown,0.23437252228949343,0.23437252228949343,100.0,MINIMAL,1,5959_AT1,RDH5,nad_c + retinol_cis_11_c <=> h_c + nadh_c + retinal_11_cis_c,0.2814317775193228,0.2814317775193228,100.0,MINIMAL,0.0,NOT_A_TARGET
RDH3a,"Retinol dehydrogenase (11-cis,NADPH)",Unknown,0.23437252228949343,0.23437252228949343,100.0,MINIMAL,5,57665_AT1;195814_AT1;51109_AT1;145226_AT1;112724_AT1,RDH14;SDR16C5;RDH11;RDH12;RDH13,nadp_c + retinol_cis_11_c <=> h_c + nadph_c + retinal_11_cis_c,0.2814317775193228,0.2814317775193228,100.0,MINIMAL,0.0,NOT_A_TARGET
PACCOAL,Phenylacetate-CoA ligase,Unknown,0.23437252228949343,0.23437252228949343,100.0,MINIMAL,0,,,atp_c + coa_c + pac_c --> amp_c + phaccoa_c + ppi_c,0.2814317775193228,0.2814317775193228,100.0,MINIMAL,0.0,NOT_A_TARGET
RDH4,"Retinol dehydrogenase (13-cis,NADH)",Unknown,0.23437252228949343,0.23437252228949343,100.0,MINIMAL,1,5959_AT1,RDH5,nad_c + retinol_cis_13_c <=> h_c + nadh_c + retinal_cis_13_c,0.2814317775193228,0.2814317775193228,100.0,MINIMAL,0.0,NOT_A_TARGET
S2L2N2M2MASNtly,"S2l2n2m2masn transport, extracellular to lysosome",Unknown,0.23437252228949343,0.23437252228949343,100.0,MINIMAL,0,,,s2l2n2m2masn_e --> s2l2n2m2masn_l,0.2814317775193228,0.2814317775193228,100.0,MINIMAL,0.0,NOT_A_TARGET
PAFH,Platelet-activating factor acetylhydrolase,Unknown,0.23437252228949343,0.23437252228949343,100.0,MINIMAL,4,5051_AT1;5049_AT1;5048_AT1;5050_AT1,PAFAH2;PAFAH1B2;PAFAH1B1;PAFAH1B3,h2o_c + paf_hs_c --> ac_c + ak2lgchol_hs_c + h_c,0.2814317775193228,0.2814317775193228,100.0,MINIMAL,0.0,NOT_A_TARGET
RETH,Retinyl ester hydrolase,Unknown,0.23437252228949343,0.23437252228949343,100.0,MINIMAL,1,8228_AT1,PNPLA4,h2o_c + retfa_c --> Rtotal2_c + h_c + retinol_c,0.2814317775193228,0.2814317775193228,100.0,MINIMAL,0.0,NOT_A_TARGET
RETI3,Retinol isomerase (13-cis),Unknown,0.23437252228949343,0.23437252228949343,100.0,MINIMAL,0,,,retinol_c <=> retinol_cis_13_c,0.2814317775193228,0.2814317775193228,100.0,MINIMAL,0.0,NOT_A_TARGET
RETNGLCt,Retinoyl glucuronide efflux,Unknown,0.23437252228949343,0.23437252228949343,100.0,MINIMAL,0,,,retnglc_c --> retnglc_e,0.2814317775193228,0.2814317775193228,100.0,MINIMAL,0.0,NOT_A_TARGET
PSFLIP,Phosphatidylserine flippase,Unknown,0.23437252228949343,0.23437252228949343,100.0,MINIMAL,2,57194_AT1;10396_AT1,ATP10A;ATP8A1,atp_c + h2o_c + ps_hs_e --> adp_c + h_c + pi_c + ps_hs_c,0.2814317775193228,0.2814317775193228,100.0,MINIMAL,0.0,NOT_A_TARGET
PPDOy,"Propane-1,2-diol:NADP+ 1-oxidoreductase",Unknown,0.23437252228949343,0.23437252228949343,100.0,MINIMAL,4,10327_AT1;231_AT1;8574_AT1;10327_AT2,AKR1A1;AKR1B1;AKR7A2;AKR1A1,h_c + lald__D_c + nadph_c --> 12ppd__R_c + nadp_c,0.2814317775193228,0.2814317775193228,100.0,MINIMAL,0.0,NOT_A_TARGET
RETNGLCt2r,Retinoyl glucuronide efflux (13-cis) from ER,Unknown,0.23437252228949343,0.23437252228949343,100.0,MINIMAL,0,,,13_cis_retnglc_r --> 13_cis_retnglc_c,0.2814317775193228,0.2814317775193228,100.0,MINIMAL,0.0,NOT_A_TARGET
LCARR,"Lacaldehyde reductase (R-propane-1,2-diol forming)",Unknown,0.23437252228949343,0.23437252228949343,100.0,MINIMAL,1,8574_AT1,AKR7A2,h_c + lald__D_c + nadh_c --> 12ppd__R_c + nad_c,0.2814317775193228,0.2814317775193228,100.0,MINIMAL,0.0,NOT_A_TARGET
ATPtx,"ATP transporter, peroxisomal",Unknown,0.0,0.23437252228949343,0.0,LETHAL,0,,,atp_c <=> atp_x,0.0,0.2814317775193228,0.0,LETHAL,0.0,CRITICAL_VIRAL_TARGET
PUNP3,Purine-nucleoside phosphorylase (Guanosine),Unknown,0.23437252228949343,0.23437252228949343,100.0,MINIMAL,1,4860_AT1,PNP,gsn_c + pi_c <=> gua_c + r1p_c,0.2814317775193228,0.2814317775193228,100.0,MINIMAL,0.0,NOT_A_TARGET
PUNP4,Purine-nucleoside phosphorylase (Deoxyguanosine),Unknown,0.23437252228949343,0.23437252228949343,100.0,MINIMAL,1,4860_AT1,PNP,dgsn_c + pi_c <=> 2dr1p_c + gua_c,0.2814317775193228,0.2814317775193228,100.0,MINIMAL,0.0,NOT_A_TARGET
PUNP5,Purine-nucleoside phosphorylase (Inosine),Unknown,0.23437252228949343,0.23437252228949343,100.0,MINIMAL,1,4860_AT1,PNP,ins_c + pi_c <=> hxan_c + r1p_c,0.2814317775193228,0.2814317775193228,100.0,MINIMAL,0.0,NOT_A_TARGET
PUNP6,Purine-nucleoside phosphorylase (Deoxyinosine),Unknown,0.23437252228949343,0.23437252228949343,100.0,MINIMAL,1,4860_AT1,PNP,din_c + pi_c <=> 2dr1p_c + hxan_c,0.2814317775193228,0.2814317775193228,100.0,MINIMAL,0.0,NOT_A_TARGET
PUNP7,Purine-nucleoside phosphorylase (Xanthosine),Unknown,0.23437252228949343,0.23437252228949343,100.0,MINIMAL,1,4860_AT1,PNP,pi_c + xtsn_c <=> r1p_c + xan_c,0.2814317775193228,0.2814317775193228,100.0,MINIMAL,0.0,NOT_A_TARGET
PVD3,Previtamin D3 formation,Unknown,0.23437252228949343,0.23437252228949343,100.0,MINIMAL,0,,,7dhchsterol_c <=> pd3_c,0.2814317775193228,0.2814317775193228,100.0,MINIMAL,0.0,NOT_A_TARGET
P4508B11r,Sterol 12-alpha-hydroxylase,Unknown,0.23437252228949343,0.23437252228949343,100.0,MINIMAL,1,1582_AT1,CYP8B1,h_r + nadph_r + o2_r + xol7aone_r --> h2o_r + nadp_r + xoldiolone_r,0.2814317775193228,0.2814317775193228,100.0,MINIMAL,0.0,NOT_A_TARGET
PYAM5PO,Pyridoxamine 5'-phosphate oxidase,Unknown,0.23437252228949343,0.23437252228949343,100.0,MINIMAL,1,55163_AT1,PNPO,h2o_c + o2_c + pyam5p_c <=> h2o2_c + nh4_c + pydx5p_c,0.2814317775193228,0.2814317775193228,100.0,MINIMAL,0.0,NOT_A_TARGET
PYRt2m,Pyruvate mitochondrial transport via proton symport,Unknown,0.23437252228949343,0.23437252228949343,100.0,MINIMAL,1,6566_AT1,SLC16A1,h_c + pyr_c <=> h_m + pyr_m,0.2814317775193228,0.2814317775193228,100.0,MINIMAL,0.0,NOT_A_TARGET
PTE3x,Peroxisomal acyl-CoA thioesterase,Unknown,0.23437252228949343,0.23437252228949343,100.0,MINIMAL,1,10965_AT1,ACOT2,h2o_x + pristcoa_x --> coa_x + h_x + prist_x,0.2814317775193228,0.2814317775193228,100.0,MINIMAL,0.0,NOT_A_TARGET
PTDCAt,Fatty acid transport via diffusion,Unknown,0.23437252228949343,0.23437252228949343,100.0,MINIMAL,0,,,ptdca_e <=> ptdca_c,0.2814317775193228,0.2814317775193228,100.0,MINIMAL,0.0,NOT_A_TARGET
PRAGSr,Phosphoribosylglycinamide synthase,Unknown,0.23437252228949343,0.23437252228949343,100.0,MINIMAL,2,2618_AT1;2618_AT2,GART;GART,atp_c + gly_c + pram_c <=> adp_c + gar_c + h_c + pi_c,0.2814317775193228,0.2814317775193228,100.0,MINIMAL,0.0,NOT_A_TARGET
PPPGOm,Protoporphyrinogen oxidase  mitochondrial,Unknown,0.23437252228949343,0.23437252228949343,100.0,MINIMAL,1,5498_AT1,PPOX,3.0 o2_m + 2.0 pppg9_m --> 6.0 h2o_m + 2.0 ppp9_m,0.2814317775193228,0.2814317775193228,100.0,MINIMAL,0.0,NOT_A_TARGET
PROtm,L proline transport  mitochondrial,Unknown,0.23437252228949343,0.23437252228949343,100.0,MINIMAL,0,,,pro__L_c <=> pro__L_m,0.2814317775193228,0.2814317775193228,100.0,MINIMAL,0.0,NOT_A_TARGET
PPAtm,"Propanoate transport, mitochondria",Unknown,0.23437252228949343,0.23437252228949343,100.0,MINIMAL,0,,,ppa_c --> ppa_m,0.2814317775193228,0.2814317775193228,100.0,MINIMAL,0.0,NOT_A_TARGET
PPBNGS,Porphobilinogen synthase,Unknown,0.23437252228949343,0.23437252228949343,100.0,MINIMAL,2,210_AT2;210_AT1,ALAD;ALAD,2.0 5aop_c --> 2.0 h2o_c + h_c + ppbng_c,0.2814317775193228,0.2814317775193228,100.0,MINIMAL,0.0,NOT_A_TARGET
PPCDC,Phosphopantothenoylcysteine decarboxylase,Unknown,0.23437252228949343,0.23437252228949343,100.0,MINIMAL,1,60490_AT1,PPCDC,4ppcys_c + h_c --> co2_c + pan4p_c,0.2814317775193228,0.2814317775193228,100.0,MINIMAL,0.0,NOT_A_TARGET
P45046A1r,"Cytochrome P450, family 46, subfamily A, polypeptide 1",Unknown,0.23437252228949343,0.23437252228949343,100.0,MINIMAL,1,10858_AT1,CYP46A1,chsterol_r + h_r + nadph_r + o2_r --> h2o_r + nadp_r + xol24oh_r,0.2814317775193228,0.2814317775193228,100.0,MINIMAL,0.0,NOT_A_TARGET
PPCOACm,"Propionyl-CoA carboxylase, mitochondrial",Unknown,0.23437252228949343,0.23437252228949343,100.0,MINIMAL,2,5095_AT1;5096_AT1,PCCA;PCCB,atp_m + hco3_m + ppcoa_m --> adp_m + h_m + mmcoa__S_m + pi_m,0.2814317775193228,0.2814317775193228,100.0,MINIMAL,0.0,NOT_A_TARGET
PRPPS,Phosphoribosylpyrophosphate synthetase,Unknown,0.23437252228949343,0.23437252228949343,100.0,MINIMAL,4,221823_AT1;5631_AT1;5634_AT1;221823_AT2,PRPS1L1;PRPS1;PRPS2;PRPS1L1,atp_c + r5p_c <=> amp_c + h_c + prpp_c,0.2814317775193228,0.2814317775193228,100.0,MINIMAL,0.0,NOT_A_TARGET
PSDm_hs,Phosphatidylserine decarboxylase,Unknown,0.23437252228949343,0.23437252228949343,100.0,MINIMAL,1,23761_AT1,PISD,h_m + ps_hs_m --> co2_m + pe_hs_m,0.2814317775193228,0.2814317775193228,100.0,MINIMAL,0.0,NOT_A_TARGET
PPD2CSPp,PPD2CSPp,Unknown,0.23437252228949343,0.23437252228949343,100.0,MINIMAL,0,,,6a2ohxnt_x --> 1pipdn2c_x + h2o_x,0.2814317775193228,0.2814317775193228,100.0,MINIMAL,0.0,NOT_A_TARGET
RETNGLCt2,Retinoyl glucuronide efflux (13-cis),Unknown,0.23437252228949343,0.23437252228949343,100.0,MINIMAL,0,,,13_cis_retnglc_c --> 13_cis_retnglc_e,0.2814317775193228,0.2814317775193228,100.0,MINIMAL,0.0,NOT_A_TARGET
PAFS,Alkyl glycerol phosphocholine acetyl transferase,Unknown,0.23437252228949343,0.23437252228949343,100.0,MINIMAL,0,,,accoa_c + ak2lgchol_hs_c --> coa_c + paf_hs_c,0.2814317775193228,0.2814317775193228,100.0,MINIMAL,0.0,NOT_A_TARGET
PHCHGSm,L 1 Pyrroline 3 hydroxy 5 carboxylate spontaneous conversion to L 4 Hydroxyglutamate semialdehyde  mitochondrial,Unknown,0.23437252228949343,0.23437252228949343,100.0,MINIMAL,0,,,1p3h5c_m + h2o_m + h_m <=> 4hglusa_m,0.2814317775193228,0.2814317775193228,100.0,MINIMAL,0.0,NOT_A_TARGET
P5CDm,1 pyrroline 5 carboxylate dehydrogenase  mitochondrial,Unknown,0.23437252228949343,0.23437252228949343,100.0,MINIMAL,2,8659_AT1;8659_AT2,ALDH4A1;ALDH4A1,1pyr5c_m + 2.0 h2o_m + nad_m --> glu__L_m + h_m + nadh_m,0.2814317775193228,0.2814317775193228,100.0,MINIMAL,0.0,NOT_A_TARGET
P5CR,Pyrroline-5-carboxylate reductase,Unknown,0.23437252228949343,0.23437252228949343,100.0,MINIMAL,2,29920_AT1;65263_AT1,PYCR2;PYCRL,1pyr5c_c + 2.0 h_c + nadph_c --> nadp_c + pro__L_c,0.2814317775193228,0.2814317775193228,100.0,MINIMAL,0.0,NOT_A_TARGET
RBFK,Riboflavin kinase,Unknown,0.23437252228949343,0.23437252228949343,100.0,MINIMAL,1,55312_AT1,RFK,atp_c + ribflv_c --> adp_c + fmn_c + h_c,0.2814317775193228,0.2814317775193228,100.0,MINIMAL,0.0,NOT_A_TARGET
P5CRm,"Pyrroline-5-carboxylate reductase, mitochondria",Unknown,0.23437252228949343,0.23437252228949343,100.0,MINIMAL,2,5831_AT1;5831_AT2,PYCR1;PYCR1,1pyr5c_m + 2.0 h_m + nadph_m --> nadp_m + pro__L_m,0.2814317775193228,0.2814317775193228,100.0,MINIMAL,0.0,NOT_A_TARGET
RBK,Ribokinase,Unknown,0.23437252228949343,0.23437252228949343,100.0,MINIMAL,1,64080_AT1,RBKS,atp_c + rib__D_c --> adp_c + h_c + r5p_c,0.2814317775193228,0.2814317775193228,100.0,MINIMAL,0.0,NOT_A_TARGET
P5CRx,Pyrroline-5-carboxylate reductase(nadh),Unknown,0.23437252228949343,0.23437252228949343,100.0,MINIMAL,2,29920_AT1;65263_AT1,PYCR2;PYCRL,1pyr5c_c + 2.0 h_c + nadh_c --> nad_c + pro__L_c,0.2814317775193228,0.2814317775193228,100.0,MINIMAL,0.0,NOT_A_TARGET
RTOTALCRNCPT1,Carnitine fatty-acyl transferase,Unknown,0.23437252228949343,0.23437252228949343,100.0,MINIMAL,6,1375_AT2;1374_AT1;1375_AT3;126129_AT1;1375_AT4;1375_AT1,CPT1B;CPT1A;CPT1B;CPT1C;CPT1B;CPT1B,Rtotalcoa_c + crn_c --> Rtotalcrn_c + coa_c,0.2814317775193228,0.2814317775193228,100.0,MINIMAL,0.0,NOT_A_TARGET
RTOTALCRNCPT2,R group transport into the mitochondria,Unknown,0.23437252228949343,0.23437252228949343,100.0,MINIMAL,1,1376_AT1,CPT2,Rtotalcrn_m + coa_m --> Rtotalcoa_m + crn_m,0.2814317775193228,0.2814317775193228,100.0,MINIMAL,0.0,NOT_A_TARGET
RTOTALCRNt,R group transport into the mitochondria,Unknown,0.23437252228949343,0.23437252228949343,100.0,MINIMAL,1,788_AT1,SLC25A20,Rtotalcrn_c --> Rtotalcrn_m,0.2814317775193228,0.2814317775193228,100.0,MINIMAL,0.0,NOT_A_TARGET
Rtotaltl,Fatty acid intracellular transport,Unknown,0.23437252228949343,0.23437252228949343,100.0,MINIMAL,0,,,Rtotal_c <=> Rtotal_l,0.2814317775193228,0.2814317775193228,100.0,MINIMAL,0.0,NOT_A_TARGET
RDH1,Retinol dehydrogenase (all-trans),Unknown,0.23437252228949343,0.23437252228949343,100.0,MINIMAL,2,8608_AT1;5959_AT1,RDH16;RDH5,nad_c + retinol_c <=> h_c + nadh_c + retinal_c,0.2814317775193228,0.2814317775193228,100.0,MINIMAL,0.0,NOT_A_TARGET
PROt4_2_r,PROt4 LPAREN 2 RPAREN r,Unknown,0.23437252228949343,0.23437252228949343,100.0,MINIMAL,1,6534_AT1,SLC6A7,2.0 na1_e + pro__L_e <=> 2.0 na1_c + pro__L_c,0.2814317775193228,0.2814317775193228,100.0,MINIMAL,0.0,NOT_A_TARGET
PPAtr,"Propionate transport, diffusion",Unknown,0.23437252228949343,0.23437252228949343,100.0,MINIMAL,0,,,ppa_e --> ppa_c,0.2814317775193228,0.2814317775193228,100.0,MINIMAL,0.0,NOT_A_TARGET
PDE1,"3',5'-cyclic-nucleotide phosphodiesterase",Unknown,0.23437252228949343,0.23437252228949343,100.0,MINIMAL,23,5138_AT1;5150_AT1;8622_AT1;50940_AT1;5151_AT1;5136_AT1;5143_AT1;5142_AT1;5139_AT1;5140_AT2,PDE2A;PDE7A;PDE8B;PDE11A;PDE8A;PDE1A;PDE4C;PDE4B;PDE3A;PDE3B,camp_c + h2o_c --> amp_c + h_c,0.2814317775193228,0.2814317775193228,100.0,MINIMAL,0.0,NOT_A_TARGET
PGI,Glucose-6-phosphate isomerase,Unknown,0.23437252228949343,0.23437252228949343,100.0,MINIMAL,1,2821_AT1,GPI,g6p_c <=> f6p_c,0.2814317775193228,0.2814317775193228,100.0,MINIMAL,0.0,NOT_A_TARGET
PETOHMr_hs,Phosphatidylethanolamine N-methyltransferase,Unknown,0.23437252228949343,0.23437252228949343,100.0,MINIMAL,3,10400_AT3;10400_AT2;10400_AT1,PEMT;PEMT;PEMT,3.0 amet_r + pe_hs_r --> 3.0 ahcys_r + 3.0 h_r + pchol_hs_r,0.2814317775193228,0.2814317775193228,100.0,MINIMAL,0.0,NOT_A_TARGET
PE_HSter,Phosphatidylethanolamine scramblase,Unknown,0.23437252228949343,0.23437252228949343,100.0,MINIMAL,0,,,pe_hs_c <=> pe_hs_r,0.2814317775193228,0.2814317775193228,100.0,MINIMAL,0.0,NOT_A_TARGET
P4502A6,Cytochrome P450 2A6,Unknown,0.23437252228949343,0.23437252228949343,100.0,MINIMAL,2,1548_AT1;1553_AT1,CYP2A6;CYP2A13,coumarin_c + h_c + nadph_c + o2_c --> h2o_c + hcoumarin_c + nadp_c,0.2814317775193228,0.2814317775193228,100.0,MINIMAL,0.0,NOT_A_TARGET
PFK,Phosphofructokinase,Unknown,0.23437252228949343,0.23437252228949343,100.0,MINIMAL,4,5213_AT1;5211_AT1;5211_AT2;5214_AT1,PFKM;PFKL;PFKL;PFKP,atp_c + f6p_c --> adp_c + fdp_c + h_c,0.2814317775193228,0.2814317775193228,100.0,MINIMAL,0.0,NOT_A_TARGET
PFK26,6 phosphofructo 2 kinase,Unknown,0.23437252228949343,0.23437252228949343,100.0,MINIMAL,4,5210_AT1;5208_AT1;5209_AT1;5207_AT1,PFKFB4;PFKFB2;PFKFB3;PFKFB1,atp_c + f6p_c --> adp_c + f26bp_c + h_c,0.2814317775193228,0.2814317775193228,100.0,MINIMAL,0.0,NOT_A_TARGET
P4502C18,Cytochrome P450 2C18,Unknown,0.23437252228949343,0.23437252228949343,100.0,MINIMAL,1,1562_AT1,CYP2C18,antipyrene_c + h_c + nadph_c + 0.5 o2_c --> dmantipyrine_c + meoh_c + nadp_c,0.2814317775193228,0.2814317775193228,100.0,MINIMAL,0.0,NOT_A_TARGET
PGCD,Phosphoglycerate dehydrogenase,Unknown,0.23437252228949343,0.23437252228949343,100.0,MINIMAL,1,26227_AT1,PHGDH,3pg_c + nad_c --> 3php_c + h_c + nadh_c,0.2814317775193228,0.2814317775193228,100.0,MINIMAL,0.0,NOT_A_TARGET
PGDI,Prostaglandin-H2 D-isomerase [Precursor],Unknown,0.23437252228949343,0.23437252228949343,100.0,MINIMAL,2,5730_AT1;27306_AT1,PTGDS;HPGDS,prostgh2_c <=> prostgd2_c,0.2814317775193228,0.2814317775193228,100.0,MINIMAL,0.0,NOT_A_TARGET
PCRNtm,Transport into the mitochondria from cytosol (carnitine),Unknown,0.23437252228949343,0.23437252228949343,100.0,MINIMAL,1,788_AT1,SLC25A20,pcrn_c --> pcrn_m,0.2814317775193228,0.2814317775193228,100.0,MINIMAL,0.0,NOT_A_TARGET
PYNP2r,Pyrimidine-nucleoside phosphorylase (uracil),Unknown,0.23437252228949343,0.23437252228949343,100.0,MINIMAL,3,7378_AT1;151531_AT1;7378_AT2,UPP1;UPP2;UPP1,pi_c + uri_c <=> r1p_c + ura_c,0.2814317775193228,0.2814317775193228,100.0,MINIMAL,0.0,NOT_A_TARGET
RAI3,13-cis-retinoic acid isomerase,Unknown,0.23437252228949343,0.23437252228949343,100.0,MINIMAL,2,2944_AT2;2944_AT1,GSTM1;GSTM1,retn_c <=> 13_cis_retn_c,0.2814317775193228,0.2814317775193228,100.0,MINIMAL,0.0,NOT_A_TARGET
RETNGLCtr,Retinoyl glucuronide efflux from ER,Unknown,0.23437252228949343,0.23437252228949343,100.0,MINIMAL,0,,,retnglc_r --> retnglc_c,0.2814317775193228,0.2814317775193228,100.0,MINIMAL,0.0,NOT_A_TARGET
PYK,Pyruvate kinase,Unknown,0.23437252228949343,0.23437252228949343,100.0,MINIMAL,6,5315_AT3;5313_AT2;5315_AT2;5315_AT1;5313_AT1;113452_AT1,PKM;PKLR;PKM;PKM;PKLR;TMEM54,adp_c + h_c + pep_c --> atp_c + pyr_c,0.2814317775193228,0.2814317775193228,100.0,MINIMAL,0.0,NOT_A_TARGET
RETNt,Retinoic acid transport,Unknown,0.23437252228949343,0.23437252228949343,100.0,MINIMAL,0,,,retn_c <=> retn_e,0.2814317775193228,0.2814317775193228,100.0,MINIMAL,0.0,NOT_A_TARGET
RETNtr,Retinoic acid transport in ER,Unknown,0.23437252228949343,0.23437252228949343,100.0,MINIMAL,0,,,retn_c --> retn_r,0.2814317775193228,0.2814317775193228,100.0,MINIMAL,0.0,NOT_A_TARGET
RETNtr2,Retinoic acid transport in ER (13-cis),Unknown,0.23437252228949343,0.23437252228949343,100.0,MINIMAL,0,,,13_cis_retn_c --> 13_cis_retn_r,0.2814317775193228,0.2814317775193228,100.0,MINIMAL,0.0,NOT_A_TARGET
RIBt2,Ribose transport in via proton symporter,Unknown,0.23437252228949343,0.23437252228949343,100.0,MINIMAL,0,,,h_e + rib__D_e --> h_c + rib__D_c,0.2814317775193228,0.2814317775193228,100.0,MINIMAL,0.0,NOT_A_TARGET
RNDR2,Ribonucleoside-diphosphate reductase (GDP),Unknown,0.23437252228949343,0.23437252228949343,100.0,MINIMAL,2,6240_AT1;6241_AT1,RRM1;RRM2,gdp_c + trdrd_c --> dgdp_c + h2o_c + trdox_c,0.2814317775193228,0.2814317775193228,100.0,MINIMAL,0.0,NOT_A_TARGET
RNDR3,Ribonucleoside-diphosphate reductase (CDP),Unknown,0.23437252228949343,0.23437252228949343,100.0,MINIMAL,2,6240_AT1;6241_AT1,RRM1;RRM2,cdp_c + trdrd_c --> dcdp_c + h2o_c + trdox_c,0.2814317775193228,0.2814317775193228,100.0,MINIMAL,0.0,NOT_A_TARGET
RNDR4,Ribonucleoside-diphosphate reductase (UDP),Unknown,0.23437252228949343,0.23437252228949343,100.0,MINIMAL,2,6240_AT1;6241_AT1,RRM1;RRM2,trdrd_c + udp_c --> dudp_c + h2o_c + trdox_c,0.2814317775193228,0.2814317775193228,100.0,MINIMAL,0.0,NOT_A_TARGET
RNMK,Ribosylnicotinamide kinase,Unknown,0.23437252228949343,0.23437252228949343,100.0,MINIMAL,1,54981_AT1,NMRK1,atp_c + rnam_c --> adp_c + h_c + nmn_c,0.2814317775193228,0.2814317775193228,100.0,MINIMAL,0.0,NOT_A_TARGET
RPI,Ribose-5-phosphate isomerase,Unknown,0.23437252228949343,0.23437252228949343,100.0,MINIMAL,1,22934_AT1,RPIA,r5p_c <=> ru5p__D_c,0.2814317775193228,0.2814317775193228,100.0,MINIMAL,0.0,NOT_A_TARGET
RTOTAL3CRNCPT1,Carnitine fatty-acyl transferase,Unknown,0.23437252228949343,0.23437252228949343,100.0,MINIMAL,5,1375_AT2;1374_AT1;126129_AT1;1375_AT4;1375_AT1,CPT1B;CPT1A;CPT1C;CPT1B;CPT1B,Rtotal3coa_c + crn_c --> Rtotal3crn_c + coa_c,0.2814317775193228,0.2814317775193228,100.0,MINIMAL,0.0,NOT_A_TARGET
RDH2a,"Retinol dehydrogenase (9-cis,NADPH)",Unknown,0.23437252228949343,0.23437252228949343,100.0,MINIMAL,6,57665_AT1;195814_AT1;50700_AT1;51109_AT1;145226_AT1;112724_AT1,RDH14;SDR16C5;RDH8;RDH11;RDH12;RDH13,nadp_c + retinol_9_cis_c <=> h_c + nadph_c + retinal_cis_9_c,0.2814317775193228,0.2814317775193228,100.0,MINIMAL,0.0,NOT_A_TARGET
RDH1a,"Retinol dehydrogenase (all-trans,NADPH)",Unknown,0.23437252228949343,0.23437252228949343,100.0,MINIMAL,7,57665_AT1;157506_AT1;195814_AT1;50700_AT1;51109_AT1;145226_AT1;112724_AT1,RDH14;RDH10;SDR16C5;RDH8;RDH11;RDH12;RDH13,nadp_c + retinol_c <=> h_c + nadph_c + retinal_c,0.2814317775193228,0.2814317775193228,100.0,MINIMAL,0.0,NOT_A_TARGET
PYDAMtr,Pyridoxamine transport via diffusion,Unknown,0.23437252228949343,0.23437252228949343,100.0,MINIMAL,0,,,pydam_e <=> pydam_c,0.2814317775193228,0.2814317775193228,100.0,MINIMAL,0.0,NOT_A_TARGET
P5CRxm,Pyrroline-5-carboxylate reductase (m),Unknown,0.23437252228949343,0.23437252228949343,100.0,MINIMAL,2,5831_AT1;5831_AT2,PYCR1;PYCR1,1pyr5c_m + 2.0 h_m + nadh_m --> nad_m + pro__L_m,0.2814317775193228,0.2814317775193228,100.0,MINIMAL,0.0,NOT_A_TARGET
PYDXDH,Pyridoxal dehydrogenase,Unknown,0.23437252228949343,0.23437252228949343,100.0,MINIMAL,1,316_AT1,AOX1,h2o_c + o2_c + pydx_c --> 4pyrdx_c + h2o2_c,0.2814317775193228,0.2814317775193228,100.0,MINIMAL,0.0,NOT_A_TARGET
PYDXK,Pyridoxal kinase,Unknown,0.23437252228949343,0.23437252228949343,100.0,MINIMAL,1,8566_AT1,PDXK,atp_c + pydx_c --> adp_c + h_c + pydx5p_c,0.2814317775193228,0.2814317775193228,100.0,MINIMAL,0.0,NOT_A_TARGET
PYDXNK,Pyridoxine kinase,Unknown,0.23437252228949343,0.23437252228949343,100.0,MINIMAL,1,8566_AT1,PDXK,atp_c + pydxn_c --> adp_c + h_c + pdx5p_c,0.2814317775193228,0.2814317775193228,100.0,MINIMAL,0.0,NOT_A_TARGET
PYRt2,Pyruvate transport in via proton symport,Unknown,0.23437252228949343,0.23437252228949343,100.0,MINIMAL,3,6566_AT1;9123_AT1;9194_AT1,SLC16A1;SLC16A3;SLC16A7,h_e + pyr_e <=> h_c + pyr_c,0.2814317775193228,0.2814317775193228,100.0,MINIMAL,0.0,NOT_A_TARGET
QUILSYN,Quinolinate Synthase  Eukaryotic,Unknown,0.23437252228949343,0.23437252228949343,100.0,MINIMAL,0,,,cmusa_c --> h2o_c + h_c + quln_c,0.2814317775193228,0.2814317775193228,100.0,MINIMAL,0.0,NOT_A_TARGET
RADH2,Retinal dehydrogenase (NADPH),Unknown,0.23437252228949343,0.23437252228949343,100.0,MINIMAL,0,,,h2o_c + nadp_c + retinal_c <=> 2.0 h_c + nadph_c + retn_c,0.2814317775193228,0.2814317775193228,100.0,MINIMAL,0.0,NOT_A_TARGET
RADH4,Retinal dehydrogenase (NADPH),Unknown,0.23437252228949343,0.23437252228949343,100.0,MINIMAL,0,,,h2o_c + nadp_c + retinal_cis_13_c <=> 13_cis_retn_c + 2.0 h_c + nadph_c,0.2814317775193228,0.2814317775193228,100.0,MINIMAL,0.0,NOT_A_TARGET
PYDXNtr,Pyridoxine transport via diffusion,Unknown,0.23437252228949343,0.23437252228949343,100.0,MINIMAL,0,,,pydxn_e <=> pydxn_c,0.2814317775193228,0.2814317775193228,100.0,MINIMAL,0.0,NOT_A_TARGET
PYDXPP,Pyridoxal 5-phosphate phosphatase,Unknown,0.23437252228949343,0.23437252228949343,100.0,MINIMAL,1,57026_AT1,PDXP,h2o_c + pydx5p_c --> pi_c + pydx_c,0.2814317775193228,0.2814317775193228,100.0,MINIMAL,0.0,NOT_A_TARGET
URIDK2m,"Uridylate kinase (dUMP), mitochondrial",Unknown,0.23437252228949343,0.23437252228949343,100.0,MINIMAL,1,1841_AT1,DTYMK,atp_m + dump_m <=> adp_m + dudp_m,0.2814317775193228,0.2814317775193228,100.0,MINIMAL,0.0,NOT_A_TARGET
URAt,Uracil transport via facilated diffusion,Unknown,0.23437252228949343,0.23437252228949343,100.0,MINIMAL,1,3177_AT1,SLC29A2,ura_e <=> ura_c,0.2814317775193228,0.2814317775193228,100.0,MINIMAL,0.0,NOT_A_TARGET
UDPGLCAter,UDPGlcA endoplasmic reticulum transport via UMP antiport,Unknown,0.23437252228949343,0.23437252228949343,100.0,MINIMAL,1,23169_AT1,SLC35D1,udpglcur_r + ump_c <=> udpglcur_c + ump_r,0.2814317775193228,0.2814317775193228,100.0,MINIMAL,0.0,NOT_A_TARGET
SERGLNNaEx,L-serine/L-glutamine Na-dependent exchange (Ser-L in),Unknown,0.23437252228949343,0.23437252228949343,100.0,MINIMAL,1,6510_AT1,SLC1A5,gln__L_c + na1_e + ser__L_e --> gln__L_e + na1_c + ser__L_c,0.2814317775193228,0.2814317775193228,100.0,MINIMAL,0.0,NOT_A_TARGET
SERGLYexR,L-Serine/Glycine reversible exchange,Unknown,0.23437252228949343,0.23437252228949343,100.0,MINIMAL,2,6520_AT1;56301_AT1,SLC3A2;SLC7A10,gly_c + ser__L_e <=> gly_e + ser__L_c,0.2814317775193228,0.2814317775193228,100.0,MINIMAL,0.0,NOT_A_TARGET
SERHL,L-Serine hydro-lyase,Unknown,0.23437252228949343,0.23437252228949343,100.0,MINIMAL,1,10993_AT1,SDS,ser__L_c --> 2amac_c + h2o_c,0.2814317775193228,0.2814317775193228,100.0,MINIMAL,0.0,NOT_A_TARGET
SERTHRNaEx,L-serine/L-threonine Na-dependent exchange (Ser-L in),Unknown,0.23437252228949343,0.23437252228949343,100.0,MINIMAL,2,6509_AT1;6510_AT1,SLC1A4;SLC1A5,na1_e + ser__L_e + thr__L_c --> na1_c + ser__L_c + thr__L_e,0.2814317775193228,0.2814317775193228,100.0,MINIMAL,0.0,NOT_A_TARGET
PCHOLPm_hs,Choline phosphatase,Unknown,0.23437252228949343,0.23437252228949343,100.0,MINIMAL,1,5337_AT1,PLD1,h2o_m + pchol_hs_m --> chol_m + h_m + pa_hs_m,0.2814317775193228,0.2814317775193228,100.0,MINIMAL,0.0,NOT_A_TARGET
SACCD3m,"Saccharopine dehydrogenase (NADP, L-lysine forming), mitochondrial",Unknown,0.23437252228949343,0.23437252228949343,100.0,MINIMAL,1,10157_AT1,AASS,akg_m + h_m + lys__L_m + nadph_m --> h2o_m + nadp_m + saccrp__L_m,0.2814317775193228,0.2814317775193228,100.0,MINIMAL,0.0,NOT_A_TARGET
SACCD4m,"Saccharopine dehydrogenase (NAD, L-glutamate forming), mitochondrial",Unknown,0.23437252228949343,0.23437252228949343,100.0,MINIMAL,1,10157_AT1,AASS,h2o_m + nadp_m + saccrp__L_m --> L2aadp6sa_m + glu__L_m + h_m + nadph_m,0.2814317775193228,0.2814317775193228,100.0,MINIMAL,0.0,NOT_A_TARGET
SERt4,L-serine via sodium symport,Unknown,0.23437252228949343,0.23437252228949343,100.0,MINIMAL,4,81539_AT1;55089_AT1;54407_AT1;11254_AT1,SLC38A1;SLC38A4;SLC38A2;SLC6A14,na1_e + ser__L_e --> na1_c + ser__L_c,0.2814317775193228,0.2814317775193228,100.0,MINIMAL,0.0,NOT_A_TARGET
SERtN1,"Serine transport (Na, H coupled)",Unknown,0.23437252228949343,0.23437252228949343,100.0,MINIMAL,1,92745_AT1,SLC38A5,h_c + 2.0 na1_e + ser__L_e <=> h_e + 2.0 na1_c + ser__L_c,0.2814317775193228,0.2814317775193228,100.0,MINIMAL,0.0,NOT_A_TARGET
SFGTHi,S-Formylglutathione hydralase,Unknown,0.23437252228949343,0.23437252228949343,100.0,MINIMAL,1,2098_AT1,ESD,Sfglutth_c + h2o_c <=> for_c + gthrd_c + h_c,0.2814317775193228,0.2814317775193228,100.0,MINIMAL,0.0,NOT_A_TARGET
SGPL12r,Sphingosine-1-phosphate lyase,Unknown,0.23437252228949343,0.23437252228949343,100.0,MINIMAL,1,8879_AT1,SGPL1,h2o_r + sphs1p_r --> ethamp_r + h_r + hdca_r,0.2814317775193228,0.2814317775193228,100.0,MINIMAL,0.0,NOT_A_TARGET
SADT,Sulfate adenylyltransferase,Unknown,0.23437252228949343,0.23437252228949343,100.0,MINIMAL,2,9061_AT1;9060_AT1,PAPSS1;PAPSS2,atp_c + h_c + so4_c --> aps_c + ppi_c,0.2814317775193228,0.2814317775193228,100.0,MINIMAL,0.0,NOT_A_TARGET
SPMDOX,Spermidine:(acceptor) oxidoreductase,Unknown,0.23437252228949343,0.23437252228949343,100.0,MINIMAL,0,,,h2o_c + o2_c + spmd_c --> 13dampp_c + 4abutn_c + h2o2_c,0.2814317775193228,0.2814317775193228,100.0,MINIMAL,0.0,NOT_A_TARGET
SPODM,Superoxide dismutase,Unknown,0.23437252228949343,0.23437252228949343,100.0,MINIMAL,1,6647_AT1,SOD1,2.0 h_c + 2.0 o2s_c --> h2o2_c + o2_c,0.2814317775193228,0.2814317775193228,100.0,MINIMAL,0.0,NOT_A_TARGET
THFtl,"5,6,7,8-Tetrahydrofolate transport, diffusion, lysosomal",Unknown,0.23437252228949343,0.23437252228949343,100.0,MINIMAL,0,,,thf_c <=> thf_l,0.2814317775193228,0.2814317775193228,100.0,MINIMAL,0.0,NOT_A_TARGET
TDCHOLAte,Bile acid intracellular transport,Unknown,0.23437252228949343,0.23437252228949343,100.0,MINIMAL,0,,,tdchola_e <=> tdchola_c,0.2814317775193228,0.2814317775193228,100.0,MINIMAL,0.0,NOT_A_TARGET
TDCHOLAtx,Bile acid intracellular transport,Unknown,0.23437252228949343,0.23437252228949343,100.0,MINIMAL,0,,,tdchola_x <=> tdchola_c,0.2814317775193228,0.2814317775193228,100.0,MINIMAL,0.0,NOT_A_TARGET
TDP,Thiamin pyrophosphatase,Unknown,0.23437252228949343,0.23437252228949343,100.0,MINIMAL,0,,,h2o_c + thmpp_c --> h_c + pi_c + thmmp_c,0.2814317775193228,0.2814317775193228,100.0,MINIMAL,0.0,NOT_A_TARGET
TETHEX3COAtx,Fatty acid intracellular transport,Unknown,0.23437252228949343,0.23437252228949343,100.0,MINIMAL,0,,,tethex3coa_c <=> tethex3coa_x,0.2814317775193228,0.2814317775193228,100.0,MINIMAL,0.0,NOT_A_TARGET
TETHEX3t,Fatty acid transport via diffusion,Unknown,0.23437252228949343,0.23437252228949343,100.0,MINIMAL,0,,,tethex3_e <=> tethex3_c,0.2814317775193228,0.2814317775193228,100.0,MINIMAL,0.0,NOT_A_TARGET
TETPENT3COAtx,Fatty acid intracellular transport,Unknown,0.23437252228949343,0.23437252228949343,100.0,MINIMAL,0,,,tetpent3coa_c <=> tetpent3coa_x,0.2814317775193228,0.2814317775193228,100.0,MINIMAL,0.0,NOT_A_TARGET
THRCYSNaEx,L-cysteine/L-threonine Na-dependent exchange (Thr-L in),Unknown,0.23437252228949343,0.23437252228949343,100.0,MINIMAL,2,6509_AT1;6510_AT1,SLC1A4;SLC1A5,cys__L_c + na1_e + thr__L_e --> cys__L_e + na1_c + thr__L_c,0.2814317775193228,0.2814317775193228,100.0,MINIMAL,0.0,NOT_A_TARGET
TETPENT3t,Fatty acid transport via diffusion,Unknown,0.23437252228949343,0.23437252228949343,100.0,MINIMAL,0,,,tetpent3_e <=> tetpent3_c,0.2814317775193228,0.2814317775193228,100.0,MINIMAL,0.0,NOT_A_TARGET
THRD_L,L-threonine deaminase,Unknown,0.23437252228949343,0.23437252228949343,100.0,MINIMAL,1,10993_AT1,SDS,thr__L_c --> 2obut_c + nh4_c,0.2814317775193228,0.2814317775193228,100.0,MINIMAL,0.0,NOT_A_TARGET
SERGLNexR,L-Serine/Glutamine reversible exchange,Unknown,0.23437252228949343,0.23437252228949343,100.0,MINIMAL,2,6520_AT1;56301_AT1,SLC3A2;SLC7A10,gln__L_c + ser__L_e <=> gln__L_e + ser__L_c,0.2814317775193228,0.2814317775193228,100.0,MINIMAL,0.0,NOT_A_TARGET
SERDGLYexR,D-Serine/Glycine reversible exchange,Unknown,0.23437252228949343,0.23437252228949343,100.0,MINIMAL,2,6520_AT1;56301_AT1,SLC3A2;SLC7A10,gly_c + ser__D_e <=> gly_e + ser__D_c,0.2814317775193228,0.2814317775193228,100.0,MINIMAL,0.0,NOT_A_TARGET
TETPENT6t,Fatty acid transport via diffusion,Unknown,0.23437252228949343,0.23437252228949343,100.0,MINIMAL,0,,,tetpent6_e <=> tetpent6_c,0.2814317775193228,0.2814317775193228,100.0,MINIMAL,0.0,NOT_A_TARGET
PCHOLP_hs,Choline phosphatase,Unknown,0.23437252228949343,0.23437252228949343,100.0,MINIMAL,1,5338_AT1,PLD2,h2o_c + pchol_hs_c --> chol_c + h_c + pa_hs_c,0.2814317775193228,0.2814317775193228,100.0,MINIMAL,0.0,NOT_A_TARGET
SO4t4_2,Sulfate transport via sodium symport,Unknown,0.23437252228949343,0.23437252228949343,100.0,MINIMAL,1,26266_AT1,SLC13A4,2.0 na1_e + so4_e <=> 2.0 na1_c + so4_c,0.2814317775193228,0.2814317775193228,100.0,MINIMAL,0.0,NOT_A_TARGET
SOAT11,Sterol O-acyltransferase (acyl-Coenzyme A: cholesterol acyltransferase) 1,Unknown,0.23437252228949343,0.23437252228949343,100.0,MINIMAL,1,6646_AT1,SOAT1,R1coa_hs_c + chsterol_c --> coa_c + xolest_hs_c,0.2814317775193228,0.2814317775193228,100.0,MINIMAL,0.0,NOT_A_TARGET
SPH1Pter,Sphinganine 1 phosphate endoplasmic reticular transport,Unknown,0.23437252228949343,0.23437252228949343,100.0,MINIMAL,0,,,sph1p_c <=> sph1p_r,0.2814317775193228,0.2814317775193228,100.0,MINIMAL,0.0,NOT_A_TARGET
SPHGNtr,Sphinganine intracellular transport,Unknown,0.23437252228949343,0.23437252228949343,100.0,MINIMAL,0,,,sphgn_r <=> sphgn_c,0.2814317775193228,0.2814317775193228,100.0,MINIMAL,0.0,NOT_A_TARGET
SPHINGStl,Sphingosine intracellular transport,Unknown,0.23437252228949343,0.23437252228949343,100.0,MINIMAL,0,,,sphings_c <=> sphings_l,0.2814317775193228,0.2814317775193228,100.0,MINIMAL,0.0,NOT_A_TARGET
SPHINGStr,Sphingosine intracellular transport,Unknown,0.23437252228949343,0.23437252228949343,100.0,MINIMAL,0,,,sphings_c <=> sphings_r,0.2814317775193228,0.2814317775193228,100.0,MINIMAL,0.0,NOT_A_TARGET
SBTR,D sorbitol reductase,Unknown,0.23437252228949343,0.23437252228949343,100.0,MINIMAL,4,10327_AT1;231_AT1;8574_AT1;10327_AT2,AKR1A1;AKR1B1;AKR7A2;AKR1A1,glc__D_c + h_c + nadph_c --> nadp_c + sbt__D_c,0.2814317775193228,0.2814317775193228,100.0,MINIMAL,0.0,NOT_A_TARGET
STS3,Steryl-sulfatase,Unknown,0.23437252228949343,0.23437252228949343,100.0,MINIMAL,1,412_AT1,STS,chsterols_c + h2o_c --> chsterol_c + h_c + so4_c,0.2814317775193228,0.2814317775193228,100.0,MINIMAL,0.0,NOT_A_TARGET
THMTPt,Thiamine triphosphate transport in via anion antiport,Unknown,0.23437252228949343,0.23437252228949343,100.0,MINIMAL,2,6573_AT1;6573_AT2,SLC19A1;SLC19A1,3.0 oh1_e + thmtp_c --> 3.0 oh1_c + thmtp_e,0.2814317775193228,0.2814317775193228,100.0,MINIMAL,0.0,NOT_A_TARGET
SPHMYLNtl,Sphingomyelin intracellular transport,Unknown,0.23437252228949343,0.23437252228949343,100.0,MINIMAL,0,,,sphmyln_hs_c <=> sphmyln_hs_l,0.2814317775193228,0.2814317775193228,100.0,MINIMAL,0.0,NOT_A_TARGET
SPHS1Ptr,Sphingosine-1-phosphate transport,Unknown,0.23437252228949343,0.23437252228949343,100.0,MINIMAL,0,,,sphs1p_c <=> sphs1p_r,0.2814317775193228,0.2814317775193228,100.0,MINIMAL,0.0,NOT_A_TARGET
SARCStm,Sarcosine transport (mitochondrial),Unknown,0.23437252228949343,0.23437252228949343,100.0,MINIMAL,0,,,sarcs_c --> sarcs_m,0.2814317775193228,0.2814317775193228,100.0,MINIMAL,0.0,NOT_A_TARGET
SAMHISTA,S-Adenosyl-L-methionine:histamine N-tele-methyltransferase,Unknown,0.23437252228949343,0.23437252228949343,100.0,MINIMAL,1,3176_AT1,HNMT,amet_c + hista_c --> ahcys_c + h_c + mhista_c,0.2814317775193228,0.2814317775193228,100.0,MINIMAL,0.0,NOT_A_TARGET
SPMS,Spermidine synthase,Unknown,0.23437252228949343,0.23437252228949343,100.0,MINIMAL,1,6723_AT1,SRM,ametam_c + ptrc_c --> 5mta_c + h_c + spmd_c,0.2814317775193228,0.2814317775193228,100.0,MINIMAL,0.0,NOT_A_TARGET
SALMCOM2,S-Adenosyl-L-methionine:catechol O-methyltransferase,Unknown,0.23437252228949343,0.23437252228949343,100.0,MINIMAL,1,118881_AT1,COMTD1,adrnl_c + amet_c --> ahcys_c + h_c + mepi_c,0.2814317775193228,0.2814317775193228,100.0,MINIMAL,0.0,NOT_A_TARGET
SCP2x,Peroxisomal thiolase 2,Unknown,0.23437252228949343,0.23437252228949343,100.0,MINIMAL,1,6342_AT1,SCP2,coa_x + dhocholoylcoa_x --> dgcholcoa_x + ppcoa_x,0.2814317775193228,0.2814317775193228,100.0,MINIMAL,0.0,NOT_A_TARGET
SCP3x,Peroxisomal thiolase 2,Unknown,0.23437252228949343,0.23437252228949343,100.0,MINIMAL,1,6342_AT1,SCP2,coa_x + dhcholestancoa_x + o2_x --> dcholcoa_x + h2o_x + ppcoa_x,0.2814317775193228,0.2814317775193228,100.0,MINIMAL,0.0,NOT_A_TARGET
SCPx,Peroxisomal thiolase 2,Unknown,0.23437252228949343,0.23437252228949343,100.0,MINIMAL,1,6342_AT1,SCP2,cholcoaone_x + coa_x --> cholcoa_x + ppcoa_x,0.2814317775193228,0.2814317775193228,100.0,MINIMAL,0.0,NOT_A_TARGET
PCFLOPm,Phosphatidylcholine flippase,Unknown,0.23437252228949343,0.23437252228949343,100.0,MINIMAL,1,57194_AT1,ATP10A,atp_c + h2o_c + pchol_hs_m --> adp_c + h_c + pchol_hs_c + pi_c,0.2814317775193228,0.2814317775193228,100.0,MINIMAL,0.0,NOT_A_TARGET
SERALANaEx,L-alanine/L-serine Na-dependent exchange (Ser-L in),Unknown,0.23437252228949343,0.23437252228949343,100.0,MINIMAL,2,6509_AT1;6510_AT1,SLC1A4;SLC1A5,ala__L_c + na1_e + ser__L_e --> ala__L_e + na1_c + ser__L_c,0.2814317775193228,0.2814317775193228,100.0,MINIMAL,0.0,NOT_A_TARGET
SERASNNaEx,L-serine/L-asparagine Na-dependent exchange (Ser-L in),Unknown,0.23437252228949343,0.23437252228949343,100.0,MINIMAL,1,6510_AT1,SLC1A5,asn__L_c + na1_e + ser__L_e --> asn__L_e + na1_c + ser__L_c,0.2814317775193228,0.2814317775193228,100.0,MINIMAL,0.0,NOT_A_TARGET
SERCYSNaEx,L-serine/L-cysteine Na-dependent exchange (Ser-L in),Unknown,0.23437252228949343,0.23437252228949343,100.0,MINIMAL,2,6509_AT1;6510_AT1,SLC1A4;SLC1A5,cys__L_c + na1_e + ser__L_e --> cys__L_e + na1_c + ser__L_c,0.2814317775193228,0.2814317775193228,100.0,MINIMAL,0.0,NOT_A_TARGET
SERDGLNexR,D-Serine/Glutamine reversible exchange,Unknown,0.23437252228949343,0.23437252228949343,100.0,MINIMAL,2,6520_AT1;56301_AT1,SLC3A2;SLC7A10,gln__L_c + ser__D_e <=> gln__L_e + ser__D_c,0.2814317775193228,0.2814317775193228,100.0,MINIMAL,0.0,NOT_A_TARGET
TETPENT6COAtx,Fatty acid intracellular transport,Unknown,0.23437252228949343,0.23437252228949343,100.0,MINIMAL,0,,,tetpent6coa_c <=> tetpent6coa_x,0.2814317775193228,0.2814317775193228,100.0,MINIMAL,0.0,NOT_A_TARGET
TETTET6COAtx,Fatty acid intracellular transport,Unknown,0.23437252228949343,0.23437252228949343,100.0,MINIMAL,0,,,tettet6coa_c <=> tettet6coa_x,0.2814317775193228,0.2814317775193228,100.0,MINIMAL,0.0,NOT_A_TARGET
SOAT12,Sterol O-acyltransferase (acyl-Coenzyme A: cholesterol acyltransferase) 1,Unknown,0.23437252228949343,0.23437252228949343,100.0,MINIMAL,1,6646_AT1,SOAT1,R2coa_hs_c + chsterol_c --> coa_c + xolest_hs_c,0.2814317775193228,0.2814317775193228,100.0,MINIMAL,0.0,NOT_A_TARGET
SULFOX,Sulfite oxidase,Unknown,0.23437252228949343,0.23437252228949343,100.0,MINIMAL,1,6821_AT1,SUOX,2.0 ficytC_m + h2o_c + so3_c --> 2.0 focytC_m + 2.0 h_c + so4_c,0.2814317775193228,0.2814317775193228,100.0,MINIMAL,0.0,NOT_A_TARGET
THP2Ctp,"2,3,4,5-Tetrahydropyridine-2-carboxylate transport, peroxisomal",Unknown,0.23437252228949343,0.23437252228949343,100.0,MINIMAL,0,,,thp2c_c <=> thp2c_x,0.2814317775193228,0.2814317775193228,100.0,MINIMAL,0.0,NOT_A_TARGET
TALA,Transaldolase,Unknown,0.23437252228949343,0.23437252228949343,100.0,MINIMAL,1,6888_AT1,TALDO1,g3p_c + s7p_c <=> e4p_c + f6p_c,0.2814317775193228,0.2814317775193228,100.0,MINIMAL,0.0,NOT_A_TARGET
TAURt4_2_r,TAURt4 LPAREN 2 RPAREN r,Unknown,0.23437252228949343,0.23437252228949343,100.0,MINIMAL,1,6533_AT1,SLC6A6,2.0 na1_e + taur_e <=> 2.0 na1_c + taur_c,0.2814317775193228,0.2814317775193228,100.0,MINIMAL,0.0,NOT_A_TARGET
TAURtcx,Taurine transport (sodium symport) (cytosol to peroxisome),Unknown,0.23437252228949343,0.23437252228949343,100.0,MINIMAL,1,6533_AT1,SLC6A6,na1_c + taur_c <=> na1_x + taur_x,0.2814317775193228,0.2814317775193228,100.0,MINIMAL,0.0,NOT_A_TARGET
SRTNt6_2_r,SRTNt6 LPAREN 2 RPAREN r,Unknown,0.23437252228949343,0.23437252228949343,100.0,MINIMAL,1,6532_AT1,SLC6A4,2.0 k_c + 2.0 na1_e + srtn_e <=> 2.0 k_e + 2.0 na1_c + srtn_c,0.2814317775193228,0.2814317775193228,100.0,MINIMAL,0.0,NOT_A_TARGET
SRTNtu,Serotonin uniport,Unknown,0.23437252228949343,0.23437252228949343,100.0,MINIMAL,3,6582_AT2;6580_AT1;6582_AT1,SLC22A2;SLC22A1;SLC22A2,srtn_e <=> srtn_c,0.2814317775193228,0.2814317775193228,100.0,MINIMAL,0.0,NOT_A_TARGET
TCHOLAt,Taurocholate transport via bicarbonate countertransport,Unknown,0.23437252228949343,0.23437252228949343,100.0,MINIMAL,4,28234_AT1;10599_AT1;6579_AT1;28231_AT1,SLCO1B3;SLCO1B1;SLCO1A2;SLCO4A1,hco3_c + tchola_e <=> hco3_e + tchola_c,0.2814317775193228,0.2814317775193228,100.0,MINIMAL,0.0,NOT_A_TARGET
TCHOLAt2,Taurocholate transport via sodium cotransport,Unknown,0.23437252228949343,0.23437252228949343,100.0,MINIMAL,2,6555_AT1;6554_AT1,SLC10A2;SLC10A1,2.0 na1_e + tchola_e --> 2.0 na1_c + tchola_c,0.2814317775193228,0.2814317775193228,100.0,MINIMAL,0.0,NOT_A_TARGET
SSALxm,"Succinate-semialdehyde:NAD+ oxidoreductase, mitochondria",Unknown,0.23437252228949343,0.23437252228949343,100.0,MINIMAL,2,7915_AT2;7915_AT1,ALDH5A1;ALDH5A1,h2o_m + nad_m + sucsal_m --> 2.0 h_m + nadh_m + succ_m,0.2814317775193228,0.2814317775193228,100.0,MINIMAL,0.0,NOT_A_TARGET
THRALANaEx,L-alanine/L-threonine Na-dependent exchange (Thr-L in),Unknown,0.23437252228949343,0.23437252228949343,100.0,MINIMAL,2,6509_AT1;6510_AT1,SLC1A4;SLC1A5,ala__L_c + na1_e + thr__L_e --> ala__L_e + na1_c + thr__L_c,0.2814317775193228,0.2814317775193228,100.0,MINIMAL,0.0,NOT_A_TARGET
TCHOLAt3,ABC bile acid transporter,Unknown,0.23437252228949343,0.23437252228949343,100.0,MINIMAL,4,8714_AT3;8647_AT1;8714_AT1;8714_AT2,ABCC3;ABCB11;ABCC3;ABCC3,atp_c + h2o_c + tchola_c --> adp_c + h_c + pi_c + tchola_e,0.2814317775193228,0.2814317775193228,100.0,MINIMAL,0.0,NOT_A_TARGET
PDE4,"3',5'-cyclic-nucleotide phosphodiesterase",Unknown,0.23437252228949343,0.23437252228949343,100.0,MINIMAL,36,5149_AT1;5152_AT12;5152_AT19;8654_AT1;5147_AT1;5139_AT1;5148_AT1;5152_AT4;5152_AT7;8654_AT2,PDE6H;PDE9A;PDE9A;PDE5A;PDE6D;PDE3A;PDE6G;PDE9A;PDE9A;PDE5A,35cgmp_c + h2o_c --> gmp_c + h_c,0.2814317775193228,0.2814317775193228,100.0,MINIMAL,0.0,NOT_A_TARGET
ORNDC,Ornithine Decarboxylase,Unknown,0.23437252228949343,0.23437252228949343,100.0,MINIMAL,1,4953_AT1,ODC1,h_c + orn_c --> co2_c + ptrc_c,0.2814317775193228,0.2814317775193228,100.0,MINIMAL,0.0,NOT_A_TARGET
25HVITD2tin,25-hydroxyvitamin D2 transport in cytoplasm,Unknown,0.23437252228949343,0.23437252228949343,100.0,MINIMAL,0,,,25hvitd2_e --> 25hvitd2_c,0.2814317775193228,0.2814317775193228,100.0,MINIMAL,0.0,NOT_A_TARGET
LPASE,Lysophospholipase,Unknown,0.23437252228949343,0.23437252228949343,100.0,MINIMAL,3,29124_AT1;1178_AT1;5321_AT1,LGALS13;CLC;PLA2G4A,h2o_c + lpchol_hs_c --> Rtotal_c + g3pc_c + h_c,0.2814317775193228,0.2814317775193228,100.0,MINIMAL,0.0,NOT_A_TARGET
LPCOXp,"L-pipecolate oxidase, peroxisomal",Unknown,0.23437252228949343,0.23437252228949343,100.0,MINIMAL,1,51268_AT1,PIPOX,Lpipecol_x + o2_x --> h2o2_x + h_x + thp2c_x,0.2814317775193228,0.2814317775193228,100.0,MINIMAL,0.0,NOT_A_TARGET
ILETAm,Isoleucine transaminase  mitochondrial,Unknown,0.23437252228949343,0.23437252228949343,100.0,MINIMAL,1,587_AT1,BCAT2,akg_m + ile__L_m <=> 3mop_m + glu__L_m,0.2814317775193228,0.2814317775193228,100.0,MINIMAL,0.0,NOT_A_TARGET
ILEt4,L-isoleucine transport in via sodium symport,Unknown,0.23437252228949343,0.23437252228949343,100.0,MINIMAL,1,11254_AT1,SLC6A14,ile__L_e + na1_e --> ile__L_c + na1_c,0.2814317775193228,0.2814317775193228,100.0,MINIMAL,0.0,NOT_A_TARGET
ILEtmi,Isoleucine transport from mitochondria to cytosol,Unknown,0.23437252228949343,0.23437252228949343,100.0,MINIMAL,0,,,ile__L_m <=> ile__L_c,0.2814317775193228,0.2814317775193228,100.0,MINIMAL,0.0,NOT_A_TARGET
LPS2,Lipase,Unknown,0.23437252228949343,0.23437252228949343,100.0,MINIMAL,1,4023_AT1,LPL,dag_hs_c + h2o_c --> Rtotal_c + h_c + mag_hs_c,0.2814317775193228,0.2814317775193228,100.0,MINIMAL,0.0,NOT_A_TARGET
ILEtec,L-isoleucine transport via diffusion (extracellular to cytosol),Unknown,0.23437252228949343,0.23437252228949343,100.0,MINIMAL,2,124935_AT1;8501_AT1,SLC43A2;SLC43A1,ile__L_e <=> ile__L_c,0.2814317775193228,0.2814317775193228,100.0,MINIMAL,0.0,NOT_A_TARGET
KHK,Ketohexokinase,Unknown,0.23437252228949343,0.23437252228949343,100.0,MINIMAL,2,3795_AT1;3795_AT2,KHK;KHK,atp_c + fru_c --> adp_c + f1p_c + h_c,0.2814317775193228,0.2814317775193228,100.0,MINIMAL,0.0,NOT_A_TARGET
LPS3,Lipase,Unknown,0.23437252228949343,0.23437252228949343,100.0,MINIMAL,2,11343_AT2;11343_AT1,MGLL;MGLL,h2o_c + mag_hs_c --> Rtotal2_c + glyc_c + h_c,0.2814317775193228,0.2814317775193228,100.0,MINIMAL,0.0,NOT_A_TARGET
THMt3,Thiamine transport in via proton  antiport,Unknown,0.23437252228949343,0.23437252228949343,100.0,MINIMAL,2,10560_AT1;80704_AT1,SLC19A2;SLC19A3,h_c + thm_e <=> h_e + thm_c,0.2814317775193228,0.2814317775193228,100.0,MINIMAL,0.0,NOT_A_TARGET
SUCOASm,Succinate  CoA ligase  ADP forming,Unknown,0.23437252228949343,0.23437252228949343,100.0,MINIMAL,2,8802_AT1;8803_AT1,SUCLG1;SUCLA2,atp_m + coa_m + succ_m <=> adp_m + pi_m + succoa_m,0.2814317775193228,0.2814317775193228,100.0,MINIMAL,0.0,NOT_A_TARGET
STRDNCCPT1,Carnitine O-palmitoyltransferase,Unknown,0.23437252228949343,0.23437252228949343,100.0,MINIMAL,6,1375_AT2;1374_AT1;1375_AT3;126129_AT1;1375_AT4;1375_AT1,CPT1B;CPT1A;CPT1B;CPT1C;CPT1B;CPT1B,crn_c + strdnccoa_c --> coa_c + strdnccrn_c,0.2814317775193228,0.2814317775193228,100.0,MINIMAL,0.0,NOT_A_TARGET
SPRMS,Spermine synthase,Unknown,0.23437252228949343,0.23437252228949343,100.0,MINIMAL,1,6611_AT1,SMS,ametam_c + spmd_c --> 5mta_c + h_c + sprm_c,0.2814317775193228,0.2814317775193228,100.0,MINIMAL,0.0,NOT_A_TARGET
STRDNCCPT2,Carnitine transferase,Unknown,0.23437252228949343,0.23437252228949343,100.0,MINIMAL,1,1376_AT1,CPT2,coa_m + strdnccrn_m --> crn_m + strdnccoa_m,0.2814317775193228,0.2814317775193228,100.0,MINIMAL,0.0,NOT_A_TARGET
STRDNCCRNt,Transport into the mitochondria (carnitine),Unknown,0.23437252228949343,0.23437252228949343,100.0,MINIMAL,1,788_AT1,SLC25A20,strdnccrn_c --> strdnccrn_m,0.2814317775193228,0.2814317775193228,100.0,MINIMAL,0.0,NOT_A_TARGET
STRDNCt,Fatty acid transport via diffusion,Unknown,0.23437252228949343,0.23437252228949343,100.0,MINIMAL,0,,,strdnc_e <=> strdnc_c,0.2814317775193228,0.2814317775193228,100.0,MINIMAL,0.0,NOT_A_TARGET
STS1,Steryl-sulfatase,Unknown,0.23437252228949343,0.23437252228949343,100.0,MINIMAL,1,412_AT1,STS,dheas_c + h2o_c --> dhea_c + h_c + so4_c,0.2814317775193228,0.2814317775193228,100.0,MINIMAL,0.0,NOT_A_TARGET
TETTET6t,Fatty acid transport via diffusion,Unknown,0.23437252228949343,0.23437252228949343,100.0,MINIMAL,0,,,tettet6_e <=> tettet6_c,0.2814317775193228,0.2814317775193228,100.0,MINIMAL,0.0,NOT_A_TARGET
THBPT4ACAMDASE,Tetrahydrobiopterin-4a-carbinolamine dehydratase,Unknown,0.23437252228949343,0.23437252228949343,100.0,MINIMAL,2,5092_AT2;5092_AT1,PCBD1;PCBD1,thbpt4acam_c --> dhbpt_c + h2o_c,0.2814317775193228,0.2814317775193228,100.0,MINIMAL,0.0,NOT_A_TARGET
THCHOLSTOICtm,"Lipid, flip-flop intracellular transport",Unknown,0.23437252228949343,0.23437252228949343,100.0,MINIMAL,0,,,thcholstoic_m <=> thcholstoic_x,0.2814317775193228,0.2814317775193228,100.0,MINIMAL,0.0,NOT_A_TARGET
STS2,Steryl-sulfatase,Unknown,0.23437252228949343,0.23437252228949343,100.0,MINIMAL,1,412_AT1,STS,estrones_c + h2o_c --> estrone_c + h_c + so4_c,0.2814317775193228,0.2814317775193228,100.0,MINIMAL,0.0,NOT_A_TARGET
THD1m,NAD(P) transhydrogenase,Unknown,0.23437252228949343,0.23437252228949343,100.0,MINIMAL,2,23530_AT2;23530_AT1,NNT;NNT,h_c + nadh_m + nadp_m <=> h_m + nad_m + nadph_m,0.2814317775193228,0.2814317775193228,100.0,MINIMAL,0.0,NOT_A_TARGET
THRGLNNaEx,L-threonine/L-glutamine Na-dependent exchange (Thr-L in),Unknown,0.23437252228949343,0.23437252228949343,100.0,MINIMAL,1,6510_AT1,SLC1A5,gln__L_c + na1_e + thr__L_e --> gln__L_e + na1_c + thr__L_c,0.2814317775193228,0.2814317775193228,100.0,MINIMAL,0.0,NOT_A_TARGET
THFt2,Tetrahydrofolate transport via anion exchange,Unknown,0.23437252228949343,0.23437252228949343,100.0,MINIMAL,2,6573_AT1;6573_AT2,SLC19A1;SLC19A1,oh1_c + thf_e <=> oh1_e + thf_c,0.2814317775193228,0.2814317775193228,100.0,MINIMAL,0.0,NOT_A_TARGET
THRASNNaEx,L-threonine/L-asparagine Na-dependent exchange (Thr-L in),Unknown,0.23437252228949343,0.23437252228949343,100.0,MINIMAL,1,6510_AT1,SLC1A5,asn__L_c + na1_e + thr__L_e --> asn__L_e + na1_c + thr__L_c,0.2814317775193228,0.2814317775193228,100.0,MINIMAL,0.0,NOT_A_TARGET
TCYNTt,Thiocyanate transport via diffusion (cytosol to extracellular),Unknown,0.23437252228949343,0.23437252228949343,100.0,MINIMAL,0,,,tcynt_c --> tcynt_e,0.2814317775193228,0.2814317775193228,100.0,MINIMAL,0.0,NOT_A_TARGET
SPODMe,"Superoxide dismutase, extracellular",Unknown,0.23437252228949343,0.23437252228949343,100.0,MINIMAL,1,6649_AT1,SOD3,2.0 h_e + 2.0 o2s_e --> h2o2_e + o2_e,0.2814317775193228,0.2814317775193228,100.0,MINIMAL,0.0,NOT_A_TARGET
TCHOLAtx,Bile acid intracellular transport,Unknown,0.23437252228949343,0.23437252228949343,100.0,MINIMAL,0,,,tchola_x <=> tchola_c,0.2814317775193228,0.2814317775193228,100.0,MINIMAL,0.0,NOT_A_TARGET
STS4,Steryl-sulfatase,Unknown,0.23437252228949343,0.23437252228949343,100.0,MINIMAL,1,412_AT1,STS,h2o_c + prgnlones_c --> h_c + prgnlone_c + so4_c,0.2814317775193228,0.2814317775193228,100.0,MINIMAL,0.0,NOT_A_TARGET
SUCCtm,Succinate transport  mitochondrial,Unknown,0.23437252228949343,0.23437252228949343,100.0,MINIMAL,1,1468_AT1,SLC25A10,pi_m + succ_c <=> pi_c + succ_m,0.2814317775193228,0.2814317775193228,100.0,MINIMAL,0.0,NOT_A_TARGET
SUCCt4_2,Succinate transport via sodium symport,Unknown,0.23437252228949343,0.23437252228949343,100.0,MINIMAL,1,9058_AT1,SLC13A2,2.0 na1_e + succ_e <=> 2.0 na1_c + succ_c,0.2814317775193228,0.2814317775193228,100.0,MINIMAL,0.0,NOT_A_TARGET
SPODMm,Superoxide dismutase,Unknown,0.23437252228949343,0.23437252228949343,100.0,MINIMAL,1,6648_AT1,SOD2,2.0 h_m + 2.0 o2s_m --> h2o2_m + o2_m,0.2814317775193228,0.2814317775193228,100.0,MINIMAL,0.0,NOT_A_TARGET
SPODMn,"Superoxide dismutase, nuclear",Unknown,0.23437252228949343,0.23437252228949343,100.0,MINIMAL,1,6647_AT1,SOD1,2.0 h_n + 2.0 o2s_n --> h2o2_n + o2_n,0.2814317775193228,0.2814317775193228,100.0,MINIMAL,0.0,NOT_A_TARGET
SPODMx,"Superoxide dismutase, peroxisome",Unknown,0.23437252228949343,0.23437252228949343,100.0,MINIMAL,1,6647_AT1,SOD1,2.0 h_x + 2.0 o2s_x --> h2o2_x + o2_x,0.2814317775193228,0.2814317775193228,100.0,MINIMAL,0.0,NOT_A_TARGET
SUCD1m,Succinate dehydrogenase,Unknown,0.23437252228949343,0.23437252228949343,100.0,MINIMAL,4,6390_AT1;6392_AT1;6389_AT1;6391_AT1,SDHB;SDHD;SDHA;SDHC,fad_m + succ_m <=> fadh2_m + fum_m,0.2814317775193228,0.2814317775193228,100.0,MINIMAL,0.0,NOT_A_TARGET
SUCOAS1m,Succinyl-CoA ligase (GDP-forming),Unknown,0.23437252228949343,0.23437252228949343,100.0,MINIMAL,2,8802_AT1;8801_AT1,SUCLG1;SUCLG2,coa_m + gtp_m + succ_m <=> gdp_m + pi_m + succoa_m,0.2814317775193228,0.2814317775193228,100.0,MINIMAL,0.0,NOT_A_TARGET
SO4OXAtex2,Sulfate transport via oxalate countertransport (2:1),Unknown,0.23437252228949343,0.23437252228949343,100.0,MINIMAL,3,65010_AT2;65010_AT3;65010_AT1,SLC26A6;SLC26A6;SLC26A6,oxa_c + 2.0 so4_e --> oxa_e + 2.0 so4_c,0.2814317775193228,0.2814317775193228,100.0,MINIMAL,0.0,NOT_A_TARGET
SPHK21c,Sphingosine kinase,Unknown,0.23437252228949343,0.23437252228949343,100.0,MINIMAL,1,56848_AT1,SPHK2,atp_c + sphings_c --> adp_c + h_c + sphs1p_c,0.2814317775193228,0.2814317775193228,100.0,MINIMAL,0.0,NOT_A_TARGET
SO4HCOtex,Sulfate transport via bicarbonate countertransport,Unknown,0.23437252228949343,0.23437252228949343,100.0,MINIMAL,12,115111_AT2;1811_AT1;10861_AT2;115019_AT2;10861_AT1;115111_AT1;10861_AT3;1836_AT1;284129_AT1;116369_AT1,SLC26A7;SLC26A3;SLC26A1;SLC26A9;SLC26A1;SLC26A7;SLC26A1;SLC26A2;SLC26A11;SLC26A8,2.0 hco3_c + so4_e --> 2.0 hco3_e + so4_c,0.2814317775193228,0.2814317775193228,100.0,MINIMAL,0.0,NOT_A_TARGET
VALTA,Valine transaminase,Unknown,0.23437252228949343,0.23437252228949343,100.0,MINIMAL,1,586_AT1,BCAT1,akg_c + val__L_c <=> 3mob_c + glu__L_c,0.2814317775193228,0.2814317775193228,100.0,MINIMAL,0.0,NOT_A_TARGET
TYRCBOX,L-Tyrosine carboxy-lyase,Unknown,0.23437252228949343,0.23437252228949343,100.0,MINIMAL,1,1644_AT1,DDC,h_c + tyr__L_c --> co2_c + tym_c,0.2814317775193228,0.2814317775193228,100.0,MINIMAL,0.0,NOT_A_TARGET
TYROXDAc,Tyramine:oxygen oxidoreductase(deaminating)(flavin-containing) (cytosol),Unknown,0.23437252228949343,0.23437252228949343,100.0,MINIMAL,2,4128_AT1;4129_AT1,MAOA;MAOB,h2o_c + o2_c + tym_c --> 4hoxpacd_c + h2o2_c + nh4_c,0.2814317775193228,0.2814317775193228,100.0,MINIMAL,0.0,NOT_A_TARGET
THRGLYexR,L-threonine/glycine reversible exchange,Unknown,0.23437252228949343,0.23437252228949343,100.0,MINIMAL,2,6520_AT1;56301_AT1,SLC3A2;SLC7A10,gly_c + thr__L_e <=> gly_e + thr__L_c,0.2814317775193228,0.2814317775193228,100.0,MINIMAL,0.0,NOT_A_TARGET
TYRTA,Tyrosine transaminase,Unknown,0.23437252228949343,0.23437252228949343,100.0,MINIMAL,1,2805_AT1,GOT1,akg_c + tyr__L_c <=> 34hpp_c + glu__L_c,0.2814317775193228,0.2814317775193228,100.0,MINIMAL,0.0,NOT_A_TARGET
UNK2,2-keto-4-methylthiobutyrate transamination,Unknown,0.23437252228949343,0.23437252228949343,100.0,MINIMAL,0,,,2kmb_c + gln__L_c + h_c --> glu__L_c + met__L_c,0.2814317775193228,0.2814317775193228,100.0,MINIMAL,0.0,NOT_A_TARGET
TYRt,L-tyrosine transport,Unknown,0.23437252228949343,0.23437252228949343,100.0,MINIMAL,1,117247_AT1,SLC16A10,tyr__L_e <=> tyr__L_c,0.2814317775193228,0.2814317775193228,100.0,MINIMAL,0.0,NOT_A_TARGET
THRSERNaEx,L-serine/L-threonine Na-dependent exchange (Thr-L in),Unknown,0.23437252228949343,0.23437252228949343,100.0,MINIMAL,2,6509_AT1;6510_AT1,SLC1A4;SLC1A5,na1_e + ser__L_c + thr__L_e --> na1_c + ser__L_e + thr__L_c,0.2814317775193228,0.2814317775193228,100.0,MINIMAL,0.0,NOT_A_TARGET
TYRt4,L-tyrosine transport in via sodium symport,Unknown,0.23437252228949343,0.23437252228949343,100.0,MINIMAL,1,11254_AT1,SLC6A14,na1_e + tyr__L_e --> na1_c + tyr__L_c,0.2814317775193228,0.2814317775193228,100.0,MINIMAL,0.0,NOT_A_TARGET
UAG2EMA,UDP-N-acetyl-D-glucosamine 2-epimerase (Hydrolysis),Unknown,0.23437252228949343,0.23437252228949343,100.0,MINIMAL,1,10020_AT1,GNE,h2o_c + uacgam_c --> acmana_c + h_c + udp_c,0.2814317775193228,0.2814317775193228,100.0,MINIMAL,0.0,NOT_A_TARGET
THRt4,L-threonine  via sodium symport,Unknown,0.23437252228949343,0.23437252228949343,100.0,MINIMAL,3,81539_AT1;54407_AT1;11254_AT1,SLC38A1;SLC38A2;SLC6A14,na1_e + thr__L_e --> na1_c + thr__L_c,0.2814317775193228,0.2814317775193228,100.0,MINIMAL,0.0,NOT_A_TARGET
THYMDt1,Thymd transport,Unknown,0.23437252228949343,0.23437252228949343,100.0,MINIMAL,2,3177_AT1;2030_AT1,SLC29A2;SLC29A1,thymd_e --> thymd_c,0.2814317775193228,0.2814317775193228,100.0,MINIMAL,0.0,NOT_A_TARGET
THYPX,Thyroid peroxidase,Unknown,0.23437252228949343,0.23437252228949343,100.0,MINIMAL,5,7173_AT4;7173_AT2;7173_AT3;7173_AT5;7173_AT1,TPO;TPO;TPO;TPO;TPO,h2o2_c + 2.0 h_c + 2.0 i_c --> 2.0 h2o_c + iodine_c,0.2814317775193228,0.2814317775193228,100.0,MINIMAL,0.0,NOT_A_TARGET
TMDPPK,Thiamine diphosphate kinase,Unknown,0.23437252228949343,0.23437252228949343,100.0,MINIMAL,0,,,atp_c + thmpp_c --> adp_c + thmtp_c,0.2814317775193228,0.2814317775193228,100.0,MINIMAL,0.0,NOT_A_TARGET
VALTAim,Valine transaminase  mitochondiral,Unknown,0.23437252228949343,0.23437252228949343,100.0,MINIMAL,1,587_AT1,BCAT2,akg_m + val__L_m <=> 3mob_m + glu__L_m,0.2814317775193228,0.2814317775193228,100.0,MINIMAL,0.0,NOT_A_TARGET
XOLDIOLONEt,"Lipid, flip-flop intracellular transport",Unknown,0.23437252228949343,0.23437252228949343,100.0,MINIMAL,0,,,xoldiolone_c <=> xoldiolone_r,0.2814317775193228,0.2814317775193228,100.0,MINIMAL,0.0,NOT_A_TARGET
XYLTD_D,Xylitol dehydrogenase  D xyulose forming,Unknown,0.23437252228949343,0.23437252228949343,100.0,MINIMAL,0,,,nad_c + xylt_c <=> h_c + nadh_c + xylu__D_c,0.2814317775193228,0.2814317775193228,100.0,MINIMAL,0.0,NOT_A_TARGET
XOLESTte,Cholesterol ester transporter,Unknown,0.23437252228949343,0.23437252228949343,100.0,MINIMAL,0,,,xolest_hs_e <=> xolest_hs_c,0.2814317775193228,0.2814317775193228,100.0,MINIMAL,0.0,NOT_A_TARGET
TMDK1m,Thymidine kinase (ATP:thymidine),Unknown,0.23437252228949343,0.23437252228949343,100.0,MINIMAL,1,7084_AT1,TK2,atp_m + thymd_m --> adp_m + dtmp_m + h_m,0.2814317775193228,0.2814317775193228,100.0,MINIMAL,0.0,NOT_A_TARGET
XOLTRI24tc,24 trihydroxy cholesterol transport,Unknown,0.23437252228949343,0.23437252228949343,100.0,MINIMAL,0,,,xoltri24_r <=> xoltri24_c,0.2814317775193228,0.2814317775193228,100.0,MINIMAL,0.0,NOT_A_TARGET
XOLTRI24te,24 trihydroxy cholesterol transport,Unknown,0.23437252228949343,0.23437252228949343,100.0,MINIMAL,0,,,xoltri24_c <=> xoltri24_e,0.2814317775193228,0.2814317775193228,100.0,MINIMAL,0.0,NOT_A_TARGET
XYLUR,Xylulose reductase,Unknown,0.23437252228949343,0.23437252228949343,100.0,MINIMAL,1,51181_AT1,DCXR,h_c + nadph_c + xylu__L_c <=> nadp_c + xylt_c,0.2814317775193228,0.2814317775193228,100.0,MINIMAL,0.0,NOT_A_TARGET
SO4CLtex2,Sulfate transport via chloride countertransport (2:1),Unknown,0.23437252228949343,0.23437252228949343,100.0,MINIMAL,3,65010_AT2;65010_AT3;65010_AT1,SLC26A6;SLC26A6;SLC26A6,cl_c + 2.0 so4_e --> cl_e + 2.0 so4_c,0.2814317775193228,0.2814317775193228,100.0,MINIMAL,0.0,NOT_A_TARGET
XOLTRIOLtm,"Lipid, flip-flop intracellular transport",Unknown,0.23437252228949343,0.23437252228949343,100.0,MINIMAL,0,,,xoltriol_c <=> xoltriol_m,0.2814317775193228,0.2814317775193228,100.0,MINIMAL,0.0,NOT_A_TARGET
TMDPK,Thiamine diphosphokinase,Unknown,0.23437252228949343,0.23437252228949343,100.0,MINIMAL,1,27010_AT1,TPK1,atp_c + thm_c --> amp_c + h_c + thmpp_c,0.2814317775193228,0.2814317775193228,100.0,MINIMAL,0.0,NOT_A_TARGET
TYR3MO2,Tyrosine 3-monooxygenase,Unknown,0.23437252228949343,0.23437252228949343,100.0,MINIMAL,3,7054_AT2;7054_AT3;7054_AT1,TH;TH;TH,o2_c + thbpt_c + tyr__L_c --> 34dhphe_c + thbpt4acam_c,0.2814317775193228,0.2814317775193228,100.0,MINIMAL,0.0,NOT_A_TARGET
TYMSULT,Tyramine Sulfotransferase,Unknown,0.23437252228949343,0.23437252228949343,100.0,MINIMAL,8,6817_AT5;6817_AT3;6817_AT4;6818_AT2;6818_AT3;6817_AT1;6818_AT1;6817_AT2,SULT1A1;SULT1A1;SULT1A1;SULT1A3;SULT1A3;SULT1A1;SULT1A3;SULT1A1,paps_c + tym_c --> h_c + pap_c + tymsf_c,0.2814317775193228,0.2814317775193228,100.0,MINIMAL,0.0,NOT_A_TARGET
TYMSFt,Tyramine O-sulfate transport (diffusion),Unknown,0.23437252228949343,0.23437252228949343,100.0,MINIMAL,0,,,tymsf_c --> tymsf_e,0.2814317775193228,0.2814317775193228,100.0,MINIMAL,0.0,NOT_A_TARGET
THMTP,Thiamine-triphosphatase,Unknown,0.23437252228949343,0.23437252228949343,100.0,MINIMAL,1,79178_AT1,THTPA,h2o_c + thmtp_c --> h_c + pi_c + thmpp_c,0.2814317775193228,0.2814317775193228,100.0,MINIMAL,0.0,NOT_A_TARGET
URIt,Uridine facilated transport in cytosol,Unknown,0.23437252228949343,0.23437252228949343,100.0,MINIMAL,2,3177_AT1;2030_AT1,SLC29A2;SLC29A1,uri_e <=> uri_c,0.2814317775193228,0.2814317775193228,100.0,MINIMAL,0.0,NOT_A_TARGET
URIt4,Uridine transport in via sodium symport,Unknown,0.23437252228949343,0.23437252228949343,100.0,MINIMAL,4,64078_AT1;9154_AT1;9154_AT2;9153_AT1,SLC28A3;SLC28A1;SLC28A1;SLC28A2,na1_e + uri_e --> na1_c + uri_c,0.2814317775193228,0.2814317775193228,100.0,MINIMAL,0.0,NOT_A_TARGET
UDPGLCter,UDP-Glc endoplasmic reticulum transport via CMP antiport,Unknown,0.23437252228949343,0.23437252228949343,100.0,MINIMAL,0,,,udpg_c + ump_r <=> udpg_r + ump_c,0.2814317775193228,0.2814317775193228,100.0,MINIMAL,0.0,NOT_A_TARGET
URIt5,Uridine transport in via sodium symport (1:2),Unknown,0.23437252228949343,0.23437252228949343,100.0,MINIMAL,1,64078_AT1,SLC28A3,2.0 na1_e + uri_e --> 2.0 na1_c + uri_c,0.2814317775193228,0.2814317775193228,100.0,MINIMAL,0.0,NOT_A_TARGET
THYOXt,T4 transport via bicarbonate countertransport,Unknown,0.23437252228949343,0.23437252228949343,100.0,MINIMAL,4,28231_AT1;10599_AT1;6579_AT1;53919_AT1,SLCO4A1;SLCO1B1;SLCO1A2;SLCO1C1,hco3_c + thyox__L_e <=> hco3_e + thyox__L_c,0.2814317775193228,0.2814317775193228,100.0,MINIMAL,0.0,NOT_A_TARGET
THYOXt2,T4 transport via facilitated diffusion,Unknown,0.23437252228949343,0.23437252228949343,100.0,MINIMAL,1,6567_AT1,SLC16A2,thyox__L_e <=> thyox__L_c,0.2814317775193228,0.2814317775193228,100.0,MINIMAL,0.0,NOT_A_TARGET
VACCCPT1,Carnitine O-palmitoyltransferase,Unknown,0.23437252228949343,0.23437252228949343,100.0,MINIMAL,6,1375_AT2;1374_AT1;1375_AT3;126129_AT1;1375_AT4;1375_AT1,CPT1B;CPT1A;CPT1B;CPT1C;CPT1B;CPT1B,crn_c + vacccoa_c --> coa_c + vacccrn_c,0.2814317775193228,0.2814317775193228,100.0,MINIMAL,0.0,NOT_A_TARGET
VACCCPT2,Carnitine transferase,Unknown,0.23437252228949343,0.23437252228949343,100.0,MINIMAL,1,1376_AT1,CPT2,coa_m + vacccrn_m --> crn_m + vacccoa_m,0.2814317775193228,0.2814317775193228,100.0,MINIMAL,0.0,NOT_A_TARGET
UDPGP,UDP-glucose glucophosphohydrolase,Unknown,0.23437252228949343,0.23437252228949343,100.0,MINIMAL,3,5169_AT1;5167_AT1;5168_AT1,ENPP3;ENPP1;ENPP2,h2o_c + udpg_c --> g1p_c + 2.0 h_c + ump_c,0.2814317775193228,0.2814317775193228,100.0,MINIMAL,0.0,NOT_A_TARGET
VACCCRNt,Transport into the mitochondria (carnitine),Unknown,0.23437252228949343,0.23437252228949343,100.0,MINIMAL,1,788_AT1,SLC25A20,vacccrn_c --> vacccrn_m,0.2814317775193228,0.2814317775193228,100.0,MINIMAL,0.0,NOT_A_TARGET
VACCt,Fatty acid transport via diffusion,Unknown,0.23437252228949343,0.23437252228949343,100.0,MINIMAL,0,,,vacc_e <=> vacc_c,0.2814317775193228,0.2814317775193228,100.0,MINIMAL,0.0,NOT_A_TARGET
URATEt,Urate export from cytosol,Unknown,0.23437252228949343,0.23437252228949343,100.0,MINIMAL,0,,,urate_c --> urate_e,0.2814317775193228,0.2814317775193228,100.0,MINIMAL,0.0,NOT_A_TARGET
UPPN,B-ureidopropionase,Unknown,0.23437252228949343,0.23437252228949343,100.0,MINIMAL,1,51733_AT1,UPB1,cala_c + h2o_c + 2.0 h_c --> ala_B_c + co2_c + nh4_c,0.2814317775193228,0.2814317775193228,100.0,MINIMAL,0.0,NOT_A_TARGET
UPPDC1,Uroporphyrinogen decarboxylase (uroporphyrinogen III),Unknown,0.23437252228949343,0.23437252228949343,100.0,MINIMAL,1,7389_AT1,UROD,4.0 h_c + uppg3_c --> 4.0 co2_c + cpppg3_c,0.2814317775193228,0.2814317775193228,100.0,MINIMAL,0.0,NOT_A_TARGET
UPP3S,Uroporphyrinogen-III synthase,Unknown,0.23437252228949343,0.23437252228949343,100.0,MINIMAL,1,7390_AT1,UROS,hmbil_c --> h2o_c + uppg3_c,0.2814317775193228,0.2814317775193228,100.0,MINIMAL,0.0,NOT_A_TARGET
THRGLNexR,L-threonine/glycine reversible exchange,Unknown,0.23437252228949343,0.23437252228949343,100.0,MINIMAL,2,6520_AT1;56301_AT1,SLC3A2;SLC7A10,gln__L_c + thr__L_e <=> gln__L_e + thr__L_c,0.2814317775193228,0.2814317775193228,100.0,MINIMAL,0.0,NOT_A_TARGET
TTDCRNt,Transport into the mitochondria (carnitine),Unknown,0.23437252228949343,0.23437252228949343,100.0,MINIMAL,1,788_AT1,SLC25A20,ttdcrn_c --> ttdcrn_m,0.2814317775193228,0.2814317775193228,100.0,MINIMAL,0.0,NOT_A_TARGET
TXA2te,Thromboxane A2 transport,Unknown,0.23437252228949343,0.23437252228949343,100.0,MINIMAL,0,,,txa2_e <=> txa2_c,0.2814317775193228,0.2814317775193228,100.0,MINIMAL,0.0,NOT_A_TARGET
TXA2tr,Thromboxane A2 intracellular transport,Unknown,0.23437252228949343,0.23437252228949343,100.0,MINIMAL,0,,,txa2_c <=> txa2_r,0.2814317775193228,0.2814317775193228,100.0,MINIMAL,0.0,NOT_A_TARGET
TXASr,Thromboxane-A synthase,Unknown,0.23437252228949343,0.23437252228949343,100.0,MINIMAL,1,6916_AT1,TBXAS1,prostgh2_r --> txa2_r,0.2814317775193228,0.2814317775193228,100.0,MINIMAL,0.0,NOT_A_TARGET
THMDt4,Thymidine transport in via sodium symport,Unknown,0.23437252228949343,0.23437252228949343,100.0,MINIMAL,3,64078_AT1;9154_AT1;9154_AT2,SLC28A3;SLC28A1;SLC28A1,na1_e + thymd_e --> na1_c + thymd_c,0.2814317775193228,0.2814317775193228,100.0,MINIMAL,0.0,NOT_A_TARGET
THMDt5,Thymidine transport (1:2 Na/Thymd cotransport),Unknown,0.23437252228949343,0.23437252228949343,100.0,MINIMAL,1,64078_AT1,SLC28A3,2.0 na1_e + thymd_e --> 2.0 na1_c + thymd_c,0.2814317775193228,0.2814317775193228,100.0,MINIMAL,0.0,NOT_A_TARGET
THMMPt4,Thiamine monophosphate transport in via anion antiport,Unknown,0.23437252228949343,0.23437252228949343,100.0,MINIMAL,2,6573_AT1;6573_AT2,SLC19A1;SLC19A1,oh1_c + thmmp_e <=> oh1_e + thmmp_c,0.2814317775193228,0.2814317775193228,100.0,MINIMAL,0.0,NOT_A_TARGET
TMDPP,Thymidine phosphorylase,Unknown,0.23437252228949343,0.23437252228949343,100.0,MINIMAL,1,1890_AT1,TYMP,pi_c + thymd_c <=> 2dr1p_c + thym_c,0.2814317775193228,0.2814317775193228,100.0,MINIMAL,0.0,NOT_A_TARGET
TRPt4,L-tryptophan transport in via sodium symport,Unknown,0.23437252228949343,0.23437252228949343,100.0,MINIMAL,1,11254_AT1,SLC6A14,na1_e + trp__L_e --> na1_c + trp__L_c,0.2814317775193228,0.2814317775193228,100.0,MINIMAL,0.0,NOT_A_TARGET
UGT1A1r,"UDP-glucuronosyltransferase 1-10 precursor, microsomal",Unknown,0.23437252228949343,0.23437252228949343,100.0,MINIMAL,2,54576_AT1;54575_AT1,UGT1A8;UGT1A10,estrone_r + udpglcur_r --> estroneglc_r + udp_r,0.2814317775193228,0.2814317775193228,100.0,MINIMAL,0.0,NOT_A_TARGET
XAO2x,Xanthine oxidase,Unknown,0.23437252228949343,0.23437252228949343,100.0,MINIMAL,1,7498_AT1,XDH,h2o_x + hxan_x + o2_x --> h2o2_x + xan_x,0.2814317775193228,0.2814317775193228,100.0,MINIMAL,0.0,NOT_A_TARGET
SARDHm,Sarcosine dehydrogenase (m),Unknown,0.23437252228949343,0.23437252228949343,100.0,MINIMAL,1,1757_AT1,SARDH,fad_m + sarcs_m + thf_m --> fadh2_m + gly_m + mlthf_m,0.2814317775193228,0.2814317775193228,100.0,MINIMAL,0.0,NOT_A_TARGET
VALtec,L-valine transport via diffusion (extracellular to cytosol),Unknown,0.23437252228949343,0.23437252228949343,100.0,MINIMAL,2,124935_AT1;8501_AT1,SLC43A2;SLC43A1,val__L_e <=> val__L_c,0.2814317775193228,0.2814317775193228,100.0,MINIMAL,0.0,NOT_A_TARGET
PCHOL_HSter,Phosphatidylcholine scramblase,Unknown,0.23437252228949343,0.23437252228949343,100.0,MINIMAL,0,,,pchol_hs_c <=> pchol_hs_r,0.2814317775193228,0.2814317775193228,100.0,MINIMAL,0.0,NOT_A_TARGET
VD3,Vitamin D3 formation,Unknown,0.23437252228949343,0.23437252228949343,100.0,MINIMAL,0,,,pd3_c <=> vitd3_c,0.2814317775193228,0.2814317775193228,100.0,MINIMAL,0.0,NOT_A_TARGET
UGLT,UDPglucose--hexose-1-phosphate uridylyltransferase,Unknown,0.23437252228949343,0.23437252228949343,100.0,MINIMAL,3,2592_AT1;2592_AT2;2592_AT3,GALT;GALT;GALT,gal1p_c + udpg_c <=> g1p_c + udpgal_c,0.2814317775193228,0.2814317775193228,100.0,MINIMAL,0.0,NOT_A_TARGET
UGT1A10r,"UDP-glucuronosyltransferase 1-10 precursor, microsomal",Unknown,0.23437252228949343,0.23437252228949343,100.0,MINIMAL,1,54576_AT1,UGT1A8,bilirub_r + 2.0 h_r + udpglcur_r <=> bilglcur_r + udp_r,0.2814317775193228,0.2814317775193228,100.0,MINIMAL,0.0,NOT_A_TARGET
SIAASEly,"Sialidase, lysosomal",Unknown,0.23437252228949343,0.23437252228949343,100.0,MINIMAL,4,5476_AT1;2720_AT1;2588_AT1;4758_AT1,CTSA;GLB1;GALNS;NEU1,2.0 h2o_l + s2l2n2m2mn_l --> 2.0 acnam_l + l2n2m2mn_l,0.2814317775193228,0.2814317775193228,100.0,MINIMAL,0.0,NOT_A_TARGET
UGT1A2r,"UDP-glucuronosyltransferase 1-10 precursor, microsomal",Unknown,0.23437252228949343,0.23437252228949343,100.0,MINIMAL,2,54576_AT1;54575_AT1,UGT1A8;UGT1A10,bilirub_r + 2.0 udpglcur_r --> bildglcur_r + 2.0 udp_r,0.2814317775193228,0.2814317775193228,100.0,MINIMAL,0.0,NOT_A_TARGET
TKT2,Transketolase,Unknown,0.23437252228949343,0.23437252228949343,100.0,MINIMAL,3,84076_AT1;7086_AT1;8277_AT1,TKTL2;TKT;TKTL1,e4p_c + xu5p__D_c <=> f6p_c + g3p_c,0.2814317775193228,0.2814317775193228,100.0,MINIMAL,0.0,NOT_A_TARGET
UGT1A5r,"UDP-glucuronosyltransferase 1-10 precursor, microsomal",Unknown,0.23437252228949343,0.23437252228949343,100.0,MINIMAL,2,54576_AT1;54575_AT1,UGT1A8;UGT1A10,retn_r + udpglcur_r --> retnglc_r + udp_r,0.2814317775193228,0.2814317775193228,100.0,MINIMAL,0.0,NOT_A_TARGET
UGT1A5r2,"UDP-glucuronosyltransferase 1-10 precursor, microsomal (13-cis)",Unknown,0.23437252228949343,0.23437252228949343,100.0,MINIMAL,2,54576_AT1;54575_AT1,UGT1A8;UGT1A10,13_cis_retn_r + udpglcur_r --> 13_cis_retnglc_r + udp_r,0.2814317775193228,0.2814317775193228,100.0,MINIMAL,0.0,NOT_A_TARGET
UGT1A6r,"UDP-glucuronosyltransferase 1-10 precursor, microsomal",Unknown,0.23437252228949343,0.23437252228949343,100.0,MINIMAL,2,54576_AT1;54575_AT1,UGT1A8;UGT1A10,estradiol_r + udpglcur_r --> estradiolglc_r + udp_r,0.2814317775193228,0.2814317775193228,100.0,MINIMAL,0.0,NOT_A_TARGET
VITD3Hm,Vitamin D-25-hydroxylase (D3),Unknown,0.23437252228949343,0.23437252228949343,100.0,MINIMAL,1,1593_AT1,CYP27A1,h_m + nadph_m + o2_m + vitd3_m --> 25hvitd3_m + h2o_m + nadp_m,0.2814317775193228,0.2814317775193228,100.0,MINIMAL,0.0,NOT_A_TARGET
VITD3tm3,Vitamin D3 transport in mitochondria,Unknown,0.23437252228949343,0.23437252228949343,100.0,MINIMAL,0,,,vitd3_c --> vitd3_m,0.2814317775193228,0.2814317775193228,100.0,MINIMAL,0.0,NOT_A_TARGET
VLCS2p,Very-long-chain-fatty-acid-CoA ligase,Unknown,0.23437252228949343,0.23437252228949343,100.0,MINIMAL,1,11001_AT1,SLC27A2,atp_x + coa_x + dhcholestanate_x --> amp_x + dhcholestancoa_x + ppi_x,0.2814317775193228,0.2814317775193228,100.0,MINIMAL,0.0,NOT_A_TARGET
UGT1A9r,"UDP-glucuronosyltransferase 1-10 precursor, microsomal",Unknown,0.23437252228949343,0.23437252228949343,100.0,MINIMAL,1,54490_AT1,UGT2B28,5adtststerone_r + udpglcur_r --> 5adtststeroneglc_r + udp_r,0.2814317775193228,0.2814317775193228,100.0,MINIMAL,0.0,NOT_A_TARGET
VLCSp,Very-long-chain-fatty-acid-CoA ligase,Unknown,0.23437252228949343,0.23437252228949343,100.0,MINIMAL,1,11001_AT1,SLC27A2,atp_x + coa_x + thcholstoic_x --> amp_x + cholcoar_x + ppi_x,0.2814317775193228,0.2814317775193228,100.0,MINIMAL,0.0,NOT_A_TARGET
XANDp,"Xanthine dehydrogenase, peroxisomal",Unknown,0.23437252228949343,0.23437252228949343,100.0,MINIMAL,1,7498_AT1,XDH,h2o_x + nad_x + xan_x --> h_x + nadh_x + urate_x,0.2814317775193228,0.2814317775193228,100.0,MINIMAL,0.0,NOT_A_TARGET
THFtm,"5,6,7,8-Tetrahydrofolate transport, diffusion, mitochondrial",Unknown,0.23437252228949343,0.23437252228949343,100.0,MINIMAL,0,,,thf_c <=> thf_m,0.2814317775193228,0.2814317775193228,100.0,MINIMAL,0.0,NOT_A_TARGET
TTDCPT1,Carnitine O-palmitoyltransferase,Unknown,0.23437252228949343,0.23437252228949343,100.0,MINIMAL,6,1375_AT2;1374_AT1;1375_AT3;126129_AT1;1375_AT4;1375_AT1,CPT1B;CPT1A;CPT1B;CPT1C;CPT1B;CPT1B,crn_c + tdcoa_c --> coa_c + ttdcrn_c,0.2814317775193228,0.2814317775193228,100.0,MINIMAL,0.0,NOT_A_TARGET
TTDCPT2,Carnitine transferase,Unknown,0.23437252228949343,0.23437252228949343,100.0,MINIMAL,1,1376_AT1,CPT2,coa_m + ttdcrn_m --> crn_m + tdcoa_m,0.2814317775193228,0.2814317775193228,100.0,MINIMAL,0.0,NOT_A_TARGET
XANtx,Xanthine diffusion in peroxisome,Unknown,0.23437252228949343,0.23437252228949343,100.0,MINIMAL,0,,,xan_c --> xan_x,0.2814317775193228,0.2814317775193228,100.0,MINIMAL,0.0,NOT_A_TARGET
TMDK1,Thymidine kinase (ATP:thymidine),Unknown,0.23437252228949343,0.23437252228949343,100.0,MINIMAL,2,7084_AT1;7083_AT1,TK2;TK1,atp_c + thymd_c --> adp_c + dtmp_c + h_c,0.2814317775193228,0.2814317775193228,100.0,MINIMAL,0.0,NOT_A_TARGET
SBPP1er,Sphingoid base phosphate phosphatase  sphinganine 1 phosphatase   endoplasmic reticulum,Unknown,0.23437252228949343,0.23437252228949343,100.0,MINIMAL,1,81537_AT1,SGPP1,h2o_r + sph1p_r --> pi_r + sphgn_r,0.2814317775193228,0.2814317775193228,100.0,MINIMAL,0.0,NOT_A_TARGET
SBPP3er,"Sphingoid base-phosphate phosphatase (sphinganine 1-phosphatase), endoplasmic reticulum",Unknown,0.23437252228949343,0.23437252228949343,100.0,MINIMAL,1,81537_AT1,SGPP1,h2o_r + sphs1p_r --> pi_r + sphings_r,0.2814317775193228,0.2814317775193228,100.0,MINIMAL,0.0,NOT_A_TARGET
SLCBK1,Sphingolipid long chain base kinase  sphinganine,Unknown,0.23437252228949343,0.23437252228949343,100.0,MINIMAL,1,56848_AT1,SPHK2,atp_c + sphgn_c --> adp_c + h_c + sph1p_c,0.2814317775193228,0.2814317775193228,100.0,MINIMAL,0.0,NOT_A_TARGET
TRIODTHYt,T3 transport via bicarbonate countertransport,Unknown,0.23437252228949343,0.23437252228949343,100.0,MINIMAL,5,10599_AT1;6579_AT1;53919_AT1;28234_AT1;28231_AT1,SLCO1B1;SLCO1A2;SLCO1C1;SLCO1B3;SLCO4A1,hco3_c + triodthy_e <=> hco3_e + triodthy_c,0.2814317775193228,0.2814317775193228,100.0,MINIMAL,0.0,NOT_A_TARGET
SMPD3l,"Sphingomyelin phosphodiesterase 3, neutral membrane (neutral sphingomyelinase II)",Unknown,0.23437252228949343,0.23437252228949343,100.0,MINIMAL,2,55512_AT1;55512_AT2,SMPD3;SMPD3,h2o_l + sphmyln_hs_l --> cholp_l + crm_hs_l + h_l,0.2814317775193228,0.2814317775193228,100.0,MINIMAL,0.0,NOT_A_TARGET
TMNDNCCPT1,Carnitine O-palmitoyltransferase,Unknown,0.23437252228949343,0.23437252228949343,100.0,MINIMAL,6,1375_AT2;1374_AT1;1375_AT3;126129_AT1;1375_AT4;1375_AT1,CPT1B;CPT1A;CPT1B;CPT1C;CPT1B;CPT1B,crn_c + tmndnccoa_c --> coa_c + tmndnccrn_c,0.2814317775193228,0.2814317775193228,100.0,MINIMAL,0.0,NOT_A_TARGET
SLDx,L-sulfolactate dehydrogenase (NAD+),Unknown,0.23437252228949343,0.23437252228949343,100.0,MINIMAL,2,130752_AT1;4190_AT1,MDH1B;MDH1,nad_c + sl__L_c <=> 3spyr_c + h_c + nadh_c,0.2814317775193228,0.2814317775193228,100.0,MINIMAL,0.0,NOT_A_TARGET
TMNDNCCPT2,Carnitine transferase,Unknown,0.23437252228949343,0.23437252228949343,100.0,MINIMAL,1,1376_AT1,CPT2,coa_m + tmndnccrn_m --> crn_m + tmndnccoa_m,0.2814317775193228,0.2814317775193228,100.0,MINIMAL,0.0,NOT_A_TARGET
TMNDNCCRNt,Transport into the mitochondria (carnitine),Unknown,0.23437252228949343,0.23437252228949343,100.0,MINIMAL,1,788_AT1,SLC25A20,tmndnccrn_c --> tmndnccrn_m,0.2814317775193228,0.2814317775193228,100.0,MINIMAL,0.0,NOT_A_TARGET
TMNDNCt,Fatty acid transport via diffusion,Unknown,0.23437252228949343,0.23437252228949343,100.0,MINIMAL,0,,,tmndnc_e <=> tmndnc_c,0.2814317775193228,0.2814317775193228,100.0,MINIMAL,0.0,NOT_A_TARGET
TOLBUTAMIDEte,Xenobiotic transport,Unknown,0.23437252228949343,0.23437252228949343,100.0,MINIMAL,0,,,tolbutamide_e <=> tolbutamide_c,0.2814317775193228,0.2814317775193228,100.0,MINIMAL,0.0,NOT_A_TARGET
TPI,Triose-phosphate isomerase,Unknown,0.23437252228949343,0.23437252228949343,100.0,MINIMAL,2,7167_AT1;286016_AT1,TPI1;286016_AT1,dhap_c <=> g3p_c,0.2814317775193228,0.2814317775193228,100.0,MINIMAL,0.0,NOT_A_TARGET
TRIODTHYSUFt,Triiodothyronine sulfate transport (diffusion),Unknown,0.23437252228949343,0.23437252228949343,100.0,MINIMAL,0,,,triodthysuf_c --> triodthysuf_e,0.2814317775193228,0.2814317775193228,100.0,MINIMAL,0.0,NOT_A_TARGET
TRIODTHYSULT,Triiodothyronine Sulfotransferase,Unknown,0.23437252228949343,0.23437252228949343,100.0,MINIMAL,5,6817_AT5;6817_AT3;6817_AT4;6817_AT1;6817_AT2,SULT1A1;SULT1A1;SULT1A1;SULT1A1;SULT1A1,paps_c + triodthy_c --> h_c + pap_c + triodthysuf_c,0.2814317775193228,0.2814317775193228,100.0,MINIMAL,0.0,NOT_A_TARGET
TRIODTHYt2,T3 transport via facilitated diffusion,Unknown,0.23437252228949343,0.23437252228949343,100.0,MINIMAL,1,6567_AT1,SLC16A2,triodthy_e <=> triodthy_c,0.2814317775193228,0.2814317775193228,100.0,MINIMAL,0.0,NOT_A_TARGET
SLDt,L-sulfolactate transport (cytosol to extracellular),Unknown,0.23437252228949343,0.23437252228949343,100.0,MINIMAL,0,,,sl__L_c --> sl__L_e,0.2814317775193228,0.2814317775193228,100.0,MINIMAL,0.0,NOT_A_TARGET
TRIOK,Triokinase,Unknown,0.23437252228949343,0.23437252228949343,100.0,MINIMAL,0,,,atp_c + glyald_c --> adp_c + g3p_c + h_c,0.2814317775193228,0.2814317775193228,100.0,MINIMAL,0.0,NOT_A_TARGET
TRPHYDRO2,"L-Tryptophan,tetrahydrobiopterin:oxygen oxidoreductase (5-hydroxylating)",Unknown,0.23437252228949343,0.23437252228949343,100.0,MINIMAL,2,121278_AT1;7166_AT1,TPH2;TPH1,o2_c + thbpt_c + trp__L_c --> 5htrp_c + thbpt4acam_c,0.2814317775193228,0.2814317775193228,100.0,MINIMAL,0.0,NOT_A_TARGET
TRPO2,L Tryptophanoxygen 2 3 oxidoreductase  decyclizing,Unknown,0.23437252228949343,0.23437252228949343,100.0,MINIMAL,1,6999_AT1,TDO2,o2_c + trp__L_c --> Lfmkynr_c,0.2814317775193228,0.2814317775193228,100.0,MINIMAL,0.0,NOT_A_TARGET
XYLK,Xylulokinase,Unknown,0.23437252228949343,0.23437252228949343,100.0,MINIMAL,1,9942_AT1,XYLB,atp_c + xylu__D_c --> adp_c + h_c + xu5p__D_c,0.2814317775193228,0.2814317775193228,100.0,MINIMAL,0.0,NOT_A_TARGET
XOL7AONEtr,"Lipid, flip-flop intracellular transport",Unknown,0.23437252228949343,0.23437252228949343,100.0,MINIMAL,0,,,xol7aone_c <=> xol7aone_r,0.2814317775193228,0.2814317775193228,100.0,MINIMAL,0.0,NOT_A_TARGET
UGCG,Ceramide glucosyltransferase,Unknown,0.23437252228949343,0.23437252228949343,100.0,MINIMAL,1,7357_AT1,UGCG,crm_hs_r + udpg_r --> gluside_hs_r + h_r + udp_r,0.2814317775193228,0.2814317775193228,100.0,MINIMAL,0.0,NOT_A_TARGET
XOL7AH2tm,"Lipid, flip-flop intracellular transport",Unknown,0.23437252228949343,0.23437252228949343,100.0,MINIMAL,0,,,xol7ah2_c <=> xol7ah2_m,0.2814317775193228,0.2814317775193228,100.0,MINIMAL,0.0,NOT_A_TARGET
VALt4,L-valine transport in via sodium symport,Unknown,0.23437252228949343,0.23437252228949343,100.0,MINIMAL,1,11254_AT1,SLC6A14,na1_e + val__L_e --> na1_c + val__L_c,0.2814317775193228,0.2814317775193228,100.0,MINIMAL,0.0,NOT_A_TARGET
TKT1,Transketolase,Unknown,0.23437252228949343,0.23437252228949343,100.0,MINIMAL,3,84076_AT1;7086_AT1;8277_AT1,TKTL2;TKT;TKTL1,r5p_c + xu5p__D_c <=> g3p_c + s7p_c,0.2814317775193228,0.2814317775193228,100.0,MINIMAL,0.0,NOT_A_TARGET
VALt5m,Valine reversible mitochondrial transport,Unknown,0.23437252228949343,0.23437252228949343,100.0,MINIMAL,0,,,val__L_c <=> val__L_m,0.2814317775193228,0.2814317775193228,100.0,MINIMAL,0.0,NOT_A_TARGET
XAOx,"Xanthine  oxidase,peroxisomal",Unknown,0.23437252228949343,0.23437252228949343,100.0,MINIMAL,1,7498_AT1,XDH,h2o_x + o2_x + xan_x --> h2o2_x + urate_x,0.2814317775193228,0.2814317775193228,100.0,MINIMAL,0.0,NOT_A_TARGET
ASNS1,Asparagine synthase (glutamine-hydrolysing),Unknown,0.21994453255765967,0.23437252228949343,93.84399263578666,MINIMAL,3,440_AT1;440_AT3;440_AT2,ASNS;ASNS;ASNS,asp__L_c + atp_c + gln__L_c + h2o_c --> amp_c + asn__L_c + glu__L_c + h_c + ppi_c,0.2814317775193228,0.2814317775193228,100.0,MINIMAL,-6.1560073642133375,NOT_A_TARGET
TMDS,Thymidylate synthase,Unknown,0.006357965720795223,0.23437252228949343,2.7127607189984326,SIGNIFICANT,1,7298_AT1,TYMS,dump_c + mlthf_c --> dhf_c + dtmp_c,0.2814317775193228,0.2814317775193228,100.0,MINIMAL,-97.28723928100156,NOT_A_TARGET
DHFR,Dihydrofolate reductase,Unknown,0.006357965720795223,0.23437252228949343,2.7127607189984326,SIGNIFICANT,1,1719_AT1,DHFR,dhf_c + h_c + nadph_c <=> nadp_c + thf_c,0.2814317775193228,0.2814317775193228,100.0,MINIMAL,-97.28723928100156,NOT_A_TARGET
FACOAL161,Fatty acid  CoA ligase  hexadecenoate,Unknown,0.0,0.23437252228949343,0.0,LETHAL,1,2180_AT1,ACSL1,atp_c + coa_c + hdcea_c <=> amp_c + hdcoa_c + ppi_c,0.2814317775193228,0.2814317775193228,100.0,MINIMAL,-100.0,NOT_A_TARGET
FATP2t,Fatty acid electroneutral transport,Unknown,0.0,0.23437252228949343,0.0,LETHAL,2,376497_AT1;376497_AT2,SLC27A1;SLC27A1,na1_c + ocdcea_c <=> na1_e + ocdcea_e,0.2814317775193228,0.2814317775193228,100.0,MINIMAL,-100.0,NOT_A_TARGET
ADKd,Adenylate kinase (d form),Unknown,0.0,0.23437252228949343,0.0,LETHAL,2,26289_AT1;26289_AT2,AK5;AK5,damp_c + datp_c <=> 2.0 dadp_c,0.2814317775193228,0.2814317775193228,100.0,MINIMAL,-100.0,NOT_A_TARGET
FATP3t,Fatty acid electroneutral transport,Unknown,0.0,0.23437252228949343,0.0,LETHAL,2,376497_AT1;376497_AT2,SLC27A1;SLC27A1,na1_c + ocdca_c <=> na1_e + ocdca_e,0.2814317775193228,0.2814317775193228,100.0,MINIMAL,-100.0,NOT_A_TARGET
DESAT16_2,Palmitoyl-CoA desaturase (n-C16:0CoA -> n-C16:1CoA),Unknown,0.0,0.23437252228949343,0.0,LETHAL,1,6319_AT1,SCD,h_c + nadh_c + o2_c + pmtcoa_c --> 2.0 h2o_c + hdcoa_c + nad_c,0.2814317775193228,0.2814317775193228,100.0,MINIMAL,-100.0,NOT_A_TARGET
ARTPLM3,R group to palmitate conversion,Unknown,0.0,0.23437252228949343,0.0,LETHAL,0,,,Rtotal3coa_c <=> pmtcoa_c,0.2814317775193228,0.2814317775193228,100.0,MINIMAL,-100.0,NOT_A_TARGET
DGAT,Diacylglycerol acyltransferase,Unknown,0.0,0.23437252228949343,0.0,LETHAL,2,84649_AT1;8694_AT1,DGAT2;DGAT1,Rtotal3coa_c + dag_hs_c --> coa_c + tag_hs_c,0.2814317775193228,0.2814317775193228,100.0,MINIMAL,-100.0,NOT_A_TARGET
DGK1,Deoxyguanylate kinase (dGMP:ATP),Unknown,0.0,0.23437252228949343,0.0,LETHAL,1,2987_AT1,GUK1,atp_c + dgmp_c <=> adp_c + dgdp_c,0.2814317775193228,0.2814317775193228,100.0,MINIMAL,-100.0,NOT_A_TARGET
TTDCAtr,Fatty acid transport,Unknown,0.0,0.23437252228949343,0.0,LETHAL,1,11001_AT1,SLC27A2,ttdca_e --> ttdca_c,0.2814317775193228,0.2814317775193228,100.0,MINIMAL,-100.0,NOT_A_TARGET
PGPPT,Phosphatidyl-CMP: glycerophosphate phosphatidyltransferase,Unknown,0.0,0.23437252228949343,0.0,LETHAL,1,9489_AT1,PGS1,cdpdag_hs_c + glyc3p_c --> cmp_c + h_c + pgp_hs_c,0.2814317775193228,0.2814317775193228,100.0,MINIMAL,-100.0,NOT_A_TARGET
RNDR1,Ribonucleoside-diphosphate reductase (ADP),Unknown,0.0,0.23437252228949343,0.0,LETHAL,2,6240_AT1;6241_AT1,RRM1;RRM2,adp_c + trdrd_c --> dadp_c + h2o_c + trdox_c,0.2814317775193228,0.2814317775193228,100.0,MINIMAL,-100.0,NOT_A_TARGET
PGPP_hs,Phosphatidylglycerol phosphate phosphatase (homo sapiens),Unknown,0.0,0.23437252228949343,0.0,LETHAL,1,114971_AT1,G_114971_AT1,h2o_c + pgp_hs_c --> pglyc_hs_c + pi_c,0.2814317775193228,0.2814317775193228,100.0,MINIMAL,-100.0,NOT_A_TARGET
GPAM_hs,Glycerol-3-phosphate acyltransferase,Unknown,0.0,0.23437252228949343,0.0,LETHAL,1,57678_AT1,GPAM,Rtotalcoa_c + glyc3p_c --> alpa_hs_c + coa_c,0.2814317775193228,0.2814317775193228,100.0,MINIMAL,-100.0,NOT_A_TARGET
TRDR,Thioredoxin reductase (NADPH),Unknown,0.0,0.23437252228949343,0.0,LETHAL,4,7296_AT3;7296_AT4;7296_AT1;7296_AT2,TXNRD1;TXNRD1;TXNRD1;TXNRD1,h_c + nadph_c + trdox_c --> nadp_c + trdrd_c,0.2814317775193228,0.2814317775193228,100.0,MINIMAL,-100.0,NOT_A_TARGET
