gene_id,gene_name,knockout_flux,baseline_flux,flux_ratio,growth_pct,impact,status,num_reactions,reactions
2222_AT1,FDFT1,0.0,0.2814317775193228,0.0,0.0,LETHAL,optimal,1,SQLSr
9517_AT1,SPTLC2,0.0,0.2814317775193228,0.0,0.0,LETHAL,optimal,1,SERPT
6307_AT1,MSMO1,0.0,0.2814317775193228,0.0,0.0,LETHAL,optimal,2,C4STMO1r;C4STMO2r
2224_AT1,FDPS,0.0,0.2814317775193228,0.0,0.0,LETHAL,optimal,2,GRTTx;DMATTx
3156_AT1,HMGCR,0.0,0.2814317775193228,0.0,0.0,LETHAL,optimal,1,HMGCOARx
2531_AT1,KDSR,0.0,0.2814317775193228,0.0,0.0,LETHAL,optimal,1,3DSPHR
8833_AT1,GMPS,0.0,0.2814317775193228,0.0,0.0,LETHAL,optimal,1,GMPS2
1717_AT1,DHCR7,0.0,0.2814317775193228,0.0,0.0,LETHAL,optimal,2,DHCR72r;DHCR71r
10682_AT1,EBP,0.0,0.2814317775193228,0.0,0.0,LETHAL,optimal,2,EBP2r;EBP1r
4598_AT1,MVK,0.0,0.2814317775193228,0.0,0.0,LETHAL,optimal,1,MEVK1x
6713_AT1,SQLE,0.0,0.2814317775193228,0.0,0.0,LETHAL,optimal,1,SQLEr
51727_AT1,CMPK1,0.0,0.2814317775193228,0.0,0.0,LETHAL,optimal,5,CYTK11n;CYTK3n;CYTK13n;CYTK4n;UMPK5
50814_AT1,NSDHL,0.0,0.2814317775193228,0.0,0.0,LETHAL,optimal,4,C3STDH1Pr;C3STDH1r;C4STMO2Pr;C4STMO2r
3295_AT1,HSD17B4,0.0,0.2814317775193228,0.0,0.0,LETHAL,optimal,20,FAOXC16080x;FAOXC260240x;FAOXC240200x;C3STKR2r;FAOXC200180x;FAOXC183806x;FAOXC180x;FAOXC2242046x;FAOXC246226x;HSD17B4x
1376_AT1,CPT2,0.0,0.2814317775193228,0.0,0.0,LETHAL,optimal,26,ADRNCPT2;C180CPT2;RTOTALCRNCPT2;RTOTAL3CRNCPT2;STRDNCCPT2;TMNDNCCPT2;C161CPT22;C160CPT2;EICOSTETCPT2;DLNLCGCPT2
6309_AT1,SC5D,0.0,0.2814317775193228,0.0,0.0,LETHAL,optimal,2,LSTO1r;LSTO2r
4597_AT1,MVD,0.0,0.2814317775193228,0.0,0.0,LETHAL,optimal,1,DPMVDx
7108_AT1,TM7SF2,0.0,0.2814317775193228,0.0,0.0,LETHAL,optimal,1,C14STRr
2987_AT1,GUK1,0.0,0.2814317775193228,0.0,0.0,LETHAL,optimal,2,DGK1;GK1
2544_AT1,2544_AT1,0.0,0.2814317775193228,0.0,0.0,LETHAL,optimal,1,PIter
10558_AT1,SPTLC1,0.0,0.2814317775193228,0.0,0.0,LETHAL,optimal,1,SERPT
1595_AT1,CYP51A1,0.0,0.2814317775193228,0.0,0.0,LETHAL,optimal,1,LNS14DMr
4047_AT1,LSS,0.0,0.2814317775193228,0.0,0.0,LETHAL,optimal,1,LNSTLSr
1718_AT1,DHCR24,0.0,0.2814317775193228,0.0,0.0,LETHAL,optimal,3,DHCR241r;DHCR243r;DHCR242r
5238_AT1,PGM3,0.0,0.2814317775193228,0.0,0.0,LETHAL,optimal,1,ACGAMPM
259230_AT1,SGMS1,0.0,0.2814317775193228,0.0,0.0,LETHAL,optimal,1,SMS
788_AT1,SLC25A20,0.0,0.2814317775193228,0.0,0.0,LETHAL,optimal,28,C181CRNt;LNLNCGCRNt;DLNLCGCRNt;C161CRN2t;STRDNCCRNt;RTOTAL3CRNt;C180CRNt;ACRNtm;PCRNtm;LNELDCCRNt
10654_AT1,PMVK,0.0,0.2814317775193228,0.0,0.0,LETHAL,optimal,1,PMEVKx
64841_AT1,GNPNAT1,0.017256403480807966,0.2814317775193228,0.06131647119921687,6.131647119921687,SIGNIFICANT,optimal,1,ACGAM6PS
6553_AT1,SLC9A5,0.2814317775193228,0.2814317775193228,1.0,100.0,MINIMAL,optimal,1,NAt3_1
3421_AT1,IDH3G,0.2814317775193228,0.2814317775193228,1.0,100.0,MINIMAL,optimal,1,ICDHxm
4143_AT1,MAT1A,0.2814317775193228,0.2814317775193228,1.0,100.0,MINIMAL,optimal,1,METAT
4144_AT1,MAT2A,0.2814317775193228,0.2814317775193228,1.0,100.0,MINIMAL,optimal,1,METAT
3420_AT1,IDH3B,0.2814317775193228,0.2814317775193228,1.0,100.0,MINIMAL,optimal,1,ICDHxm
27430_AT1,MAT2B,0.2814317775193228,0.2814317775193228,1.0,100.0,MINIMAL,optimal,1,METAT
3419_AT1,IDH3A,0.2814317775193228,0.2814317775193228,1.0,100.0,MINIMAL,optimal,1,ICDHxm
389015_AT1,SLC9A4,0.2814317775193228,0.2814317775193228,1.0,100.0,MINIMAL,optimal,1,NAt3_1
6548_AT1,SLC9A1,0.2814317775193228,0.2814317775193228,1.0,100.0,MINIMAL,optimal,2,NAt3_1;NAt5
128_AT1,ADH5,0.2814317775193228,0.2814317775193228,1.0,100.0,MINIMAL,optimal,9,LALDO;ALCD22_L;34DHOXPEGOX;ALCD21_D;ALCD1;FALDH;LCARS;ALCD2x;ALCD22_D
3417_AT1,IDH1,0.2814317775193228,0.2814317775193228,1.0,100.0,MINIMAL,optimal,1,ICDHyr
27430_AT2,MAT2B,0.2814317775193228,0.2814317775193228,1.0,100.0,MINIMAL,optimal,1,METAT
27124_AT1,INPP5J,0.2814317775193228,0.2814317775193228,1.0,100.0,MINIMAL,optimal,3,PI345P5P;MI145PP;MI1345PP
123041_AT2,SLC24A4,0.2814317775193228,0.2814317775193228,1.0,100.0,MINIMAL,optimal,1,NCKt
7173_AT3,TPO,0.2814317775193228,0.2814317775193228,1.0,100.0,MINIMAL,optimal,5,IDHPOXOX3;IDHPOXOX4;IDHPOXOXb;THYPX;IDHPOXOX2b
7173_AT4,TPO,0.2814317775193228,0.2814317775193228,1.0,100.0,MINIMAL,optimal,5,IDHPOXOX3;IDHPOXOX4;IDHPOXOXb;THYPX;IDHPOXOX2b
7173_AT1,TPO,0.2814317775193228,0.2814317775193228,1.0,100.0,MINIMAL,optimal,5,IDHPOXOX3;IDHPOXOX4;IDHPOXOXb;THYPX;IDHPOXOX2b
9187_AT1,SLC24A1,0.2814317775193228,0.2814317775193228,1.0,100.0,MINIMAL,optimal,2,NCKt;NCNt
25769_AT1,SLC24A2,0.2814317775193228,0.2814317775193228,1.0,100.0,MINIMAL,optimal,2,NCKt;NCNt
57419_AT1,SLC24A3,0.2814317775193228,0.2814317775193228,1.0,100.0,MINIMAL,optimal,1,NCKt
7173_AT2,TPO,0.2814317775193228,0.2814317775193228,1.0,100.0,MINIMAL,optimal,5,IDHPOXOX3;IDHPOXOX4;IDHPOXOXb;THYPX;IDHPOXOX2b
7173_AT5,TPO,0.2814317775193228,0.2814317775193228,1.0,100.0,MINIMAL,optimal,5,IDHPOXOX3;IDHPOXOX4;IDHPOXOXb;THYPX;IDHPOXOX2b
123041_AT3,SLC24A4,0.2814317775193228,0.2814317775193228,1.0,100.0,MINIMAL,optimal,1,NCKt
4548_AT1,MTR,0.2814317775193228,0.2814317775193228,1.0,100.0,MINIMAL,optimal,1,METS
8140_AT1,SLC7A5,0.2814317775193228,0.2814317775193228,1.0,100.0,MINIMAL,optimal,1,METLEUex
3418_AT1,IDH2,0.2814317775193228,0.2814317775193228,1.0,100.0,MINIMAL,optimal,1,ICDHym
1557_AT1,CYP2C19,0.2814317775193228,0.2814317775193228,1.0,100.0,MINIMAL,optimal,4,P4502C94;P4502C92;P4502C93;P4502C19
3420_AT3,IDH3B,0.2814317775193228,0.2814317775193228,1.0,100.0,MINIMAL,optimal,1,ICDHxm
6549_AT1,SLC9A2,0.2814317775193228,0.2814317775193228,1.0,100.0,MINIMAL,optimal,2,NAt3_1;NAt5
9016_AT2,SLC25A14,0.2814317775193228,0.2814317775193228,1.0,100.0,MINIMAL,optimal,1,Htm
3420_AT2,IDH3B,0.2814317775193228,0.2814317775193228,1.0,100.0,MINIMAL,optimal,1,ICDHxm
5471_AT1,PPAT,0.2814317775193228,0.2814317775193228,1.0,100.0,MINIMAL,optimal,1,GLUPRT
23417_AT1,MLYCD,0.2814317775193228,0.2814317775193228,1.0,100.0,MINIMAL,optimal,3,MCD;MMCDm;MCDm
27165_AT2,GLS2,0.2814317775193228,0.2814317775193228,1.0,100.0,MINIMAL,optimal,1,GLUNm
56922_AT1,MCCC1,0.2814317775193228,0.2814317775193228,1.0,100.0,MINIMAL,optimal,1,MCCCrm
27165_AT1,GLS2,0.2814317775193228,0.2814317775193228,1.0,100.0,MINIMAL,optimal,1,GLUNm
2744_AT1,GLS,0.2814317775193228,0.2814317775193228,1.0,100.0,MINIMAL,optimal,1,GLUNm
51478_AT1,HSD17B7,0.2814317775193228,0.2814317775193228,1.0,100.0,MINIMAL,optimal,2,HSD17B7r;HSD17B9r
64087_AT1,MCCC2,0.2814317775193228,0.2814317775193228,1.0,100.0,MINIMAL,optimal,1,MCCCrm
3284_AT1,HSD3B2,0.2814317775193228,0.2814317775193228,1.0,100.0,MINIMAL,optimal,1,HSD3B3r
3294_AT1,HSD17B2,0.2814317775193228,0.2814317775193228,1.0,100.0,MINIMAL,optimal,1,HSD17B8r
7923_AT1,HSD17B8,0.2814317775193228,0.2814317775193228,1.0,100.0,MINIMAL,optimal,1,HSD17B1
2747_AT1,GLUD2,0.2814317775193228,0.2814317775193228,1.0,100.0,MINIMAL,optimal,2,GDHm;GLUDym
2746_AT1,GLUD1,0.2814317775193228,0.2814317775193228,1.0,100.0,MINIMAL,optimal,2,GDHm;GLUDym
3292_AT1,HSD17B1,0.2814317775193228,0.2814317775193228,1.0,100.0,MINIMAL,optimal,1,HSD17B1
3291_AT1,HSD11B2,0.2814317775193228,0.2814317775193228,1.0,100.0,MINIMAL,optimal,1,HSD11B2r
2730_AT1,GCLM,0.2814317775193228,0.2814317775193228,1.0,100.0,MINIMAL,optimal,1,GLUCYS
2729_AT1,GCLC,0.2814317775193228,0.2814317775193228,1.0,100.0,MINIMAL,optimal,1,GLUCYS
3290_AT2,HSD11B1,0.2814317775193228,0.2814317775193228,1.0,100.0,MINIMAL,optimal,1,HSD11B1r
4351_AT1,MPI,0.2814317775193228,0.2814317775193228,1.0,100.0,MINIMAL,optimal,1,MAN6PI
80270_AT1,HSD3B7,0.2814317775193228,0.2814317775193228,1.0,100.0,MINIMAL,optimal,2,HSD3B7P;HSD3B7
57026_AT1,PDXP,0.2814317775193228,0.2814317775193228,1.0,100.0,MINIMAL,optimal,1,PYDXPP
7351_AT1,UCP2,0.2814317775193228,0.2814317775193228,1.0,100.0,MINIMAL,optimal,1,Htm
7352_AT2,UCP3,0.2814317775193228,0.2814317775193228,1.0,100.0,MINIMAL,optimal,1,Htm
1545_AT1,CYP1B1,0.2814317775193228,0.2814317775193228,1.0,100.0,MINIMAL,optimal,1,P4501B1r
10873_AT1,ME3,0.2814317775193228,0.2814317775193228,1.0,100.0,MINIMAL,optimal,1,ME2m
4199_AT1,ME1,0.2814317775193228,0.2814317775193228,1.0,100.0,MINIMAL,optimal,1,ME2
123041_AT1,SLC24A4,0.2814317775193228,0.2814317775193228,1.0,100.0,MINIMAL,optimal,1,NCKt
4200_AT1,ME2,0.2814317775193228,0.2814317775193228,1.0,100.0,MINIMAL,optimal,2,ME1m;ME2m
7352_AT1,UCP3,0.2814317775193228,0.2814317775193228,1.0,100.0,MINIMAL,optimal,1,Htm
4191_AT1,MDH2,0.2814317775193228,0.2814317775193228,1.0,100.0,MINIMAL,optimal,1,MDHm
7350_AT1,UCP1,0.2814317775193228,0.2814317775193228,1.0,100.0,MINIMAL,optimal,1,Htm
9016_AT1,SLC25A14,0.2814317775193228,0.2814317775193228,1.0,100.0,MINIMAL,optimal,1,Htm
130752_AT1,MDH1B,0.2814317775193228,0.2814317775193228,1.0,100.0,MINIMAL,optimal,2,SLDx;MDH
9481_AT1,SLC25A27,0.2814317775193228,0.2814317775193228,1.0,100.0,MINIMAL,optimal,1,Htm
4190_AT1,MDH1,0.2814317775193228,0.2814317775193228,1.0,100.0,MINIMAL,optimal,2,SLDx;MDH
57084_AT1,SLC17A6,0.2814317775193228,0.2814317775193228,1.0,100.0,MINIMAL,optimal,1,GLUVESSEC
246213_AT1,SLC17A8,0.2814317775193228,0.2814317775193228,1.0,100.0,MINIMAL,optimal,1,GLUVESSEC
57030_AT1,SLC17A7,0.2814317775193228,0.2814317775193228,1.0,100.0,MINIMAL,optimal,1,GLUVESSEC
4357_AT1,MPST,0.2814317775193228,0.2814317775193228,1.0,100.0,MINIMAL,optimal,1,MCPST
2639_AT2,GCDH,0.2814317775193228,0.2814317775193228,1.0,100.0,MINIMAL,optimal,1,GLUTCOADHm
2639_AT1,GCDH,0.2814317775193228,0.2814317775193228,1.0,100.0,MINIMAL,optimal,1,GLUTCOADHm
3421_AT2,IDH3G,0.2814317775193228,0.2814317775193228,1.0,100.0,MINIMAL,optimal,1,ICDHxm
3636_AT1,INPPL1,0.2814317775193228,0.2814317775193228,1.0,100.0,MINIMAL,optimal,3,PI345P5P;MI145PP;MI1345PP
29922_AT2,NME7,0.2814317775193228,0.2814317775193228,1.0,100.0,MINIMAL,optimal,10,NDPK1;NDPK10;NDPK8;NDPK5;NDPK2;NDPK6;NDPK7;NDPK3;NDPK4;NDPK9
8867_AT2,SYNJ1,0.2814317775193228,0.2814317775193228,1.0,100.0,MINIMAL,optimal,4,PI45P5P;PI345P5P;MI145PP;MI1345PP
10797_AT1,MTHFD2,0.2814317775193228,0.2814317775193228,1.0,100.0,MINIMAL,optimal,3,MTHFCm;MTHFDm;MTHFD2m
285216_AT1,285216_AT1,0.2814317775193228,0.2814317775193228,1.0,100.0,MINIMAL,optimal,1,MTHFC
80068_AT1,80068_AT1,0.2814317775193228,0.2814317775193228,1.0,100.0,MINIMAL,optimal,1,MTHFC
10400_AT1,PEMT,0.2814317775193228,0.2814317775193228,1.0,100.0,MINIMAL,optimal,2,PETOHMm_hs;PETOHMr_hs
10400_AT2,PEMT,0.2814317775193228,0.2814317775193228,1.0,100.0,MINIMAL,optimal,2,PETOHMm_hs;PETOHMr_hs
4842_AT1,NOS1,0.2814317775193228,0.2814317775193228,1.0,100.0,MINIMAL,optimal,2,NOS1;NOS2
4845_AT1,4845_AT1,0.2814317775193228,0.2814317775193228,1.0,100.0,MINIMAL,optimal,2,NOS1;NOS2
4507_AT1,MTAP,0.2814317775193228,0.2814317775193228,1.0,100.0,MINIMAL,optimal,1,MTAP
4844_AT1,4844_AT1,0.2814317775193228,0.2814317775193228,1.0,100.0,MINIMAL,optimal,2,NOS1;NOS2
80168_AT1,MOGAT2,0.2814317775193228,0.2814317775193228,1.0,100.0,MINIMAL,optimal,1,MOGAT
116255_AT1,MOGAT1,0.2814317775193228,0.2814317775193228,1.0,100.0,MINIMAL,optimal,1,MOGAT
5409_AT1,PNMT,0.2814317775193228,0.2814317775193228,1.0,100.0,MINIMAL,optimal,1,NORANMT
4594_AT1,MUT,0.2814317775193228,0.2814317775193228,1.0,100.0,MINIMAL,optimal,1,MMMm
4837_AT1,NNMT,0.2814317775193228,0.2814317775193228,1.0,100.0,MINIMAL,optimal,1,NNMT
84693_AT1,MCEE,0.2814317775193228,0.2814317775193228,1.0,100.0,MINIMAL,optimal,1,MMEm
23475_AT1,QPRT,0.2814317775193228,0.2814317775193228,1.0,100.0,MINIMAL,optimal,1,NNDPR
23057_AT2,NMNAT2,0.2814317775193228,0.2814317775193228,1.0,100.0,MINIMAL,optimal,2,NNATr_copy2;NMNAT
5214_AT1,PFKP,0.2814317775193228,0.2814317775193228,1.0,100.0,MINIMAL,optimal,1,PFK
5213_AT1,PFKM,0.2814317775193228,0.2814317775193228,1.0,100.0,MINIMAL,optimal,1,PFK
4524_AT1,MTHFR,0.2814317775193228,0.2814317775193228,1.0,100.0,MINIMAL,optimal,1,MTHFR3
5211_AT1,PFKL,0.2814317775193228,0.2814317775193228,1.0,100.0,MINIMAL,optimal,1,PFK
5232_AT1,PGK2,0.2814317775193228,0.2814317775193228,1.0,100.0,MINIMAL,optimal,1,PGK
2821_AT1,GPI,0.2814317775193228,0.2814317775193228,1.0,100.0,MINIMAL,optimal,1,PGI
4907_AT1,NT5E,0.2814317775193228,0.2814317775193228,1.0,100.0,MINIMAL,optimal,4,NTD4e;NTD9e;NTD2e;NTD7e
51251_AT1,NT5C3A,0.2814317775193228,0.2814317775193228,1.0,100.0,MINIMAL,optimal,2,NTD2;NTD4
56953_AT1,NT5M,0.2814317775193228,0.2814317775193228,1.0,100.0,MINIMAL,optimal,2,NTD1m;NTD5m
93034_AT2,NT5C1B,0.2814317775193228,0.2814317775193228,1.0,100.0,MINIMAL,optimal,3,NTD7;NTD3;NTD11
93034_AT1,NT5C1B,0.2814317775193228,0.2814317775193228,1.0,100.0,MINIMAL,optimal,3,NTD7;NTD3;NTD11
30833_AT1,NT5C,0.2814317775193228,0.2814317775193228,1.0,100.0,MINIMAL,optimal,4,NTD3;NTD1;NTD8;NTD5
23057_AT1,NMNAT2,0.2814317775193228,0.2814317775193228,1.0,100.0,MINIMAL,optimal,2,NNATr_copy2;NMNAT
22978_AT1,NT5C2,0.2814317775193228,0.2814317775193228,1.0,100.0,MINIMAL,optimal,7,NTD7;NTD10;NTD9;NTD6;NTD8;NT5C;NTD11
27306_AT1,HPGDS,0.2814317775193228,0.2814317775193228,1.0,100.0,MINIMAL,optimal,1,PGDI
4843_AT2,NOS2,0.2814317775193228,0.2814317775193228,1.0,100.0,MINIMAL,optimal,2,NOS1;NOS2
91703_AT1,ACY3,0.2814317775193228,0.2814317775193228,1.0,100.0,MINIMAL,optimal,1,NACASPAH
26227_AT1,PHGDH,0.2814317775193228,0.2814317775193228,1.0,100.0,MINIMAL,optimal,1,PGCD
443_AT1,ASPA,0.2814317775193228,0.2814317775193228,1.0,100.0,MINIMAL,optimal,1,NACASPAH
4843_AT1,NOS2,0.2814317775193228,0.2814317775193228,1.0,100.0,MINIMAL,optimal,2,NOS1;NOS2
4846_AT1,NOS3,0.2814317775193228,0.2814317775193228,1.0,100.0,MINIMAL,optimal,2,NOS1;NOS2
5211_AT2,PFKL,0.2814317775193228,0.2814317775193228,1.0,100.0,MINIMAL,optimal,1,PFK
5730_AT1,PTGDS,0.2814317775193228,0.2814317775193228,1.0,100.0,MINIMAL,optimal,1,PGDI
124583_AT1,CANT1,0.2814317775193228,0.2814317775193228,1.0,100.0,MINIMAL,optimal,6,NDP8ex;NDP7ex;NTP3e;NDP7er;NDP3ex;NDP10ex
64802_AT1,NMNAT1,0.2814317775193228,0.2814317775193228,1.0,100.0,MINIMAL,optimal,2,NNATn;NMNATn
8803_AT1,SUCLA2,0.2814317775193228,0.2814317775193228,1.0,100.0,MINIMAL,optimal,3,ITCOALm;SUCOASm;MECOALm
3614_AT2,IMPDH1,0.2814317775193228,0.2814317775193228,1.0,100.0,MINIMAL,optimal,1,IMPD
3628_AT1,INPP1,0.2814317775193228,0.2814317775193228,1.0,100.0,MINIMAL,optimal,2,MI134PP;MI14PP
10201_AT1,NME6,0.2814317775193228,0.2814317775193228,1.0,100.0,MINIMAL,optimal,10,NDPK1;NDPK10;NDPK8;NDPK5;NDPK2;NDPK6;NDPK7;NDPK3;NDPK4;NDPK9
3614_AT1,IMPDH1,0.2814317775193228,0.2814317775193228,1.0,100.0,MINIMAL,optimal,1,IMPD
29922_AT1,NME7,0.2814317775193228,0.2814317775193228,1.0,100.0,MINIMAL,optimal,10,NDPK1;NDPK10;NDPK8;NDPK5;NDPK2;NDPK6;NDPK7;NDPK3;NDPK4;NDPK9
3633_AT1,INPP5B,0.2814317775193228,0.2814317775193228,1.0,100.0,MINIMAL,optimal,4,PI45P5P;PI345P5P;MI145PP;MI1345PP
3635_AT1,INPP5D,0.2814317775193228,0.2814317775193228,1.0,100.0,MINIMAL,optimal,3,PI345P5P;MI145PP;MI1345PP
4832_AT1,NME3,0.2814317775193228,0.2814317775193228,1.0,100.0,MINIMAL,optimal,10,NDPK1;NDPK10;NDPK8;NDPK5;NDPK2;NDPK6;NDPK7;NDPK3;NDPK4;NDPK9
3615_AT1,IMPDH2,0.2814317775193228,0.2814317775193228,1.0,100.0,MINIMAL,optimal,1,IMPD
8867_AT1,SYNJ1,0.2814317775193228,0.2814317775193228,1.0,100.0,MINIMAL,optimal,4,PI45P5P;PI345P5P;MI145PP;MI1345PP
8501_AT1,SLC43A1,0.2814317775193228,0.2814317775193228,1.0,100.0,MINIMAL,optimal,4,METtec;VALtec;ILEtec;LEUtec
4831_AT1,NME2,0.2814317775193228,0.2814317775193228,1.0,100.0,MINIMAL,optimal,19,NDPK8;NDPK2n;NDPK4;NDPK3;NDPK7;NDPK9;NDPK6n;NDPK1;NDPK10;NDPK3n
3632_AT1,INPP5A,0.2814317775193228,0.2814317775193228,1.0,100.0,MINIMAL,optimal,3,PI345P5P;MI145PP;MI1345PP
27124_AT2,INPP5J,0.2814317775193228,0.2814317775193228,1.0,100.0,MINIMAL,optimal,3,PI345P5P;MI145PP;MI1345PP
587_AT1,BCAT2,0.2814317775193228,0.2814317775193228,1.0,100.0,MINIMAL,optimal,3,ILETAm;VALTAim;LEUTAm
586_AT1,BCAT1,0.2814317775193228,0.2814317775193228,1.0,100.0,MINIMAL,optimal,3,ILETA;LEUTA;VALTA
56623_AT1,INPP5E,0.2814317775193228,0.2814317775193228,1.0,100.0,MINIMAL,optimal,4,PI45P5P;PI345P5P;MI145PP;MI1345PP
3707_AT1,ITPKB,0.2814317775193228,0.2814317775193228,1.0,100.0,MINIMAL,optimal,1,MI145PK
55586_AT1,MIOX,0.2814317775193228,0.2814317775193228,1.0,100.0,MINIMAL,optimal,1,INOSTO
4830_AT1,NME1,0.2814317775193228,0.2814317775193228,1.0,100.0,MINIMAL,optimal,19,NDPK8;NDPK2n;NDPK4;NDPK3;NDPK7;NDPK9;NDPK6n;NDPK1;NDPK10;NDPK3n
80271_AT1,ITPKC,0.2814317775193228,0.2814317775193228,1.0,100.0,MINIMAL,optimal,1,MI145PK
349565_AT1,NMNAT3,0.2814317775193228,0.2814317775193228,1.0,100.0,MINIMAL,optimal,2,NNATr_copy2;NMNAT
6558_AT1,SLC12A2,0.2814317775193228,0.2814317775193228,1.0,100.0,MINIMAL,optimal,2,NKCCt;NKCC2t
8821_AT1,INPP4B,0.2814317775193228,0.2814317775193228,1.0,100.0,MINIMAL,optimal,1,MI34PP
6557_AT1,SLC12A1,0.2814317775193228,0.2814317775193228,1.0,100.0,MINIMAL,optimal,2,NKCCt;NKCC2t
8802_AT1,SUCLG1,0.2814317775193228,0.2814317775193228,1.0,100.0,MINIMAL,optimal,6,ITCOALm;SUCOAS1m;SUCOASm;MECOALm;MECOAS1m;ITCOAL1m
3631_AT1,INPP4A,0.2814317775193228,0.2814317775193228,1.0,100.0,MINIMAL,optimal,1,MI34PP
8801_AT1,SUCLG2,0.2814317775193228,0.2814317775193228,1.0,100.0,MINIMAL,optimal,3,MECOAS1m;SUCOAS1m;ITCOAL1m
6005_AT1,RHAG,0.2814317775193228,0.2814317775193228,1.0,100.0,MINIMAL,optimal,1,NH4t3r
3631_AT2,INPP4A,0.2814317775193228,0.2814317775193228,1.0,100.0,MINIMAL,optimal,1,MI34PP
51477_AT1,ISYNA1,0.2814317775193228,0.2814317775193228,1.0,100.0,MINIMAL,optimal,1,MI1PS
57127_AT1,RHBG,0.2814317775193228,0.2814317775193228,1.0,100.0,MINIMAL,optimal,1,NH4t3r
3613_AT1,IMPA2,0.2814317775193228,0.2814317775193228,1.0,100.0,MINIMAL,optimal,3,MI4PP;MI1PP;MI3PP
4833_AT1,NME4,0.2814317775193228,0.2814317775193228,1.0,100.0,MINIMAL,optimal,7,NDPK1m;NDPK6m;NDPK3m;NDPK4m;NDPK5m;NDPK7m;NDPK8m
91734_AT1,IDI2,0.2814317775193228,0.2814317775193228,1.0,100.0,MINIMAL,optimal,1,IPDDIx
3612_AT1,IMPA1,0.2814317775193228,0.2814317775193228,1.0,100.0,MINIMAL,optimal,3,MI4PP;MI1PP;MI3PP
115584_AT1,SLC5A11,0.2814317775193228,0.2814317775193228,1.0,100.0,MINIMAL,optimal,1,INSTt4_2
3706_AT1,ITPKA,0.2814317775193228,0.2814317775193228,1.0,100.0,MINIMAL,optimal,1,MI145PK
4830_AT2,NME1,0.2814317775193228,0.2814317775193228,1.0,100.0,MINIMAL,optimal,19,NDPK8;NDPK2n;NDPK4;NDPK3;NDPK7;NDPK9;NDPK6n;NDPK1;NDPK10;NDPK3n
3422_AT1,IDI1,0.2814317775193228,0.2814317775193228,1.0,100.0,MINIMAL,optimal,1,IPDDIx
3290_AT1,HSD11B1,0.2814317775193228,0.2814317775193228,1.0,100.0,MINIMAL,optimal,1,HSD11B1r
3163_AT1,HMOX2,0.2814317775193228,0.2814317775193228,1.0,100.0,MINIMAL,optimal,1,HOXG
5836_AT1,PYGL,0.2814317775193228,0.2814317775193228,1.0,100.0,MINIMAL,optimal,2,GLPASE1;GLPASE2
4329_AT1,ALDH6A1,0.2814317775193228,0.2814317775193228,1.0,100.0,MINIMAL,optimal,2,MMSAD1m;MMSAD3m
160728_AT1,SLC5A8,0.2814317775193228,0.2814317775193228,1.0,100.0,MINIMAL,optimal,2,It;L_LACt4r
11000_AT1,SLC27A3,0.2814317775193228,0.2814317775193228,1.0,100.0,MINIMAL,optimal,1,FATP1t
10999_AT1,SLC27A4,0.2814317775193228,0.2814317775193228,1.0,100.0,MINIMAL,optimal,1,FATP1t
7915_AT1,ALDH5A1,0.2814317775193228,0.2814317775193228,1.0,100.0,MINIMAL,optimal,1,SSALxm
7915_AT2,ALDH5A1,0.2814317775193228,0.2814317775193228,1.0,100.0,MINIMAL,optimal,1,SSALxm
376497_AT2,SLC27A1,0.2814317775193228,0.2814317775193228,1.0,100.0,MINIMAL,optimal,3,FATP1t;FATP2t;FATP3t
376497_AT1,SLC27A1,0.2814317775193228,0.2814317775193228,1.0,100.0,MINIMAL,optimal,3,FATP1t;FATP2t;FATP3t
2629_AT2,GBA,0.2814317775193228,0.2814317775193228,1.0,100.0,MINIMAL,optimal,1,GBA
343_AT1,AQP8,0.2814317775193228,0.2814317775193228,1.0,100.0,MINIMAL,optimal,1,H2Otm
2629_AT3,GBA,0.2814317775193228,0.2814317775193228,1.0,100.0,MINIMAL,optimal,1,GBA
6785_AT1,ELOVL4,0.2814317775193228,0.2814317775193228,1.0,100.0,MINIMAL,optimal,4,FAEL183;FAEL204;FAEL184;FAEL205
2629_AT1,GBA,0.2814317775193228,0.2814317775193228,1.0,100.0,MINIMAL,optimal,1,GBA
2629_AT5,GBA,0.2814317775193228,0.2814317775193228,1.0,100.0,MINIMAL,optimal,1,GBA
2629_AT4,GBA,0.2814317775193228,0.2814317775193228,1.0,100.0,MINIMAL,optimal,1,GBA
116285_AT1,ACSM1,0.2814317775193228,0.2814317775193228,1.0,100.0,MINIMAL,optimal,1,FACOAL40im
50506_AT1,DUOX2,0.2814317775193228,0.2814317775193228,1.0,100.0,MINIMAL,optimal,1,H2O2syn
2653_AT1,GCSH,0.2814317775193228,0.2814317775193228,1.0,100.0,MINIMAL,optimal,6,GCC2cm;GCCam;GCCbim;GCC2bim;GCCcm;GCC2am
2182_AT2,ACSL4,0.2814317775193228,0.2814317775193228,1.0,100.0,MINIMAL,optimal,1,FACOAL204_copy2
2731_AT1,GLDC,0.2814317775193228,0.2814317775193228,1.0,100.0,MINIMAL,optimal,6,GCC2cm;GCCam;GCCbim;GCC2bim;GCCcm;GCC2am
10723_AT1,SLC12A7,0.2814317775193228,0.2814317775193228,1.0,100.0,MINIMAL,optimal,2,KCCt;KCC2t
2997_AT1,GYS1,0.2814317775193228,0.2814317775193228,1.0,100.0,MINIMAL,optimal,2,GLGNS1;GGNG
3931_AT1,LCAT,0.2814317775193228,0.2814317775193228,1.0,100.0,MINIMAL,optimal,1,LCAT1e
2998_AT1,GYS2,0.2814317775193228,0.2814317775193228,1.0,100.0,MINIMAL,optimal,2,GLGNS1;GGNG
3938_AT1,LCT,0.2814317775193228,0.2814317775193228,1.0,100.0,MINIMAL,optimal,1,LACZe
8908_AT1,GYG2,0.2814317775193228,0.2814317775193228,1.0,100.0,MINIMAL,optimal,2,GLGNS1;GGNG
2992_AT1,GYG1,0.2814317775193228,0.2814317775193228,1.0,100.0,MINIMAL,optimal,2,GLGNS1;GGNG
8564_AT1,KMO,0.2814317775193228,0.2814317775193228,1.0,100.0,MINIMAL,optimal,1,KYN3OX
2655_AT1,2655_AT1,0.2814317775193228,0.2814317775193228,1.0,100.0,MINIMAL,optimal,1,GGLUCT
3795_AT2,KHK,0.2814317775193228,0.2814317775193228,1.0,100.0,MINIMAL,optimal,2,KHK2;KHK
3795_AT1,KHK,0.2814317775193228,0.2814317775193228,1.0,100.0,MINIMAL,optimal,2,KHK2;KHK
3033_AT1,HADH,0.2814317775193228,0.2814317775193228,1.0,100.0,MINIMAL,optimal,1,HACD1m
8836_AT1,GGH,0.2814317775193228,0.2814317775193228,1.0,100.0,MINIMAL,optimal,18,GGH_6THFe;GGH_5DHFl;GGH_10FTHF7GLUl;GGH_6DHFl;GGH_10FTHF6GLUe;GGH_10FTHF5GLUe;GGH_10FTHF5GLUl;GGH_10FTHF6GLUl;GGH_5THFl;GGH_6THFl
9945_AT1,GFPT2,0.2814317775193228,0.2814317775193228,1.0,100.0,MINIMAL,optimal,1,GF6PTA
57468_AT1,SLC12A5,0.2814317775193228,0.2814317775193228,1.0,100.0,MINIMAL,optimal,1,KCCt
2673_AT1,GFPT1,0.2814317775193228,0.2814317775193228,1.0,100.0,MINIMAL,optimal,1,GF6PTA
6560_AT1,SLC12A4,0.2814317775193228,0.2814317775193228,1.0,100.0,MINIMAL,optimal,2,KCCt;KCC2t
9990_AT1,SLC12A6,0.2814317775193228,0.2814317775193228,1.0,100.0,MINIMAL,optimal,2,KCCt;KCC2t
275_AT1,AMT,0.2814317775193228,0.2814317775193228,1.0,100.0,MINIMAL,optimal,6,GCC2cm;GCCam;GCCbim;GCC2bim;GCCcm;GCC2am
53905_AT1,DUOX1,0.2814317775193228,0.2814317775193228,1.0,100.0,MINIMAL,optimal,1,H2O2syn
11001_AT1,SLC27A2,0.2814317775193228,0.2814317775193228,1.0,100.0,MINIMAL,optimal,9,FATP6t;FATP7t;TTDCAtr;FATP9t;VLCSp;FACOAL191;ELAIDt;VLCS2p;FATP8t
53905_AT2,DUOX1,0.2814317775193228,0.2814317775193228,1.0,100.0,MINIMAL,optimal,1,H2O2syn
771_AT2,CA12,0.2814317775193228,0.2814317775193228,1.0,100.0,MINIMAL,optimal,1,H2CO3D
377677_AT1,CA13,0.2814317775193228,0.2814317775193228,1.0,100.0,MINIMAL,optimal,1,H2CO3D
761_AT1,CA3,0.2814317775193228,0.2814317775193228,1.0,100.0,MINIMAL,optimal,1,H2CO3D
766_AT2,CA7,0.2814317775193228,0.2814317775193228,1.0,100.0,MINIMAL,optimal,1,H2CO3D
55500_AT1,ETNK1,0.2814317775193228,0.2814317775193228,1.0,100.0,MINIMAL,optimal,1,ETHAK
762_AT1,CA4,0.2814317775193228,0.2814317775193228,1.0,100.0,MINIMAL,optimal,1,H2CO3D
55224_AT1,ETNK2,0.2814317775193228,0.2814317775193228,1.0,100.0,MINIMAL,optimal,1,ETHAK
768_AT1,CA9,0.2814317775193228,0.2814317775193228,1.0,100.0,MINIMAL,optimal,1,H2CO3D
2110_AT1,ETFDH,0.2814317775193228,0.2814317775193228,1.0,100.0,MINIMAL,optimal,1,ETFQO
760_AT1,CA2,0.2814317775193228,0.2814317775193228,1.0,100.0,MINIMAL,optimal,1,H2CO3D
2592_AT2,GALT,0.2814317775193228,0.2814317775193228,1.0,100.0,MINIMAL,optimal,2,GALT;UGLT
2109_AT1,ETFB,0.2814317775193228,0.2814317775193228,1.0,100.0,MINIMAL,optimal,1,ETF
2592_AT3,GALT,0.2814317775193228,0.2814317775193228,1.0,100.0,MINIMAL,optimal,2,GALT;UGLT
2108_AT1,ETFA,0.2814317775193228,0.2814317775193228,1.0,100.0,MINIMAL,optimal,1,ETF
2592_AT1,GALT,0.2814317775193228,0.2814317775193228,1.0,100.0,MINIMAL,optimal,2,GALT;UGLT
2109_AT2,ETFB,0.2814317775193228,0.2814317775193228,1.0,100.0,MINIMAL,optimal,1,ETF
23632_AT1,CA14,0.2814317775193228,0.2814317775193228,1.0,100.0,MINIMAL,optimal,1,H2CO3D
7360_AT1,UGP2,0.2814317775193228,0.2814317775193228,1.0,100.0,MINIMAL,optimal,1,GALUi
7359_AT1,7359_AT1,0.2814317775193228,0.2814317775193228,1.0,100.0,MINIMAL,optimal,1,GALUi
7360_AT2,UGP2,0.2814317775193228,0.2814317775193228,1.0,100.0,MINIMAL,optimal,1,GALUi
771_AT1,CA12,0.2814317775193228,0.2814317775193228,1.0,100.0,MINIMAL,optimal,1,H2CO3D
175_AT1,AGA,0.2814317775193228,0.2814317775193228,1.0,100.0,MINIMAL,optimal,2,GASNASEly;GASNASE2ly
2618_AT1,GART,0.2814317775193228,0.2814317775193228,1.0,100.0,MINIMAL,optimal,3,PRAGSr;GARFT;PRAIS
51703_AT1,ACSL5,0.2814317775193228,0.2814317775193228,1.0,100.0,MINIMAL,optimal,2,FACOAL160;FACOAL180
2618_AT2,GART,0.2814317775193228,0.2814317775193228,1.0,100.0,MINIMAL,optimal,3,PRAGSr;GARFT;PRAIS
2182_AT1,ACSL4,0.2814317775193228,0.2814317775193228,1.0,100.0,MINIMAL,optimal,3,FACOAL170;FACOAL204_copy2;FACOAL150
2180_AT1,ACSL1,0.2814317775193228,0.2814317775193228,1.0,100.0,MINIMAL,optimal,30,FACOAL161;FACOAL1812;FACOAL226_copy1;FACOAL1821;FACOAL245_2;FACOAL2042;FACOAL260;FACOAL184;FACOAL205;FACOAL2252
26330_AT1,GAPDHS,0.2814317775193228,0.2814317775193228,1.0,100.0,MINIMAL,optimal,1,GAPD
22305_AT1,22305_AT1,0.2814317775193228,0.2814317775193228,1.0,100.0,MINIMAL,optimal,5,FACOAL160;FACOAL170;FACOAL180;FACOAL204_copy2;FACOAL150
2739_AT1,GLO1,0.2814317775193228,0.2814317775193228,1.0,100.0,MINIMAL,optimal,1,LGTHL
2181_AT2,ACSL3,0.2814317775193228,0.2814317775193228,1.0,100.0,MINIMAL,optimal,7,FACOAL80;FACOAL181;FACOAL160;FACOAL170;FACOAL180;FACOAL204_copy2;FACOAL150
2597_AT1,GAPDH,0.2814317775193228,0.2814317775193228,1.0,100.0,MINIMAL,optimal,1,GAPD
22305_AT2,22305_AT2,0.2814317775193228,0.2814317775193228,1.0,100.0,MINIMAL,optimal,5,FACOAL160;FACOAL170;FACOAL180;FACOAL204_copy2;FACOAL150
6523_AT1,SLC5A1,0.2814317775193228,0.2814317775193228,1.0,100.0,MINIMAL,optimal,8,GALt2_2;UREAt5;GALt4_2;H2Ot;UREAt;GLCt4_2;GLCt2_2;NAt
2181_AT1,ACSL3,0.2814317775193228,0.2814317775193228,1.0,100.0,MINIMAL,optimal,8,FACOAL170;FACOAL180;FACOAL204_copy2;FACOAL150;FACOAL80;FACOAL160;FACOAL140;FACOAL181
11238_AT1,CA5B,0.2814317775193228,0.2814317775193228,1.0,100.0,MINIMAL,optimal,1,H2CO3Dm
759_AT1,CA1,0.2814317775193228,0.2814317775193228,1.0,100.0,MINIMAL,optimal,1,H2CO3D
81031_AT1,SLC2A10,0.2814317775193228,0.2814317775193228,1.0,100.0,MINIMAL,optimal,2,GALt1r;GLCt1
766_AT1,CA7,0.2814317775193228,0.2814317775193228,1.0,100.0,MINIMAL,optimal,1,H2CO3D
763_AT1,CA5A,0.2814317775193228,0.2814317775193228,1.0,100.0,MINIMAL,optimal,1,H2CO3Dm
5837_AT1,PYGM,0.2814317775193228,0.2814317775193228,1.0,100.0,MINIMAL,optimal,2,GLPASE1;GLPASE2
2687_AT1,GGT5,0.2814317775193228,0.2814317775193228,1.0,100.0,MINIMAL,optimal,1,GGT5r
6470_AT1,SHMT1,0.2814317775193228,0.2814317775193228,1.0,100.0,MINIMAL,optimal,1,GHMT2r
6526_AT1,SLC5A3,0.2814317775193228,0.2814317775193228,1.0,100.0,MINIMAL,optimal,3,GLCt4;NAt;INSTt4
159963_AT1,SLC5A12,0.2814317775193228,0.2814317775193228,1.0,100.0,MINIMAL,optimal,1,GLCt4
496_AT1,ATP4B,0.2814317775193228,0.2814317775193228,1.0,100.0,MINIMAL,optimal,1,HKt
366_AT1,AQP9,0.2814317775193228,0.2814317775193228,1.0,100.0,MINIMAL,optimal,2,UREAtm;L_LACtcm
495_AT1,ATP4A,0.2814317775193228,0.2814317775193228,1.0,100.0,MINIMAL,optimal,1,HKt
124637_AT1,CYB5D1,0.2814317775193228,0.2814317775193228,1.0,100.0,MINIMAL,optimal,1,L_LACDcm
125206_AT1,SLC5A10,0.2814317775193228,0.2814317775193228,1.0,100.0,MINIMAL,optimal,1,GLCt4
6524_AT1,SLC5A2,0.2814317775193228,0.2814317775193228,1.0,100.0,MINIMAL,optimal,2,GLCt4;GLCt2
8942_AT1,KYNU,0.2814317775193228,0.2814317775193228,1.0,100.0,MINIMAL,optimal,1,HKYNH
11182_AT1,SLC2A6,0.2814317775193228,0.2814317775193228,1.0,100.0,MINIMAL,optimal,1,GLCt1
56606_AT2,SLC2A9,0.2814317775193228,0.2814317775193228,1.0,100.0,MINIMAL,optimal,1,GLCt1
3067_AT1,HDC,0.2814317775193228,0.2814317775193228,1.0,100.0,MINIMAL,optimal,1,HISDC
56606_AT1,SLC2A9,0.2814317775193228,0.2814317775193228,1.0,100.0,MINIMAL,optimal,1,GLCt1
154091_AT1,SLC2A12,0.2814317775193228,0.2814317775193228,1.0,100.0,MINIMAL,optimal,1,GLCt1
144195_AT1,SLC2A14,0.2814317775193228,0.2814317775193228,1.0,100.0,MINIMAL,optimal,1,GLCt1
3034_AT1,HAL,0.2814317775193228,0.2814317775193228,1.0,100.0,MINIMAL,optimal,1,HISDr
11112_AT1,HIBADH,0.2814317775193228,0.2814317775193228,1.0,100.0,MINIMAL,optimal,1,HIBDm
178_AT6,AGL,0.2814317775193228,0.2814317775193228,1.0,100.0,MINIMAL,optimal,1,GLDBRAN
3081_AT1,HGD,0.2814317775193228,0.2814317775193228,1.0,100.0,MINIMAL,optimal,1,HGNTOR
178_AT2,AGL,0.2814317775193228,0.2814317775193228,1.0,100.0,MINIMAL,optimal,1,GLDBRAN
3157_AT1,HMGCS1,0.2814317775193228,0.2814317775193228,1.0,100.0,MINIMAL,optimal,1,HMGCOAS
2595_AT1,GANC,0.2814317775193228,0.2814317775193228,1.0,100.0,MINIMAL,optimal,1,MALT
5834_AT1,PYGB,0.2814317775193228,0.2814317775193228,1.0,100.0,MINIMAL,optimal,2,GLPASE1;GLPASE2
2954_AT3,GSTZ1,0.2814317775193228,0.2814317775193228,1.0,100.0,MINIMAL,optimal,1,MACACI
51557_AT1,LGSN,0.2814317775193228,0.2814317775193228,1.0,100.0,MINIMAL,optimal,1,GLNS
2954_AT1,GSTZ1,0.2814317775193228,0.2814317775193228,1.0,100.0,MINIMAL,optimal,1,MACACI
2752_AT1,GLUL,0.2814317775193228,0.2814317775193228,1.0,100.0,MINIMAL,optimal,1,GLNS
348477_AT1,348477_AT1,0.2814317775193228,0.2814317775193228,1.0,100.0,MINIMAL,optimal,1,PGK
2954_AT2,GSTZ1,0.2814317775193228,0.2814317775193228,1.0,100.0,MINIMAL,optimal,1,MACACI
3162_AT1,HMOX1,0.2814317775193228,0.2814317775193228,1.0,100.0,MINIMAL,optimal,1,HOXG
54511_AT1,HMGCLL1,0.2814317775193228,0.2814317775193228,1.0,100.0,MINIMAL,optimal,1,HMGLm
178_AT3,AGL,0.2814317775193228,0.2814317775193228,1.0,100.0,MINIMAL,optimal,1,GLDBRAN
178_AT4,AGL,0.2814317775193228,0.2814317775193228,1.0,100.0,MINIMAL,optimal,1,GLDBRAN
3155_AT1,HMGCL,0.2814317775193228,0.2814317775193228,1.0,100.0,MINIMAL,optimal,2,HMGLx;HMGLm
3158_AT1,HMGCS2,0.2814317775193228,0.2814317775193228,1.0,100.0,MINIMAL,optimal,1,HMGCOASm
3157_AT2,HMGCS1,0.2814317775193228,0.2814317775193228,1.0,100.0,MINIMAL,optimal,1,HMGCOAS
178_AT5,AGL,0.2814317775193228,0.2814317775193228,1.0,100.0,MINIMAL,optimal,1,GLDBRAN
178_AT1,AGL,0.2814317775193228,0.2814317775193228,1.0,100.0,MINIMAL,optimal,1,GLDBRAN
3145_AT1,HMBS,0.2814317775193228,0.2814317775193228,1.0,100.0,MINIMAL,optimal,1,HMBS
4258_AT1,MGST2,0.2814317775193228,0.2814317775193228,1.0,100.0,MINIMAL,optimal,1,LTC4Sr
2645_AT1,GCK,0.2814317775193228,0.2814317775193228,1.0,100.0,MINIMAL,optimal,4,HEX1;HEX10;HEX7;HEX4
4056_AT1,LTC4S,0.2814317775193228,0.2814317775193228,1.0,100.0,MINIMAL,optimal,1,LTC4Sr
11343_AT1,MGLL,0.2814317775193228,0.2814317775193228,1.0,100.0,MINIMAL,optimal,1,LPS3
11343_AT2,MGLL,0.2814317775193228,0.2814317775193228,1.0,100.0,MINIMAL,optimal,1,LPS3
3990_AT1,LIPC,0.2814317775193228,0.2814317775193228,1.0,100.0,MINIMAL,optimal,1,LPSe
6521_AT1,SLC4A1,0.2814317775193228,0.2814317775193228,1.0,100.0,MINIMAL,optimal,1,HCO3_CLt
4023_AT1,LPL,0.2814317775193228,0.2814317775193228,1.0,100.0,MINIMAL,optimal,1,LPS2
51268_AT1,PIPOX,0.2814317775193228,0.2814317775193228,1.0,100.0,MINIMAL,optimal,1,LPCOXp
83697_AT1,SLC4A9,0.2814317775193228,0.2814317775193228,1.0,100.0,MINIMAL,optimal,1,HCO3_CLt
2990_AT1,GUSB,0.2814317775193228,0.2814317775193228,1.0,100.0,MINIMAL,optimal,2,GLCAASE9ly;GLCAASE8ly
1178_AT1,CLC,0.2814317775193228,0.2814317775193228,1.0,100.0,MINIMAL,optimal,1,LPASE
2632_AT1,GBE1,0.2814317775193228,0.2814317775193228,1.0,100.0,MINIMAL,optimal,1,GLBRAN
3037_AT1,HAS2,0.2814317775193228,0.2814317775193228,1.0,100.0,MINIMAL,optimal,2,HAS1;HAS2
3038_AT2,HAS3,0.2814317775193228,0.2814317775193228,1.0,100.0,MINIMAL,optimal,2,HAS1;HAS2
5321_AT1,PLA2G4A,0.2814317775193228,0.2814317775193228,1.0,100.0,MINIMAL,optimal,1,LPASE
3036_AT1,HAS1,0.2814317775193228,0.2814317775193228,1.0,100.0,MINIMAL,optimal,2,HAS1;HAS2
29124_AT1,LGALS13,0.2814317775193228,0.2814317775193228,1.0,100.0,MINIMAL,optimal,1,LPASE
3038_AT1,HAS3,0.2814317775193228,0.2814317775193228,1.0,100.0,MINIMAL,optimal,2,HAS1;HAS2
3028_AT1,HSD17B10,0.2814317775193228,0.2814317775193228,1.0,100.0,MINIMAL,optimal,2,HACD1m;HACD9m
6508_AT1,SLC4A3,0.2814317775193228,0.2814317775193228,1.0,100.0,MINIMAL,optimal,1,HCO3_CLt
50487_AT1,PLA2G3,0.2814317775193228,0.2814317775193228,1.0,100.0,MINIMAL,optimal,1,LPS4e
6522_AT1,SLC4A2,0.2814317775193228,0.2814317775193228,1.0,100.0,MINIMAL,optimal,1,HCO3_CLt
8513_AT1,LIPF,0.2814317775193228,0.2814317775193228,1.0,100.0,MINIMAL,optimal,1,LPSe
2645_AT2,GCK,0.2814317775193228,0.2814317775193228,1.0,100.0,MINIMAL,optimal,4,HEX1;HEX10;HEX7;HEX4
4259_AT1,MGST3,0.2814317775193228,0.2814317775193228,1.0,100.0,MINIMAL,optimal,1,LTC4Sr
3098_AT4,HK1,0.2814317775193228,0.2814317775193228,1.0,100.0,MINIMAL,optimal,4,HEX1;HEX10;HEX7;HEX4
3098_AT2,HK1,0.2814317775193228,0.2814317775193228,1.0,100.0,MINIMAL,optimal,4,HEX1;HEX10;HEX7;HEX4
3098_AT5,HK1,0.2814317775193228,0.2814317775193228,1.0,100.0,MINIMAL,optimal,4,HEX1;HEX10;HEX7;HEX4
4056_AT2,LTC4S,0.2814317775193228,0.2814317775193228,1.0,100.0,MINIMAL,optimal,1,LTC4Sr
80201_AT1,HKDC1,0.2814317775193228,0.2814317775193228,1.0,100.0,MINIMAL,optimal,4,HEX1;HEX10;HEX7;HEX4
3101_AT1,HK3,0.2814317775193228,0.2814317775193228,1.0,100.0,MINIMAL,optimal,4,HEX1;HEX10;HEX7;HEX4
6470_AT2,SHMT1,0.2814317775193228,0.2814317775193228,1.0,100.0,MINIMAL,optimal,1,GHMT2r
3098_AT1,HK1,0.2814317775193228,0.2814317775193228,1.0,100.0,MINIMAL,optimal,4,HEX1;HEX10;HEX7;HEX4
3099_AT1,HK2,0.2814317775193228,0.2814317775193228,1.0,100.0,MINIMAL,optimal,4,HEX1;HEX10;HEX7;HEX4
9388_AT1,LIPG,0.2814317775193228,0.2814317775193228,1.0,100.0,MINIMAL,optimal,1,LPSe
3098_AT3,HK1,0.2814317775193228,0.2814317775193228,1.0,100.0,MINIMAL,optimal,4,HEX1;HEX10;HEX7;HEX4
5407_AT1,PNLIPRP1,0.2814317775193228,0.2814317775193228,1.0,100.0,MINIMAL,optimal,1,LPSe
2645_AT3,GCK,0.2814317775193228,0.2814317775193228,1.0,100.0,MINIMAL,optimal,4,HEX1;HEX10;HEX7;HEX4
5408_AT1,PNLIPRP2,0.2814317775193228,0.2814317775193228,1.0,100.0,MINIMAL,optimal,1,LPSe
6508_AT2,SLC4A3,0.2814317775193228,0.2814317775193228,1.0,100.0,MINIMAL,optimal,1,HCO3_CLt
5406_AT1,PNLIP,0.2814317775193228,0.2814317775193228,1.0,100.0,MINIMAL,optimal,1,LPSe
9227_AT1,LRAT,0.2814317775193228,0.2814317775193228,1.0,100.0,MINIMAL,optimal,1,LRAT
5230_AT1,PGK1,0.2814317775193228,0.2814317775193228,1.0,100.0,MINIMAL,optimal,1,PGK
55276_AT1,PGM2,0.2814317775193228,0.2814317775193228,1.0,100.0,MINIMAL,optimal,1,PGMT
481_AT1,ATP1B1,0.2814317775193228,0.2814317775193228,1.0,100.0,MINIMAL,optimal,1,NaKt
55163_AT1,PNPO,0.2814317775193228,0.2814317775193228,1.0,100.0,MINIMAL,optimal,2,PDX5POi;PYAM5PO
5162_AT1,PDHB,0.2814317775193228,0.2814317775193228,1.0,100.0,MINIMAL,optimal,1,PDHm
5464_AT1,PPA1,0.2814317775193228,0.2814317775193228,1.0,100.0,MINIMAL,optimal,1,PPA
53354_AT3,PANK1,0.2814317775193228,0.2814317775193228,1.0,100.0,MINIMAL,optimal,1,PNTK
55229_AT1,PANK4,0.2814317775193228,0.2814317775193228,1.0,100.0,MINIMAL,optimal,1,PNTK
79646_AT1,PANK3,0.2814317775193228,0.2814317775193228,1.0,100.0,MINIMAL,optimal,1,PNTK
5161_AT1,PDHA2,0.2814317775193228,0.2814317775193228,1.0,100.0,MINIMAL,optimal,1,PDHm
5160_AT1,PDHA1,0.2814317775193228,0.2814317775193228,1.0,100.0,MINIMAL,optimal,1,PDHm
1737_AT1,DLAT,0.2814317775193228,0.2814317775193228,1.0,100.0,MINIMAL,optimal,1,PDHm
5152_AT1,PDE9A,0.2814317775193228,0.2814317775193228,1.0,100.0,MINIMAL,optimal,1,GCPNn
5152_AT5,PDE9A,0.2814317775193228,0.2814317775193228,1.0,100.0,MINIMAL,optimal,1,PDE4
80025_AT2,PANK2,0.2814317775193228,0.2814317775193228,1.0,100.0,MINIMAL,optimal,1,PNTK
80025_AT3,PANK2,0.2814317775193228,0.2814317775193228,1.0,100.0,MINIMAL,optimal,1,PNTK
5152_AT11,PDE9A,0.2814317775193228,0.2814317775193228,1.0,100.0,MINIMAL,optimal,1,PDE4
80025_AT4,PANK2,0.2814317775193228,0.2814317775193228,1.0,100.0,MINIMAL,optimal,1,PNTK
53354_AT1,PANK1,0.2814317775193228,0.2814317775193228,1.0,100.0,MINIMAL,optimal,1,PNTK
5152_AT18,PDE9A,0.2814317775193228,0.2814317775193228,1.0,100.0,MINIMAL,optimal,1,PDE4
10396_AT1,ATP8A1,0.2814317775193228,0.2814317775193228,1.0,100.0,MINIMAL,optimal,4,PSFLIPm;PEFLIPm;PEFLIP;PSFLIP
5106_AT1,PCK2,0.2814317775193228,0.2814317775193228,1.0,100.0,MINIMAL,optimal,1,PEPCKm
27068_AT2,PPA2,0.2814317775193228,0.2814317775193228,1.0,100.0,MINIMAL,optimal,1,PPAm
10400_AT3,PEMT,0.2814317775193228,0.2814317775193228,1.0,100.0,MINIMAL,optimal,2,PETOHMm_hs;PETOHMr_hs
6652_AT1,SORD,0.2814317775193228,0.2814317775193228,1.0,100.0,MINIMAL,optimal,1,SBTD_D2
81537_AT1,SGPP1,0.2814317775193228,0.2814317775193228,1.0,100.0,MINIMAL,optimal,2,SBPP3er;SBPP1er
5498_AT1,PPOX,0.2814317775193228,0.2814317775193228,1.0,100.0,MINIMAL,optimal,1,PPPGOm
1757_AT1,SARDH,0.2814317775193228,0.2814317775193228,1.0,100.0,MINIMAL,optimal,1,SARDHm
91373_AT1,UAP1L1,0.2814317775193228,0.2814317775193228,1.0,100.0,MINIMAL,optimal,1,UAGDP
79717_AT1,PPCS,0.2814317775193228,0.2814317775193228,1.0,100.0,MINIMAL,optimal,1,PPNCL3
5095_AT1,PCCA,0.2814317775193228,0.2814317775193228,1.0,100.0,MINIMAL,optimal,1,PPCOACm
3176_AT1,HNMT,0.2814317775193228,0.2814317775193228,1.0,100.0,MINIMAL,optimal,1,SAMHISTA
5152_AT14,PDE9A,0.2814317775193228,0.2814317775193228,1.0,100.0,MINIMAL,optimal,1,PDE4
5096_AT1,PCCB,0.2814317775193228,0.2814317775193228,1.0,100.0,MINIMAL,optimal,1,PPCOACm
118881_AT1,COMTD1,0.2814317775193228,0.2814317775193228,1.0,100.0,MINIMAL,optimal,1,SALMCOM2
6675_AT1,UAP1,0.2814317775193228,0.2814317775193228,1.0,100.0,MINIMAL,optimal,1,UAGDP
210_AT1,ALAD,0.2814317775193228,0.2814317775193228,1.0,100.0,MINIMAL,optimal,1,PPBNGS
10157_AT1,AASS,0.2814317775193228,0.2814317775193228,1.0,100.0,MINIMAL,optimal,2,SACCD4m;SACCD3m
210_AT2,ALAD,0.2814317775193228,0.2814317775193228,1.0,100.0,MINIMAL,optimal,1,PPBNGS
27068_AT1,PPA2,0.2814317775193228,0.2814317775193228,1.0,100.0,MINIMAL,optimal,1,PPAm
27068_AT4,PPA2,0.2814317775193228,0.2814317775193228,1.0,100.0,MINIMAL,optimal,1,PPAm
27068_AT3,PPA2,0.2814317775193228,0.2814317775193228,1.0,100.0,MINIMAL,optimal,1,PPAm
60490_AT1,PPCDC,0.2814317775193228,0.2814317775193228,1.0,100.0,MINIMAL,optimal,1,PPCDC
8288_AT1,EPX,0.2814317775193228,0.2814317775193228,1.0,100.0,MINIMAL,optimal,1,PRDX
5152_AT2,PDE9A,0.2814317775193228,0.2814317775193228,1.0,100.0,MINIMAL,optimal,1,PDE4
80025_AT1,PANK2,0.2814317775193228,0.2814317775193228,1.0,100.0,MINIMAL,optimal,1,PNTK
8399_AT1,PLA2G10,0.2814317775193228,0.2814317775193228,1.0,100.0,MINIMAL,optimal,1,PLA2_2e
5319_AT1,PLA2G1B,0.2814317775193228,0.2814317775193228,1.0,100.0,MINIMAL,optimal,1,PLA2_2e
5144_AT1,PDE4D,0.2814317775193228,0.2814317775193228,1.0,100.0,MINIMAL,optimal,1,PDE1
5151_AT3,PDE8A,0.2814317775193228,0.2814317775193228,1.0,100.0,MINIMAL,optimal,1,PDE1
5141_AT1,PDE4A,0.2814317775193228,0.2814317775193228,1.0,100.0,MINIMAL,optimal,1,PDE1
26279_AT1,PLA2G2D,0.2814317775193228,0.2814317775193228,1.0,100.0,MINIMAL,optimal,1,PLA2_2e
81579_AT1,PLA2G12A,0.2814317775193228,0.2814317775193228,1.0,100.0,MINIMAL,optimal,1,PLA2_2e
5142_AT1,PDE4B,0.2814317775193228,0.2814317775193228,1.0,100.0,MINIMAL,optimal,1,PDE1
5136_AT1,PDE1A,0.2814317775193228,0.2814317775193228,1.0,100.0,MINIMAL,optimal,2,PDE1;PDE4
64600_AT1,PLA2G2F,0.2814317775193228,0.2814317775193228,1.0,100.0,MINIMAL,optimal,1,PLA2_2e
5322_AT1,PLA2G5,0.2814317775193228,0.2814317775193228,1.0,100.0,MINIMAL,optimal,1,PLA2_2e
50940_AT1,PDE11A,0.2814317775193228,0.2814317775193228,1.0,100.0,MINIMAL,optimal,2,PDE1;PDE4
30814_AT1,PLA2G2E,0.2814317775193228,0.2814317775193228,1.0,100.0,MINIMAL,optimal,1,PLA2_2e
8398_AT2,PLA2G6,0.2814317775193228,0.2814317775193228,1.0,100.0,MINIMAL,optimal,1,PLA2_2
5320_AT1,PLA2G2A,0.2814317775193228,0.2814317775193228,1.0,100.0,MINIMAL,optimal,2,PLA2_2;PLA2_2e
5138_AT1,PDE2A,0.2814317775193228,0.2814317775193228,1.0,100.0,MINIMAL,optimal,2,PDE1;PDE4
8622_AT1,PDE8B,0.2814317775193228,0.2814317775193228,1.0,100.0,MINIMAL,optimal,1,PDE1
5153_AT1,PDE1B,0.2814317775193228,0.2814317775193228,1.0,100.0,MINIMAL,optimal,2,PDE1;PDE4
8654_AT3,PDE5A,0.2814317775193228,0.2814317775193228,1.0,100.0,MINIMAL,optimal,1,PDE4
5152_AT10,PDE9A,0.2814317775193228,0.2814317775193228,1.0,100.0,MINIMAL,optimal,1,PDE4
5152_AT3,PDE9A,0.2814317775193228,0.2814317775193228,1.0,100.0,MINIMAL,optimal,1,PDE4
5152_AT6,PDE9A,0.2814317775193228,0.2814317775193228,1.0,100.0,MINIMAL,optimal,1,PDE4
5152_AT13,PDE9A,0.2814317775193228,0.2814317775193228,1.0,100.0,MINIMAL,optimal,1,PDE4
5152_AT16,PDE9A,0.2814317775193228,0.2814317775193228,1.0,100.0,MINIMAL,optimal,1,PDE4
5145_AT1,PDE6A,0.2814317775193228,0.2814317775193228,1.0,100.0,MINIMAL,optimal,1,PDE4
5152_AT17,PDE9A,0.2814317775193228,0.2814317775193228,1.0,100.0,MINIMAL,optimal,1,PDE4
5152_AT20,PDE9A,0.2814317775193228,0.2814317775193228,1.0,100.0,MINIMAL,optimal,1,PDE4
8654_AT2,PDE5A,0.2814317775193228,0.2814317775193228,1.0,100.0,MINIMAL,optimal,1,PDE4
5152_AT7,PDE9A,0.2814317775193228,0.2814317775193228,1.0,100.0,MINIMAL,optimal,1,PDE4
53354_AT2,PANK1,0.2814317775193228,0.2814317775193228,1.0,100.0,MINIMAL,optimal,1,PNTK
5152_AT4,PDE9A,0.2814317775193228,0.2814317775193228,1.0,100.0,MINIMAL,optimal,1,PDE4
5149_AT1,PDE6H,0.2814317775193228,0.2814317775193228,1.0,100.0,MINIMAL,optimal,1,PDE4
5152_AT12,PDE9A,0.2814317775193228,0.2814317775193228,1.0,100.0,MINIMAL,optimal,1,PDE4
5152_AT19,PDE9A,0.2814317775193228,0.2814317775193228,1.0,100.0,MINIMAL,optimal,1,PDE4
8654_AT1,PDE5A,0.2814317775193228,0.2814317775193228,1.0,100.0,MINIMAL,optimal,1,PDE4
5147_AT1,PDE6D,0.2814317775193228,0.2814317775193228,1.0,100.0,MINIMAL,optimal,1,PDE4
5146_AT1,PDE6C,0.2814317775193228,0.2814317775193228,1.0,100.0,MINIMAL,optimal,1,PDE4
5152_AT15,PDE9A,0.2814317775193228,0.2814317775193228,1.0,100.0,MINIMAL,optimal,1,PDE4
5158_AT1,PDE6B,0.2814317775193228,0.2814317775193228,1.0,100.0,MINIMAL,optimal,1,PDE4
5148_AT1,PDE6G,0.2814317775193228,0.2814317775193228,1.0,100.0,MINIMAL,optimal,1,PDE4
5150_AT1,PDE7A,0.2814317775193228,0.2814317775193228,1.0,100.0,MINIMAL,optimal,1,PDE1
4353_AT1,MPO,0.2814317775193228,0.2814317775193228,1.0,100.0,MINIMAL,optimal,1,PRDXl
5198_AT1,PFAS,0.2814317775193228,0.2814317775193228,1.0,100.0,MINIMAL,optimal,1,PRFGS
7298_AT1,TYMS,0.2814317775193228,0.2814317775193228,1.0,100.0,MINIMAL,optimal,1,TMDS
1890_AT1,TYMP,0.2814317775193228,0.2814317775193228,1.0,100.0,MINIMAL,optimal,1,TMDPP
27010_AT1,TPK1,0.2814317775193228,0.2814317775193228,1.0,100.0,MINIMAL,optimal,1,TMDPK
7086_AT1,TKT,0.2814317775193228,0.2814317775193228,1.0,100.0,MINIMAL,optimal,2,TKT2;TKT1
84076_AT1,TKTL2,0.2814317775193228,0.2814317775193228,1.0,100.0,MINIMAL,optimal,2,TKT2;TKT1
8277_AT1,TKTL1,0.2814317775193228,0.2814317775193228,1.0,100.0,MINIMAL,optimal,2,TKT2;TKT1
6567_AT1,SLC16A2,0.2814317775193228,0.2814317775193228,1.0,100.0,MINIMAL,optimal,2,TRIODTHYt2;THYOXt2
10560_AT1,SLC19A2,0.2814317775193228,0.2814317775193228,1.0,100.0,MINIMAL,optimal,1,THMt3
79178_AT1,THTPA,0.2814317775193228,0.2814317775193228,1.0,100.0,MINIMAL,optimal,1,THMTP
23530_AT1,NNT,0.2814317775193228,0.2814317775193228,1.0,100.0,MINIMAL,optimal,1,THD1m
23530_AT2,NNT,0.2814317775193228,0.2814317775193228,1.0,100.0,MINIMAL,optimal,1,THD1m
5092_AT1,PCBD1,0.2814317775193228,0.2814317775193228,1.0,100.0,MINIMAL,optimal,1,THBPT4ACAMDASE
5092_AT2,PCBD1,0.2814317775193228,0.2814317775193228,1.0,100.0,MINIMAL,optimal,1,THBPT4ACAMDASE
6533_AT1,SLC6A6,0.2814317775193228,0.2814317775193228,1.0,100.0,MINIMAL,optimal,2,TAURt4_2_r;TAURtcx
6888_AT1,TALDO1,0.2814317775193228,0.2814317775193228,1.0,100.0,MINIMAL,optimal,1,TALA
6821_AT1,SUOX,0.2814317775193228,0.2814317775193228,1.0,100.0,MINIMAL,optimal,1,SULFOX
6391_AT1,SDHC,0.2814317775193228,0.2814317775193228,1.0,100.0,MINIMAL,optimal,1,SUCD1m
7167_AT1,TPI1,0.2814317775193228,0.2814317775193228,1.0,100.0,MINIMAL,optimal,1,TPI
286016_AT1,286016_AT1,0.2814317775193228,0.2814317775193228,1.0,100.0,MINIMAL,optimal,1,TPI
7296_AT2,TXNRD1,0.2814317775193228,0.2814317775193228,1.0,100.0,MINIMAL,optimal,1,TRDR
7296_AT1,TXNRD1,0.2814317775193228,0.2814317775193228,1.0,100.0,MINIMAL,optimal,1,TRDR
144193_AT1,G_144193_AT1,0.2814317775193228,0.2814317775193228,1.0,100.0,MINIMAL,optimal,1,IZPN
125061_AT1,G_125061_AT1,0.2814317775193228,0.2814317775193228,1.0,100.0,MINIMAL,optimal,1,FKYNH
51071_AT1,G_51071_AT1,0.2814317775193228,0.2814317775193228,1.0,100.0,MINIMAL,optimal,1,DRPA
51205_AT1,G_51205_AT1,0.2814317775193228,0.2814317775193228,1.0,100.0,MINIMAL,optimal,1,ACNAMPH
54_AT1,G_54_AT1,0.2814317775193228,0.2814317775193228,1.0,100.0,MINIMAL,optimal,1,ACNAMPH
140838_AT1,G_140838_AT1,0.2814317775193228,0.2814317775193228,1.0,100.0,MINIMAL,optimal,1,ACNAMPH
129607_AT1,G_129607_AT1,0.2814317775193228,0.2814317775193228,1.0,100.0,MINIMAL,optimal,1,CYTK1m
2582_AT2,GALE,0.2814317775193228,0.2814317775193228,1.0,100.0,MINIMAL,optimal,1,UDPG4E
6392_AT1,SDHD,0.2814317775193228,0.2814317775193228,1.0,100.0,MINIMAL,optimal,1,SUCD1m
2582_AT1,GALE,0.2814317775193228,0.2814317775193228,1.0,100.0,MINIMAL,optimal,1,UDPG4E
7054_AT2,TH,0.2814317775193228,0.2814317775193228,1.0,100.0,MINIMAL,optimal,1,TYR3MO2
7054_AT1,TH,0.2814317775193228,0.2814317775193228,1.0,100.0,MINIMAL,optimal,1,TYR3MO2
6916_AT1,TBXAS1,0.2814317775193228,0.2814317775193228,1.0,100.0,MINIMAL,optimal,1,TXASr
6999_AT1,TDO2,0.2814317775193228,0.2814317775193228,1.0,100.0,MINIMAL,optimal,1,TRPO2
7166_AT1,TPH1,0.2814317775193228,0.2814317775193228,1.0,100.0,MINIMAL,optimal,1,TRPHYDRO2
121278_AT1,TPH2,0.2814317775193228,0.2814317775193228,1.0,100.0,MINIMAL,optimal,1,TRPHYDRO2
7296_AT3,TXNRD1,0.2814317775193228,0.2814317775193228,1.0,100.0,MINIMAL,optimal,1,TRDR
7296_AT4,TXNRD1,0.2814317775193228,0.2814317775193228,1.0,100.0,MINIMAL,optimal,1,TRDR
7054_AT3,TH,0.2814317775193228,0.2814317775193228,1.0,100.0,MINIMAL,optimal,1,TYR3MO2
6342_AT1,SCP2,0.2814317775193228,0.2814317775193228,1.0,100.0,MINIMAL,optimal,3,SCP3x;SCPx;SCP2x
6390_AT1,SDHB,0.2814317775193228,0.2814317775193228,1.0,100.0,MINIMAL,optimal,1,SUCD1m
412_AT1,STS,0.2814317775193228,0.2814317775193228,1.0,100.0,MINIMAL,optimal,4,STS2;STS1;STS3;STS4
8879_AT1,SGPL1,0.2814317775193228,0.2814317775193228,1.0,100.0,MINIMAL,optimal,1,SGPL12r
2098_AT1,ESD,0.2814317775193228,0.2814317775193228,1.0,100.0,MINIMAL,optimal,1,SFGTHi
54490_AT1,UGT2B28,0.2814317775193228,0.2814317775193228,1.0,100.0,MINIMAL,optimal,1,UGT1A9r
5631_AT1,PRPS1,0.2814317775193228,0.2814317775193228,1.0,100.0,MINIMAL,optimal,1,PRPPS
221823_AT2,PRPS1L1,0.2814317775193228,0.2814317775193228,1.0,100.0,MINIMAL,optimal,1,PRPPS
5634_AT1,PRPS2,0.2814317775193228,0.2814317775193228,1.0,100.0,MINIMAL,optimal,1,PRPPS
54575_AT1,UGT1A10,0.2814317775193228,0.2814317775193228,1.0,100.0,MINIMAL,optimal,5,UGT1A1r;UGT1A5r;UGT1A5r2;UGT1A6r;UGT1A2r
54576_AT1,UGT1A8,0.2814317775193228,0.2814317775193228,1.0,100.0,MINIMAL,optimal,6,UGT1A10r;UGT1A1r;UGT1A5r;UGT1A5r2;UGT1A6r;UGT1A2r
7357_AT1,UGCG,0.2814317775193228,0.2814317775193228,1.0,100.0,MINIMAL,optimal,1,UGCG
6534_AT1,SLC6A7,0.2814317775193228,0.2814317775193228,1.0,100.0,MINIMAL,optimal,1,PROt4_2_r
6580_AT1,SLC22A1,0.2814317775193228,0.2814317775193228,1.0,100.0,MINIMAL,optimal,3,PROSTGF2t;PROSTGE2t2;SRTNtu
6578_AT1,SLCO2A1,0.2814317775193228,0.2814317775193228,1.0,100.0,MINIMAL,optimal,3,PROSTGE2t;PROSTGE1t;PROSTGD2t
10993_AT1,SDS,0.2814317775193228,0.2814317775193228,1.0,100.0,MINIMAL,optimal,3,SERHL;2AMACHYD;THRD_L
58510_AT1,PRODH2,0.2814317775193228,0.2814317775193228,1.0,100.0,MINIMAL,optimal,2,PROD2;PRO1x
23169_AT1,SLC35D1,0.2814317775193228,0.2814317775193228,1.0,100.0,MINIMAL,optimal,1,UDPGLCAter
7358_AT1,UGDH,0.2814317775193228,0.2814317775193228,1.0,100.0,MINIMAL,optimal,1,UDPGD
6820_AT2,SULT2B1,0.2814317775193228,0.2814317775193228,1.0,100.0,MINIMAL,optimal,1,PRGNLONESULT
221823_AT1,PRPS1L1,0.2814317775193228,0.2814317775193228,1.0,100.0,MINIMAL,optimal,1,PRPPS
23761_AT1,PISD,0.2814317775193228,0.2814317775193228,1.0,100.0,MINIMAL,optimal,1,PSDm_hs
56848_AT1,SPHK2,0.2814317775193228,0.2814317775193228,1.0,100.0,MINIMAL,optimal,2,SLCBK1;SPHK21c
7390_AT1,UROS,0.2814317775193228,0.2814317775193228,1.0,100.0,MINIMAL,optimal,1,UPP3S
6532_AT1,SLC6A4,0.2814317775193228,0.2814317775193228,1.0,100.0,MINIMAL,optimal,1,SRTNt6_2_r
6611_AT1,SMS,0.2814317775193228,0.2814317775193228,1.0,100.0,MINIMAL,optimal,1,SPRMS
6648_AT1,SOD2,0.2814317775193228,0.2814317775193228,1.0,100.0,MINIMAL,optimal,1,SPODMm
51181_AT1,DCXR,0.2814317775193228,0.2814317775193228,1.0,100.0,MINIMAL,optimal,1,XYLUR
6649_AT1,SOD3,0.2814317775193228,0.2814317775193228,1.0,100.0,MINIMAL,optimal,1,SPODMe
6647_AT1,SOD1,0.2814317775193228,0.2814317775193228,1.0,100.0,MINIMAL,optimal,3,SPODMn;SPODMx;SPODM
6723_AT1,SRM,0.2814317775193228,0.2814317775193228,1.0,100.0,MINIMAL,optimal,1,SPMS
6646_AT1,SOAT1,0.2814317775193228,0.2814317775193228,1.0,100.0,MINIMAL,optimal,2,SOAT12;SOAT11
6389_AT1,SDHA,0.2814317775193228,0.2814317775193228,1.0,100.0,MINIMAL,optimal,1,SUCD1m
9942_AT1,XYLB,0.2814317775193228,0.2814317775193228,1.0,100.0,MINIMAL,optimal,1,XYLK
7498_AT1,XDH,0.2814317775193228,0.2814317775193228,1.0,100.0,MINIMAL,optimal,3,XAO2x;XANDp;XAOx
284129_AT1,SLC26A11,0.2814317775193228,0.2814317775193228,1.0,100.0,MINIMAL,optimal,1,SO4HCOtex
6563_AT1,SLC14A1,0.2814317775193228,0.2814317775193228,1.0,100.0,MINIMAL,optimal,1,UREAt
55512_AT2,SMPD3,0.2814317775193228,0.2814317775193228,1.0,100.0,MINIMAL,optimal,1,SMPD3l
8170_AT1,SLC14A2,0.2814317775193228,0.2814317775193228,1.0,100.0,MINIMAL,optimal,1,UREAt
131669_AT1,UROC1,0.2814317775193228,0.2814317775193228,1.0,100.0,MINIMAL,optimal,1,URCN
55512_AT1,SMPD3,0.2814317775193228,0.2814317775193228,1.0,100.0,MINIMAL,optimal,1,SMPD3l
7389_AT1,UROD,0.2814317775193228,0.2814317775193228,1.0,100.0,MINIMAL,optimal,1,UPPDC1
26266_AT1,SLC13A4,0.2814317775193228,0.2814317775193228,1.0,100.0,MINIMAL,optimal,1,SO4t4_2
477_AT1,ATP1A2,0.2814317775193228,0.2814317775193228,1.0,100.0,MINIMAL,optimal,1,NaKt
8398_AT1,PLA2G6,0.2814317775193228,0.2814317775193228,1.0,100.0,MINIMAL,optimal,1,PLA2_2
5140_AT1,PDE3B,0.2814317775193228,0.2814317775193228,1.0,100.0,MINIMAL,optimal,2,PDE1;PDE4
4952_AT1,OCRL,0.2814317775193228,0.2814317775193228,1.0,100.0,MINIMAL,optimal,1,PI45P5P
4952_AT2,OCRL,0.2814317775193228,0.2814317775193228,1.0,100.0,MINIMAL,optimal,1,PI45P5P
29968_AT1,PSAT1,0.2814317775193228,0.2814317775193228,1.0,100.0,MINIMAL,optimal,1,PSERT
23533_AT1,PIK3R5,0.2814317775193228,0.2814317775193228,1.0,100.0,MINIMAL,optimal,4,PIK3;PI45P3K;PI4P3K;PI5P3K
6550_AT1,SLC9A3,0.2814317775193228,0.2814317775193228,1.0,100.0,MINIMAL,optimal,2,NAt3_1;NAt5
1553_AT1,CYP2A13,0.2814317775193228,0.2814317775193228,1.0,100.0,MINIMAL,optimal,1,P4502A6
5290_AT1,PIK3CA,0.2814317775193228,0.2814317775193228,1.0,100.0,MINIMAL,optimal,4,PIK3;PI45P3K;PI4P3K;PI5P3K
6528_AT1,SLC5A5,0.2814317775193228,0.2814317775193228,1.0,100.0,MINIMAL,optimal,3,UREAt;NAt;NAIt
10870_AT1,HCST,0.2814317775193228,0.2814317775193228,1.0,100.0,MINIMAL,optimal,4,PIK3;PI45P3K;PI4P3K;PI5P3K
57282_AT1,SLC4A10,0.2814317775193228,0.2814317775193228,1.0,100.0,MINIMAL,optimal,1,NAHCO3_HCLt
9498_AT1,SLC4A8,0.2814317775193228,0.2814317775193228,1.0,100.0,MINIMAL,optimal,1,NAHCO3_HCLt
5295_AT1,PIK3R1,0.2814317775193228,0.2814317775193228,1.0,100.0,MINIMAL,optimal,4,PIK3;PI45P3K;PI4P3K;PI5P3K
5291_AT1,PIK3CB,0.2814317775193228,0.2814317775193228,1.0,100.0,MINIMAL,optimal,4,PIK3;PI45P3K;PI4P3K;PI5P3K
1548_AT1,CYP2A6,0.2814317775193228,0.2814317775193228,1.0,100.0,MINIMAL,optimal,1,P4502A6
1593_AT1,CYP27A1,0.2814317775193228,0.2814317775193228,1.0,100.0,MINIMAL,optimal,7,P45027A11m;P45027A15m;P45027A14m;P45027A13m;P45027A16m;P45027A12m;VITD3Hm
5295_AT2,PIK3R1,0.2814317775193228,0.2814317775193228,1.0,100.0,MINIMAL,optimal,4,PIK3;PI45P3K;PI4P3K;PI5P3K
55191_AT1,NADSYN1,0.2814317775193228,0.2814317775193228,1.0,100.0,MINIMAL,optimal,1,NADS2
5332_AT2,PLCB4,0.2814317775193228,0.2814317775193228,1.0,100.0,MINIMAL,optimal,3,PI45PLC;PIPLC;PI4PLC
23236_AT1,PLCB1,0.2814317775193228,0.2814317775193228,1.0,100.0,MINIMAL,optimal,3,PI45PLC;PIPLC;PI4PLC
1562_AT1,CYP2C18,0.2814317775193228,0.2814317775193228,1.0,100.0,MINIMAL,optimal,1,P4502C18
1559_AT1,CYP2C9,0.2814317775193228,0.2814317775193228,1.0,100.0,MINIMAL,optimal,4,P4502C94;P4502C9;P4502C92;P4502C93
51196_AT1,PLCE1,0.2814317775193228,0.2814317775193228,1.0,100.0,MINIMAL,optimal,3,PI45PLC;PIPLC;PI4PLC
5333_AT1,PLCD1,0.2814317775193228,0.2814317775193228,1.0,100.0,MINIMAL,optimal,3,PI45PLC;PIPLC;PI4PLC
84812_AT1,PLCD4,0.2814317775193228,0.2814317775193228,1.0,100.0,MINIMAL,optimal,3,PI45PLC;PIPLC;PI4PLC
5335_AT2,PLCG1,0.2814317775193228,0.2814317775193228,1.0,100.0,MINIMAL,optimal,3,PI45PLC;PIPLC;PI4PLC
10965_AT1,ACOT2,0.2814317775193228,0.2814317775193228,1.0,100.0,MINIMAL,optimal,1,PTE3x
81490_AT1,PTDSS2,0.2814317775193228,0.2814317775193228,1.0,100.0,MINIMAL,optimal,1,PSSA2_hs
51302_AT1,CYP39A1,0.2814317775193228,0.2814317775193228,1.0,100.0,MINIMAL,optimal,1,P45039A1r
5334_AT1,PLCL1,0.2814317775193228,0.2814317775193228,1.0,100.0,MINIMAL,optimal,3,PI45PLC;PIPLC;PI4PLC
5296_AT1,PIK3R2,0.2814317775193228,0.2814317775193228,1.0,100.0,MINIMAL,optimal,4,PIK3;PI45P3K;PI4P3K;PI5P3K
89869_AT1,PLCZ1,0.2814317775193228,0.2814317775193228,1.0,100.0,MINIMAL,optimal,3,PI45PLC;PIPLC;PI4PLC
257068_AT1,PLCXD2,0.2814317775193228,0.2814317775193228,1.0,100.0,MINIMAL,optimal,3,PI45PLC;PIPLC;PI4PLC
5723_AT1,PSPH,0.2814317775193228,0.2814317775193228,1.0,100.0,MINIMAL,optimal,1,PSP_L
8781_AT1,8781_AT1,0.2814317775193228,0.2814317775193228,1.0,100.0,MINIMAL,optimal,1,PSP_L
5335_AT1,PLCG1,0.2814317775193228,0.2814317775193228,1.0,100.0,MINIMAL,optimal,3,PI45PLC;PIPLC;PI4PLC
5336_AT1,PLCG2,0.2814317775193228,0.2814317775193228,1.0,100.0,MINIMAL,optimal,3,PI45PLC;PIPLC;PI4PLC
1572_AT1,CYP2F1,0.2814317775193228,0.2814317775193228,1.0,100.0,MINIMAL,optimal,1,P4502F1
1565_AT1,CYP2D6,0.2814317775193228,0.2814317775193228,1.0,100.0,MINIMAL,optimal,1,P4502D6
29968_AT2,PSAT1,0.2814317775193228,0.2814317775193228,1.0,100.0,MINIMAL,optimal,1,PSERT
9791_AT1,PTDSS1,0.2814317775193228,0.2814317775193228,1.0,100.0,MINIMAL,optimal,1,PSSA1_hs
5330_AT1,PLCB2,0.2814317775193228,0.2814317775193228,1.0,100.0,MINIMAL,optimal,3,PI45PLC;PIPLC;PI4PLC
5293_AT1,PIK3CD,0.2814317775193228,0.2814317775193228,1.0,100.0,MINIMAL,optimal,4,PIK3;PI45P3K;PI4P3K;PI5P3K
5294_AT1,PIK3CG,0.2814317775193228,0.2814317775193228,1.0,100.0,MINIMAL,optimal,4,PIK3;PI45P3K;PI4P3K;PI5P3K
593_AT1,BCKDHA,0.2814317775193228,0.2814317775193228,1.0,100.0,MINIMAL,optimal,3,OIVD1m;OIVD2m;OIVD3m
64064_AT1,OXCT2,0.2814317775193228,0.2814317775193228,1.0,100.0,MINIMAL,optimal,1,OCOAT1m
5019_AT1,OXCT1,0.2814317775193228,0.2814317775193228,1.0,100.0,MINIMAL,optimal,1,OCOAT1m
5053_AT1,PAH,0.2814317775193228,0.2814317775193228,1.0,100.0,MINIMAL,optimal,1,PHETHPTOX2
5009_AT1,OTC,0.2814317775193228,0.2814317775193228,1.0,100.0,MINIMAL,optimal,1,OCBTm
5743_AT1,PTGS2,0.2814317775193228,0.2814317775193228,1.0,100.0,MINIMAL,optimal,2,PGSr;PGS
5742_AT1,PTGS1,0.2814317775193228,0.2814317775193228,1.0,100.0,MINIMAL,optimal,2,PGSr;PGS
483_AT1,ATP1B3,0.2814317775193228,0.2814317775193228,1.0,100.0,MINIMAL,optimal,1,NaKt
482_AT1,ATP1B2,0.2814317775193228,0.2814317775193228,1.0,100.0,MINIMAL,optimal,1,NaKt
480_AT1,ATP1A4,0.2814317775193228,0.2814317775193228,1.0,100.0,MINIMAL,optimal,1,NaKt
9489_AT1,PGS1,0.2814317775193228,0.2814317775193228,1.0,100.0,MINIMAL,optimal,1,PGPPT
28232_AT1,SLCO3A1,0.2814317775193228,0.2814317775193228,1.0,100.0,MINIMAL,optimal,2,ESTRONESt;PROSTGE2t
5236_AT1,PGM1,0.2814317775193228,0.2814317775193228,1.0,100.0,MINIMAL,optimal,2,PPM;PGMT
478_AT1,ATP1A3,0.2814317775193228,0.2814317775193228,1.0,100.0,MINIMAL,optimal,1,NaKt
23439_AT1,ATP1B4,0.2814317775193228,0.2814317775193228,1.0,100.0,MINIMAL,optimal,1,NaKt
476_AT1,ATP1A1,0.2814317775193228,0.2814317775193228,1.0,100.0,MINIMAL,optimal,1,NaKt
25796_AT1,PGLS,0.2814317775193228,0.2814317775193228,1.0,100.0,MINIMAL,optimal,1,PGL
5728_AT1,PTEN,0.2814317775193228,0.2814317775193228,1.0,100.0,MINIMAL,optimal,2,PI345P3Pn;PI345P3P
8871_AT1,SYNJ2,0.2814317775193228,0.2814317775193228,1.0,100.0,MINIMAL,optimal,2,PI45P5P;PI345P5P
594_AT2,BCKDHB,0.2814317775193228,0.2814317775193228,1.0,100.0,MINIMAL,optimal,3,OIVD1m;OIVD2m;OIVD3m
594_AT1,BCKDHB,0.2814317775193228,0.2814317775193228,1.0,100.0,MINIMAL,optimal,3,OIVD1m;OIVD2m;OIVD3m
10861_AT3,SLC26A1,0.2814317775193228,0.2814317775193228,1.0,100.0,MINIMAL,optimal,2,SO4HCOtex;OXAHCOtex
10861_AT2,SLC26A1,0.2814317775193228,0.2814317775193228,1.0,100.0,MINIMAL,optimal,2,SO4HCOtex;OXAHCOtex
8503_AT1,PIK3R3,0.2814317775193228,0.2814317775193228,1.0,100.0,MINIMAL,optimal,4,PIK3;PI45P3K;PI4P3K;PI5P3K
5297_AT1,PI4KA,0.2814317775193228,0.2814317775193228,1.0,100.0,MINIMAL,optimal,3,PI3P4K;PI5P4K;PIK4
55361_AT1,PI4K2A,0.2814317775193228,0.2814317775193228,1.0,100.0,MINIMAL,optimal,3,PI3P4K;PI5P4K;PIK4
10861_AT1,SLC26A1,0.2814317775193228,0.2814317775193228,1.0,100.0,MINIMAL,optimal,2,SO4HCOtex;OXAHCOtex
4942_AT1,OAT,0.2814317775193228,0.2814317775193228,1.0,100.0,MINIMAL,optimal,1,ORNTArm
5298_AT1,PI4KB,0.2814317775193228,0.2814317775193228,1.0,100.0,MINIMAL,optimal,3,PI3P4K;PI5P4K;PIK4
5295_AT3,PIK3R1,0.2814317775193228,0.2814317775193228,1.0,100.0,MINIMAL,optimal,4,PIK3;PI45P3K;PI4P3K;PI5P3K
8897_AT2,MTMR3,0.2814317775193228,0.2814317775193228,1.0,100.0,MINIMAL,optimal,2,PI3PP;PI35P3P
4953_AT1,ODC1,0.2814317775193228,0.2814317775193228,1.0,100.0,MINIMAL,optimal,1,ORNDC
26873_AT1,OPLAH,0.2814317775193228,0.2814317775193228,1.0,100.0,MINIMAL,optimal,1,OPAH
8897_AT1,MTMR3,0.2814317775193228,0.2814317775193228,1.0,100.0,MINIMAL,optimal,2,PI3PP;PI35P3P
8395_AT1,PIP5K1B,0.2814317775193228,0.2814317775193228,1.0,100.0,MINIMAL,optimal,5,PI3P4K;PI4P5K;PI3P5K;PIK5;PI34P5K
7372_AT1,UMPS,0.2814317775193228,0.2814317775193228,1.0,100.0,MINIMAL,optimal,2,OMPDC;ORPT
1629_AT1,DBT,0.2814317775193228,0.2814317775193228,1.0,100.0,MINIMAL,optimal,3,OIVD1m;OIVD2m;OIVD3m
23396_AT1,PIP5K1C,0.2814317775193228,0.2814317775193228,1.0,100.0,MINIMAL,optimal,5,PI3P4K;PI4P5K;PI3P5K;PIK5;PI34P5K
8394_AT1,PIP5K1A,0.2814317775193228,0.2814317775193228,1.0,100.0,MINIMAL,optimal,5,PI3P4K;PI4P5K;PI3P5K;PIK5;PI34P5K
8897_AT3,MTMR3,0.2814317775193228,0.2814317775193228,1.0,100.0,MINIMAL,optimal,2,PI3PP;PI35P3P
5151_AT4,PDE8A,0.2814317775193228,0.2814317775193228,1.0,100.0,MINIMAL,optimal,1,PDE1
5331_AT1,PLCB3,0.2814317775193228,0.2814317775193228,1.0,100.0,MINIMAL,optimal,3,PI45PLC;PIPLC;PI4PLC
5332_AT1,PLCB4,0.2814317775193228,0.2814317775193228,1.0,100.0,MINIMAL,optimal,3,PI45PLC;PIPLC;PI4PLC
54981_AT1,NMRK1,0.2814317775193228,0.2814317775193228,1.0,100.0,MINIMAL,optimal,1,RNMK
5250_AT3,SLC25A3,0.2814317775193228,0.2814317775193228,1.0,100.0,MINIMAL,optimal,1,PIt2m
6241_AT1,RRM2,0.2814317775193228,0.2814317775193228,1.0,100.0,MINIMAL,optimal,4,RNDR4;RNDR1;RNDR2;RNDR3
5250_AT1,SLC25A3,0.2814317775193228,0.2814317775193228,1.0,100.0,MINIMAL,optimal,1,PIt2m
6240_AT1,RRM1,0.2814317775193228,0.2814317775193228,1.0,100.0,MINIMAL,optimal,4,RNDR4;RNDR1;RNDR2;RNDR3
5140_AT2,PDE3B,0.2814317775193228,0.2814317775193228,1.0,100.0,MINIMAL,optimal,2,PDE1;PDE4
8228_AT1,PNPLA4,0.2814317775193228,0.2814317775193228,1.0,100.0,MINIMAL,optimal,1,RETH
145226_AT1,RDH12,0.2814317775193228,0.2814317775193228,1.0,100.0,MINIMAL,optimal,3,RDH1a;RDH2a;RDH3a
50700_AT1,RDH8,0.2814317775193228,0.2814317775193228,1.0,100.0,MINIMAL,optimal,2,RDH1a;RDH2a
157506_AT1,RDH10,0.2814317775193228,0.2814317775193228,1.0,100.0,MINIMAL,optimal,1,RDH1a
5091_AT2,PC,0.2814317775193228,0.2814317775193228,1.0,100.0,MINIMAL,optimal,1,PCm
112724_AT1,RDH13,0.2814317775193228,0.2814317775193228,1.0,100.0,MINIMAL,optimal,3,RDH1a;RDH2a;RDH3a
5091_AT1,PC,0.2814317775193228,0.2814317775193228,1.0,100.0,MINIMAL,optimal,1,PCm
51109_AT1,RDH11,0.2814317775193228,0.2814317775193228,1.0,100.0,MINIMAL,optimal,3,RDH1a;RDH2a;RDH3a
195814_AT1,SDR16C5,0.2814317775193228,0.2814317775193228,1.0,100.0,MINIMAL,optimal,3,RDH1a;RDH2a;RDH3a
57665_AT1,RDH14,0.2814317775193228,0.2814317775193228,1.0,100.0,MINIMAL,optimal,3,RDH1a;RDH2a;RDH3a
5959_AT1,RDH5,0.2814317775193228,0.2814317775193228,1.0,100.0,MINIMAL,optimal,4,RDH4;RDH3;RDH2;RDH1
5250_AT4,SLC25A3,0.2814317775193228,0.2814317775193228,1.0,100.0,MINIMAL,optimal,1,PIt2m
5250_AT2,SLC25A3,0.2814317775193228,0.2814317775193228,1.0,100.0,MINIMAL,optimal,1,PIt2m
6569_AT1,SLC34A1,0.2814317775193228,0.2814317775193228,1.0,100.0,MINIMAL,optimal,1,PIt7_copy1
5136_AT2,PDE1A,0.2814317775193228,0.2814317775193228,1.0,100.0,MINIMAL,optimal,2,PDE1;PDE4
142680_AT1,SLC34A3,0.2814317775193228,0.2814317775193228,1.0,100.0,MINIMAL,optimal,1,PIt9
10846_AT1,PDE10A,0.2814317775193228,0.2814317775193228,1.0,100.0,MINIMAL,optimal,2,PDE1;PDE4
5151_AT5,PDE8A,0.2814317775193228,0.2814317775193228,1.0,100.0,MINIMAL,optimal,1,PDE1
27115_AT1,PDE7B,0.2814317775193228,0.2814317775193228,1.0,100.0,MINIMAL,optimal,1,PDE1
5150_AT2,PDE7A,0.2814317775193228,0.2814317775193228,1.0,100.0,MINIMAL,optimal,1,PDE1
5151_AT2,PDE8A,0.2814317775193228,0.2814317775193228,1.0,100.0,MINIMAL,optimal,1,PDE1
5139_AT1,PDE3A,0.2814317775193228,0.2814317775193228,1.0,100.0,MINIMAL,optimal,2,PDE1;PDE4
5143_AT1,PDE4C,0.2814317775193228,0.2814317775193228,1.0,100.0,MINIMAL,optimal,1,PDE1
8608_AT1,RDH16,0.2814317775193228,0.2814317775193228,1.0,100.0,MINIMAL,optimal,1,RDH1
5151_AT1,PDE8A,0.2814317775193228,0.2814317775193228,1.0,100.0,MINIMAL,optimal,1,PDE1
6574_AT1,SLC20A1,0.2814317775193228,0.2814317775193228,1.0,100.0,MINIMAL,optimal,1,PIt8
10246_AT1,SLC17A2,0.2814317775193228,0.2814317775193228,1.0,100.0,MINIMAL,optimal,1,PIt7_copy2
10786_AT1,SLC17A3,0.2814317775193228,0.2814317775193228,1.0,100.0,MINIMAL,optimal,1,PIt7_copy2
10050_AT1,SLC17A4,0.2814317775193228,0.2814317775193228,1.0,100.0,MINIMAL,optimal,1,PIt7_copy2
6568_AT1,SLC17A1,0.2814317775193228,0.2814317775193228,1.0,100.0,MINIMAL,optimal,1,PIt7_copy2
22934_AT1,RPIA,0.2814317775193228,0.2814317775193228,1.0,100.0,MINIMAL,optimal,1,RPI
10568_AT1,SLC34A2,0.2814317775193228,0.2814317775193228,1.0,100.0,MINIMAL,optimal,1,PIt7_copy1
5137_AT1,PDE1C,0.2814317775193228,0.2814317775193228,1.0,100.0,MINIMAL,optimal,2,PDE1;PDE4
6575_AT1,SLC20A2,0.2814317775193228,0.2814317775193228,1.0,100.0,MINIMAL,optimal,1,PIt8
1577_AT1,CYP3A5,0.2814317775193228,0.2814317775193228,1.0,100.0,MINIMAL,optimal,1,P4503A5
5337_AT1,PLD1,0.2814317775193228,0.2814317775193228,1.0,100.0,MINIMAL,optimal,1,PCHOLPm_hs
55312_AT1,RFK,0.2814317775193228,0.2814317775193228,1.0,100.0,MINIMAL,optimal,1,RBFK
29920_AT1,PYCR2,0.2814317775193228,0.2814317775193228,1.0,100.0,MINIMAL,optimal,2,P5CRx;P5CR
5315_AT2,PKM,0.2814317775193228,0.2814317775193228,1.0,100.0,MINIMAL,optimal,1,PYK
5286_AT1,PIK3C2A,0.2814317775193228,0.2814317775193228,1.0,100.0,MINIMAL,optimal,3,PIK3;PI4P3K;PI5P3K
113452_AT1,TMEM54,0.2814317775193228,0.2814317775193228,1.0,100.0,MINIMAL,optimal,1,PYK
65263_AT1,PYCRL,0.2814317775193228,0.2814317775193228,1.0,100.0,MINIMAL,optimal,2,P5CRx;P5CR
1582_AT1,CYP8B1,0.2814317775193228,0.2814317775193228,1.0,100.0,MINIMAL,optimal,2,P4508B13r;P4508B11r
5288_AT1,PIK3C2G,0.2814317775193228,0.2814317775193228,1.0,100.0,MINIMAL,optimal,3,PIK3;PI4P3K;PI5P3K
5315_AT3,PKM,0.2814317775193228,0.2814317775193228,1.0,100.0,MINIMAL,optimal,1,PYK
23007_AT1,PLCH1,0.2814317775193228,0.2814317775193228,1.0,100.0,MINIMAL,optimal,3,PI45PLC;PIPLC;PI4PLC
1581_AT1,CYP7A1,0.2814317775193228,0.2814317775193228,1.0,100.0,MINIMAL,optimal,1,P4507A1r
5315_AT1,PKM,0.2814317775193228,0.2814317775193228,1.0,100.0,MINIMAL,optimal,1,PYK
113026_AT1,PLCD3,0.2814317775193228,0.2814317775193228,1.0,100.0,MINIMAL,optimal,3,PI45PLC;PIPLC;PI4PLC
23236_AT2,PLCB1,0.2814317775193228,0.2814317775193228,1.0,100.0,MINIMAL,optimal,3,PI45PLC;PIPLC;PI4PLC
8566_AT1,PDXK,0.2814317775193228,0.2814317775193228,1.0,100.0,MINIMAL,optimal,3,PYDAMK;PYDXK;PYDXNK
9651_AT1,PLCH2,0.2814317775193228,0.2814317775193228,1.0,100.0,MINIMAL,optimal,3,PI45PLC;PIPLC;PI4PLC
66002_AT1,CYP4F12,0.2814317775193228,0.2814317775193228,1.0,100.0,MINIMAL,optimal,1,P4504F123r
10858_AT1,CYP46A1,0.2814317775193228,0.2814317775193228,1.0,100.0,MINIMAL,optimal,1,P45046A1r
5313_AT1,PKLR,0.2814317775193228,0.2814317775193228,1.0,100.0,MINIMAL,optimal,1,PYK
5831_AT2,PYCR1,0.2814317775193228,0.2814317775193228,1.0,100.0,MINIMAL,optimal,2,P5CRxm;P5CRm
5831_AT1,PYCR1,0.2814317775193228,0.2814317775193228,1.0,100.0,MINIMAL,optimal,2,P5CRxm;P5CRm
5287_AT1,PIK3C2B,0.2814317775193228,0.2814317775193228,1.0,100.0,MINIMAL,optimal,3,PIK3;PI4P3K;PI5P3K
5289_AT1,PIK3C3,0.2814317775193228,0.2814317775193228,1.0,100.0,MINIMAL,optimal,2,PIK3;PI5P3K
57194_AT1,ATP10A,0.2814317775193228,0.2814317775193228,1.0,100.0,MINIMAL,optimal,5,PSFLIPm;PEFLIPm;PSFLIP;PEFLIP;PCFLOPm
2944_AT2,GSTM1,0.2814317775193228,0.2814317775193228,1.0,100.0,MINIMAL,optimal,1,RAI3
200576_AT3,PIKFYVE,0.2814317775193228,0.2814317775193228,1.0,100.0,MINIMAL,optimal,1,PI4P5K
5305_AT1,PIP4K2A,0.2814317775193228,0.2814317775193228,1.0,100.0,MINIMAL,optimal,1,PI4P5K
2944_AT1,GSTM1,0.2814317775193228,0.2814317775193228,1.0,100.0,MINIMAL,optimal,1,RAI3
8396_AT1,PIP4K2B,0.2814317775193228,0.2814317775193228,1.0,100.0,MINIMAL,optimal,1,PI4P5K
200576_AT1,PIKFYVE,0.2814317775193228,0.2814317775193228,1.0,100.0,MINIMAL,optimal,1,PI4P5K
5338_AT1,PLD2,0.2814317775193228,0.2814317775193228,1.0,100.0,MINIMAL,optimal,1,PCHOLP_hs
5051_AT1,PAFAH2,0.2814317775193228,0.2814317775193228,1.0,100.0,MINIMAL,optimal,1,PAFH
5048_AT1,PAFAH1B1,0.2814317775193228,0.2814317775193228,1.0,100.0,MINIMAL,optimal,1,PAFH
5049_AT1,PAFAH1B2,0.2814317775193228,0.2814317775193228,1.0,100.0,MINIMAL,optimal,1,PAFH
79837_AT1,PIP4K2C,0.2814317775193228,0.2814317775193228,1.0,100.0,MINIMAL,optimal,1,PI4P5K
7378_AT2,UPP1,0.2814317775193228,0.2814317775193228,1.0,100.0,MINIMAL,optimal,1,PYNP2r
200576_AT2,PIKFYVE,0.2814317775193228,0.2814317775193228,1.0,100.0,MINIMAL,optimal,1,PI4P5K
5313_AT2,PKLR,0.2814317775193228,0.2814317775193228,1.0,100.0,MINIMAL,optimal,1,PYK
5050_AT1,PAFAH1B3,0.2814317775193228,0.2814317775193228,1.0,100.0,MINIMAL,optimal,1,PAFH
8396_AT2,PIP4K2B,0.2814317775193228,0.2814317775193228,1.0,100.0,MINIMAL,optimal,1,PI4P5K
7378_AT1,UPP1,0.2814317775193228,0.2814317775193228,1.0,100.0,MINIMAL,optimal,1,PYNP2r
53919_AT1,SLCO1C1,0.2814317775193228,0.2814317775193228,1.0,100.0,MINIMAL,optimal,4,ESTRADIOLGLCt;ESTRONESt;TRIODTHYt;THYOXt
2984_AT1,GUCY2C,0.2814317775193228,0.2814317775193228,1.0,100.0,MINIMAL,optimal,1,GUACYC
9615_AT1,GDA,0.2814317775193228,0.2814317775193228,1.0,100.0,MINIMAL,optimal,1,GUAD
26289_AT2,AK5,0.2814317775193228,0.2814317775193228,1.0,100.0,MINIMAL,optimal,5,ADK3;CYTK3;ADKd;CYTK4;ADK1
279_AT1,AMY2A,0.2814317775193228,0.2814317775193228,1.0,100.0,MINIMAL,optimal,2,AMY1e;AMY2e
622_AT2,BDH1,0.2814317775193228,0.2814317775193228,1.0,100.0,MINIMAL,optimal,1,BDHm
622_AT1,BDH1,0.2814317775193228,0.2814317775193228,1.0,100.0,MINIMAL,optimal,1,BDHm
203_AT1,AK1,0.2814317775193228,0.2814317775193228,1.0,100.0,MINIMAL,optimal,1,ADK1
290_AT1,ANPEP,0.2814317775193228,0.2814317775193228,1.0,100.0,MINIMAL,optimal,2,AMPTASECGe;AMPTASECG
270_AT1,AMPD1,0.2814317775193228,0.2814317775193228,1.0,100.0,MINIMAL,optimal,1,AMPDA
3177_AT1,SLC29A2,0.2814317775193228,0.2814317775193228,1.0,100.0,MINIMAL,optimal,14,ADEt;DINt;INSt;URAt;HYXNt;THYMt;GUAt;CSNt;DADNt4;URIt
100_AT1,ADA,0.2814317775193228,0.2814317775193228,1.0,100.0,MINIMAL,optimal,4,DADAe;ADAe;DADA;ADA
271_AT1,AMPD2,0.2814317775193228,0.2814317775193228,1.0,100.0,MINIMAL,optimal,1,AMPDA
112611_AT1,RWDD2A,0.2814317775193228,0.2814317775193228,1.0,100.0,MINIMAL,optimal,1,ACYP
271_AT3,AMPD2,0.2814317775193228,0.2814317775193228,1.0,100.0,MINIMAL,optimal,1,AMPDA
272_AT1,AMPD3,0.2814317775193228,0.2814317775193228,1.0,100.0,MINIMAL,optimal,1,AMPDA
97_AT2,ACYP1,0.2814317775193228,0.2814317775193228,1.0,100.0,MINIMAL,optimal,1,ACYP
3141_AT1,HLCS,0.2814317775193228,0.2814317775193228,1.0,100.0,MINIMAL,optimal,4,BACCL;BTNPLm;BTNPL;BACCLm
98_AT1,ACYP2,0.2814317775193228,0.2814317775193228,1.0,100.0,MINIMAL,optimal,1,ACYP
271_AT2,AMPD2,0.2814317775193228,0.2814317775193228,1.0,100.0,MINIMAL,optimal,1,AMPDA
277_AT1,AMY1B,0.2814317775193228,0.2814317775193228,1.0,100.0,MINIMAL,optimal,2,AMY1e;AMY2e
570_AT1,BAAT,0.2814317775193228,0.2814317775193228,1.0,100.0,MINIMAL,optimal,5,BAAT4x;BAAT1x;BAAT5x;BAAT2x;BAAT3x
278_AT1,AMY1C,0.2814317775193228,0.2814317775193228,1.0,100.0,MINIMAL,optimal,2,AMY1e;AMY2e
26289_AT1,AK5,0.2814317775193228,0.2814317775193228,1.0,100.0,MINIMAL,optimal,5,ADK3;CYTK3;ADKd;CYTK4;ADK1
205_AT2,AK4,0.2814317775193228,0.2814317775193228,1.0,100.0,MINIMAL,optimal,1,ADK1m
204_AT1,AK2,0.2814317775193228,0.2814317775193228,1.0,100.0,MINIMAL,optimal,1,ADK1m
644_AT1,BLVRA,0.2814317775193228,0.2814317775193228,1.0,100.0,MINIMAL,optimal,1,BILIRED
11136_AT1,SLC7A9,0.2814317775193228,0.2814317775193228,1.0,100.0,MINIMAL,optimal,2,AMY1e;AMY2e
204_AT2,AK2,0.2814317775193228,0.2814317775193228,1.0,100.0,MINIMAL,optimal,1,ADK1m
276_AT2,AMY1A,0.2814317775193228,0.2814317775193228,1.0,100.0,MINIMAL,optimal,2,AMY1e;AMY2e
645_AT1,BLVRB,0.2814317775193228,0.2814317775193228,1.0,100.0,MINIMAL,optimal,1,BILIRED
28234_AT1,SLCO1B3,0.2814317775193228,0.2814317775193228,1.0,100.0,MINIMAL,optimal,7,TRIODTHYt;GCHOLAt;ESTRADIOLGLCt;ESTRONESt;BILGLCURt;LEUKTRC4t;TCHOLAt
204_AT3,AK2,0.2814317775193228,0.2814317775193228,1.0,100.0,MINIMAL,optimal,1,ADK1m
10599_AT1,SLCO1B1,0.2814317775193228,0.2814317775193228,1.0,100.0,MINIMAL,optimal,11,BILIRUBt2;ESTRADIOLGLCt;ESTRONESt;BILGLCURt;BILDGLCURt;TRIODTHYt;TCHOLAt;CHOLATEt;GCHOLAt;THYOXt
205_AT3,AK4,0.2814317775193228,0.2814317775193228,1.0,100.0,MINIMAL,optimal,1,ADK1m
23743_AT1,BHMT2,0.2814317775193228,0.2814317775193228,1.0,100.0,MINIMAL,optimal,1,BHMT
6519_AT1,SLC3A1,0.2814317775193228,0.2814317775193228,1.0,100.0,MINIMAL,optimal,2,AMY1e;AMY2e
276_AT1,AMY1A,0.2814317775193228,0.2814317775193228,1.0,100.0,MINIMAL,optimal,2,AMY1e;AMY2e
122481_AT1,AK7,0.2814317775193228,0.2814317775193228,1.0,100.0,MINIMAL,optimal,1,ADK1
280_AT1,AMY2B,0.2814317775193228,0.2814317775193228,1.0,100.0,MINIMAL,optimal,2,AMY1e;AMY2e
635_AT1,BHMT,0.2814317775193228,0.2814317775193228,1.0,100.0,MINIMAL,optimal,1,BHMT
622_AT3,BDH1,0.2814317775193228,0.2814317775193228,1.0,100.0,MINIMAL,optimal,1,BDHm
115286_AT2,SLC25A26,0.2814317775193228,0.2814317775193228,1.0,100.0,MINIMAL,optimal,1,AMETt2m
97_AT1,ACYP1,0.2814317775193228,0.2814317775193228,1.0,100.0,MINIMAL,optimal,1,ACYP
1571_AT1,CYP2E1,0.2814317775193228,0.2814317775193228,1.0,100.0,MINIMAL,optimal,4,ACTLMO;ETOHMO;P4502E1;ACTNMO
9550_AT1,ATP6V1G1,0.2814317775193228,0.2814317775193228,1.0,100.0,MINIMAL,optimal,1,ATPasel
3712_AT1,IVD,0.2814317775193228,0.2814317775193228,1.0,100.0,MINIMAL,optimal,1,ACOAD8m
127124_AT2,ATP6V1G3,0.2814317775193228,0.2814317775193228,1.0,100.0,MINIMAL,optimal,1,ATPasel
51606_AT1,ATP6V1H,0.2814317775193228,0.2814317775193228,1.0,100.0,MINIMAL,optimal,1,ATPasel
80724_AT1,ACAD10,0.2814317775193228,0.2814317775193228,1.0,100.0,MINIMAL,optimal,1,ACOAD1fm
10327_AT1,AKR1A1,0.2814317775193228,0.2814317775193228,1.0,100.0,MINIMAL,optimal,7,LALDO2;PPDOy;ARABR;ALCD2y;ALR3;ALR2;SBTR
10327_AT2,AKR1A1,0.2814317775193228,0.2814317775193228,1.0,100.0,MINIMAL,optimal,7,LALDO2;PPDOy;ARABR;ALCD2y;ALR3;ALR2;SBTR
284273_AT1,ZADH2,0.2814317775193228,0.2814317775193228,1.0,100.0,MINIMAL,optimal,6,ALCD1;ALCD22_L;LCARS;ALCD2x;ALCD21_D;ALCD22_D
284273_AT2,ZADH2,0.2814317775193228,0.2814317775193228,1.0,100.0,MINIMAL,optimal,6,ALCD1;ALCD22_L;LCARS;ALCD2x;ALCD21_D;ALCD22_D
10991_AT1,SLC38A3,0.2814317775193228,0.2814317775193228,1.0,100.0,MINIMAL,optimal,4,GLNtN1;ALAtN1;HIStN1;ASNtN1
92745_AT1,SLC38A5,0.2814317775193228,0.2814317775193228,1.0,100.0,MINIMAL,optimal,4,GLNtN1;ALAtN1;SERtN1;ASNtN1
534_AT2,ATP6V1G2,0.2814317775193228,0.2814317775193228,1.0,100.0,MINIMAL,optimal,1,ATPasel
9296_AT1,ATP6V1F,0.2814317775193228,0.2814317775193228,1.0,100.0,MINIMAL,optimal,1,ATPasel
50617_AT2,ATP6V0A4,0.2814317775193228,0.2814317775193228,1.0,100.0,MINIMAL,optimal,1,ATPasel
535_AT1,ATP6V0A1,0.2814317775193228,0.2814317775193228,1.0,100.0,MINIMAL,optimal,1,ATPasel
35_AT1,ACADS,0.2814317775193228,0.2814317775193228,1.0,100.0,MINIMAL,optimal,27,FAOXC183803m;FAOXC204;FAOXC204184m;FAOXC16180m;FAOXC2242046m;FAOXC2252053m;FAOXC226;ACOAD1fm;FAOXC160;FAOXC140
27034_AT1,ACAD8,0.2814317775193228,0.2814317775193228,1.0,100.0,MINIMAL,optimal,2,ACOAD9m;ACOAD1fm
51_AT1,ACOX1,0.2814317775193228,0.2814317775193228,1.0,100.0,MINIMAL,optimal,18,FAOXC16080x;FAOXC260240x;FAOXC240200x;FAOXC200180x;FAOXC183806x;FAOXC180x;FAOXC2242046x;FAOXC246226x;FAOXC2251836x;FAOXC2452256x
293_AT1,SLC25A6,0.2814317775193228,0.2814317775193228,1.0,100.0,MINIMAL,optimal,1,ATPtm
51_AT2,ACOX1,0.2814317775193228,0.2814317775193228,1.0,100.0,MINIMAL,optimal,18,FAOXC16080x;FAOXC260240x;FAOXC240200x;FAOXC200180x;FAOXC183806x;FAOXC180x;FAOXC2242046x;FAOXC246226x;FAOXC2251836x;FAOXC2452256x
292_AT1,SLC25A5,0.2814317775193228,0.2814317775193228,1.0,100.0,MINIMAL,optimal,1,ATPtm
115286_AT1,SLC25A26,0.2814317775193228,0.2814317775193228,1.0,100.0,MINIMAL,optimal,1,AMETt2m
115286_AT3,SLC25A26,0.2814317775193228,0.2814317775193228,1.0,100.0,MINIMAL,optimal,1,AMETt2m
10020_AT1,GNE,0.2814317775193228,0.2814317775193228,1.0,100.0,MINIMAL,optimal,2,UAG2EMA;AMANK
23600_AT1,AMACR,0.2814317775193228,0.2814317775193228,1.0,100.0,MINIMAL,optimal,2,AMACR2p;AMACRp
23600_AT2,AMACR,0.2814317775193228,0.2814317775193228,1.0,100.0,MINIMAL,optimal,2,AMACR2p;AMACRp
52_AT3,ACP1,0.2814317775193228,0.2814317775193228,1.0,100.0,MINIMAL,optimal,1,ACP1_FMN
52_AT2,ACP1,0.2814317775193228,0.2814317775193228,1.0,100.0,MINIMAL,optimal,1,ACP1_FMN
8574_AT1,AKR7A2,0.2814317775193228,0.2814317775193228,1.0,100.0,MINIMAL,optimal,8,LCARR;ARABR;SBTR;LALDO2;PPDOy;ALR3;ALR2;LALDO2x
10380_AT1,BPNT1,0.2814317775193228,0.2814317775193228,1.0,100.0,MINIMAL,optimal,2,BPNT2;BPNT
231_AT1,AKR1B1,0.2814317775193228,0.2814317775193228,1.0,100.0,MINIMAL,optimal,7,LALDO2;PPDOy;ARABR;ALR;ALR3;ALR2;SBTR
240_AT1,ALOX5,0.2814317775193228,0.2814317775193228,1.0,100.0,MINIMAL,optimal,2,ALOX52;ALOX5
8309_AT1,ACOX2,0.2814317775193228,0.2814317775193228,1.0,100.0,MINIMAL,optimal,2,ACOX22x;ACOX2x
50_AT1,ACO2,0.2814317775193228,0.2814317775193228,1.0,100.0,MINIMAL,optimal,1,ACONTm
3658_AT1,IREB2,0.2814317775193228,0.2814317775193228,1.0,100.0,MINIMAL,optimal,1,ACONT
48_AT1,ACO1,0.2814317775193228,0.2814317775193228,1.0,100.0,MINIMAL,optimal,1,ACONT
4125_AT1,MAN2B1,0.2814317775193228,0.2814317775193228,1.0,100.0,MINIMAL,optimal,1,A_MANASEly
2194_AT1,FASN,0.2814317775193228,0.2814317775193228,1.0,100.0,MINIMAL,optimal,7,FAS100COA;FAS180COA;FAS160COA;FAS140COA;FAS80COA_L;FAS120COA;KAS8
291_AT1,SLC25A4,0.2814317775193228,0.2814317775193228,1.0,100.0,MINIMAL,optimal,1,ATPtm
52_AT1,ACP1,0.2814317775193228,0.2814317775193228,1.0,100.0,MINIMAL,optimal,1,ACP1_FMN
205_AT1,AK4,0.2814317775193228,0.2814317775193228,1.0,100.0,MINIMAL,optimal,1,ADK1m
686_AT1,BTD,0.2814317775193228,0.2814317775193228,1.0,100.0,MINIMAL,optimal,4,BTNDe;BTNDm;BTND1n;BTND1
50808_AT1,AK3,0.2814317775193228,0.2814317775193228,1.0,100.0,MINIMAL,optimal,1,ADK3m
790_AT1,CAD,0.2814317775193228,0.2814317775193228,1.0,100.0,MINIMAL,optimal,3,ASPCT;CBPS;DHORTS
353_AT1,APRT,0.2814317775193228,0.2814317775193228,1.0,100.0,MINIMAL,optimal,1,ADPT
440_AT1,ASNS,0.2814317775193228,0.2814317775193228,1.0,100.0,MINIMAL,optimal,1,ASNS1
6547_AT1,SLC8A3,0.2814317775193228,0.2814317775193228,1.0,100.0,MINIMAL,optimal,1,CAt7r
6546_AT1,SLC8A1,0.2814317775193228,0.2814317775193228,1.0,100.0,MINIMAL,optimal,1,CAt7r
952_AT1,CD38,0.2814317775193228,0.2814317775193228,1.0,100.0,MINIMAL,optimal,3,NADPNe;ADPRIBt;NADNe
6547_AT4,SLC8A3,0.2814317775193228,0.2814317775193228,1.0,100.0,MINIMAL,optimal,1,CAt7r
440_AT2,ASNS,0.2814317775193228,0.2814317775193228,1.0,100.0,MINIMAL,optimal,1,ASNS1
6547_AT3,SLC8A3,0.2814317775193228,0.2814317775193228,1.0,100.0,MINIMAL,optimal,1,CAt7r
6547_AT5,SLC8A3,0.2814317775193228,0.2814317775193228,1.0,100.0,MINIMAL,optimal,1,CAt7r
6547_AT6,SLC8A3,0.2814317775193228,0.2814317775193228,1.0,100.0,MINIMAL,optimal,1,CAt7r
440_AT3,ASNS,0.2814317775193228,0.2814317775193228,1.0,100.0,MINIMAL,optimal,1,ASNS1
80150_AT1,ASRGL1,0.2814317775193228,0.2814317775193228,1.0,100.0,MINIMAL,optimal,1,ASNNm
847_AT1,CAT,0.2814317775193228,0.2814317775193228,1.0,100.0,MINIMAL,optimal,3,CATm;CAT2p;CATp
11164_AT1,NUDT5,0.2814317775193228,0.2814317775193228,1.0,100.0,MINIMAL,optimal,1,ADPRDP
10257_AT1,ABCC4,0.2814317775193228,0.2814317775193228,1.0,100.0,MINIMAL,optimal,5,PROSTGE1t3;CAMPt;ESTRADIOLGLCt2;PROSTGE2t3;CGMPt
9154_AT2,SLC28A1,0.2814317775193228,0.2814317775193228,1.0,100.0,MINIMAL,optimal,4,ADNt4;THMDt4;URIt4;CYTDt4
1375_AT2,CPT1B,0.2814317775193228,0.2814317775193228,1.0,100.0,MINIMAL,optimal,26,RTOTALCRNCPT1;C160CPT1;ARACHCPT1;ELAIDCPT1;VACCCPT1;LNELDCCPT1;C161CPT1;TMNDNCCPT1;C161CPT12;STRDNCCPT1
6507_AT1,SLC1A3,0.2814317775193228,0.2814317775193228,1.0,100.0,MINIMAL,optimal,2,ASPt6;GLUt6
6543_AT1,SLC8A2,0.2814317775193228,0.2814317775193228,1.0,100.0,MINIMAL,optimal,1,CAt7r
6547_AT2,SLC8A3,0.2814317775193228,0.2814317775193228,1.0,100.0,MINIMAL,optimal,1,CAt7r
954_AT1,ENTPD2,0.2814317775193228,0.2814317775193228,1.0,100.0,MINIMAL,optimal,2,ATPH1e;ATPH2e
4514_AT1,COX3,0.2814317775193228,0.2814317775193228,1.0,100.0,MINIMAL,optimal,1,CYOOm3
955_AT1,ENTPD6,0.2814317775193228,0.2814317775193228,1.0,100.0,MINIMAL,optimal,2,ATPH1e;ATPH2e
873_AT1,CBR1,0.2814317775193228,0.2814317775193228,1.0,100.0,MINIMAL,optimal,1,CBR2
1375_AT3,CPT1B,0.2814317775193228,0.2814317775193228,1.0,100.0,MINIMAL,optimal,25,RTOTALCRNCPT1;C160CPT1;ARACHCPT1;ELAIDCPT1;VACCCPT1;LNELDCCPT1;C161CPT1;TMNDNCCPT1;C161CPT12;STRDNCCPT1
1373_AT2,CPS1,0.2814317775193228,0.2814317775193228,1.0,100.0,MINIMAL,optimal,1,CBPSam
1375_AT1,CPT1B,0.2814317775193228,0.2814317775193228,1.0,100.0,MINIMAL,optimal,26,RTOTALCRNCPT1;C160CPT1;ARACHCPT1;ELAIDCPT1;VACCCPT1;LNELDCCPT1;C161CPT1;TMNDNCCPT1;C161CPT12;STRDNCCPT1
1373_AT1,CPS1,0.2814317775193228,0.2814317775193228,1.0,100.0,MINIMAL,optimal,1,CBPSam
10057_AT2,ABCC5,0.2814317775193228,0.2814317775193228,1.0,100.0,MINIMAL,optimal,2,CAMPt;CGMPt
6506_AT1,SLC1A2,0.2814317775193228,0.2814317775193228,1.0,100.0,MINIMAL,optimal,2,ASPt6;GLUt6
1374_AT1,CPT1A,0.2814317775193228,0.2814317775193228,1.0,100.0,MINIMAL,optimal,26,RTOTALCRNCPT1;C160CPT1;ARACHCPT1;ELAIDCPT1;VACCCPT1;LNELDCCPT1;C161CPT1;TMNDNCCPT1;C161CPT12;STRDNCCPT1
2538_AT1,G6PC,0.2814317775193228,0.2814317775193228,1.0,100.0,MINIMAL,optimal,2,PPAer;G6PPer
6512_AT1,SLC1A7,0.2814317775193228,0.2814317775193228,1.0,100.0,MINIMAL,optimal,2,ASPt6;GLUt6
126129_AT1,CPT1C,0.2814317775193228,0.2814317775193228,1.0,100.0,MINIMAL,optimal,26,RTOTALCRNCPT1;C160CPT1;ARACHCPT1;ELAIDCPT1;VACCCPT1;LNELDCCPT1;C161CPT1;TMNDNCCPT1;C161CPT12;STRDNCCPT1
6511_AT1,SLC1A6,0.2814317775193228,0.2814317775193228,1.0,100.0,MINIMAL,optimal,2,ASPt6;GLUt6
92579_AT1,G6PC3,0.2814317775193228,0.2814317775193228,1.0,100.0,MINIMAL,optimal,2,PPAer;G6PPer
57818_AT1,G6PC2,0.2814317775193228,0.2814317775193228,1.0,100.0,MINIMAL,optimal,2,PPAer;G6PPer
1375_AT4,CPT1B,0.2814317775193228,0.2814317775193228,1.0,100.0,MINIMAL,optimal,25,RTOTALCRNCPT1;C160CPT1;ELAIDCPT1;VACCCPT1;LNELDCCPT1;C161CPT1;TMNDNCCPT1;C161CPT12;STRDNCCPT1;RTOTAL2CRNCPT1
6505_AT1,SLC1A1,0.2814317775193228,0.2814317775193228,1.0,100.0,MINIMAL,optimal,2,ASPt6;GLUt6
51606_AT3,ATP6V1H,0.2814317775193228,0.2814317775193228,1.0,100.0,MINIMAL,optimal,1,ATPasel
9962_AT1,SLC23A2,0.2814317775193228,0.2814317775193228,1.0,100.0,MINIMAL,optimal,1,ASCBt4
9963_AT2,SLC23A1,0.2814317775193228,0.2814317775193228,1.0,100.0,MINIMAL,optimal,1,ASCBt4
112_AT1,ADCY6,0.2814317775193228,0.2814317775193228,1.0,100.0,MINIMAL,optimal,1,ADNCYC
549_AT1,AUH,0.2814317775193228,0.2814317775193228,1.0,100.0,MINIMAL,optimal,2,ECOAH1m;MGCHrm
111_AT1,ADCY5,0.2814317775193228,0.2814317775193228,1.0,100.0,MINIMAL,optimal,1,ADNCYC
445_AT1,ASS1,0.2814317775193228,0.2814317775193228,1.0,100.0,MINIMAL,optimal,1,ARGSS
113_AT1,ADCY7,0.2814317775193228,0.2814317775193228,1.0,100.0,MINIMAL,optimal,1,ADNCYC
435_AT1,ASL,0.2814317775193228,0.2814317775193228,1.0,100.0,MINIMAL,optimal,1,ARGSL
55811_AT1,ADCY10,0.2814317775193228,0.2814317775193228,1.0,100.0,MINIMAL,optimal,1,ADNCYC
4126_AT1,MANBA,0.2814317775193228,0.2814317775193228,1.0,100.0,MINIMAL,optimal,1,B_MANNASEly
196883_AT1,ADCY4,0.2814317775193228,0.2814317775193228,1.0,100.0,MINIMAL,optimal,1,ADNCYC
51733_AT1,UPB1,0.2814317775193228,0.2814317775193228,1.0,100.0,MINIMAL,optimal,2,BUP2;UPPN
384_AT1,ARG2,0.2814317775193228,0.2814317775193228,1.0,100.0,MINIMAL,optimal,1,ARGNm
114_AT1,ADCY8,0.2814317775193228,0.2814317775193228,1.0,100.0,MINIMAL,optimal,1,ADNCYC
108_AT1,ADCY2,0.2814317775193228,0.2814317775193228,1.0,100.0,MINIMAL,optimal,1,ADNCYC
80704_AT1,SLC19A3,0.2814317775193228,0.2814317775193228,1.0,100.0,MINIMAL,optimal,1,THMt3
262_AT1,AMD1,0.2814317775193228,0.2814317775193228,1.0,100.0,MINIMAL,optimal,1,ADMDC
9057_AT1,SLC7A6,0.2814317775193228,0.2814317775193228,1.0,100.0,MINIMAL,optimal,1,ARGLYSex
8884_AT1,SLC5A6,0.2814317775193228,0.2814317775193228,1.0,100.0,MINIMAL,optimal,2,BTNt3i;PNTOt5
1962_AT1,EHHADH,0.2814317775193228,0.2814317775193228,1.0,100.0,MINIMAL,optimal,17,FAOXC16080x;FAOXC260240x;FAOXC240200x;FAOXC200180x;FAOXC183806x;FAOXC180x;FAOXC2242046x;FAOXC246226x;FAOXC2251836x;FAOXC2452256x
115_AT1,ADCY9,0.2814317775193228,0.2814317775193228,1.0,100.0,MINIMAL,optimal,1,ADNCYC
445_AT2,ASS1,0.2814317775193228,0.2814317775193228,1.0,100.0,MINIMAL,optimal,1,ARGSS
109_AT1,ADCY3,0.2814317775193228,0.2814317775193228,1.0,100.0,MINIMAL,optimal,1,ADNCYC
10057_AT1,ABCC5,0.2814317775193228,0.2814317775193228,1.0,100.0,MINIMAL,optimal,2,CAMPt;CGMPt
64078_AT1,SLC28A3,0.2814317775193228,0.2814317775193228,1.0,100.0,MINIMAL,optimal,12,GSNt4;INSt4;URIt4;CYTDt4;ADNt4;ADNt5;INSt5;CYTDt5;THMDt5;THMDt4
493_AT1,ATP2B4,0.2814317775193228,0.2814317775193228,1.0,100.0,MINIMAL,optimal,1,CAATPS
9962_AT2,SLC23A2,0.2814317775193228,0.2814317775193228,1.0,100.0,MINIMAL,optimal,1,ASCBt4
9153_AT1,SLC28A2,0.2814317775193228,0.2814317775193228,1.0,100.0,MINIMAL,optimal,4,ADNt4;GSNt4;INSt4;URIt4
9963_AT1,SLC23A1,0.2814317775193228,0.2814317775193228,1.0,100.0,MINIMAL,optimal,1,ASCBt4
2030_AT1,SLC29A1,0.2814317775193228,0.2814317775193228,1.0,100.0,MINIMAL,optimal,8,INSt;GSNt;URIt;ADNtm;CYTDtm;ADNt;THYMDt1;CYTDt
492_AT1,ATP2B3,0.2814317775193228,0.2814317775193228,1.0,100.0,MINIMAL,optimal,1,CAATPS
9154_AT1,SLC28A1,0.2814317775193228,0.2814317775193228,1.0,100.0,MINIMAL,optimal,4,ADNt4;THMDt4;URIt4;CYTDt4
132_AT2,ADK,0.2814317775193228,0.2814317775193228,1.0,100.0,MINIMAL,optimal,1,ADNK1
491_AT1,ATP2B2,0.2814317775193228,0.2814317775193228,1.0,100.0,MINIMAL,optimal,1,CAATPS
132_AT1,ADK,0.2814317775193228,0.2814317775193228,1.0,100.0,MINIMAL,optimal,1,ADNK1
490_AT1,ATP2B1,0.2814317775193228,0.2814317775193228,1.0,100.0,MINIMAL,optimal,1,CAATPS
112_AT2,ADCY6,0.2814317775193228,0.2814317775193228,1.0,100.0,MINIMAL,optimal,1,ADNCYC
427_AT1,ASAH1,0.2814317775193228,0.2814317775193228,1.0,100.0,MINIMAL,optimal,1,ASAH1
107_AT1,ADCY1,0.2814317775193228,0.2814317775193228,1.0,100.0,MINIMAL,optimal,1,ADNCYC
10166_AT1,SLC25A15,0.2814317775193228,0.2814317775193228,1.0,100.0,MINIMAL,optimal,5,LYStm;CITRtm;ARGtm;ORNt3m;ORNt4m
83884_AT1,SLC25A2,0.2814317775193228,0.2814317775193228,1.0,100.0,MINIMAL,optimal,5,LYStm;CITRtm;ARGtm;ORNt3m;ORNt4m
427_AT2,ASAH1,0.2814317775193228,0.2814317775193228,1.0,100.0,MINIMAL,optimal,1,ASAH1
84129_AT1,ACAD11,0.2814317775193228,0.2814317775193228,1.0,100.0,MINIMAL,optimal,1,ACOAD1fm
54407_AT1,SLC38A2,0.2814317775193228,0.2814317775193228,1.0,100.0,MINIMAL,optimal,10,PHEt4;METt4;ASNt4;SERt4;GLNt4;THRt4;ALAt4;PROt4;GLYt4;HISt4
526_AT1,ATP6V1B2,0.2814317775193228,0.2814317775193228,1.0,100.0,MINIMAL,optimal,1,ATPasel
2571_AT2,GAD1,0.2814317775193228,0.2814317775193228,1.0,100.0,MINIMAL,optimal,3,LCYSTCBOXL;3SALACBOXL;GLUDC
57835_AT1,SLC4A5,0.2814317775193228,0.2814317775193228,1.0,100.0,MINIMAL,optimal,2,2HCO3_NAt;3HCO3_NAt
57835_AT4,SLC4A5,0.2814317775193228,0.2814317775193228,1.0,100.0,MINIMAL,optimal,2,2HCO3_NAt;3HCO3_NAt
2572_AT1,GAD2,0.2814317775193228,0.2814317775193228,1.0,100.0,MINIMAL,optimal,3,LCYSTCBOXL;3SALACBOXL;GLUDC
10165_AT1,SLC25A13,0.2814317775193228,0.2814317775193228,1.0,100.0,MINIMAL,optimal,3,ASPGLUm;3SALAASPm;GLUt2m
57835_AT3,SLC4A5,0.2814317775193228,0.2814317775193228,1.0,100.0,MINIMAL,optimal,2,2HCO3_NAt;3HCO3_NAt
5832_AT1,ALDH18A1,0.2814317775193228,0.2814317775193228,1.0,100.0,MINIMAL,optimal,2,G5SDym;GLU5Km
8604_AT1,SLC25A12,0.2814317775193228,0.2814317775193228,1.0,100.0,MINIMAL,optimal,3,ASPGLUm;3SALAASPm;GLUt2m
4129_AT1,MAOB,0.2814317775193228,0.2814317775193228,1.0,100.0,MINIMAL,optimal,5,41R1H2MAE12BOOX;PEAMNO;41R2A1H12BOOX;MACOXO;TYROXDAc
56894_AT2,AGPAT3,0.2814317775193228,0.2814317775193228,1.0,100.0,MINIMAL,optimal,1,AGPAT1
6566_AT1,SLC16A1,0.2814317775193228,0.2814317775193228,1.0,100.0,MINIMAL,optimal,14,BUTt2m;L_LACtm;ACACt2m;BUTt2r;ACACt2;2HBt2;PYRt2m;PYRt2p;ACETONEt2;L_LACt2r
4128_AT1,MAOA,0.2814317775193228,0.2814317775193228,1.0,100.0,MINIMAL,optimal,4,41R1H2MAE12BOOX;TYROXDAc;PEAMNO;41R2A1H12BOOX
9194_AT1,SLC16A7,0.2814317775193228,0.2814317775193228,1.0,100.0,MINIMAL,optimal,7,D_LACt2;PYRt2p;ACETONEt2;L_LACt2r;PYRt2;ACACt2;2HBt2
56895_AT1,AGPAT4,0.2814317775193228,0.2814317775193228,1.0,100.0,MINIMAL,optimal,1,AGPAT1
55326_AT1,AGPAT5,0.2814317775193228,0.2814317775193228,1.0,100.0,MINIMAL,optimal,1,AGPAT1
9123_AT1,SLC16A3,0.2814317775193228,0.2814317775193228,1.0,100.0,MINIMAL,optimal,5,ACETONEt2;L_LACt2r;PYRt2;D_LACt2;2HBt2
3939_AT1,LDHA,0.2814317775193228,0.2814317775193228,1.0,100.0,MINIMAL,optimal,5,GLXO1;LDH_Lm;LDH_L;MCLORi;2HBO
2571_AT1,GAD1,0.2814317775193228,0.2814317775193228,1.0,100.0,MINIMAL,optimal,3,LCYSTCBOXL;3SALACBOXL;GLUDC
51380_AT1,CSAD,0.2814317775193228,0.2814317775193228,1.0,100.0,MINIMAL,optimal,2,LCYSTCBOXL;3SALACBOXL
57835_AT2,SLC4A5,0.2814317775193228,0.2814317775193228,1.0,100.0,MINIMAL,optimal,2,2HCO3_NAt;3HCO3_NAt
2805_AT1,GOT1,0.2814317775193228,0.2814317775193228,1.0,100.0,MINIMAL,optimal,5,LCYSTAT;ASPTA;3SALATAi;CYSTA;TYRTA
6799_AT1,SULT1A2,0.2814317775193228,0.2814317775193228,1.0,100.0,MINIMAL,optimal,2,DOPASULT;4NPHSULT
1738_AT1,DLD,0.2814317775193228,0.2814317775193228,1.0,100.0,MINIMAL,optimal,12,GCCam;PDHm;GCC2bim;GCC2cm;OIVD1m;OIVD2m;GCCbim;OIVD3m;2OXOADOXm;GCCcm
6817_AT3,SULT1A1,0.2814317775193228,0.2814317775193228,1.0,100.0,MINIMAL,optimal,5,DOPASULT;ESTSULT;TRIODTHYSULT;4NPHSULT;TYMSULT
4967_AT1,OGDH,0.2814317775193228,0.2814317775193228,1.0,100.0,MINIMAL,optimal,2,2OXOADOXm;AKGDm
471_AT1,ATIC,0.2814317775193228,0.2814317775193228,1.0,100.0,MINIMAL,optimal,2,IMPC;AICART
6818_AT1,SULT1A3,0.2814317775193228,0.2814317775193228,1.0,100.0,MINIMAL,optimal,3,DOPASULT;4NPHSULT;TYMSULT
3074_AT1,HEXB,0.2814317775193228,0.2814317775193228,1.0,100.0,MINIMAL,optimal,3,AHEXASEly;AHEXASE2ly;NACHEX27ly
3073_AT1,HEXA,0.2814317775193228,0.2814317775193228,1.0,100.0,MINIMAL,optimal,3,AHEXASEly;AHEXASE2ly;NACHEX27ly
10555_AT1,AGPAT2,0.2814317775193228,0.2814317775193228,1.0,100.0,MINIMAL,optimal,1,AGPAT1
1743_AT1,DLST,0.2814317775193228,0.2814317775193228,1.0,100.0,MINIMAL,optimal,2,2OXOADOXm;AKGDm
4967_AT2,OGDH,0.2814317775193228,0.2814317775193228,1.0,100.0,MINIMAL,optimal,2,2OXOADOXm;AKGDm
8659_AT2,ALDH4A1,0.2814317775193228,0.2814317775193228,1.0,100.0,MINIMAL,optimal,3,PHCDm;4HGLSDm;P5CDm
191_AT1,AHCY,0.2814317775193228,0.2814317775193228,1.0,100.0,MINIMAL,optimal,1,AHCi
8050_AT1,PDHX,0.2814317775193228,0.2814317775193228,1.0,100.0,MINIMAL,optimal,3,2OXOADOXm;PDHm;AKGDm
10768_AT2,AHCYL1,0.2814317775193228,0.2814317775193228,1.0,100.0,MINIMAL,optimal,1,AHCi
2806_AT1,GOT2,0.2814317775193228,0.2814317775193228,1.0,100.0,MINIMAL,optimal,2,3SALATAim;ASPTAm
10768_AT1,AHCYL1,0.2814317775193228,0.2814317775193228,1.0,100.0,MINIMAL,optimal,1,AHCi
8671_AT1,SLC4A4,0.2814317775193228,0.2814317775193228,1.0,100.0,MINIMAL,optimal,2,2HCO3_NAt;3HCO3_NAt
8659_AT1,ALDH4A1,0.2814317775193228,0.2814317775193228,1.0,100.0,MINIMAL,optimal,3,PHCDm;4HGLSDm;P5CDm
10606_AT1,PAICS,0.2814317775193228,0.2814317775193228,1.0,100.0,MINIMAL,optimal,2,AIRCr;PRASCSi
56894_AT1,AGPAT3,0.2814317775193228,0.2814317775193228,1.0,100.0,MINIMAL,optimal,1,AGPAT1
137964_AT1,GPAT4,0.2814317775193228,0.2814317775193228,1.0,100.0,MINIMAL,optimal,1,AGPAT1
314_AT1,AOC2,0.2814317775193228,0.2814317775193228,1.0,100.0,MINIMAL,optimal,5,PEAMNO;13DAMPPOX;MHISOR;MAOX;PTRCOX1
130_AT1,ADH6,0.2814317775193228,0.2814317775193228,1.0,100.0,MINIMAL,optimal,7,ALCD1;ALCD22_L;LCARS;34DHOXPEGOX;ALCD2x;ALCD21_D;ALCD22_D
122622_AT1,ADSSL1,0.2814317775193228,0.2814317775193228,1.0,100.0,MINIMAL,optimal,1,ADSS
314_AT2,AOC2,0.2814317775193228,0.2814317775193228,1.0,100.0,MINIMAL,optimal,5,PEAMNO;13DAMPPOX;MHISOR;MAOX;PTRCOX1
131_AT1,ADH7,0.2814317775193228,0.2814317775193228,1.0,100.0,MINIMAL,optimal,7,ALCD1;ALCD22_L;LCARS;34DHOXPEGOX;ALCD2x;ALCD21_D;ALCD22_D
26_AT1,AOC1,0.2814317775193228,0.2814317775193228,1.0,100.0,MINIMAL,optimal,5,PEAMNO;13DAMPPOX;MHISOR;MAOX;PTRCOX1
8639_AT1,AOC3,0.2814317775193228,0.2814317775193228,1.0,100.0,MINIMAL,optimal,5,MHISOR;13DAMPPOX;AACTOOR;MAOX;PTRCOX1
159_AT1,ADSS,0.2814317775193228,0.2814317775193228,1.0,100.0,MINIMAL,optimal,1,ADSS
127_AT1,ADH4,0.2814317775193228,0.2814317775193228,1.0,100.0,MINIMAL,optimal,7,ALCD1;ALCD22_L;LCARS;34DHOXPEGOX;ALCD2x;ALCD21_D;ALCD22_D
158_AT2,ADSL,0.2814317775193228,0.2814317775193228,1.0,100.0,MINIMAL,optimal,2,ADSL1r;ADSL2r
125_AT1,ADH1B,0.2814317775193228,0.2814317775193228,1.0,100.0,MINIMAL,optimal,7,ALCD1;ALCD22_L;LCARS;34DHOXPEGOX;ALCD2x;ALCD21_D;ALCD22_D
158_AT1,ADSL,0.2814317775193228,0.2814317775193228,1.0,100.0,MINIMAL,optimal,2,ADSL1r;ADSL2r
9061_AT1,PAPSS1,0.2814317775193228,0.2814317775193228,1.0,100.0,MINIMAL,optimal,2,ADSK;SADT
124_AT1,ADH1A,0.2814317775193228,0.2814317775193228,1.0,100.0,MINIMAL,optimal,7,ALCD1;ALCD22_L;LCARS;34DHOXPEGOX;ALCD2x;ALCD21_D;ALCD22_D
137872_AT1,ADHFE1,0.2814317775193228,0.2814317775193228,1.0,100.0,MINIMAL,optimal,7,ALCD1;ALCD22_L;LCARS;34DHOXPEGOX;ALCD2x;ALCD21_D;ALCD22_D
9060_AT1,PAPSS2,0.2814317775193228,0.2814317775193228,1.0,100.0,MINIMAL,optimal,2,ADSK;SADT
126_AT1,ADH1C,0.2814317775193228,0.2814317775193228,1.0,100.0,MINIMAL,optimal,7,ALCD1;ALCD22_L;LCARS;34DHOXPEGOX;ALCD2x;ALCD21_D;ALCD22_D
122622_AT2,ADSSL1,0.2814317775193228,0.2814317775193228,1.0,100.0,MINIMAL,optimal,1,ADSS
1591_AT1,CYP24A1,0.2814317775193228,0.2814317775193228,1.0,100.0,MINIMAL,optimal,2,24_25VITD2Hm;24_25VITD3Hm
117247_AT1,SLC16A10,0.2814317775193228,0.2814317775193228,1.0,100.0,MINIMAL,optimal,4,PHEtec;TRPt;34DHPHEt;TYRt
220_AT1,ALDH1A3,0.2814317775193228,0.2814317775193228,1.0,100.0,MINIMAL,optimal,12,LCADi;34DHXMANDACOX;ALDD2x;ALDD19xr;3MOX4HOXPGALDOX_NADP;34DHALDD;GCALDD;ALDD19x_P;MACOXO;LCADi_D
160287_AT1,LDHAL6A,0.2814317775193228,0.2814317775193228,1.0,100.0,MINIMAL,optimal,4,2HBO;LDH_L;GLXO1;MCLORi
3948_AT1,LDHC,0.2814317775193228,0.2814317775193228,1.0,100.0,MINIMAL,optimal,4,2HBO;LDH_L;GLXO1;MCLORi
51166_AT1,AADAT,0.2814317775193228,0.2814317775193228,1.0,100.0,MINIMAL,optimal,1,AATA
92483_AT1,LDHAL6B,0.2814317775193228,0.2814317775193228,1.0,100.0,MINIMAL,optimal,4,2HBO;LDH_L;GLXO1;MCLORi
10554_AT1,AGPAT1,0.2814317775193228,0.2814317775193228,1.0,100.0,MINIMAL,optimal,1,AGPAT1
51166_AT2,AADAT,0.2814317775193228,0.2814317775193228,1.0,100.0,MINIMAL,optimal,1,AATA
51005_AT1,AMDHD2,0.2814317775193228,0.2814317775193228,1.0,100.0,MINIMAL,optimal,1,AGDC
3945_AT1,LDHB,0.2814317775193228,0.2814317775193228,1.0,100.0,MINIMAL,optimal,4,2HBO;LDH_L;GLXO1;MCLORi
1644_AT1,DDC,0.2814317775193228,0.2814317775193228,1.0,100.0,MINIMAL,optimal,5,HISDC;3HLYTCL;PHYCBOXL;TYRCBOX;5HLTDL
23498_AT1,HAAO,0.2814317775193228,0.2814317775193228,1.0,100.0,MINIMAL,optimal,1,3HAO
55293_AT1,UEVLD,0.2814317775193228,0.2814317775193228,1.0,100.0,MINIMAL,optimal,4,2HBO;LDH_L;GLXO1;MCLORi
89874_AT1,SLC25A21,0.2814317775193228,0.2814317775193228,1.0,100.0,MINIMAL,optimal,2,2AMADPTm;2OXOADPTm
18_AT2,ABAT,0.2814317775193228,0.2814317775193228,1.0,100.0,MINIMAL,optimal,4,ABTArm;APAT2rm;3AIBtm;3AIBTm
18_AT1,ABAT,0.2814317775193228,0.2814317775193228,1.0,100.0,MINIMAL,optimal,4,ABTArm;APAT2rm;3AIBtm;3AIBTm
3242_AT1,HPD,0.2814317775193228,0.2814317775193228,1.0,100.0,MINIMAL,optimal,1,34HPPOR
221_AT1,ALDH3B1,0.2814317775193228,0.2814317775193228,1.0,100.0,MINIMAL,optimal,15,LCADi;34DHXMANDACOX;ALDD2x;ALDD2y;ALDD19xr;34DHXMANDACOX_NADP;3MOX4HOXPGALDOX_NADP;34DHALDD;GCALDD;ALDD19x_P
222_AT1,ALDH3B2,0.2814317775193228,0.2814317775193228,1.0,100.0,MINIMAL,optimal,14,LCADi;ALDD2x;ALDD2y;ALDD19xr;34DHXMANDACOX_NADP;3MOX4HOXPGALDOX_NADP;34DHALDD;GCALDD;ALDD19x_P;MACOXO
218_AT1,ALDH3A1,0.2814317775193228,0.2814317775193228,1.0,100.0,MINIMAL,optimal,14,LCADi;34DHXMANDACOX;ALDD2x;ALDD2y;ALDD19xr;3MOX4HOXPGALDOX_NADP;34DHALDD;GCALDD;ALDD19x_P;MACOXO
3948_AT2,LDHC,0.2814317775193228,0.2814317775193228,1.0,100.0,MINIMAL,optimal,4,2HBO;LDH_L;GLXO1;MCLORi
957_AT1,ENTPD5,0.2814317775193228,0.2814317775193228,1.0,100.0,MINIMAL,optimal,3,NDP7er;ATPH1e;ATPH2e
6799_AT2,SULT1A2,0.2814317775193228,0.2814317775193228,1.0,100.0,MINIMAL,optimal,2,DOPASULT;4NPHSULT
6818_AT3,SULT1A3,0.2814317775193228,0.2814317775193228,1.0,100.0,MINIMAL,optimal,3,DOPASULT;4NPHSULT;TYMSULT
31_AT5,ACACA,0.2814317775193228,0.2814317775193228,1.0,100.0,MINIMAL,optimal,1,ACCOAC
31_AT3,ACACA,0.2814317775193228,0.2814317775193228,1.0,100.0,MINIMAL,optimal,1,ACCOAC
31_AT2,ACACA,0.2814317775193228,0.2814317775193228,1.0,100.0,MINIMAL,optimal,1,ACCOAC
31_AT4,ACACA,0.2814317775193228,0.2814317775193228,1.0,100.0,MINIMAL,optimal,1,ACCOAC
32_AT1,ACACB,0.2814317775193228,0.2814317775193228,1.0,100.0,MINIMAL,optimal,2,ACCOAC;ACCOACrm
30_AT1,ACAA1,0.2814317775193228,0.2814317775193228,1.0,100.0,MINIMAL,optimal,17,FAOXC16080x;FAOXC260240x;FAOXC240200x;FAOXC200180x;FAOXC183806x;FAOXC180x;FAOXC2242046x;FAOXC246226x;FAOXC2251836x;FAOXC2452256x
3030_AT1,HADHA,0.2814317775193228,0.2814317775193228,1.0,100.0,MINIMAL,optimal,5,ECOAH9m;HACD1m;ACACT1m;ECOAH12m;ECOAH1m
3032_AT1,HADHB,0.2814317775193228,0.2814317775193228,1.0,100.0,MINIMAL,optimal,5,ECOAH9m;HACD1m;ACACT1m;ECOAH12m;ECOAH1m
38_AT1,ACAT1,0.2814317775193228,0.2814317775193228,1.0,100.0,MINIMAL,optimal,2,ACACT1m;ACACT10m
39_AT1,ACAT2,0.2814317775193228,0.2814317775193228,1.0,100.0,MINIMAL,optimal,2,ACACT1r_copy1;ACACT1r_copy2
6529_AT1,SLC6A1,0.2814317775193228,0.2814317775193228,1.0,100.0,MINIMAL,optimal,1,ABUTt4_2_r
6540_AT1,SLC6A13,0.2814317775193228,0.2814317775193228,1.0,100.0,MINIMAL,optimal,1,ABUTt4_2_r
6538_AT1,SLC6A11,0.2814317775193228,0.2814317775193228,1.0,100.0,MINIMAL,optimal,1,ABUTt4_2_r
6539_AT1,SLC6A12,0.2814317775193228,0.2814317775193228,1.0,100.0,MINIMAL,optimal,2,GLYBt4_2_r;ABUTt4_2_r
206358_AT1,SLC36A1,0.2814317775193228,0.2814317775193228,1.0,100.0,MINIMAL,optimal,5,PROt2r;GLYt2r;ALAt2r;ABUTt2r;DALAt2r
65985_AT1,AACS,0.2814317775193228,0.2814317775193228,1.0,100.0,MINIMAL,optimal,3,AACOAT;ACS;ACS2
2348_AT3,FOLR1,0.2814317775193228,0.2814317775193228,1.0,100.0,MINIMAL,optimal,1,5MTHFt
31_AT1,ACACA,0.2814317775193228,0.2814317775193228,1.0,100.0,MINIMAL,optimal,1,ACCOAC
55902_AT1,ACSS2,0.2814317775193228,0.2814317775193228,1.0,100.0,MINIMAL,optimal,3,ACS;ACS2;ACCOAL
55902_AT2,ACSS2,0.2814317775193228,0.2814317775193228,1.0,100.0,MINIMAL,optimal,3,ACS;ACS2;ACCOAL
84532_AT1,ACSS1,0.2814317775193228,0.2814317775193228,1.0,100.0,MINIMAL,optimal,2,ACCOALm;ACSm
28976_AT1,ACAD9,0.2814317775193228,0.2814317775193228,1.0,100.0,MINIMAL,optimal,1,ACOAD1fm
523_AT1,ATP6V1A,0.2814317775193228,0.2814317775193228,1.0,100.0,MINIMAL,optimal,1,ATPasel
34_AT1,ACADM,0.2814317775193228,0.2814317775193228,1.0,100.0,MINIMAL,optimal,30,FAOXC183803m;FAOXC204;FAOXC204184m;FAOXC16180m;ACOAD9m;FAOXC2242046m;FAOXC170m;FAOXC2252053m;FAOXC226;ACOAD1fm
11254_AT1,SLC6A14,0.2814317775193228,0.2814317775193228,1.0,100.0,MINIMAL,optimal,17,PHEt4;VALt4;SERt4;GLYt4;TRPt4;TYRt4;METt4;CYSt4;ASNt4;ARGt4
36_AT1,ACADSB,0.2814317775193228,0.2814317775193228,1.0,100.0,MINIMAL,optimal,2,ACOAD1fm;ACOAD10m
51606_AT2,ATP6V1H,0.2814317775193228,0.2814317775193228,1.0,100.0,MINIMAL,optimal,1,ATPasel
26503_AT1,SLC17A5,0.2814317775193228,0.2814317775193228,1.0,100.0,MINIMAL,optimal,2,ACNAMlt;GLCURtly
6541_AT1,SLC7A1,0.2814317775193228,0.2814317775193228,1.0,100.0,MINIMAL,optimal,6,PHEt4;ORNt;LYSt5r;ALAt4;ARGt5r;LEUt4
2352_AT1,FOLR3,0.2814317775193228,0.2814317775193228,1.0,100.0,MINIMAL,optimal,1,5MTHFt
54187_AT1,NANS,0.2814317775193228,0.2814317775193228,1.0,100.0,MINIMAL,optimal,2,ACNAM9PL2;ACNAM9PL
47_AT2,ACLY,0.2814317775193228,0.2814317775193228,1.0,100.0,MINIMAL,optimal,1,ACITL
47_AT1,ACLY,0.2814317775193228,0.2814317775193228,1.0,100.0,MINIMAL,optimal,1,ACITL
81539_AT1,SLC38A1,0.2814317775193228,0.2814317775193228,1.0,100.0,MINIMAL,optimal,10,PHEt4;METt4;ASNt4;SERt4;GLNt4;THRt4;LEUt4;ALAt4;PROt4;GLYt4
6572_AT1,SLC18A3,0.2814317775193228,0.2814317775193228,1.0,100.0,MINIMAL,optimal,1,ACHVESSEC
43_AT2,ACHE,0.2814317775193228,0.2814317775193228,1.0,100.0,MINIMAL,optimal,1,ACHEe
43_AT1,ACHE,0.2814317775193228,0.2814317775193228,1.0,100.0,MINIMAL,optimal,1,ACHEe
55577_AT1,NAGK,0.2814317775193228,0.2814317775193228,1.0,100.0,MINIMAL,optimal,2,ACGAMK;AMANK
5973_AT1,RENBP,0.2814317775193228,0.2814317775193228,1.0,100.0,MINIMAL,optimal,1,ACGAM2E
84889_AT1,SLC7A3,0.2814317775193228,0.2814317775193228,1.0,100.0,MINIMAL,optimal,6,PHEt4;ORNt;LYSt5r;ALAt4;ARGt5r;LEUt4
8402_AT1,SLC25A11,0.2814317775193228,0.2814317775193228,1.0,100.0,MINIMAL,optimal,1,AKGMALtm
2348_AT1,FOLR1,0.2814317775193228,0.2814317775193228,1.0,100.0,MINIMAL,optimal,1,5MTHFt
2348_AT6,FOLR1,0.2814317775193228,0.2814317775193228,1.0,100.0,MINIMAL,optimal,1,5MTHFt
11212_AT1,PROSC,0.2814317775193228,0.2814317775193228,1.0,100.0,MINIMAL,optimal,1,ALAR
316_AT1,AOX1,0.2814317775193228,0.2814317775193228,1.0,100.0,MINIMAL,optimal,1,PYDXDH
6520_AT1,SLC3A2,0.2814317775193228,0.2814317775193228,1.0,100.0,MINIMAL,optimal,19,SERDGLYexR;THRGLNexR;ALAGLYexR;CYSGLYex_copy2;CYSGLUexR;METLEUex;ARGLYSex;SERGLNexR;THRGLYexR;CYSGLYex_copy1
6573_AT1,SLC19A1,0.2814317775193228,0.2814317775193228,1.0,100.0,MINIMAL,optimal,6,THMMPt4;FOLt2;5FTHFt2;THMTPt;5MTHFt2;THFt2
56301_AT1,SLC7A10,0.2814317775193228,0.2814317775193228,1.0,100.0,MINIMAL,optimal,12,ALAGLNexR;SERDGLYexR;THRGLNexR;ALAGLYexR;CYSGLYex_copy2;SERDGLNexR;CYSGLUexR;SERGLNexR;THRGLYexR;ALADGLNexR
6573_AT2,SLC19A1,0.2814317775193228,0.2814317775193228,1.0,100.0,MINIMAL,optimal,6,THMMPt4;FOLt2;5FTHFt2;THMTPt;5MTHFt2;THFt2
6509_AT1,SLC1A4,0.2814317775193228,0.2814317775193228,1.0,100.0,MINIMAL,optimal,12,ALASERNaEx;THRALANaEx;THRCYSNaEx;SERTHRNaEx;CYSSERNaEx;ALATHRNaEx;CYSALANaEx;THRSERNaEx;CYSTHRNaEx;SERCYSNaEx
6822_AT1,SULT2A1,0.2814317775193228,0.2814317775193228,1.0,100.0,MINIMAL,optimal,2,DHEASULT;PRGNLONESULT
6510_AT1,SLC1A5,0.2814317775193228,0.2814317775193228,1.0,100.0,MINIMAL,optimal,30,ALASERNaEx;ASNCYSNaEx;THRGLNNaEx;GLNCYSNaEx;THRCYSNaEx;ASNGLNNaEx;ALAASNNaEx;SERTHRNaEx;CYSSERNaEx;ALATHRNaEx
4363_AT1,ABCC1,0.2814317775193228,0.2814317775193228,1.0,100.0,MINIMAL,optimal,3,5ADTSTSTERONEGLCte;BILDGLCURte;BILGLCURte
6818_AT2,SULT1A3,0.2814317775193228,0.2814317775193228,1.0,100.0,MINIMAL,optimal,3,DOPASULT;4NPHSULT;TYMSULT
6817_AT4,SULT1A1,0.2814317775193228,0.2814317775193228,1.0,100.0,MINIMAL,optimal,5,DOPASULT;ESTSULT;TRIODTHYSULT;4NPHSULT;TYMSULT
6718_AT1,AKR1D1,0.2814317775193228,0.2814317775193228,1.0,100.0,MINIMAL,optimal,2,AKR1D2;AKR1D
6817_AT5,SULT1A1,0.2814317775193228,0.2814317775193228,1.0,100.0,MINIMAL,optimal,5,DOPASULT;ESTSULT;TRIODTHYSULT;4NPHSULT;TYMSULT
1109_AT1,AKR1C4,0.2814317775193228,0.2814317775193228,1.0,100.0,MINIMAL,optimal,4,HSD3A2r;AKR1C42;HSD3A1r;AKR1C41
6817_AT2,SULT1A1,0.2814317775193228,0.2814317775193228,1.0,100.0,MINIMAL,optimal,5,DOPASULT;ESTSULT;TRIODTHYSULT;4NPHSULT;TYMSULT
6817_AT1,SULT1A1,0.2814317775193228,0.2814317775193228,1.0,100.0,MINIMAL,optimal,5,DOPASULT;ESTSULT;TRIODTHYSULT;4NPHSULT;TYMSULT
223_AT1,ALDH9A1,0.2814317775193228,0.2814317775193228,1.0,100.0,MINIMAL,optimal,7,GCALDD;ABUTD;BAMPPALDOX;ALDD2x;LCADi_D;ALDD2y;LCADi
211_AT2,ALAS1,0.2814317775193228,0.2814317775193228,1.0,100.0,MINIMAL,optimal,1,ALASm
8854_AT1,ALDH1A2,0.2814317775193228,0.2814317775193228,1.0,100.0,MINIMAL,optimal,6,GCALDD;LCADi_D;BAMPPALDOX;ALDD2x;ALDD2y;LCADi
23464_AT1,GCAT,0.2814317775193228,0.2814317775193228,1.0,100.0,MINIMAL,optimal,2,GLYATm;ALASm
2348_AT2,FOLR1,0.2814317775193228,0.2814317775193228,1.0,100.0,MINIMAL,optimal,1,5MTHFt
2351_AT1,2351_AT1,0.2814317775193228,0.2814317775193228,1.0,100.0,MINIMAL,optimal,1,5MTHFt
2348_AT4,FOLR1,0.2814317775193228,0.2814317775193228,1.0,100.0,MINIMAL,optimal,1,5MTHFt
6570_AT1,SLC18A1,0.2814317775193228,0.2814317775193228,1.0,100.0,MINIMAL,optimal,5,NRPPHRVESSEC;5HTRPVESSEC;DOPAVESSEC;HISTAVESSEC;ADRNLPVESSEC
6571_AT1,SLC18A2,0.2814317775193228,0.2814317775193228,1.0,100.0,MINIMAL,optimal,5,NRPPHRVESSEC;5HTRPVESSEC;DOPAVESSEC;HISTAVESSEC;ADRNLPVESSEC
55089_AT1,SLC38A4,0.2814317775193228,0.2814317775193228,1.0,100.0,MINIMAL,optimal,10,PHEt4;LYSt5r;ASNt4;SERt4;GLNt4;LEUt4;ALAt4;PROt4;ARGt5r;GLYt4
217_AT1,ALDH2,0.2814317775193228,0.2814317775193228,1.0,100.0,MINIMAL,optimal,1,ALDD2xm
6542_AT1,SLC7A2,0.2814317775193228,0.2814317775193228,1.0,100.0,MINIMAL,optimal,6,PHEt4;ORNt;LYSt5r;ALAt4;ARGt5r;LEUt4
2348_AT5,FOLR1,0.2814317775193228,0.2814317775193228,1.0,100.0,MINIMAL,optimal,1,5MTHFt
219_AT1,ALDH1B1,0.2814317775193228,0.2814317775193228,1.0,100.0,MINIMAL,optimal,1,ALDD2xm
224_AT1,ALDH3A2,0.2814317775193228,0.2814317775193228,1.0,100.0,MINIMAL,optimal,6,GCALDD;LCADi_D;BAMPPALDOX;ALDD2x;ALDD2y;LCADi
2875_AT1,GPT,0.2814317775193228,0.2814317775193228,1.0,100.0,MINIMAL,optimal,1,ALATA_L
8854_AT2,ALDH1A2,0.2814317775193228,0.2814317775193228,1.0,100.0,MINIMAL,optimal,6,GCALDD;LCADi_D;BAMPPALDOX;ALDD2x;ALDD2y;LCADi
501_AT1,ALDH7A1,0.2814317775193228,0.2814317775193228,1.0,100.0,MINIMAL,optimal,6,AASAD3;GCALDD;LCADi_D;BAMPPALDOX;ALDD2x;LCADi
216_AT1,ALDH1A1,0.2814317775193228,0.2814317775193228,1.0,100.0,MINIMAL,optimal,5,GCALDD;LCADi_D;BAMPPALDOX;ALDD2x;LCADi
212_AT1,ALAS2,0.2814317775193228,0.2814317775193228,1.0,100.0,MINIMAL,optimal,1,ALASm
211_AT1,ALAS1,0.2814317775193228,0.2814317775193228,1.0,100.0,MINIMAL,optimal,1,ALASm
8854_AT3,ALDH1A2,0.2814317775193228,0.2814317775193228,1.0,100.0,MINIMAL,optimal,6,GCALDD;LCADi_D;BAMPPALDOX;ALDD2x;ALDD2y;LCADi
84706_AT1,GPT2,0.2814317775193228,0.2814317775193228,1.0,100.0,MINIMAL,optimal,1,ALATA_L
956_AT1,ENTPD3,0.2814317775193228,0.2814317775193228,1.0,100.0,MINIMAL,optimal,2,ATPH1e;ATPH2e
953_AT1,ENTPD1,0.2814317775193228,0.2814317775193228,1.0,100.0,MINIMAL,optimal,2,ATPH1e;ATPH2e
954_AT2,ENTPD2,0.2814317775193228,0.2814317775193228,1.0,100.0,MINIMAL,optimal,2,ATPH1e;ATPH2e
197257_AT1,LDHD,0.2814317775193228,0.2814317775193228,1.0,100.0,MINIMAL,optimal,2,LDH_D;GLXO1
200010_AT1,SLC5A9,0.2814317775193228,0.2814317775193228,1.0,100.0,MINIMAL,optimal,4,GALt4;MANt4;GLCt4;FRUt4
5167_AT1,ENPP1,0.2814317775193228,0.2814317775193228,1.0,100.0,MINIMAL,optimal,4,FADDP;NNATr_copy1;UDPGP;DNADDP
6518_AT1,SLC2A5,0.2814317775193228,0.2814317775193228,1.0,100.0,MINIMAL,optimal,1,FRUt1r
29958_AT1,DMGDH,0.2814317775193228,0.2814317775193228,1.0,100.0,MINIMAL,optimal,1,DMGDHm
29988_AT1,SLC2A8,0.2814317775193228,0.2814317775193228,1.0,100.0,MINIMAL,optimal,3,GALt1r;FRUt1r;GLCt1
197257_AT2,LDHD,0.2814317775193228,0.2814317775193228,1.0,100.0,MINIMAL,optimal,2,LDH_D;GLXO1
83733_AT1,SLC25A18,0.2814317775193228,0.2814317775193228,1.0,100.0,MINIMAL,optimal,1,GLUt2m
79751_AT1,SLC25A22,0.2814317775193228,0.2814317775193228,1.0,100.0,MINIMAL,optimal,1,GLUt2m
6514_AT1,SLC2A2,0.2814317775193228,0.2814317775193228,1.0,100.0,MINIMAL,optimal,5,FRUt1r;GALt1r;GAMt1r;MANt1r;GLCt1
155184_AT1,SLC2A7,0.2814317775193228,0.2814317775193228,1.0,100.0,MINIMAL,optimal,2,FRUt1r;GLCt1
5860_AT1,QDPR,0.2814317775193228,0.2814317775193228,1.0,100.0,MINIMAL,optimal,1,DHPR
1807_AT1,DPYS,0.2814317775193228,0.2814317775193228,1.0,100.0,MINIMAL,optimal,2,DHPM2;DHPM1
66035_AT1,SLC2A11,0.2814317775193228,0.2814317775193228,1.0,100.0,MINIMAL,optimal,2,FRUt1r;GLCt1
1809_AT1,DPYSL3,0.2814317775193228,0.2814317775193228,1.0,100.0,MINIMAL,optimal,1,DHPM1
1808_AT1,DPYSL2,0.2814317775193228,0.2814317775193228,1.0,100.0,MINIMAL,optimal,1,DHPM1
2356_AT1,FPGS,0.2814317775193228,0.2814317775193228,1.0,100.0,MINIMAL,optimal,18,FPGSm;FPGS5;FPGS7m;FPGS4;FPGS;FPGS6;FPGS5m;FPGS9m;FPGS6m;FPGS7
5168_AT1,ENPP2,0.2814317775193228,0.2814317775193228,1.0,100.0,MINIMAL,optimal,3,NNATr_copy1;UDPGP;DNADDP
10841_AT1,FTCD,0.2814317775193228,0.2814317775193228,1.0,100.0,MINIMAL,optimal,2,FTCD;GluForTx
5169_AT1,ENPP3,0.2814317775193228,0.2814317775193228,1.0,100.0,MINIMAL,optimal,3,NNATr_copy1;UDPGP;DNADDP
51179_AT1,HAO2,0.2814317775193228,0.2814317775193228,1.0,100.0,MINIMAL,optimal,2,GLYCTO1p;GLXO2p
1468_AT1,SLC25A10,0.2814317775193228,0.2814317775193228,1.0,100.0,MINIMAL,optimal,9,FUMtm;MALSO4tm;MALTSULtm;FUMTSULtm;SUCCtm;MALSO3tm;FUMSO4tm;FUMSO3tm;MALtm
2184_AT1,FAH,0.2814317775193228,0.2814317775193228,1.0,100.0,MINIMAL,optimal,1,FUMAC
2271_AT1,FH,0.2814317775193228,0.2814317775193228,1.0,100.0,MINIMAL,optimal,2,FUM;FUMm
84264_AT2,HAGHL,0.2814317775193228,0.2814317775193228,1.0,100.0,MINIMAL,optimal,1,GLYOX
2710_AT2,GK,0.2814317775193228,0.2814317775193228,1.0,100.0,MINIMAL,optimal,1,GLYK
2712_AT1,GK2,0.2814317775193228,0.2814317775193228,1.0,100.0,MINIMAL,optimal,1,GLYK
2710_AT1,GK,0.2814317775193228,0.2814317775193228,1.0,100.0,MINIMAL,optimal,1,GLYK
2713_AT1,2713_AT1,0.2814317775193228,0.2814317775193228,1.0,100.0,MINIMAL,optimal,1,GLYK
80308_AT2,FLAD1,0.2814317775193228,0.2814317775193228,1.0,100.0,MINIMAL,optimal,1,FMNAT
2519_AT1,FUCA2,0.2814317775193228,0.2814317775193228,1.0,100.0,MINIMAL,optimal,2,FUCASEe;FUCASE2e
286297_AT1,286297_AT1,0.2814317775193228,0.2814317775193228,1.0,100.0,MINIMAL,optimal,1,FTHFLi
4522_AT1,MTHFD1,0.2814317775193228,0.2814317775193228,1.0,100.0,MINIMAL,optimal,3,MTHFC;FTHFLi;MTHFD
9380_AT1,GRHPR,0.2814317775193228,0.2814317775193228,1.0,100.0,MINIMAL,optimal,2,GLYCLTDy;LALDD
2628_AT1,GATM,0.2814317775193228,0.2814317775193228,1.0,100.0,MINIMAL,optimal,1,GLYAMDTRc
10588_AT1,MTHFS,0.2814317775193228,0.2814317775193228,1.0,100.0,MINIMAL,optimal,1,FTHFCL
10841_AT2,FTCD,0.2814317775193228,0.2814317775193228,1.0,100.0,MINIMAL,optimal,2,FTCD;GluForTx
54363_AT1,HAO1,0.2814317775193228,0.2814317775193228,1.0,100.0,MINIMAL,optimal,2,GLYCTO1p;GLXO2p
51179_AT2,HAO2,0.2814317775193228,0.2814317775193228,1.0,100.0,MINIMAL,optimal,2,GLYCTO1p;GLXO2p
25902_AT1,MTHFD1L,0.2814317775193228,0.2814317775193228,1.0,100.0,MINIMAL,optimal,3,MTHFCm;MTHFDm;FTHFLmi
3029_AT1,HAGH,0.2814317775193228,0.2814317775193228,1.0,100.0,MINIMAL,optimal,1,GLYOX
80308_AT1,FLAD1,0.2814317775193228,0.2814317775193228,1.0,100.0,MINIMAL,optimal,1,FMNAT
1719_AT1,DHFR,0.2814317775193228,0.2814317775193228,1.0,100.0,MINIMAL,optimal,2,FOLR2;DHFR
6513_AT1,SLC2A1,0.2814317775193228,0.2814317775193228,1.0,100.0,MINIMAL,optimal,5,DHAAt1r;GALt1r;GAMt1r;MANt1r;GLCt1
1716_AT4,DGUOK,0.2814317775193228,0.2814317775193228,1.0,100.0,MINIMAL,optimal,1,DGNSKm
5208_AT1,PFKFB2,0.2814317775193228,0.2814317775193228,1.0,100.0,MINIMAL,optimal,2,PFK26;FBP26
2203_AT1,FBP1,0.2814317775193228,0.2814317775193228,1.0,100.0,MINIMAL,optimal,2,FBP26;FBP
1340_AT1,COX6B1,0.2814317775193228,0.2814317775193228,1.0,100.0,MINIMAL,optimal,1,CYOOm3
9167_AT1,COX7A2L,0.2814317775193228,0.2814317775193228,1.0,100.0,MINIMAL,optimal,1,CYOOm3
1716_AT2,DGUOK,0.2814317775193228,0.2814317775193228,1.0,100.0,MINIMAL,optimal,1,DGNSKm
9377_AT1,COX5A,0.2814317775193228,0.2814317775193228,1.0,100.0,MINIMAL,optimal,1,CYOOm3
8789_AT1,FBP2,0.2814317775193228,0.2814317775193228,1.0,100.0,MINIMAL,optimal,2,FBP26;FBP
229_AT1,ALDOB,0.2814317775193228,0.2814317775193228,1.0,100.0,MINIMAL,optimal,3,FBA;FBA4;FBA2
226_AT2,ALDOA,0.2814317775193228,0.2814317775193228,1.0,100.0,MINIMAL,optimal,3,FBA;FBA4;FBA2
170712_AT1,COX7B2,0.2814317775193228,0.2814317775193228,1.0,100.0,MINIMAL,optimal,1,CYOOm3
1716_AT3,DGUOK,0.2814317775193228,0.2814317775193228,1.0,100.0,MINIMAL,optimal,1,DGNSKm
1351_AT1,COX8A,0.2814317775193228,0.2814317775193228,1.0,100.0,MINIMAL,optimal,1,CYOOm3
84701_AT1,COX4I2,0.2814317775193228,0.2814317775193228,1.0,100.0,MINIMAL,optimal,1,CYOOm3
1716_AT5,DGUOK,0.2814317775193228,0.2814317775193228,1.0,100.0,MINIMAL,optimal,1,DGNSKm
226_AT3,ALDOA,0.2814317775193228,0.2814317775193228,1.0,100.0,MINIMAL,optimal,3,FBA;FBA4;FBA2
5207_AT1,PFKFB1,0.2814317775193228,0.2814317775193228,1.0,100.0,MINIMAL,optimal,2,PFK26;FBP26
5210_AT1,PFKFB4,0.2814317775193228,0.2814317775193228,1.0,100.0,MINIMAL,optimal,2,PFK26;FBP26
1349_AT1,COX7B,0.2814317775193228,0.2814317775193228,1.0,100.0,MINIMAL,optimal,1,CYOOm3
1339_AT1,COX6A2,0.2814317775193228,0.2814317775193228,1.0,100.0,MINIMAL,optimal,1,CYOOm3
11309_AT1,SLCO2B1,0.2814317775193228,0.2814317775193228,1.0,100.0,MINIMAL,optimal,1,ESTRONESt
79901_AT1,CYBRD1,0.2814317775193228,0.2814317775193228,1.0,100.0,MINIMAL,optimal,1,FE3R2e
1345_AT1,COX6C,0.2814317775193228,0.2814317775193228,1.0,100.0,MINIMAL,optimal,1,CYOOm3
4512_AT1,COX1,0.2814317775193228,0.2814317775193228,1.0,100.0,MINIMAL,optimal,1,CYOOm3
6783_AT1,SULT1E1,0.2814317775193228,0.2814317775193228,1.0,100.0,MINIMAL,optimal,2,DHEASULT;ESTSULT
125965_AT1,COX6B2,0.2814317775193228,0.2814317775193228,1.0,100.0,MINIMAL,optimal,1,CYOOm3
8560_AT1,DEGS1,0.2814317775193228,0.2814317775193228,1.0,100.0,MINIMAL,optimal,2,DHCRD1;DHCRD2
341947_AT1,COX8C,0.2814317775193228,0.2814317775193228,1.0,100.0,MINIMAL,optimal,1,CYOOm3
1723_AT1,DHODH,0.2814317775193228,0.2814317775193228,1.0,100.0,MINIMAL,optimal,1,DHORD9
10840_AT1,ALDH1L1,0.2814317775193228,0.2814317775193228,1.0,100.0,MINIMAL,optimal,2,FDH;FTHFDH
2235_AT2,FECH,0.2814317775193228,0.2814317775193228,1.0,100.0,MINIMAL,optimal,1,FCLTm
1329_AT1,COX5B,0.2814317775193228,0.2814317775193228,1.0,100.0,MINIMAL,optimal,1,CYOOm3
1347_AT1,COX7A2,0.2814317775193228,0.2814317775193228,1.0,100.0,MINIMAL,optimal,1,CYOOm3
2235_AT1,FECH,0.2814317775193228,0.2814317775193228,1.0,100.0,MINIMAL,optimal,1,FCLTm
1337_AT1,COX6A1,0.2814317775193228,0.2814317775193228,1.0,100.0,MINIMAL,optimal,1,CYOOm3
6515_AT1,SLC2A3,0.2814317775193228,0.2814317775193228,1.0,100.0,MINIMAL,optimal,5,DHAAt1r;MALTt1r;GALt1r;MANt1r;GLCt1
5209_AT1,PFKFB3,0.2814317775193228,0.2814317775193228,1.0,100.0,MINIMAL,optimal,2,PFK26;FBP26
6517_AT1,SLC2A4,0.2814317775193228,0.2814317775193228,1.0,100.0,MINIMAL,optimal,3,GAMt1r;DHAAt1r;GLCt1
8560_AT2,DEGS1,0.2814317775193228,0.2814317775193228,1.0,100.0,MINIMAL,optimal,2,DHCRD1;DHCRD2
1350_AT1,COX7C,0.2814317775193228,0.2814317775193228,1.0,100.0,MINIMAL,optimal,1,CYOOm3
84264_AT1,HAGHL,0.2814317775193228,0.2814317775193228,1.0,100.0,MINIMAL,optimal,1,GLYOX
6536_AT1,SLC6A9,0.2814317775193228,0.2814317775193228,1.0,100.0,MINIMAL,optimal,1,GLYt7_211_r
2678_AT3,GGT1,0.2814317775193228,0.2814317775193228,1.0,100.0,MINIMAL,optimal,1,GTMLTe
151531_AT1,UPP2,0.2814317775193228,0.2814317775193228,1.0,100.0,MINIMAL,optimal,2,DURIPP;PYNP2r
4860_AT1,PNP,0.2814317775193228,0.2814317775193228,1.0,100.0,MINIMAL,optimal,10,PUNP7;PNP;PUNP6;PUNP4;PUNP1;PUNP3;PUNP5;PUNP2;DURIPP;NP1
7083_AT1,TK1,0.2814317775193228,0.2814317775193228,1.0,100.0,MINIMAL,optimal,2,DURIK1;TMDK1
7084_AT1,TK2,0.2814317775193228,0.2814317775193228,1.0,100.0,MINIMAL,optimal,4,DURIK1m;DURIK1;TMDK1m;TMDK1
1806_AT1,DPYD,0.2814317775193228,0.2814317775193228,1.0,100.0,MINIMAL,optimal,2,DURAD;DURAD2
1841_AT1,DTYMK,0.2814317775193228,0.2814317775193228,1.0,100.0,MINIMAL,optimal,3,DTMPK;NDP8;URIDK2m
64080_AT1,RBKS,0.2814317775193228,0.2814317775193228,1.0,100.0,MINIMAL,optimal,2,RBK;DRBK
5224_AT2,PGAM2,0.2814317775193228,0.2814317775193228,1.0,100.0,MINIMAL,optimal,3,PGM;DPGase;DPGM
5224_AT1,PGAM2,0.2814317775193228,0.2814317775193228,1.0,100.0,MINIMAL,optimal,3,PGM;DPGase;DPGM
669_AT1,BPGM,0.2814317775193228,0.2814317775193228,1.0,100.0,MINIMAL,optimal,3,PGM;DPGase;DPGM
2585_AT1,GALK2,0.2814317775193228,0.2814317775193228,1.0,100.0,MINIMAL,optimal,1,GALKr
5223_AT1,PGAM1,0.2814317775193228,0.2814317775193228,1.0,100.0,MINIMAL,optimal,3,PGM;DPGase;DPGM
2937_AT1,GSS,0.2814317775193228,0.2814317775193228,1.0,100.0,MINIMAL,optimal,1,GTHS
669_AT2,BPGM,0.2814317775193228,0.2814317775193228,1.0,100.0,MINIMAL,optimal,3,PGM;DPGase;DPGM
2585_AT2,GALK2,0.2814317775193228,0.2814317775193228,1.0,100.0,MINIMAL,optimal,1,GALKr
2584_AT1,GALK1,0.2814317775193228,0.2814317775193228,1.0,100.0,MINIMAL,optimal,1,GALKr
1854_AT1,DUT,0.2814317775193228,0.2814317775193228,1.0,100.0,MINIMAL,optimal,2,DUTPDPn;DUTPDPm
2678_AT2,GGT1,0.2814317775193228,0.2814317775193228,1.0,100.0,MINIMAL,optimal,1,GTMLTe
23539_AT1,SLC16A8,0.2814317775193228,0.2814317775193228,1.0,100.0,MINIMAL,optimal,2,D_LACt2;L_LACt2r
2678_AT1,GGT1,0.2814317775193228,0.2814317775193228,1.0,100.0,MINIMAL,optimal,1,GTMLTe
5833_AT1,PCYT2,0.2814317775193228,0.2814317775193228,1.0,100.0,MINIMAL,optimal,1,PETHCT
4882_AT2,NPR2,0.2814317775193228,0.2814317775193228,1.0,100.0,MINIMAL,optimal,1,GUACYC
2027_AT1,ENO3,0.2814317775193228,0.2814317775193228,1.0,100.0,MINIMAL,optimal,1,ENO
2977_AT1,GUCY1A2,0.2814317775193228,0.2814317775193228,1.0,100.0,MINIMAL,optimal,1,GUACYC
26237_AT1,26237_AT1,0.2814317775193228,0.2814317775193228,1.0,100.0,MINIMAL,optimal,1,ENO
4882_AT1,NPR2,0.2814317775193228,0.2814317775193228,1.0,100.0,MINIMAL,optimal,1,GUACYC
9583_AT1,G_9583_AT1,0.2814317775193228,0.2814317775193228,1.0,100.0,MINIMAL,optimal,1,NDP7er
2023_AT1,ENO1,0.2814317775193228,0.2814317775193228,1.0,100.0,MINIMAL,optimal,1,ENO
80347_AT1,COASY,0.2814317775193228,0.2814317775193228,1.0,100.0,MINIMAL,optimal,2,DPCOAK;PTPATi
2983_AT1,GUCY1B3,0.2814317775193228,0.2814317775193228,1.0,100.0,MINIMAL,optimal,1,GUACYC
4881_AT1,NPR1,0.2814317775193228,0.2814317775193228,1.0,100.0,MINIMAL,optimal,1,GUACYC
2026_AT1,ENO2,0.2814317775193228,0.2814317775193228,1.0,100.0,MINIMAL,optimal,1,ENO
2986_AT1,GUCY2F,0.2814317775193228,0.2814317775193228,1.0,100.0,MINIMAL,optimal,1,GUACYC
2974_AT1,2974_AT1,0.2814317775193228,0.2814317775193228,1.0,100.0,MINIMAL,optimal,1,GUACYC
2982_AT1,GUCY1A3,0.2814317775193228,0.2814317775193228,1.0,100.0,MINIMAL,optimal,1,GUACYC
1892_AT1,ECHS1,0.2814317775193228,0.2814317775193228,1.0,100.0,MINIMAL,optimal,3,ECOAH9m;ECOAH12m;ECOAH1m
3000_AT1,GUCY2D,0.2814317775193228,0.2814317775193228,1.0,100.0,MINIMAL,optimal,1,GUACYC
2679_AT1,2679_AT1,0.2814317775193228,0.2814317775193228,1.0,100.0,MINIMAL,optimal,1,GTMLTe
2027_AT2,ENO3,0.2814317775193228,0.2814317775193228,1.0,100.0,MINIMAL,optimal,1,ENO
6536_AT2,SLC6A9,0.2814317775193228,0.2814317775193228,1.0,100.0,MINIMAL,optimal,1,GLYt7_211_r
10935_AT1,PRDX3,0.2814317775193228,0.2814317775193228,1.0,100.0,MINIMAL,optimal,1,GTHPm
6581_AT1,SLC22A3,0.2814317775193228,0.2814317775193228,1.0,100.0,MINIMAL,optimal,3,HISTAtu;DOPAtu;NRPPHRtu
2539_AT1,G6PD,0.2814317775193228,0.2814317775193228,1.0,100.0,MINIMAL,optimal,1,G6PDH2r
2876_AT1,GPX1,0.2814317775193228,0.2814317775193228,1.0,100.0,MINIMAL,optimal,1,GTHPi
2936_AT1,GSR,0.2814317775193228,0.2814317775193228,1.0,100.0,MINIMAL,optimal,2,GTHOr;GTHOm
9563_AT1,H6PD,0.2814317775193228,0.2814317775193228,1.0,100.0,MINIMAL,optimal,3,G6PDH1er_copy2;G6PDH2er;G6PDH1er_copy1
132789_AT1,GNPDA2,0.2814317775193228,0.2814317775193228,1.0,100.0,MINIMAL,optimal,1,G6PDA
57678_AT1,GPAM,0.2814317775193228,0.2814317775193228,1.0,100.0,MINIMAL,optimal,1,GPAM_hs
27232_AT1,GNMT,0.2814317775193228,0.2814317775193228,1.0,100.0,MINIMAL,optimal,1,GNMT
10007_AT1,GNPDA1,0.2814317775193228,0.2814317775193228,1.0,100.0,MINIMAL,optimal,1,G6PDA
5226_AT1,PGD,0.2814317775193228,0.2814317775193228,1.0,100.0,MINIMAL,optimal,1,GND
2820_AT1,GPD2,0.2814317775193228,0.2814317775193228,1.0,100.0,MINIMAL,optimal,1,G3PD2m
51292_AT2,GMPR2,0.2814317775193228,0.2814317775193228,1.0,100.0,MINIMAL,optimal,1,GMPR
2819_AT1,GPD1,0.2814317775193228,0.2814317775193228,1.0,100.0,MINIMAL,optimal,1,G3PD1ir
51292_AT3,GMPR2,0.2814317775193228,0.2814317775193228,1.0,100.0,MINIMAL,optimal,1,GMPR
60386_AT1,SLC25A19,0.2814317775193228,0.2814317775193228,1.0,100.0,MINIMAL,optimal,63,DNDPt59m;DNDPt16m;DNDPt42m;DNDPt43m;DNDPt24m;DNDPt40m;DNDPt62m;DNDPt41m;DNDPt48m;DNDPt3m
2766_AT1,GMPR,0.2814317775193228,0.2814317775193228,1.0,100.0,MINIMAL,optimal,1,GMPR
51292_AT1,GMPR2,0.2814317775193228,0.2814317775193228,1.0,100.0,MINIMAL,optimal,1,GMPR
9152_AT1,SLC6A5,0.2814317775193228,0.2814317775193228,1.0,100.0,MINIMAL,optimal,1,GLYt7_311_r
2542_AT1,SLC37A4,0.2814317775193228,0.2814317775193228,1.0,100.0,MINIMAL,optimal,1,G6Pter
2593_AT1,GAMT,0.2814317775193228,0.2814317775193228,1.0,100.0,MINIMAL,optimal,1,GACMTRc
2593_AT2,GAMT,0.2814317775193228,0.2814317775193228,1.0,100.0,MINIMAL,optimal,1,GACMTRc
5052_AT3,PRDX1,0.2814317775193228,0.2814317775193228,1.0,100.0,MINIMAL,optimal,1,GTHPi
2588_AT1,GALNS,0.2814317775193228,0.2814317775193228,1.0,100.0,MINIMAL,optimal,2,SIAASEly;GALASE1ly
257202_AT1,GPX6,0.2814317775193228,0.2814317775193228,1.0,100.0,MINIMAL,optimal,1,GTHPe
6531_AT1,SLC6A3,0.2814317775193228,0.2814317775193228,1.0,100.0,MINIMAL,optimal,2,DOPAt4_2_r;NRPPHRt4_2_r
6530_AT1,SLC6A2,0.2814317775193228,0.2814317775193228,1.0,100.0,MINIMAL,optimal,2,DOPAt4_2_r;NRPPHRt4_2_r
2878_AT1,GPX3,0.2814317775193228,0.2814317775193228,1.0,100.0,MINIMAL,optimal,1,GTHPe
4758_AT1,NEU1,0.2814317775193228,0.2814317775193228,1.0,100.0,MINIMAL,optimal,2,SIAASEly;GALASE1ly
7001_AT1,PRDX2,0.2814317775193228,0.2814317775193228,1.0,100.0,MINIMAL,optimal,1,GTHPi
1621_AT1,DBH,0.2814317775193228,0.2814317775193228,1.0,100.0,MINIMAL,optimal,1,DOPABMO
10935_AT2,PRDX3,0.2814317775193228,0.2814317775193228,1.0,100.0,MINIMAL,optimal,1,GTHPm
5052_AT1,PRDX1,0.2814317775193228,0.2814317775193228,1.0,100.0,MINIMAL,optimal,1,GTHPi
5052_AT2,PRDX1,0.2814317775193228,0.2814317775193228,1.0,100.0,MINIMAL,optimal,1,GTHPi
5476_AT1,CTSA,0.2814317775193228,0.2814317775193228,1.0,100.0,MINIMAL,optimal,2,SIAASEly;GALASE1ly
26002_AT1,MOXD1,0.2814317775193228,0.2814317775193228,1.0,100.0,MINIMAL,optimal,1,DOPABMO
2720_AT1,GLB1,0.2814317775193228,0.2814317775193228,1.0,100.0,MINIMAL,optimal,2,SIAASEly;GALASE1ly
2879_AT1,GPX4,0.2814317775193228,0.2814317775193228,1.0,100.0,MINIMAL,optimal,2,GTHPm;GTHPi
2876_AT2,GPX1,0.2814317775193228,0.2814317775193228,1.0,100.0,MINIMAL,optimal,1,GTHPi
7001_AT2,PRDX2,0.2814317775193228,0.2814317775193228,1.0,100.0,MINIMAL,optimal,1,GTHPi
7001_AT3,PRDX2,0.2814317775193228,0.2814317775193228,1.0,100.0,MINIMAL,optimal,1,GTHPi
2877_AT1,GPX2,0.2814317775193228,0.2814317775193228,1.0,100.0,MINIMAL,optimal,1,GTHPi
28231_AT1,SLCO4A1,0.2814317775193228,0.2814317775193228,1.0,100.0,MINIMAL,optimal,6,PROSTGE2t;ESTRADIOLGLCt;ESTRONESt;TRIODTHYt;THYOXt;TCHOLAt
226_AT1,ALDOA,0.2814317775193228,0.2814317775193228,1.0,100.0,MINIMAL,optimal,3,FBA;FBA4;FBA2
230_AT1,ALDOC,0.2814317775193228,0.2814317775193228,1.0,100.0,MINIMAL,optimal,3,FBA;FBA4;FBA2
1491_AT1,CTH,0.2814317775193228,0.2814317775193228,1.0,100.0,MINIMAL,optimal,1,CYSTGL
8714_AT1,ABCC3,0.2814317775193228,0.2814317775193228,1.0,100.0,MINIMAL,optimal,4,ESTRONEGLCt;CHOLATEt3;GCHOLAt3;TCHOLAt3
1491_AT2,CTH,0.2814317775193228,0.2814317775193228,1.0,100.0,MINIMAL,optimal,1,CYSTGL
513_AT2,ATP5D,0.2814317775193228,0.2814317775193228,1.0,100.0,MINIMAL,optimal,1,ATPS4m
6554_AT1,SLC10A1,0.2814317775193228,0.2814317775193228,1.0,100.0,MINIMAL,optimal,4,ESTRONESt2;GCHOLAt2;TCHOLAt2;CHOLATEt2
6555_AT1,SLC10A2,0.2814317775193228,0.2814317775193228,1.0,100.0,MINIMAL,optimal,3,GCHOLAt2;TCHOLAt2;CHOLATEt2
514_AT2,ATP5E,0.2814317775193228,0.2814317775193228,1.0,100.0,MINIMAL,optimal,1,ATPS4m
1036_AT1,CDO1,0.2814317775193228,0.2814317775193228,1.0,100.0,MINIMAL,optimal,1,CYSO
498_AT1,ATP5A1,0.2814317775193228,0.2814317775193228,1.0,100.0,MINIMAL,optimal,1,ATPS4m
23428_AT2,SLC7A8,0.2814317775193228,0.2814317775193228,1.0,100.0,MINIMAL,optimal,1,CYSGLYex_copy1
518_AT2,ATP5G3,0.2814317775193228,0.2814317775193228,1.0,100.0,MINIMAL,optimal,1,ATPS4m
6579_AT1,SLCO1A2,0.2814317775193228,0.2814317775193228,1.0,100.0,MINIMAL,optimal,8,PROSTGE2t;ESTRADIOLGLCt;ESTRONESt;TRIODTHYt;TCHOLAt;CHOLATEt;GCHOLAt;THYOXt
23428_AT1,SLC7A8,0.2814317775193228,0.2814317775193228,1.0,100.0,MINIMAL,optimal,1,CYSGLYex_copy1
5130_AT1,PCYT1A,0.2814317775193228,0.2814317775193228,1.0,100.0,MINIMAL,optimal,1,CHLPCTD
522_AT2,ATP5J,0.2814317775193228,0.2814317775193228,1.0,100.0,MINIMAL,optimal,1,ATPS4m
7381_AT1,UQCRB,0.2814317775193228,0.2814317775193228,1.0,100.0,MINIMAL,optimal,1,CYOR_u10m
498_AT2,ATP5A1,0.2814317775193228,0.2814317775193228,1.0,100.0,MINIMAL,optimal,1,ATPS4m
8714_AT3,ABCC3,0.2814317775193228,0.2814317775193228,1.0,100.0,MINIMAL,optimal,4,ESTRONEGLCt;CHOLATEt3;GCHOLAt3;TCHOLAt3
506_AT1,ATP5B,0.2814317775193228,0.2814317775193228,1.0,100.0,MINIMAL,optimal,1,ATPS4m
522_AT4,ATP5J,0.2814317775193228,0.2814317775193228,1.0,100.0,MINIMAL,optimal,1,ATPS4m
23657_AT1,SLC7A11,0.2814317775193228,0.2814317775193228,1.0,100.0,MINIMAL,optimal,1,CYSTGLUex
1119_AT1,CHKA,0.2814317775193228,0.2814317775193228,1.0,100.0,MINIMAL,optimal,2,CHOLK;ETHAK
83549_AT1,UCK1,0.2814317775193228,0.2814317775193228,1.0,100.0,MINIMAL,optimal,2,URIK1;CYTDK1
1120_AT2,CHKB,0.2814317775193228,0.2814317775193228,1.0,100.0,MINIMAL,optimal,1,CHOLK
516_AT2,ATP5G1,0.2814317775193228,0.2814317775193228,1.0,100.0,MINIMAL,optimal,1,ATPS4m
7371_AT1,UCK2,0.2814317775193228,0.2814317775193228,1.0,100.0,MINIMAL,optimal,2,URIK1;CYTDK1
9551_AT1,ATP5J2,0.2814317775193228,0.2814317775193228,1.0,100.0,MINIMAL,optimal,1,ATPS4m
978_AT1,CDA,0.2814317775193228,0.2814317775193228,1.0,100.0,MINIMAL,optimal,2,DCYTD;CYTD
522_AT1,ATP5J,0.2814317775193228,0.2814317775193228,1.0,100.0,MINIMAL,optimal,1,ATPS4m
29796_AT2,UQCR10,0.2814317775193228,0.2814317775193228,1.0,100.0,MINIMAL,optimal,1,CYOR_u10m
57379_AT1,AICDA,0.2814317775193228,0.2814317775193228,1.0,100.0,MINIMAL,optimal,2,DCYTD;CYTD
1120_AT1,CHKB,0.2814317775193228,0.2814317775193228,1.0,100.0,MINIMAL,optimal,1,CHOLK
124935_AT1,SLC43A2,0.2814317775193228,0.2814317775193228,1.0,100.0,MINIMAL,optimal,6,CYStec;PHEtec;ILEtec;VALtec;METtec;LEUtec
1119_AT2,CHKA,0.2814317775193228,0.2814317775193228,1.0,100.0,MINIMAL,optimal,2,CHOLK;ETHAK
875_AT1,CBS,0.2814317775193228,0.2814317775193228,1.0,100.0,MINIMAL,optimal,1,CYSTS
8714_AT2,ABCC3,0.2814317775193228,0.2814317775193228,1.0,100.0,MINIMAL,optimal,4,ESTRONEGLCt;CHOLATEt3;GCHOLAt3;TCHOLAt3
8647_AT1,ABCB11,0.2814317775193228,0.2814317775193228,1.0,100.0,MINIMAL,optimal,3,CHOLATEt3;GCHOLAt3;TCHOLAt3
515_AT2,ATP5F1,0.2814317775193228,0.2814317775193228,1.0,100.0,MINIMAL,optimal,1,ATPS4m
10632_AT1,ATP5L,0.2814317775193228,0.2814317775193228,1.0,100.0,MINIMAL,optimal,1,ATPS4m
10476_AT1,ATP5H,0.2814317775193228,0.2814317775193228,1.0,100.0,MINIMAL,optimal,1,ATPS4m
60482_AT1,SLC5A7,0.2814317775193228,0.2814317775193228,1.0,100.0,MINIMAL,optimal,1,CHOLt4
9468_AT1,PCYT1B,0.2814317775193228,0.2814317775193228,1.0,100.0,MINIMAL,optimal,1,CHLPCTD
522_AT3,ATP5J,0.2814317775193228,0.2814317775193228,1.0,100.0,MINIMAL,optimal,1,ATPS4m
6565_AT1,SLC15A2,0.2814317775193228,0.2814317775193228,1.0,100.0,MINIMAL,optimal,1,CGLYt3_2
10087_AT1,COL4A3BP,0.2814317775193228,0.2814317775193228,1.0,100.0,MINIMAL,optimal,2,CERT2rt;CERT1rt
10975_AT1,UQCR11,0.2814317775193228,0.2814317775193228,1.0,100.0,MINIMAL,optimal,1,CYOR_u10m
64781_AT1,CERK,0.2814317775193228,0.2814317775193228,1.0,100.0,MINIMAL,optimal,1,CERK
517_AT2,ATP5G2,0.2814317775193228,0.2814317775193228,1.0,100.0,MINIMAL,optimal,1,ATPS4m
1346_AT1,COX7A1,0.2814317775193228,0.2814317775193228,1.0,100.0,MINIMAL,optimal,1,CYOOm3
518_AT1,ATP5G3,0.2814317775193228,0.2814317775193228,1.0,100.0,MINIMAL,optimal,1,ATPS4m
4513_AT1,COX2,0.2814317775193228,0.2814317775193228,1.0,100.0,MINIMAL,optimal,1,CYOOm3
64781_AT2,CERK,0.2814317775193228,0.2814317775193228,1.0,100.0,MINIMAL,optimal,1,CERK
56994_AT1,CHPT1,0.2814317775193228,0.2814317775193228,1.0,100.0,MINIMAL,optimal,1,CEPTC
1327_AT1,COX4I1,0.2814317775193228,0.2814317775193228,1.0,100.0,MINIMAL,optimal,1,CYOOm3
10390_AT1,CEPT1,0.2814317775193228,0.2814317775193228,1.0,100.0,MINIMAL,optimal,2,CEPTE;CEPTC
8760_AT1,CDS2,0.2814317775193228,0.2814317775193228,1.0,100.0,MINIMAL,optimal,1,CDSm
1040_AT1,CDS1,0.2814317775193228,0.2814317775193228,1.0,100.0,MINIMAL,optimal,1,CDS
10423_AT2,CDIPT,0.2814317775193228,0.2814317775193228,1.0,100.0,MINIMAL,optimal,1,CDIPTr
10423_AT1,CDIPT,0.2814317775193228,0.2814317775193228,1.0,100.0,MINIMAL,optimal,1,CDIPTr
9551_AT2,ATP5J2,0.2814317775193228,0.2814317775193228,1.0,100.0,MINIMAL,optimal,1,ATPS4m
514_AT1,ATP5E,0.2814317775193228,0.2814317775193228,1.0,100.0,MINIMAL,optimal,1,ATPS4m
7384_AT1,UQCRC1,0.2814317775193228,0.2814317775193228,1.0,100.0,MINIMAL,optimal,1,CYOR_u10m
521_AT1,ATP5I,0.2814317775193228,0.2814317775193228,1.0,100.0,MINIMAL,optimal,1,ATPS4m
27089_AT1,UQCRQ,0.2814317775193228,0.2814317775193228,1.0,100.0,MINIMAL,optimal,1,CYOR_u10m
162466_AT1,PHOSPHO1,0.2814317775193228,0.2814317775193228,1.0,100.0,MINIMAL,optimal,2,ETHP;CHLP
7385_AT1,UQCRC2,0.2814317775193228,0.2814317775193228,1.0,100.0,MINIMAL,optimal,1,CYOR_u10m
1103_AT4,CHAT,0.2814317775193228,0.2814317775193228,1.0,100.0,MINIMAL,optimal,2,CHATn;CHAT
498_AT3,ATP5A1,0.2814317775193228,0.2814317775193228,1.0,100.0,MINIMAL,optimal,1,ATPS4m
4519_AT1,CYTB,0.2814317775193228,0.2814317775193228,1.0,100.0,MINIMAL,optimal,1,CYOR_u10m
516_AT1,ATP5G1,0.2814317775193228,0.2814317775193228,1.0,100.0,MINIMAL,optimal,1,ATPS4m
1537_AT1,CYC1,0.2814317775193228,0.2814317775193228,1.0,100.0,MINIMAL,optimal,1,CYOR_u10m
1103_AT2,CHAT,0.2814317775193228,0.2814317775193228,1.0,100.0,MINIMAL,optimal,2,CHATn;CHAT
7388_AT1,UQCRH,0.2814317775193228,0.2814317775193228,1.0,100.0,MINIMAL,optimal,1,CYOR_u10m
522_AT5,ATP5J,0.2814317775193228,0.2814317775193228,1.0,100.0,MINIMAL,optimal,1,ATPS4m
7386_AT1,UQCRFS1,0.2814317775193228,0.2814317775193228,1.0,100.0,MINIMAL,optimal,1,CYOR_u10m
517_AT1,ATP5G2,0.2814317775193228,0.2814317775193228,1.0,100.0,MINIMAL,optimal,1,ATPS4m
10476_AT2,ATP5H,0.2814317775193228,0.2814317775193228,1.0,100.0,MINIMAL,optimal,1,ATPS4m
1103_AT1,CHAT,0.2814317775193228,0.2814317775193228,1.0,100.0,MINIMAL,optimal,2,CHATn;CHAT
29796_AT1,UQCR10,0.2814317775193228,0.2814317775193228,1.0,100.0,MINIMAL,optimal,1,CYOR_u10m
1103_AT3,CHAT,0.2814317775193228,0.2814317775193228,1.0,100.0,MINIMAL,optimal,2,CHATn;CHAT
513_AT1,ATP5D,0.2814317775193228,0.2814317775193228,1.0,100.0,MINIMAL,optimal,1,ATPS4m
509_AT2,ATP5C1,0.2814317775193228,0.2814317775193228,1.0,100.0,MINIMAL,optimal,1,ATPS4m
515_AT1,ATP5F1,0.2814317775193228,0.2814317775193228,1.0,100.0,MINIMAL,optimal,1,ATPS4m
1716_AT1,DGUOK,0.2814317775193228,0.2814317775193228,1.0,100.0,MINIMAL,optimal,1,DGNSKm
6582_AT2,SLC22A2,0.2814317775193228,0.2814317775193228,1.0,100.0,MINIMAL,optimal,8,NRPPHRtu;DEBRISOQUINEt;SRTNtu;DOPAtu;PROSTGF2t;HISTAtu;CHOLtu;PROSTGE2t2
1606_AT1,DGKA,0.2814317775193228,0.2814317775193228,1.0,100.0,MINIMAL,optimal,1,DAGK_hs
115111_AT2,SLC26A7,0.2814317775193228,0.2814317775193228,1.0,100.0,MINIMAL,optimal,2,SO4HCOtex;CLHCOtex
6319_AT1,SCD,0.2814317775193228,0.2814317775193228,1.0,100.0,MINIMAL,optimal,4,DESAT18_3;DESAT16_2;DESAT18_4;DESAT18_5
529_AT1,ATP6V1E1,0.2814317775193228,0.2814317775193228,1.0,100.0,MINIMAL,optimal,1,ATPasel
116369_AT2,SLC26A8,0.2814317775193228,0.2814317775193228,1.0,100.0,MINIMAL,optimal,2,SO4HCOtex;CLHCOtex
10312_AT2,TCIRG1,0.2814317775193228,0.2814317775193228,1.0,100.0,MINIMAL,optimal,1,ATPasel
1635_AT1,DCTD,0.2814317775193228,0.2814317775193228,1.0,100.0,MINIMAL,optimal,1,DCMPDA
534_AT1,ATP6V1G2,0.2814317775193228,0.2814317775193228,1.0,100.0,MINIMAL,optimal,1,ATPasel
533_AT1,ATP6V0B,0.2814317775193228,0.2814317775193228,1.0,100.0,MINIMAL,optimal,1,ATPasel
115111_AT1,SLC26A7,0.2814317775193228,0.2814317775193228,1.0,100.0,MINIMAL,optimal,2,SO4HCOtex;CLHCOtex
65010_AT3,SLC26A6,0.2814317775193228,0.2814317775193228,1.0,100.0,MINIMAL,optimal,6,SO4CLtex2;CLOXAtex2;SO4OXAtex2;CLOHtex2;CLFORtex2;CLHCO3tex2
1633_AT1,DCK,0.2814317775193228,0.2814317775193228,1.0,100.0,MINIMAL,optimal,2,DCK1n;DCK2n
65010_AT1,SLC26A6,0.2814317775193228,0.2814317775193228,1.0,100.0,MINIMAL,optimal,6,SO4CLtex2;CLOXAtex2;SO4OXAtex2;CLOHtex2;CLFORtex2;CLHCO3tex2
65010_AT2,SLC26A6,0.2814317775193228,0.2814317775193228,1.0,100.0,MINIMAL,optimal,6,SO4CLtex2;CLOXAtex2;SO4OXAtex2;CLOHtex2;CLFORtex2;CLHCO3tex2
8992_AT1,ATP6V0E1,0.2814317775193228,0.2814317775193228,1.0,100.0,MINIMAL,optimal,1,ATPasel
50617_AT1,ATP6V0A4,0.2814317775193228,0.2814317775193228,1.0,100.0,MINIMAL,optimal,1,ATPasel
5172_AT1,SLC26A4,0.2814317775193228,0.2814317775193228,1.0,100.0,MINIMAL,optimal,1,CLHCOtex
528_AT2,ATP6V1C1,0.2814317775193228,0.2814317775193228,1.0,100.0,MINIMAL,optimal,1,ATPasel
1811_AT1,SLC26A3,0.2814317775193228,0.2814317775193228,1.0,100.0,MINIMAL,optimal,3,SO4HCOtex;CLHCOtex;OXAHCOtex
115019_AT2,SLC26A9,0.2814317775193228,0.2814317775193228,1.0,100.0,MINIMAL,optimal,2,SO4HCOtex;CLHCOtex
1836_AT1,SLC26A2,0.2814317775193228,0.2814317775193228,1.0,100.0,MINIMAL,optimal,3,SO4HCOtex;CLHCOtex;OXAHCOtex
116369_AT1,SLC26A8,0.2814317775193228,0.2814317775193228,1.0,100.0,MINIMAL,optimal,2,SO4HCOtex;CLHCOtex
10998_AT1,SLC27A5,0.2814317775193228,0.2814317775193228,1.0,100.0,MINIMAL,optimal,12,FATP6t;FATP9t;LNLCt;FATP5t;DLNLCGt;FATP8t;HDCAt;LNLNCGt;FATP4t;LNLNCAt
8694_AT1,DGAT1,0.2814317775193228,0.2814317775193228,1.0,100.0,MINIMAL,optimal,1,DGAT
56474_AT1,CTPS2,0.2814317775193228,0.2814317775193228,1.0,100.0,MINIMAL,optimal,1,CTPS2
84649_AT1,DGAT2,0.2814317775193228,0.2814317775193228,1.0,100.0,MINIMAL,optimal,1,DGAT
56474_AT2,CTPS2,0.2814317775193228,0.2814317775193228,1.0,100.0,MINIMAL,optimal,1,CTPS2
3992_AT1,FADS1,0.2814317775193228,0.2814317775193228,1.0,100.0,MINIMAL,optimal,2,DESAT20_2;DESAT20_1
1503_AT1,CTPS1,0.2814317775193228,0.2814317775193228,1.0,100.0,MINIMAL,optimal,1,CTPS1
9415_AT1,FADS2,0.2814317775193228,0.2814317775193228,1.0,100.0,MINIMAL,optimal,6,DESAT18_7;DESAT18_9;DESAT24_1;DESAT18_6;DESAT18_8;DESAT18_10
51022_AT2,GLRX2,0.2814317775193228,0.2814317775193228,1.0,100.0,MINIMAL,optimal,1,DASCBR
1431_AT2,CS,0.2814317775193228,0.2814317775193228,1.0,100.0,MINIMAL,optimal,1,CSm
1384_AT2,CRAT,0.2814317775193228,0.2814317775193228,1.0,100.0,MINIMAL,optimal,2,CSNATp;CSNAT3x
1384_AT1,CRAT,0.2814317775193228,0.2814317775193228,1.0,100.0,MINIMAL,optimal,3,CSNAT2m;CRNCARtp;CSNATm
6583_AT1,SLC22A4,0.2814317775193228,0.2814317775193228,1.0,100.0,MINIMAL,optimal,2,CRNt_copy2;CRNtHa
6535_AT1,SLC6A8,0.2814317775193228,0.2814317775193228,1.0,100.0,MINIMAL,optimal,1,CREATt4_2_r
6537_AT1,6537_AT1,0.2814317775193228,0.2814317775193228,1.0,100.0,MINIMAL,optimal,1,CREATt4_2_r
1371_AT1,CPOX,0.2814317775193228,0.2814317775193228,1.0,100.0,MINIMAL,optimal,1,CPPPGO
8034_AT1,SLC25A16,0.2814317775193228,0.2814317775193228,1.0,100.0,MINIMAL,optimal,1,COAtim
115019_AT1,SLC26A9,0.2814317775193228,0.2814317775193228,1.0,100.0,MINIMAL,optimal,2,SO4HCOtex;CLHCOtex
1431_AT1,CS,0.2814317775193228,0.2814317775193228,1.0,100.0,MINIMAL,optimal,1,CSm
509_AT1,ATP5C1,0.2814317775193228,0.2814317775193228,1.0,100.0,MINIMAL,optimal,1,ATPS4m
528_AT1,ATP6V1C1,0.2814317775193228,0.2814317775193228,1.0,100.0,MINIMAL,optimal,1,ATPasel
6576_AT1,SLC25A1,0.2814317775193228,0.2814317775193228,1.0,100.0,MINIMAL,optimal,2,CITtbm;CITtam
525_AT1,ATP6V1B1,0.2814317775193228,0.2814317775193228,1.0,100.0,MINIMAL,optimal,1,ATPasel
8527_AT1,DGKD,0.2814317775193228,0.2814317775193228,1.0,100.0,MINIMAL,optimal,1,DAGK_hs
8527_AT2,DGKD,0.2814317775193228,0.2814317775193228,1.0,100.0,MINIMAL,optimal,1,DAGK_hs
90423_AT1,ATP6V1E2,0.2814317775193228,0.2814317775193228,1.0,100.0,MINIMAL,optimal,1,ATPasel
1608_AT1,DGKG,0.2814317775193228,0.2814317775193228,1.0,100.0,MINIMAL,optimal,1,DAGK_hs
51382_AT1,ATP6V1D,0.2814317775193228,0.2814317775193228,1.0,100.0,MINIMAL,optimal,1,ATPasel
19_AT1,ABCA1,0.2814317775193228,0.2814317775193228,1.0,100.0,MINIMAL,optimal,1,CHSTEROLt
1607_AT1,DGKB,0.2814317775193228,0.2814317775193228,1.0,100.0,MINIMAL,optimal,1,DAGK_hs
6820_AT1,SULT2B1,0.2814317775193228,0.2814317775193228,1.0,100.0,MINIMAL,optimal,1,CHSTEROLSULT
160851_AT2,DGKH,0.2814317775193228,0.2814317775193228,1.0,100.0,MINIMAL,optimal,1,DAGK_hs
518_AT3,ATP5G3,0.2814317775193228,0.2814317775193228,1.0,100.0,MINIMAL,optimal,1,ATPS4m
9551_AT3,ATP5J2,0.2814317775193228,0.2814317775193228,1.0,100.0,MINIMAL,optimal,1,ATPS4m
4905_AT1,NSF,0.2814317775193228,0.2814317775193228,1.0,100.0,MINIMAL,optimal,1,ATPS4m
6584_AT1,SLC22A5,0.2814317775193228,0.2814317775193228,1.0,100.0,MINIMAL,optimal,5,LYSt4;CRNtuNa;CHOLtu;METt4;CRNt_copy1
9162_AT1,DGKI,0.2814317775193228,0.2814317775193228,1.0,100.0,MINIMAL,optimal,1,DAGK_hs
6582_AT1,SLC22A2,0.2814317775193228,0.2814317775193228,1.0,100.0,MINIMAL,optimal,8,NRPPHRtu;DEBRISOQUINEt;SRTNtu;DOPAtu;PROSTGF2t;HISTAtu;CHOLtu;PROSTGE2t2
515_AT3,ATP5F1,0.2814317775193228,0.2814317775193228,1.0,100.0,MINIMAL,optimal,1,ATPS4m
8526_AT1,DGKE,0.2814317775193228,0.2814317775193228,1.0,100.0,MINIMAL,optimal,1,DAGK_hs
527_AT1,ATP6V0C,0.2814317775193228,0.2814317775193228,1.0,100.0,MINIMAL,optimal,1,ATPasel
8525_AT3,DGKZ,0.2814317775193228,0.2814317775193228,1.0,100.0,MINIMAL,optimal,1,DAGK_hs
9114_AT1,ATP6V0D1,0.2814317775193228,0.2814317775193228,1.0,100.0,MINIMAL,optimal,1,ATPasel
51022_AT1,GLRX2,0.2814317775193228,0.2814317775193228,1.0,100.0,MINIMAL,optimal,1,DASCBR
10312_AT1,TCIRG1,0.2814317775193228,0.2814317775193228,1.0,100.0,MINIMAL,optimal,1,ATPasel
127124_AT1,ATP6V1G3,0.2814317775193228,0.2814317775193228,1.0,100.0,MINIMAL,optimal,1,ATPasel
1610_AT1,DAO,0.2814317775193228,0.2814317775193228,1.0,100.0,MINIMAL,optimal,1,DALAOXx
284111_AT1,SLC13A5,0.2814317775193228,0.2814317775193228,1.0,100.0,MINIMAL,optimal,1,CITt4_4
8525_AT1,DGKZ,0.2814317775193228,0.2814317775193228,1.0,100.0,MINIMAL,optimal,1,DAGK_hs
8525_AT2,DGKZ,0.2814317775193228,0.2814317775193228,1.0,100.0,MINIMAL,optimal,1,DAGK_hs
9058_AT1,SLC13A2,0.2814317775193228,0.2814317775193228,1.0,100.0,MINIMAL,optimal,2,SUCCt4_2;CITt4_2
2745_AT1,GLRX,0.2814317775193228,0.2814317775193228,1.0,100.0,MINIMAL,optimal,1,DASCBR
23545_AT1,ATP6V0A2,0.2814317775193228,0.2814317775193228,1.0,100.0,MINIMAL,optimal,1,ATPasel
245972_AT1,ATP6V0D2,0.2814317775193228,0.2814317775193228,1.0,100.0,MINIMAL,optimal,1,ATPasel
171425_AT1,CLYBL,0.2814317775193228,0.2814317775193228,1.0,100.0,MINIMAL,optimal,1,CITL
171425_AT2,CLYBL,0.2814317775193228,0.2814317775193228,1.0,100.0,MINIMAL,optimal,1,CITL
1607_AT2,DGKB,0.2814317775193228,0.2814317775193228,1.0,100.0,MINIMAL,optimal,1,DAGK_hs
27159_AT2,CHIA,0.2814317775193228,0.2814317775193228,1.0,100.0,MINIMAL,optimal,1,CHTNASEe
50617_AT3,ATP6V0A4,0.2814317775193228,0.2814317775193228,1.0,100.0,MINIMAL,optimal,1,ATPasel
245973_AT1,ATP6V1C2,0.2814317775193228,0.2814317775193228,1.0,100.0,MINIMAL,optimal,1,ATPasel
1609_AT1,DGKQ,0.2814317775193228,0.2814317775193228,1.0,100.0,MINIMAL,optimal,1,DAGK_hs
160851_AT1,DGKH,0.2814317775193228,0.2814317775193228,1.0,100.0,MINIMAL,optimal,1,DAGK_hs
114971_AT1,G_114971_AT1,0.2814317775193228,0.2814317775193228,1.0,100.0,MINIMAL,optimal,1,PGPP_hs
