gene_id,gene_name,knockout_flux,baseline_flux,flux_ratio,flux_reduction,impact,status,num_reactions,reactions
2987_AT1,GUK1,-1.7946958382447975e-14,1.2776961718749995,-1.4046342767162783e-14,1.000000000000014,LETHAL,optimal,2,DGK1;GK1
4126_AT1,MANBA,-5.852269037754775e-16,1.2776961718749995,-4.580329163205255e-16,1.0000000000000004,LETHAL,optimal,1,B_MANNASEly
57194_AT1,ATP10A,-1.9507563459182582e-16,1.2776961718749995,-1.526776387735085e-16,1.0000000000000002,LETHAL,optimal,3,PCFLOPm;PEFLIPm;PSFLIPm
259230_AT1,SGMS1,-1.9507563459182582e-16,1.2776961718749995,-1.526776387735085e-16,1.0000000000000002,LETHAL,optimal,1,SMS
2531_AT1,KDSR,0.0,1.2776961718749995,0.0,1.0,LETHAL,optimal,1,3DSPHR
11254_AT1,SLC6A14,0.0,1.2776961718749995,0.0,1.0,LETHAL,optimal,8,VALt4;TRPt4;PHEt4;TYRt4;ARGt4;METt4;LYSt4;ILEt4
4125_AT1,MAN2B1,0.0,1.2776961718749995,0.0,1.0,LETHAL,optimal,1,A_MANASEly
51727_AT1,CMPK1,0.0,1.2776961718749995,0.0,1.0,LETHAL,optimal,40,CYTK7n;UMPK;CYTK14n;UMPK7n;CYTK8;UMPK2;CYTK1n;UMPKn;CYTK8n;CYTK1
175_AT1,AGA,0.0,1.2776961718749995,0.0,1.0,LETHAL,optimal,2,GASNASE2ly;GASNASEly
9791_AT1,PTDSS1,5.852269037754775e-16,1.2776961718749995,4.580329163205255e-16,0.9999999999999996,LETHAL,optimal,1,PSSA1_hs
51022_AT1,GLRX2,1.2776961718749997,1.2776961718749995,1.0000000000000002,-2.220446049250313e-16,MINIMAL,optimal,1,DASCBR
HS13784,SLC39A5,1.277696171875,1.2776961718749995,1.0000000000000004,-4.440892098500626e-16,MINIMAL,optimal,1,TRANS_45_RXN66_45_565
HS06824,SLC39A6,1.277696171875,1.2776961718749995,1.0000000000000004,-4.440892098500626e-16,MINIMAL,optimal,1,TRANS_45_RXN66_45_565
HS06875,SLC39A3,1.277696171875,1.2776961718749995,1.0000000000000004,-4.440892098500626e-16,MINIMAL,optimal,1,TRANS_45_RXN66_45_565
HS07079,SLC39A1,1.277696171875,1.2776961718749995,1.0000000000000004,-4.440892098500626e-16,MINIMAL,optimal,1,TRANS_45_RXN66_45_565
HS07282,SLC30A5,1.277696171875,1.2776961718749995,1.0000000000000004,-4.440892098500626e-16,MINIMAL,optimal,1,TRANS_45_RXN66_45_565
HS07470,SLC39A4,1.277696171875,1.2776961718749995,1.0000000000000004,-4.440892098500626e-16,MINIMAL,optimal,1,TRANS_45_RXN66_45_565
HS07532,SLC39A12,1.277696171875,1.2776961718749995,1.0000000000000004,-4.440892098500626e-16,MINIMAL,optimal,1,TRANS_45_RXN66_45_565
HS07846,SLC30A6,1.277696171875,1.2776961718749995,1.0000000000000004,-4.440892098500626e-16,MINIMAL,optimal,1,TRANS_45_RXN66_45_565
HS04749,G_HS04749,1.277696171875,1.2776961718749995,1.0000000000000004,-4.440892098500626e-16,MINIMAL,optimal,2,RXN_45_11570;3_46_1_46_6_46_14_45_RXN
HS08720,SLC30A7,1.277696171875,1.2776961718749995,1.0000000000000004,-4.440892098500626e-16,MINIMAL,optimal,1,TRANS_45_RXN66_45_565
HS09132,SLC30A8,1.277696171875,1.2776961718749995,1.0000000000000004,-4.440892098500626e-16,MINIMAL,optimal,1,TRANS_45_RXN66_45_565
HS09284,SLC39A2,1.277696171875,1.2776961718749995,1.0000000000000004,-4.440892098500626e-16,MINIMAL,optimal,1,TRANS_45_RXN66_45_565
HS09301,SLC39A13,1.277696171875,1.2776961718749995,1.0000000000000004,-4.440892098500626e-16,MINIMAL,optimal,1,TRANS_45_RXN66_45_565
HS10120,SLC30A1,1.277696171875,1.2776961718749995,1.0000000000000004,-4.440892098500626e-16,MINIMAL,optimal,1,TRANS_45_RXN66_45_565
G66_31289,SLC39A10,1.277696171875,1.2776961718749995,1.0000000000000004,-4.440892098500626e-16,MINIMAL,optimal,1,TRANS_45_RXN66_45_565
HS09999,DCXR,1.277696171875,1.2776961718749995,1.0000000000000004,-4.440892098500626e-16,MINIMAL,optimal,1,L_45_XYLULOSE_45_REDUCTASE_45_RXN
HS00911,DHX8,1.277696171875,1.2776961718749995,1.0000000000000004,-4.440892098500626e-16,MINIMAL,optimal,1,RXN_45_11109
HS01561,DDX42,1.277696171875,1.2776961718749995,1.0000000000000004,-4.440892098500626e-16,MINIMAL,optimal,1,RXN_45_11109
HS08205,DDX19B,1.277696171875,1.2776961718749995,1.0000000000000004,-4.440892098500626e-16,MINIMAL,optimal,1,RXN_45_11109
HS07249,SPATA5,1.277696171875,1.2776961718749995,1.0000000000000004,-4.440892098500626e-16,MINIMAL,optimal,1,RXN_45_11109
HS02764,ASNA1,1.277696171875,1.2776961718749995,1.0000000000000004,-4.440892098500626e-16,MINIMAL,optimal,1,RXN_45_11109
HS08153,ATAD2,1.277696171875,1.2776961718749995,1.0000000000000004,-4.440892098500626e-16,MINIMAL,optimal,1,RXN_45_11109
HS02788,DDX49,1.277696171875,1.2776961718749995,1.0000000000000004,-4.440892098500626e-16,MINIMAL,optimal,1,RXN_45_11109
HS02980,DDX58,1.277696171875,1.2776961718749995,1.0000000000000004,-4.440892098500626e-16,MINIMAL,optimal,1,RXN_45_11109
HS03014,DDX50,1.277696171875,1.2776961718749995,1.0000000000000004,-4.440892098500626e-16,MINIMAL,optimal,1,RXN_45_11109
HS03100,DHX40,1.277696171875,1.2776961718749995,1.0000000000000004,-4.440892098500626e-16,MINIMAL,optimal,1,RXN_45_11109
HS09839,DDX19A,1.277696171875,1.2776961718749995,1.0000000000000004,-4.440892098500626e-16,MINIMAL,optimal,1,RXN_45_11109
HS03138,DDX5,1.277696171875,1.2776961718749995,1.0000000000000004,-4.440892098500626e-16,MINIMAL,optimal,1,RXN_45_11109
HS03150,DHX58,1.277696171875,1.2776961718749995,1.0000000000000004,-4.440892098500626e-16,MINIMAL,optimal,1,RXN_45_11109
HS03262,DDX25,1.277696171875,1.2776961718749995,1.0000000000000004,-4.440892098500626e-16,MINIMAL,optimal,1,RXN_45_11109
HS03304,DDX6,1.277696171875,1.2776961718749995,1.0000000000000004,-4.440892098500626e-16,MINIMAL,optimal,1,RXN_45_11109
HS03412,DDX55,1.277696171875,1.2776961718749995,1.0000000000000004,-4.440892098500626e-16,MINIMAL,optimal,1,RXN_45_11109
HS04200,DDX59,1.277696171875,1.2776961718749995,1.0000000000000004,-4.440892098500626e-16,MINIMAL,optimal,1,RXN_45_11109
HS10780,DDX23,1.277696171875,1.2776961718749995,1.0000000000000004,-4.440892098500626e-16,MINIMAL,optimal,1,RXN_45_11109
HS10856,DHX36,1.277696171875,1.2776961718749995,1.0000000000000004,-4.440892098500626e-16,MINIMAL,optimal,1,RXN_45_11109
HS11251,DDX10,1.277696171875,1.2776961718749995,1.0000000000000004,-4.440892098500626e-16,MINIMAL,optimal,1,RXN_45_11109
HS04622,DDX54,1.277696171875,1.2776961718749995,1.0000000000000004,-4.440892098500626e-16,MINIMAL,optimal,1,RXN_45_11109
HS04633,DDX39,1.277696171875,1.2776961718749995,1.0000000000000004,-4.440892098500626e-16,MINIMAL,optimal,1,RXN_45_11109
HS04745,DDX27,1.277696171875,1.2776961718749995,1.0000000000000004,-4.440892098500626e-16,MINIMAL,optimal,1,RXN_45_11109
HS04894,DDX31,1.277696171875,1.2776961718749995,1.0000000000000004,-4.440892098500626e-16,MINIMAL,optimal,1,RXN_45_11109
HS05599,DHX30,1.277696171875,1.2776961718749995,1.0000000000000004,-4.440892098500626e-16,MINIMAL,optimal,1,RXN_45_11109
HS05915,DHX34,1.277696171875,1.2776961718749995,1.0000000000000004,-4.440892098500626e-16,MINIMAL,optimal,1,RXN_45_11109
HS06070,DHX9,1.277696171875,1.2776961718749995,1.0000000000000004,-4.440892098500626e-16,MINIMAL,optimal,1,RXN_45_11109
HS06143,DDX56,1.277696171875,1.2776961718749995,1.0000000000000004,-4.440892098500626e-16,MINIMAL,optimal,1,RXN_45_11109
HS06367,DDX60,1.277696171875,1.2776961718749995,1.0000000000000004,-4.440892098500626e-16,MINIMAL,optimal,1,RXN_45_11109
HS06762,DHX38,1.277696171875,1.2776961718749995,1.0000000000000004,-4.440892098500626e-16,MINIMAL,optimal,1,RXN_45_11109
HS06803,DDX52,1.277696171875,1.2776961718749995,1.0000000000000004,-4.440892098500626e-16,MINIMAL,optimal,1,RXN_45_11109
HS06847,EIF4A3,1.277696171875,1.2776961718749995,1.0000000000000004,-4.440892098500626e-16,MINIMAL,optimal,1,RXN_45_11109
HS07142,DQX1,1.277696171875,1.2776961718749995,1.0000000000000004,-4.440892098500626e-16,MINIMAL,optimal,1,RXN_45_11109
HS07291,DDX46,1.277696171875,1.2776961718749995,1.0000000000000004,-4.440892098500626e-16,MINIMAL,optimal,1,RXN_45_11109
HS00128,DHX33,1.277696171875,1.2776961718749995,1.0000000000000004,-4.440892098500626e-16,MINIMAL,optimal,1,RXN_45_11109
HS07698,DHX37,1.277696171875,1.2776961718749995,1.0000000000000004,-4.440892098500626e-16,MINIMAL,optimal,1,RXN_45_11109
G66_46466,DDX51,1.277696171875,1.2776961718749995,1.0000000000000004,-4.440892098500626e-16,MINIMAL,optimal,1,RXN_45_11109
HS00351,DDX11,1.277696171875,1.2776961718749995,1.0000000000000004,-4.440892098500626e-16,MINIMAL,optimal,1,RXN_45_11109
HS07844,DDX4,1.277696171875,1.2776961718749995,1.0000000000000004,-4.440892098500626e-16,MINIMAL,optimal,1,RXN_45_11109
G66_46753,DDX47,1.277696171875,1.2776961718749995,1.0000000000000004,-4.440892098500626e-16,MINIMAL,optimal,1,RXN_45_11109
G66_46778,DDX28,1.277696171875,1.2776961718749995,1.0000000000000004,-4.440892098500626e-16,MINIMAL,optimal,1,RXN_45_11109
G66_46847,DDX41,1.277696171875,1.2776961718749995,1.0000000000000004,-4.440892098500626e-16,MINIMAL,optimal,1,RXN_45_11109
G66_46889,DDX3X,1.277696171875,1.2776961718749995,1.0000000000000004,-4.440892098500626e-16,MINIMAL,optimal,1,RXN_45_11109
G66_47075,DDX53,1.277696171875,1.2776961718749995,1.0000000000000004,-4.440892098500626e-16,MINIMAL,optimal,1,RXN_45_11109
HS08125,TDRD9,1.277696171875,1.2776961718749995,1.0000000000000004,-4.440892098500626e-16,MINIMAL,optimal,1,RXN_45_11109
HS08133,SUPV3L1,1.277696171875,1.2776961718749995,1.0000000000000004,-4.440892098500626e-16,MINIMAL,optimal,1,RXN_45_11109
HS00816,DDX20,1.277696171875,1.2776961718749995,1.0000000000000004,-4.440892098500626e-16,MINIMAL,optimal,1,RXN_45_11109
HS08165,EIF4A2,1.277696171875,1.2776961718749995,1.0000000000000004,-4.440892098500626e-16,MINIMAL,optimal,1,RXN_45_11109
HS00893,DDX3Y,1.277696171875,1.2776961718749995,1.0000000000000004,-4.440892098500626e-16,MINIMAL,optimal,1,RXN_45_11109
HS00907,DHX29,1.277696171875,1.2776961718749995,1.0000000000000004,-4.440892098500626e-16,MINIMAL,optimal,1,RXN_45_11109
HS01345,DDX43,1.277696171875,1.2776961718749995,1.0000000000000004,-4.440892098500626e-16,MINIMAL,optimal,1,RXN_45_11109
HS08630,EIF4A1,1.277696171875,1.2776961718749995,1.0000000000000004,-4.440892098500626e-16,MINIMAL,optimal,1,RXN_45_11109
HS01592,DDX18,1.277696171875,1.2776961718749995,1.0000000000000004,-4.440892098500626e-16,MINIMAL,optimal,1,RXN_45_11109
HS01664,DDX24,1.277696171875,1.2776961718749995,1.0000000000000004,-4.440892098500626e-16,MINIMAL,optimal,1,RXN_45_11109
HS08805,DHX57,1.277696171875,1.2776961718749995,1.0000000000000004,-4.440892098500626e-16,MINIMAL,optimal,1,RXN_45_11109
HS01998,DDX17,1.277696171875,1.2776961718749995,1.0000000000000004,-4.440892098500626e-16,MINIMAL,optimal,1,RXN_45_11109
HS02277,DHX35,1.277696171875,1.2776961718749995,1.0000000000000004,-4.440892098500626e-16,MINIMAL,optimal,1,RXN_45_11109
HS03897,GGCX,1.277696171875,1.2776961718749995,1.0000000000000004,-4.440892098500626e-16,MINIMAL,optimal,1,RXN_45_10683
HS17721,CYP2R1,1.277696171875,1.2776961718749995,1.0000000000000004,-4.440892098500626e-16,MINIMAL,optimal,1,RXN_45_9829
HS04993,UROD,1.277696171875,1.2776961718749995,1.0000000000000004,-4.440892098500626e-16,MINIMAL,optimal,2,UROGENDECARBOX_45_RXN;RXN_45_10642
HS05702,SLC14A2,1.277696171875,1.2776961718749995,1.0000000000000004,-4.440892098500626e-16,MINIMAL,optimal,1,TRANS_45_RXN66_45_1173
HS06834,SLC14A1,1.277696171875,1.2776961718749995,1.0000000000000004,-4.440892098500626e-16,MINIMAL,optimal,1,TRANS_45_RXN66_45_1173
HS04038,SLC35D1,1.277696171875,1.2776961718749995,1.0000000000000004,-4.440892098500626e-16,MINIMAL,optimal,1,TRANS_45_RXN66_45_1163
HS13753,B4GALNT3,1.277696171875,1.2776961718749995,1.0000000000000004,-4.440892098500626e-16,MINIMAL,optimal,1,2_46_4_46_1_46_244_45_RXN
G66_31509,B4GALNT4,1.277696171875,1.2776961718749995,1.0000000000000004,-4.440892098500626e-16,MINIMAL,optimal,1,2_46_4_46_1_46_244_45_RXN
HS11963,GALNT9,1.277696171875,1.2776961718749995,1.0000000000000004,-4.440892098500626e-16,MINIMAL,optimal,1,2_46_4_46_1_46_41_45_RXN
HS07092,GALNT2,1.277696171875,1.2776961718749995,1.0000000000000004,-4.440892098500626e-16,MINIMAL,optimal,1,2_46_4_46_1_46_41_45_RXN
HS14013,GALNT13,1.277696171875,1.2776961718749995,1.0000000000000004,-4.440892098500626e-16,MINIMAL,optimal,1,2_46_4_46_1_46_41_45_RXN
HS03873,GALNT3,1.277696171875,1.2776961718749995,1.0000000000000004,-4.440892098500626e-16,MINIMAL,optimal,1,2_46_4_46_1_46_41_45_RXN
HS16345,GALNTL6,1.277696171875,1.2776961718749995,1.0000000000000004,-4.440892098500626e-16,MINIMAL,optimal,1,2_46_4_46_1_46_41_45_RXN
HS03240,GALNT7,1.277696171875,1.2776961718749995,1.0000000000000004,-4.440892098500626e-16,MINIMAL,optimal,1,2_46_4_46_1_46_41_45_RXN
HS12940,GALNT12,1.277696171875,1.2776961718749995,1.0000000000000004,-4.440892098500626e-16,MINIMAL,optimal,1,2_46_4_46_1_46_41_45_RXN
HS00057,GALNT4,1.277696171875,1.2776961718749995,1.0000000000000004,-4.440892098500626e-16,MINIMAL,optimal,1,2_46_4_46_1_46_41_45_RXN
HS05332,GALNT8,1.277696171875,1.2776961718749995,1.0000000000000004,-4.440892098500626e-16,MINIMAL,optimal,1,2_46_4_46_1_46_41_45_RXN
HS06641,GALNT6,1.277696171875,1.2776961718749995,1.0000000000000004,-4.440892098500626e-16,MINIMAL,optimal,1,2_46_4_46_1_46_41_45_RXN
HS06826,GALNT1,1.277696171875,1.2776961718749995,1.0000000000000004,-4.440892098500626e-16,MINIMAL,optimal,1,2_46_4_46_1_46_41_45_RXN
HS11978,WBSCR17,1.277696171875,1.2776961718749995,1.0000000000000004,-4.440892098500626e-16,MINIMAL,optimal,1,2_46_4_46_1_46_41_45_RXN
HS13381,GALNT15,1.277696171875,1.2776961718749995,1.0000000000000004,-4.440892098500626e-16,MINIMAL,optimal,1,2_46_4_46_1_46_41_45_RXN
HS06180,GALNT5,1.277696171875,1.2776961718749995,1.0000000000000004,-4.440892098500626e-16,MINIMAL,optimal,1,2_46_4_46_1_46_41_45_RXN
HS14696,GALNT14,1.277696171875,1.2776961718749995,1.0000000000000004,-4.440892098500626e-16,MINIMAL,optimal,1,2_46_4_46_1_46_41_45_RXN
HS12419,GALNTL1,1.277696171875,1.2776961718749995,1.0000000000000004,-4.440892098500626e-16,MINIMAL,optimal,1,2_46_4_46_1_46_41_45_RXN
HS12722,GALNTL4,1.277696171875,1.2776961718749995,1.0000000000000004,-4.440892098500626e-16,MINIMAL,optimal,1,2_46_4_46_1_46_41_45_RXN
HS15213,GALNT10,1.277696171875,1.2776961718749995,1.0000000000000004,-4.440892098500626e-16,MINIMAL,optimal,1,2_46_4_46_1_46_41_45_RXN
HS12640,GALNT11,1.277696171875,1.2776961718749995,1.0000000000000004,-4.440892098500626e-16,MINIMAL,optimal,1,2_46_4_46_1_46_41_45_RXN
HS09918,B3GALNT1,1.277696171875,1.2776961718749995,1.0000000000000004,-4.440892098500626e-16,MINIMAL,optimal,1,2_46_4_46_1_46_79_45_RXN
HS07505,GBGT1,1.277696171875,1.2776961718749995,1.0000000000000004,-4.440892098500626e-16,MINIMAL,optimal,1,2_46_4_46_1_46_88_45_RXN
HS06011,B4GALNT1,1.277696171875,1.2776961718749995,1.0000000000000004,-4.440892098500626e-16,MINIMAL,optimal,4,RXN_45_18294;RXN_45_18271;RXN_45_18274;2_46_4_46_1_46_92_45_RXN
HS09505,B4GALNT2,1.277696171875,1.2776961718749995,1.0000000000000004,-4.440892098500626e-16,MINIMAL,optimal,4,RXN_45_18294;RXN_45_18271;RXN_45_18274;2_46_4_46_1_46_92_45_RXN
HS08750,B3GALNT2,1.277696171875,1.2776961718749995,1.0000000000000004,-4.440892098500626e-16,MINIMAL,optimal,1,RXN_45_19398
HS13400,CHSY1,1.277696171875,1.2776961718749995,1.0000000000000004,-4.440892098500626e-16,MINIMAL,optimal,1,RXN_45_16325
HS11959,CHSY3,1.277696171875,1.2776961718749995,1.0000000000000004,-4.440892098500626e-16,MINIMAL,optimal,1,RXN_45_16325
HS10013,CSGALNACT2,1.277696171875,1.2776961718749995,1.0000000000000004,-4.440892098500626e-16,MINIMAL,optimal,6,2_46_4_46_1_46_174_45_RXN;RXN_45_18274;RXN_45_18294;RXN_45_18271;RXN_45_16325;2_46_4_46_1_46_92_45_RXN
HS07428,CSGALNACT1,1.277696171875,1.2776961718749995,1.0000000000000004,-4.440892098500626e-16,MINIMAL,optimal,6,2_46_4_46_1_46_174_45_RXN;RXN_45_18274;RXN_45_18294;RXN_45_18271;RXN_45_16325;2_46_4_46_1_46_92_45_RXN
HS00371,XYLT2,1.277696171875,1.2776961718749995,1.0000000000000004,-4.440892098500626e-16,MINIMAL,optimal,1,2_46_4_46_2_46_26_45_RXN
HS02509,XYLT1,1.277696171875,1.2776961718749995,1.0000000000000004,-4.440892098500626e-16,MINIMAL,optimal,1,2_46_4_46_2_46_26_45_RXN
HS04237,TMEM5,1.277696171875,1.2776961718749995,1.0000000000000004,-4.440892098500626e-16,MINIMAL,optimal,1,RXN_45_19402
HS05463,SLC35D2,1.277696171875,1.2776961718749995,1.0000000000000004,-4.440892098500626e-16,MINIMAL,optimal,1,TRANS_45_RXN66_45_1171
HS08931,GYG1,1.277696171875,1.2776961718749995,1.0000000000000004,-4.440892098500626e-16,MINIMAL,optimal,1,GLYCOGENIN_45_GLUCOSYLTRANSFERASE_45_RXN
HS00703,GYG2,1.277696171875,1.2776961718749995,1.0000000000000004,-4.440892098500626e-16,MINIMAL,optimal,1,GLYCOGENIN_45_GLUCOSYLTRANSFERASE_45_RXN
HS04424,ALG5,1.277696171875,1.2776961718749995,1.0000000000000004,-4.440892098500626e-16,MINIMAL,optimal,1,2_46_4_46_1_46_117_45_RXN
HS07494,UGCG,1.277696171875,1.2776961718749995,1.0000000000000004,-4.440892098500626e-16,MINIMAL,optimal,3,RXN_45_18272;CERAMIDE_45_GLUCOSYLTRANSFERASE_45_RXN;RXN_45_7793
HS03451,GYS2,1.277696171875,1.2776961718749995,1.0000000000000004,-4.440892098500626e-16,MINIMAL,optimal,0,
HS02622,GYS1,1.277696171875,1.2776961718749995,1.0000000000000004,-4.440892098500626e-16,MINIMAL,optimal,0,
HS06274,GALT,1.277696171875,1.2776961718749995,1.0000000000000004,-4.440892098500626e-16,MINIMAL,optimal,1,GALACTURIDYLYLTRANS_45_RXN
HS02483,RHBDL1,1.277696171875,1.2776961718749995,1.0000000000000004,-4.440892098500626e-16,MINIMAL,optimal,1,3_46_4_46_21_46_105_45_RXN
HS06813,RHBDL3,1.277696171875,1.2776961718749995,1.0000000000000004,-4.440892098500626e-16,MINIMAL,optimal,1,3_46_4_46_21_46_105_45_RXN
HS08280,RHBDL2,1.277696171875,1.2776961718749995,1.0000000000000004,-4.440892098500626e-16,MINIMAL,optimal,1,3_46_4_46_21_46_105_45_RXN
HS16444,PARL,1.277696171875,1.2776961718749995,1.0000000000000004,-4.440892098500626e-16,MINIMAL,optimal,1,3_46_4_46_21_46_105_45_RXN
HS03946,DARS,1.277696171875,1.2776961718749995,1.0000000000000004,-4.440892098500626e-16,MINIMAL,optimal,1,ASPARTATE_45__45_TRNA_45_LIGASE_45_RXN
HS04153,DARS2,1.277696171875,1.2776961718749995,1.0000000000000004,-4.440892098500626e-16,MINIMAL,optimal,1,ASPARTATE_45__45_TRNA_45_LIGASE_45_RXN
HS05869,NARS,1.277696171875,1.2776961718749995,1.0000000000000004,-4.440892098500626e-16,MINIMAL,optimal,1,ASPARAGINE_45__45_TRNA_45_LIGASE_45_RXN
HS06357,NARS2,1.277696171875,1.2776961718749995,1.0000000000000004,-4.440892098500626e-16,MINIMAL,optimal,1,ASPARAGINE_45__45_TRNA_45_LIGASE_45_RXN
HS11483,ALX1,1.277696171875,1.2776961718749995,1.0000000000000004,-4.440892098500626e-16,MINIMAL,optimal,1,RXN_45_11989
HS09420,TK2,1.277696171875,1.2776961718749995,1.0000000000000004,-4.440892098500626e-16,MINIMAL,optimal,1,THYKI_45_RXN
HS09657,TK1,1.277696171875,1.2776961718749995,1.0000000000000004,-4.440892098500626e-16,MINIMAL,optimal,1,THYKI_45_RXN
HS04138,SLC19A2,1.277696171875,1.2776961718749995,1.0000000000000004,-4.440892098500626e-16,MINIMAL,optimal,1,TRANS_45_RXN66_45_1264
HS02907,TPK1,1.277696171875,1.2776961718749995,1.0000000000000004,-4.440892098500626e-16,MINIMAL,optimal,1,THIAMIN_45_PYROPHOSPHOKINASE_45_RXN
HS01071,HSD17B10,1.277696171875,1.2776961718749995,1.0000000000000004,-4.440892098500626e-16,MINIMAL,optimal,1,1_46_1_46_1_46_51_45_RXN
HS01550,HSD17B14,1.277696171875,1.2776961718749995,1.0000000000000004,-4.440892098500626e-16,MINIMAL,optimal,1,1_46_1_46_1_46_51_45_RXN
HS05461,HSD17B3,1.277696171875,1.2776961718749995,1.0000000000000004,-4.440892098500626e-16,MINIMAL,optimal,1,1_46_1_46_1_46_64_45_RXN
HS01540,HSD17B2,1.277696171875,1.2776961718749995,1.0000000000000004,-4.440892098500626e-16,MINIMAL,optimal,2,TESTOSTERONE_45_17_45_BETA_45_DEHYDROGENASE_45_RXN;1_46_1_46_1_46_51_45_RXN
HS05520,SLC6A6,1.277696171875,1.2776961718749995,1.0000000000000004,-4.440892098500626e-16,MINIMAL,optimal,1,TRANS_45_RXN66_45_1172
HS06627,SUOX,1.277696171875,1.2776961718749995,1.0000000000000004,-4.440892098500626e-16,MINIMAL,optimal,1,SULFITE_45_OXIDASE_45_RXN
HS02595,SQLE,1.277696171875,1.2776961718749995,1.0000000000000004,-4.440892098500626e-16,MINIMAL,optimal,1,SQUALENE_45_MONOOXYGENASE_45_RXN
HS03126,SLC6A4,1.277696171875,1.2776961718749995,1.0000000000000004,-4.440892098500626e-16,MINIMAL,optimal,1,TRANS_45_RXN66_45_1152
HS05608,SULT1A3,1.277696171875,1.2776961718749995,1.0000000000000004,-4.440892098500626e-16,MINIMAL,optimal,1,RXN_45_10777
HS17663,G_HS17663,1.277696171875,1.2776961718749995,1.0000000000000004,-4.440892098500626e-16,MINIMAL,optimal,1,2_46_7_46_9_46_3_45_RXN
HS01530,SEPHS1,1.277696171875,1.2776961718749995,1.0000000000000004,-4.440892098500626e-16,MINIMAL,optimal,1,2_46_7_46_9_46_3_45_RXN
HS11405,SEPHS2,1.277696171875,1.2776961718749995,1.0000000000000004,-4.440892098500626e-16,MINIMAL,optimal,1,2_46_7_46_9_46_3_45_RXN
HS04663,SARDH,1.277696171875,1.2776961718749995,1.0000000000000004,-4.440892098500626e-16,MINIMAL,optimal,2,SARCOSINE_45_DEHYDROGENASE_45_RXN;RXN66_45_577
HS05696,BHMT2,1.277696171875,1.2776961718749995,1.0000000000000004,-4.440892098500626e-16,MINIMAL,optimal,1,MMUM_45_RXN
HS05763,GSTT2,1.277696171875,1.2776961718749995,1.0000000000000004,-4.440892098500626e-16,MINIMAL,optimal,1,GSHTRAN_45_RXN
HS01943,GSTT2,1.277696171875,1.2776961718749995,1.0000000000000004,-4.440892098500626e-16,MINIMAL,optimal,1,GSHTRAN_45_RXN
G66_32429,GSTT4,1.277696171875,1.2776961718749995,1.0000000000000004,-4.440892098500626e-16,MINIMAL,optimal,1,GSHTRAN_45_RXN
G66_30906,GSTT1,1.277696171875,1.2776961718749995,1.0000000000000004,-4.440892098500626e-16,MINIMAL,optimal,1,GSHTRAN_45_RXN
HS08520,FLAD1,1.277696171875,1.2776961718749995,1.0000000000000004,-4.440892098500626e-16,MINIMAL,optimal,1,RXN_45_18511
HS05938,RFK,1.277696171875,1.2776961718749995,1.0000000000000004,-4.440892098500626e-16,MINIMAL,optimal,1,RXN_45_18510
HS03674,RNASEN,1.277696171875,1.2776961718749995,1.0000000000000004,-4.440892098500626e-16,MINIMAL,optimal,1,3_46_1_46_26_46_3_45_RXN
HS10465,ISG20,1.277696171875,1.2776961718749995,1.0000000000000004,-4.440892098500626e-16,MINIMAL,optimal,1,3_46_1_46_13_46_1_45_RXN
HS01436,ZCCHC6,1.277696171875,1.2776961718749995,1.0000000000000004,-4.440892098500626e-16,MINIMAL,optimal,0,
HS05903,ZCCHC11,1.277696171875,1.2776961718749995,1.0000000000000004,-4.440892098500626e-16,MINIMAL,optimal,0,
HS07577,TUT1,1.277696171875,1.2776961718749995,1.0000000000000004,-4.440892098500626e-16,MINIMAL,optimal,0,
HS03887,PAPOLG,1.277696171875,1.2776961718749995,1.0000000000000004,-4.440892098500626e-16,MINIMAL,optimal,0,
HS01674,PAPOLA,1.277696171875,1.2776961718749995,1.0000000000000004,-4.440892098500626e-16,MINIMAL,optimal,0,
HS11975,PAPOLB,1.277696171875,1.2776961718749995,1.0000000000000004,-4.440892098500626e-16,MINIMAL,optimal,0,
HS03048,MTPAP,1.277696171875,1.2776961718749995,1.0000000000000004,-4.440892098500626e-16,MINIMAL,optimal,0,
HS09062,PAPD4,1.277696171875,1.2776961718749995,1.0000000000000004,-4.440892098500626e-16,MINIMAL,optimal,0,
HS06977,CYP4B1,1.277696171875,1.2776961718749995,1.0000000000000004,-4.440892098500626e-16,MINIMAL,optimal,1,UNSPECIFIC_45_MONOOXYGENASE_45_RXN
HS02875,CYP3A5,1.277696171875,1.2776961718749995,1.0000000000000004,-4.440892098500626e-16,MINIMAL,optimal,1,UNSPECIFIC_45_MONOOXYGENASE_45_RXN
HS08545,CYP3A7,1.277696171875,1.2776961718749995,1.0000000000000004,-4.440892098500626e-16,MINIMAL,optimal,1,UNSPECIFIC_45_MONOOXYGENASE_45_RXN
HS00409,CYP3A43,1.277696171875,1.2776961718749995,1.0000000000000004,-4.440892098500626e-16,MINIMAL,optimal,1,UNSPECIFIC_45_MONOOXYGENASE_45_RXN
HS03073,CYP2C18,1.277696171875,1.2776961718749995,1.0000000000000004,-4.440892098500626e-16,MINIMAL,optimal,1,UNSPECIFIC_45_MONOOXYGENASE_45_RXN
HS06459,CYP2C8,1.277696171875,1.2776961718749995,1.0000000000000004,-4.440892098500626e-16,MINIMAL,optimal,1,UNSPECIFIC_45_MONOOXYGENASE_45_RXN
HS06721,CYP1A1,1.277696171875,1.2776961718749995,1.0000000000000004,-4.440892098500626e-16,MINIMAL,optimal,1,UNSPECIFIC_45_MONOOXYGENASE_45_RXN
HS10420,CYP4F12,1.277696171875,1.2776961718749995,1.0000000000000004,-4.440892098500626e-16,MINIMAL,optimal,1,UNSPECIFIC_45_MONOOXYGENASE_45_RXN
HS10412,CYP4F11,1.277696171875,1.2776961718749995,1.0000000000000004,-4.440892098500626e-16,MINIMAL,optimal,1,UNSPECIFIC_45_MONOOXYGENASE_45_RXN
HS09585,CYP2A7,1.277696171875,1.2776961718749995,1.0000000000000004,-4.440892098500626e-16,MINIMAL,optimal,1,UNSPECIFIC_45_MONOOXYGENASE_45_RXN
HS10333,CYP2A13,1.277696171875,1.2776961718749995,1.0000000000000004,-4.440892098500626e-16,MINIMAL,optimal,1,UNSPECIFIC_45_MONOOXYGENASE_45_RXN
HS05409,CYP2F1,1.277696171875,1.2776961718749995,1.0000000000000004,-4.440892098500626e-16,MINIMAL,optimal,1,UNSPECIFIC_45_MONOOXYGENASE_45_RXN
G66_33191,CYP4Z1,1.277696171875,1.2776961718749995,1.0000000000000004,-4.440892098500626e-16,MINIMAL,optimal,1,UNSPECIFIC_45_MONOOXYGENASE_45_RXN
HS07011,PPOX,1.277696171875,1.2776961718749995,1.0000000000000004,-4.440892098500626e-16,MINIMAL,optimal,1,PROTOPORGENOXI_45_RXN
HS00191,COX10,1.277696171875,1.2776961718749995,1.0000000000000004,-4.440892098500626e-16,MINIMAL,optimal,2,HEMEOSYN_45_RXN;RXN_45_20645
HS02501,HMOX2,1.277696171875,1.2776961718749995,1.0000000000000004,-4.440892098500626e-16,MINIMAL,optimal,1,HEME_45_OXYGENASE_45_DECYCLIZING_45_RXN
HS02027,HMOX1,1.277696171875,1.2776961718749995,1.0000000000000004,-4.440892098500626e-16,MINIMAL,optimal,2,RXN_45_17523;HEME_45_OXYGENASE_45_DECYCLIZING_45_RXN
HS00891,FECH,1.277696171875,1.2776961718749995,1.0000000000000004,-4.440892098500626e-16,MINIMAL,optimal,1,PROTOHEMEFERROCHELAT_45_RXN
HS00728,TBXAS1,1.277696171875,1.2776961718749995,1.0000000000000004,-4.440892098500626e-16,MINIMAL,optimal,1,THROMBOXANE_45_A_45_SYNTHASE_45_RXN
HS04738,PTGIS,1.277696171875,1.2776961718749995,1.0000000000000004,-4.440892098500626e-16,MINIMAL,optimal,1,PROSTAGLANDIN_45_I_45_SYNTHASE_45_RXN
HS08788,HPGDS,1.277696171875,1.2776961718749995,1.0000000000000004,-4.440892098500626e-16,MINIMAL,optimal,1,PROSTAGLANDIN_45_D_45_SYNTHASE_45_RXN
HS02989,PTGDS,1.277696171875,1.2776961718749995,1.0000000000000004,-4.440892098500626e-16,MINIMAL,optimal,1,PROSTAGLANDIN_45_D_45_SYNTHASE_45_RXN
HS06387,CASP1,1.277696171875,1.2776961718749995,1.0000000000000004,-4.440892098500626e-16,MINIMAL,optimal,1,3_46_4_46_22_46_36_45_RXN
HS07569,UROS,1.277696171875,1.2776961718749995,1.0000000000000004,-4.440892098500626e-16,MINIMAL,optimal,1,UROGENIIISYN_45_RXN
HS05225,PARG,1.277696171875,1.2776961718749995,1.0000000000000004,-4.440892098500626e-16,MINIMAL,optimal,0,
HS04064,ADPRHL2,1.277696171875,1.2776961718749995,1.0000000000000004,-4.440892098500626e-16,MINIMAL,optimal,0,
HS03889,PECR,1.277696171875,1.2776961718749995,1.0000000000000004,-4.440892098500626e-16,MINIMAL,optimal,1,RXN66_45_482
HS06868,PNMT,1.277696171875,1.2776961718749995,1.0000000000000004,-4.440892098500626e-16,MINIMAL,optimal,1,2_46_1_46_1_46_28_45_RXN
HS03552,VNN1,1.277696171875,1.2776961718749995,1.0000000000000004,-4.440892098500626e-16,MINIMAL,optimal,1,3_46_5_46_1_46_92_45_RXN
HS03553,VNN2,1.277696171875,1.2776961718749995,1.0000000000000004,-4.440892098500626e-16,MINIMAL,optimal,1,3_46_5_46_1_46_92_45_RXN
HS01793,VNN3,1.277696171875,1.2776961718749995,1.0000000000000004,-4.440892098500626e-16,MINIMAL,optimal,1,3_46_5_46_1_46_92_45_RXN
HS03105,PNPO,1.277696171875,1.2776961718749995,1.0000000000000004,-4.440892098500626e-16,MINIMAL,optimal,2,PMPOXI_45_RXN;PNPOXI_45_RXN
HS09444,NNMT,1.277696171875,1.2776961718749995,1.0000000000000004,-4.440892098500626e-16,MINIMAL,optimal,1,NICOTINAMIDE_45_N_45_METHYLTRANSFERASE_45_RXN
HS00225,NOX1,1.277696171875,1.2776961718749995,1.0000000000000004,-4.440892098500626e-16,MINIMAL,optimal,2,RXN_45_10745;RXN0_45_271
HS01151,NOX3,1.277696171875,1.2776961718749995,1.0000000000000004,-4.440892098500626e-16,MINIMAL,optimal,2,RXN_45_10745;RXN0_45_271
HS01546,NOX4,1.277696171875,1.2776961718749995,1.0000000000000004,-4.440892098500626e-16,MINIMAL,optimal,2,RXN_45_10745;RXN0_45_271
HS06400,NOX5,1.277696171875,1.2776961718749995,1.0000000000000004,-4.440892098500626e-16,MINIMAL,optimal,2,RXN_45_10745;RXN0_45_271
HS06411,DUOX1,1.277696171875,1.2776961718749995,1.0000000000000004,-4.440892098500626e-16,MINIMAL,optimal,1,RXN_45_10745
HS06694,DUOX2,1.277696171875,1.2776961718749995,1.0000000000000004,-4.440892098500626e-16,MINIMAL,optimal,1,RXN_45_10745
HS09192,CYBB,1.277696171875,1.2776961718749995,1.0000000000000004,-4.440892098500626e-16,MINIMAL,optimal,2,RXN_45_10745;RXN0_45_271
HS01329,FDFT1,1.277696171875,1.2776961718749995,1.0000000000000004,-4.440892098500626e-16,MINIMAL,optimal,2,RXN66_45_281;RXN_45_13162
HS02928,BLVRA,1.277696171875,1.2776961718749995,1.0000000000000004,-4.440892098500626e-16,MINIMAL,optimal,1,BILIVERDIN_45_REDUCTASE_45_RXN
HS03413,SLC38A1,1.277696171875,1.2776961718749995,1.0000000000000004,-4.440892098500626e-16,MINIMAL,optimal,1,TRANS_45_RXN66_45_1255
HS02390,NALCN,1.277696171875,1.2776961718749995,1.0000000000000004,-4.440892098500626e-16,MINIMAL,optimal,1,TRANS_45_RXN66_45_566
HS02803,SCN1B,1.277696171875,1.2776961718749995,1.0000000000000004,-4.440892098500626e-16,MINIMAL,optimal,1,TRANS_45_RXN66_45_566
HS03398,SCNN1A,1.277696171875,1.2776961718749995,1.0000000000000004,-4.440892098500626e-16,MINIMAL,optimal,1,TRANS_45_RXN66_45_566
HS06178,SCN2A,1.277696171875,1.2776961718749995,1.0000000000000004,-4.440892098500626e-16,MINIMAL,optimal,1,TRANS_45_RXN66_45_566
HS06181,SCN7A,1.277696171875,1.2776961718749995,1.0000000000000004,-4.440892098500626e-16,MINIMAL,optimal,1,TRANS_45_RXN66_45_566
HS06520,HCN4,1.277696171875,1.2776961718749995,1.0000000000000004,-4.440892098500626e-16,MINIMAL,optimal,1,TRANS_45_RXN66_45_566
HS07089,HCN3,1.277696171875,1.2776961718749995,1.0000000000000004,-4.440892098500626e-16,MINIMAL,optimal,1,TRANS_45_RXN66_45_566
HS07163,SCN1A,1.277696171875,1.2776961718749995,1.0000000000000004,-4.440892098500626e-16,MINIMAL,optimal,1,TRANS_45_RXN66_45_566
HS07629,SCN2B,1.277696171875,1.2776961718749995,1.0000000000000004,-4.440892098500626e-16,MINIMAL,optimal,1,TRANS_45_RXN66_45_566
HS14368,SCLT1,1.277696171875,1.2776961718749995,1.0000000000000004,-4.440892098500626e-16,MINIMAL,optimal,1,TRANS_45_RXN66_45_566
HS07898,SCN3A,1.277696171875,1.2776961718749995,1.0000000000000004,-4.440892098500626e-16,MINIMAL,optimal,1,TRANS_45_RXN66_45_566
HS08694,SCNN1D,1.277696171875,1.2776961718749995,1.0000000000000004,-4.440892098500626e-16,MINIMAL,optimal,1,TRANS_45_RXN66_45_566
HS09362,SCN3B,1.277696171875,1.2776961718749995,1.0000000000000004,-4.440892098500626e-16,MINIMAL,optimal,1,TRANS_45_RXN66_45_566
HS09458,SCNN1G,1.277696171875,1.2776961718749995,1.0000000000000004,-4.440892098500626e-16,MINIMAL,optimal,1,TRANS_45_RXN66_45_566
HS09738,SCN11A,1.277696171875,1.2776961718749995,1.0000000000000004,-4.440892098500626e-16,MINIMAL,optimal,1,TRANS_45_RXN66_45_566
HS09761,SCNN1B,1.277696171875,1.2776961718749995,1.0000000000000004,-4.440892098500626e-16,MINIMAL,optimal,1,TRANS_45_RXN66_45_566
HS09948,SCN9A,1.277696171875,1.2776961718749995,1.0000000000000004,-4.440892098500626e-16,MINIMAL,optimal,1,TRANS_45_RXN66_45_566
HS16787,SCN4B,1.277696171875,1.2776961718749995,1.0000000000000004,-4.440892098500626e-16,MINIMAL,optimal,1,TRANS_45_RXN66_45_566
G66_31820,SCN10A,1.277696171875,1.2776961718749995,1.0000000000000004,-4.440892098500626e-16,MINIMAL,optimal,1,TRANS_45_RXN66_45_566
G66_32583,SCN5A,1.277696171875,1.2776961718749995,1.0000000000000004,-4.440892098500626e-16,MINIMAL,optimal,1,TRANS_45_RXN66_45_566
HS00859,SLC9A7,1.277696171875,1.2776961718749995,1.0000000000000004,-4.440892098500626e-16,MINIMAL,optimal,1,TRANS_45_RXN66_45_922
HS00870,SLC9A3,1.277696171875,1.2776961718749995,1.0000000000000004,-4.440892098500626e-16,MINIMAL,optimal,1,TRANS_45_RXN66_45_922
HS01671,SLC9A1,1.277696171875,1.2776961718749995,1.0000000000000004,-4.440892098500626e-16,MINIMAL,optimal,1,TRANS_45_RXN66_45_922
HS03919,SLC9A2,1.277696171875,1.2776961718749995,1.0000000000000004,-4.440892098500626e-16,MINIMAL,optimal,1,TRANS_45_RXN66_45_922
HS06055,SLC9A5,1.277696171875,1.2776961718749995,1.0000000000000004,-4.440892098500626e-16,MINIMAL,optimal,1,TRANS_45_RXN66_45_922
HS14963,SLC9A11,1.277696171875,1.2776961718749995,1.0000000000000004,-4.440892098500626e-16,MINIMAL,optimal,1,TRANS_45_RXN66_45_922
HS16057,SLC9A10,1.277696171875,1.2776961718749995,1.0000000000000004,-4.440892098500626e-16,MINIMAL,optimal,1,TRANS_45_RXN66_45_922
HS17459,SLC9A4,1.277696171875,1.2776961718749995,1.0000000000000004,-4.440892098500626e-16,MINIMAL,optimal,1,TRANS_45_RXN66_45_922
HS11666,SLC9A9,1.277696171875,1.2776961718749995,1.0000000000000004,-4.440892098500626e-16,MINIMAL,optimal,1,TRANS_45_RXN66_45_922
G66_31487,SLC9A8,1.277696171875,1.2776961718749995,1.0000000000000004,-4.440892098500626e-16,MINIMAL,optimal,1,TRANS_45_RXN66_45_922
G66_33153,SLC9A6,1.277696171875,1.2776961718749995,1.0000000000000004,-4.440892098500626e-16,MINIMAL,optimal,1,TRANS_45_RXN66_45_922
HS01315,SLC1A3,1.277696171875,1.2776961718749995,1.0000000000000004,-4.440892098500626e-16,MINIMAL,optimal,1,TRANS_45_RXN66_45_985
HS02521,SLC6A2,1.277696171875,1.2776961718749995,1.0000000000000004,-4.440892098500626e-16,MINIMAL,optimal,1,TRANS_45_RXN66_45_1105
HS03562,SLC17A2,1.277696171875,1.2776961718749995,1.0000000000000004,-4.440892098500626e-16,MINIMAL,optimal,1,TRANS_45_RXN66_45_1159
HS04794,SLC17A3,1.277696171875,1.2776961718749995,1.0000000000000004,-4.440892098500626e-16,MINIMAL,optimal,1,TRANS_45_RXN66_45_1159
HS04796,SLC17A1,1.277696171875,1.2776961718749995,1.0000000000000004,-4.440892098500626e-16,MINIMAL,optimal,1,TRANS_45_RXN66_45_1159
HS05499,SLC34A1,1.277696171875,1.2776961718749995,1.0000000000000004,-4.440892098500626e-16,MINIMAL,optimal,1,TRANS_45_RXN66_45_1159
HS07149,SLC20A1,1.277696171875,1.2776961718749995,1.0000000000000004,-4.440892098500626e-16,MINIMAL,optimal,1,TRANS_45_RXN66_45_1159
HS08239,SLC34A2,1.277696171875,1.2776961718749995,1.0000000000000004,-4.440892098500626e-16,MINIMAL,optimal,1,TRANS_45_RXN66_45_1159
HS09788,SLC20A2,1.277696171875,1.2776961718749995,1.0000000000000004,-4.440892098500626e-16,MINIMAL,optimal,1,TRANS_45_RXN66_45_1159
G66_31912,SLC34A3,1.277696171875,1.2776961718749995,1.0000000000000004,-4.440892098500626e-16,MINIMAL,optimal,1,TRANS_45_RXN66_45_1159
HS06917,SLC6A3,1.277696171875,1.2776961718749995,1.0000000000000004,-4.440892098500626e-16,MINIMAL,optimal,1,TRANS_45_RXN66_45_1179
HS00990,SLC44A1,1.277696171875,1.2776961718749995,1.0000000000000004,-4.440892098500626e-16,MINIMAL,optimal,1,TRANS_45_RXN66_45_980
HS03925,SLC5A7,1.277696171875,1.2776961718749995,1.0000000000000004,-4.440892098500626e-16,MINIMAL,optimal,1,TRANS_45_RXN66_45_980
HS02681,SLC1A6,1.277696171875,1.2776961718749995,1.0000000000000004,-4.440892098500626e-16,MINIMAL,optimal,2,TRANS_45_RXN66_45_1218;RXN66_45_427
HS02942,SLC1A1,1.277696171875,1.2776961718749995,1.0000000000000004,-4.440892098500626e-16,MINIMAL,optimal,2,TRANS_45_RXN66_45_1218;RXN66_45_427
HS03311,SLC1A2,1.277696171875,1.2776961718749995,1.0000000000000004,-4.440892098500626e-16,MINIMAL,optimal,2,TRANS_45_RXN66_45_1218;RXN66_45_427
HS07164,SLC4A10,1.277696171875,1.2776961718749995,1.0000000000000004,-4.440892098500626e-16,MINIMAL,optimal,1,TRANS_45_RXN66_45_1180
HS00634,SLC4A8,1.277696171875,1.2776961718749995,1.0000000000000004,-4.440892098500626e-16,MINIMAL,optimal,1,TRANS_45_RXN66_45_919
G66_32365,SLC4A5,1.277696171875,1.2776961718749995,1.0000000000000004,-4.440892098500626e-16,MINIMAL,optimal,1,TRANS_45_RXN66_45_1214
HS00926,HYAL2,1.277696171875,1.2776961718749995,1.0000000000000004,-4.440892098500626e-16,MINIMAL,optimal,0,
HS13271,G_HS13271,1.277696171875,1.2776961718749995,1.0000000000000004,-4.440892098500626e-16,MINIMAL,optimal,0,
HS03761,HYAL3,1.277696171875,1.2776961718749995,1.0000000000000004,-4.440892098500626e-16,MINIMAL,optimal,0,
G66_37885,CPT1B,1.277696171875,1.2776961718749995,1.0000000000000004,-4.440892098500626e-16,MINIMAL,optimal,2,RXN_45_18372;RXN_45_18370
HS07823,NMT2,1.277696171875,1.2776961718749995,1.0000000000000004,-4.440892098500626e-16,MINIMAL,optimal,1,2_46_3_46_1_46_97_45_RXN
HS06161,NMT1,1.277696171875,1.2776961718749995,1.0000000000000004,-4.440892098500626e-16,MINIMAL,optimal,1,2_46_3_46_1_46_97_45_RXN
HS16068,CERS6,1.277696171875,1.2776961718749995,1.0000000000000004,-4.440892098500626e-16,MINIMAL,optimal,1,RXN_45_20368
HS07207,ABHD10,1.277696171875,1.2776961718749995,1.0000000000000004,-4.440892098500626e-16,MINIMAL,optimal,1,RXN_45_13605
HS10371,GPHN,1.277696171875,1.2776961718749995,1.0000000000000004,-4.440892098500626e-16,MINIMAL,optimal,2,RXN_45_8344;RXN_45_8348
HS09513,TRUB2,1.277696171875,1.2776961718749995,1.0000000000000004,-4.440892098500626e-16,MINIMAL,optimal,1,RXN_45_12497
HS02361,MAGT1,1.277696171875,1.2776961718749995,1.0000000000000004,-4.440892098500626e-16,MINIMAL,optimal,1,TRANS_45_RXN66_45_1102
HS15776,MMGT1,1.277696171875,1.2776961718749995,1.0000000000000004,-4.440892098500626e-16,MINIMAL,optimal,1,TRANS_45_RXN66_45_1102
HS06443,CYP1B1,1.277696171875,1.2776961718749995,1.0000000000000004,-4.440892098500626e-16,MINIMAL,optimal,2,RXN_45_11056;UNSPECIFIC_45_MONOOXYGENASE_45_RXN
HS11144,MAN1B1,1.277696171875,1.2776961718749995,1.0000000000000004,-4.440892098500626e-16,MINIMAL,optimal,1,RXN_45_18909
HS05820,EDEM1,1.277696171875,1.2776961718749995,1.0000000000000004,-4.440892098500626e-16,MINIMAL,optimal,1,RXN_45_18916
HS05846,MAN1A2,1.277696171875,1.2776961718749995,1.0000000000000004,-4.440892098500626e-16,MINIMAL,optimal,8,RXN_45_18916;RXN_45_18920;RXN_45_18919;RXN_45_18924;RXN_45_18918;RXN_45_18929;RXN_45_18917;RXN_45_18926
HS04162,MAN1C1,1.277696171875,1.2776961718749995,1.0000000000000004,-4.440892098500626e-16,MINIMAL,optimal,11,RXN_45_18928;RXN_45_18927;RXN_45_18931;RXN_45_18930;RXN_45_18921;RXN_45_18920;RXN_45_18919;RXN_45_18922;RXN_45_18918;RXN_45_18929
HS03480,MAN1A1,1.277696171875,1.2776961718749995,1.0000000000000004,-4.440892098500626e-16,MINIMAL,optimal,17,RXN_45_18927;RXN_45_18930;RXN_45_18920;RXN_45_18910;RXN_45_18922;RXN_45_18918;RXN_45_18917;RXN_45_18926;RXN_45_18928;RXN_45_18931
HS16873,G_HS16873,1.277696171875,1.2776961718749995,1.0000000000000004,-4.440892098500626e-16,MINIMAL,optimal,16,RXN_45_18927;RXN_45_18930;RXN_45_18920;RXN_45_18910;RXN_45_18922;RXN_45_18918;RXN_45_18917;RXN_45_18926;RXN_45_18928;RXN_45_18931
HS03629,MAN2A1,1.277696171875,1.2776961718749995,1.0000000000000004,-4.440892098500626e-16,MINIMAL,optimal,1,3_46_2_46_1_46_114_45_RXN
HS11961,MAN2A2,1.277696171875,1.2776961718749995,1.0000000000000004,-4.440892098500626e-16,MINIMAL,optimal,1,3_46_2_46_1_46_114_45_RXN
HS05528,MGAT1,1.277696171875,1.2776961718749995,1.0000000000000004,-4.440892098500626e-16,MINIMAL,optimal,1,2_46_4_46_1_46_101_45_RXN
HS01024,MGAT4A,1.277696171875,1.2776961718749995,1.0000000000000004,-4.440892098500626e-16,MINIMAL,optimal,1,2_46_4_46_1_46_145_45_RXN
HS08564,MGAT4B,1.277696171875,1.2776961718749995,1.0000000000000004,-4.440892098500626e-16,MINIMAL,optimal,1,2_46_4_46_1_46_145_45_RXN
HS00017,MGAT4C,1.277696171875,1.2776961718749995,1.0000000000000004,-4.440892098500626e-16,MINIMAL,optimal,1,2_46_4_46_1_46_145_45_RXN
HS05168,MGAT3,1.277696171875,1.2776961718749995,1.0000000000000004,-4.440892098500626e-16,MINIMAL,optimal,1,2_46_4_46_1_46_144_45_RXN
HS08566,LTC4S,1.277696171875,1.2776961718749995,1.0000000000000004,-4.440892098500626e-16,MINIMAL,optimal,1,LEUKOTRIENE_45_C4_45_SYNTHASE_45_RXN
HS03838,POMC,1.277696171875,1.2776961718749995,1.0000000000000004,-4.440892098500626e-16,MINIMAL,optimal,1,BETAGALACTOSID_45_RXN
HS06761,TAT,1.277696171875,1.2776961718749995,1.0000000000000004,-4.440892098500626e-16,MINIMAL,optimal,1,TYROSINE_45_AMINOTRANSFERASE_45_RXN
HS01756,SLC7A8,1.277696171875,1.2776961718749995,1.0000000000000004,-4.440892098500626e-16,MINIMAL,optimal,1,RXN66_45_449
HS07771,TDO2,1.277696171875,1.2776961718749995,1.0000000000000004,-4.440892098500626e-16,MINIMAL,optimal,1,RXN_45_8665
HS04065,WARS2,1.277696171875,1.2776961718749995,1.0000000000000004,-4.440892098500626e-16,MINIMAL,optimal,1,TRYPTOPHAN_45__45_TRNA_45_LIGASE_45_RXN
HS06685,WARS,1.277696171875,1.2776961718749995,1.0000000000000004,-4.440892098500626e-16,MINIMAL,optimal,1,TRYPTOPHAN_45__45_TRNA_45_LIGASE_45_RXN
HS06603,TPH2,1.277696171875,1.2776961718749995,1.0000000000000004,-4.440892098500626e-16,MINIMAL,optimal,1,TRYPTOPHAN_45_5_45_MONOOXYGENASE_45_RXN
HS05250,TPH1,1.277696171875,1.2776961718749995,1.0000000000000004,-4.440892098500626e-16,MINIMAL,optimal,1,TRYPTOPHAN_45_5_45_MONOOXYGENASE_45_RXN
HS01069,SHMT1,1.277696171875,1.2776961718749995,1.0000000000000004,-4.440892098500626e-16,MINIMAL,optimal,1,GLYOHMETRANS_45_RXN
HS09614,SRR,1.277696171875,1.2776961718749995,1.0000000000000004,-4.440892098500626e-16,MINIMAL,optimal,1,5_46_1_46_1_46_18_45_RXN
G66_37871,SPTSSA,1.277696171875,1.2776961718749995,1.0000000000000004,-4.440892098500626e-16,MINIMAL,optimal,2,SERINE_45_C_45_PALMITOYLTRANSFERASE_45_RXN;RXN_45_20396
HS01673,SPTLC1,1.277696171875,1.2776961718749995,1.0000000000000004,-4.440892098500626e-16,MINIMAL,optimal,1,SERINE_45_C_45_PALMITOYLTRANSFERASE_45_RXN
HS02117,SPTLC2,1.277696171875,1.2776961718749995,1.0000000000000004,-4.440892098500626e-16,MINIMAL,optimal,1,SERINE_45_C_45_PALMITOYLTRANSFERASE_45_RXN
HS16070,SPTLC3,1.277696171875,1.2776961718749995,1.0000000000000004,-4.440892098500626e-16,MINIMAL,optimal,1,SERINE_45_C_45_PALMITOYLTRANSFERASE_45_RXN
G66_37872,SPTSSB,1.277696171875,1.2776961718749995,1.0000000000000004,-4.440892098500626e-16,MINIMAL,optimal,2,SERINE_45_C_45_PALMITOYLTRANSFERASE_45_RXN;RXN_45_20396
HS06616,SDSL,1.277696171875,1.2776961718749995,1.0000000000000004,-4.440892098500626e-16,MINIMAL,optimal,1,RXN_45_15125
HS05952,SDS,1.277696171875,1.2776961718749995,1.0000000000000004,-4.440892098500626e-16,MINIMAL,optimal,2,RXN_45_15122;RXN_45_15125
HS05620,SCLY,1.277696171875,1.2776961718749995,1.0000000000000004,-4.440892098500626e-16,MINIMAL,optimal,1,SELENOCYSTEINE_45_LYASE_45_RXN
HS00244,AASS,1.277696171875,1.2776961718749995,1.0000000000000004,-4.440892098500626e-16,MINIMAL,optimal,1,1_46_5_46_1_46_8_45_RXN
G66_37887,PRODH2,1.277696171875,1.2776961718749995,1.0000000000000004,-4.440892098500626e-16,MINIMAL,optimal,1,RXN_45_14903
HS00301,SLC6A7,1.277696171875,1.2776961718749995,1.0000000000000004,-4.440892098500626e-16,MINIMAL,optimal,1,TRANS_45_RXN66_45_564
HS11411,PIPOX,1.277696171875,1.2776961718749995,1.0000000000000004,-4.440892098500626e-16,MINIMAL,optimal,2,L_45_PIPECOLATE_45_OXIDASE_45_RXN;SARCOX_45_RXN
HS02488,CRYM,1.277696171875,1.2776961718749995,1.0000000000000004,-4.440892098500626e-16,MINIMAL,optimal,2,RXN_45_8166;1_46_5_46_1_46_25_45_RXN
HS09890,GOT1L1,1.277696171875,1.2776961718749995,1.0000000000000004,-4.440892098500626e-16,MINIMAL,optimal,1,RXN_45_10814
HS02406,SLC25A15,1.277696171875,1.2776961718749995,1.0000000000000004,-4.440892098500626e-16,MINIMAL,optimal,1,TRANS_45_RXN66_45_1103
HS04394,SLC25A2,1.277696171875,1.2776961718749995,1.0000000000000004,-4.440892098500626e-16,MINIMAL,optimal,1,TRANS_45_RXN66_45_1103
HS00832,OAT,1.277696171875,1.2776961718749995,1.0000000000000004,-4.440892098500626e-16,MINIMAL,optimal,2,ORNITHINE_45_GLU_45_AMINOTRANSFERASE_45_RXN;ORNITHINE_45__45_OXO_45_ACID_45_AMINOTRANSFERASE_45_RXN
HS03935,ODC1,1.277696171875,1.2776961718749995,1.0000000000000004,-4.440892098500626e-16,MINIMAL,optimal,1,ORNDECARBOX_45_RXN
HS02481,SLC7A5,1.277696171875,1.2776961718749995,1.0000000000000004,-4.440892098500626e-16,MINIMAL,optimal,4,RXN66_45_449;RXN66_45_446;RXN66_45_447;RXN66_45_445
HS04082,KMO,1.277696171875,1.2776961718749995,1.0000000000000004,-4.440892098500626e-16,MINIMAL,optimal,1,KYNURENINE_45_3_45_MONOOXYGENASE_45_RXN
HS08005,ADAMTS1,1.277696171875,1.2776961718749995,1.0000000000000004,-4.440892098500626e-16,MINIMAL,optimal,2,HOMOCYSMET_45_RXN;HOMOCYSMETB12_45_RXN
HS05931,ADAMTS8,1.277696171875,1.2776961718749995,1.0000000000000004,-4.440892098500626e-16,MINIMAL,optimal,2,HOMOCYSMET_45_RXN;HOMOCYSMETB12_45_RXN
HS04076,MTR,1.277696171875,1.2776961718749995,1.0000000000000004,-4.440892098500626e-16,MINIMAL,optimal,2,HOMOCYSMET_45_RXN;HOMOCYSMETB12_45_RXN
HS01466,HAL,1.277696171875,1.2776961718749995,1.0000000000000004,-4.440892098500626e-16,MINIMAL,optimal,1,HISTIDINE_45_AMMONIA_45_LYASE_45_RXN
HS06697,HDC,1.277696171875,1.2776961718749995,1.0000000000000004,-4.440892098500626e-16,MINIMAL,optimal,1,HISTIDINE_45_DECARBOXYLASE_45_RXN
HS02450,SLC7A6,1.277696171875,1.2776961718749995,1.0000000000000004,-4.440892098500626e-16,MINIMAL,optimal,2,TRANS_45_RXN66_45_1231;RXN66_45_447
HS09679,SLC3A2,1.277696171875,1.2776961718749995,1.0000000000000004,-4.440892098500626e-16,MINIMAL,optimal,5,RXN66_45_449;RXN66_45_446;RXN66_45_447;TRANS_45_RXN66_45_1231;RXN66_45_445
HS05375,QRSL1,1.277696171875,1.2776961718749995,1.0000000000000004,-4.440892098500626e-16,MINIMAL,optimal,2,6_46_3_46_5_46_6_45_RXN;6_46_3_46_5_46_7_45_RXN
HS00732,PET112L,1.277696171875,1.2776961718749995,1.0000000000000004,-4.440892098500626e-16,MINIMAL,optimal,2,6_46_3_46_5_46_6_45_RXN;6_46_3_46_5_46_7_45_RXN
HS00730,ALDH18A1,1.277696171875,1.2776961718749995,1.0000000000000004,-4.440892098500626e-16,MINIMAL,optimal,1,GLUTSEMIALDEHYDROG_45_RXN
HS08207,FUK,1.277696171875,1.2776961718749995,1.0000000000000004,-4.440892098500626e-16,MINIMAL,optimal,1,FUCOKINASE_45_RXN
HS01347,DCT,1.277696171875,1.2776961718749995,1.0000000000000004,-4.440892098500626e-16,MINIMAL,optimal,1,DOPACHROME_45_DELTA_45_ISOMERASE_45_RXN
HS07219,TRPC1,1.277696171875,1.2776961718749995,1.0000000000000004,-4.440892098500626e-16,MINIMAL,optimal,1,DOPACHROME_45_DELTA_45_ISOMERASE_45_RXN
HS00410,SLC7A9,1.277696171875,1.2776961718749995,1.0000000000000004,-4.440892098500626e-16,MINIMAL,optimal,1,TRANS_45_RXN66_45_556
HS06450,SLC3A1,1.277696171875,1.2776961718749995,1.0000000000000004,-4.440892098500626e-16,MINIMAL,optimal,1,TRANS_45_RXN66_45_556
HS05299,CDO1,1.277696171875,1.2776961718749995,1.0000000000000004,-4.440892098500626e-16,MINIMAL,optimal,1,CYSTEINE_45_DIOXYGENASE_45_RXN
HS12240,MOCOS,1.277696171875,1.2776961718749995,1.0000000000000004,-4.440892098500626e-16,MINIMAL,optimal,1,RXN_45_8351
HS05425,ASS1,1.277696171875,1.2776961718749995,1.0000000000000004,-4.440892098500626e-16,MINIMAL,optimal,2,ARGSUCCINSYN_45_RXN;RXN_45_10
HS01816,CRAT,1.277696171875,1.2776961718749995,1.0000000000000004,-4.440892098500626e-16,MINIMAL,optimal,1,CARNITINE_45_O_45_ACETYLTRANSFERASE_45_RXN
HS03950,SLC1A4,1.277696171875,1.2776961718749995,1.0000000000000004,-4.440892098500626e-16,MINIMAL,optimal,4,RXN66_45_462;RXN66_45_455;TRANS_45_RXN66_45_1256;RXN66_45_453
HS01186,ATP12A,1.277696171875,1.2776961718749995,1.0000000000000004,-4.440892098500626e-16,MINIMAL,optimal,1,3_46_6_46_3_46_10_45_RXN
HS02790,ATP4A,1.277696171875,1.2776961718749995,1.0000000000000004,-4.440892098500626e-16,MINIMAL,optimal,1,3_46_6_46_3_46_10_45_RXN
G66_33511,ATP4B,1.277696171875,1.2776961718749995,1.0000000000000004,-4.440892098500626e-16,MINIMAL,optimal,1,3_46_6_46_3_46_10_45_RXN
HS00104,KCNK4,1.277696171875,1.2776961718749995,1.0000000000000004,-4.440892098500626e-16,MINIMAL,optimal,1,TRANS_45_RXN66_45_557
HS00451,KCNG1,1.277696171875,1.2776961718749995,1.0000000000000004,-4.440892098500626e-16,MINIMAL,optimal,1,TRANS_45_RXN66_45_557
HS00662,KCNQ1,1.277696171875,1.2776961718749995,1.0000000000000004,-4.440892098500626e-16,MINIMAL,optimal,1,TRANS_45_RXN66_45_557
HS00680,KCNH2,1.277696171875,1.2776961718749995,1.0000000000000004,-4.440892098500626e-16,MINIMAL,optimal,1,TRANS_45_RXN66_45_557
HS00962,KCNAB2,1.277696171875,1.2776961718749995,1.0000000000000004,-4.440892098500626e-16,MINIMAL,optimal,1,TRANS_45_RXN66_45_557
HS01157,KCNQ2,1.277696171875,1.2776961718749995,1.0000000000000004,-4.440892098500626e-16,MINIMAL,optimal,1,TRANS_45_RXN66_45_557
HS01366,KCNN2,1.277696171875,1.2776961718749995,1.0000000000000004,-4.440892098500626e-16,MINIMAL,optimal,1,TRANS_45_RXN66_45_557
HS01423,KCNK2,1.277696171875,1.2776961718749995,1.0000000000000004,-4.440892098500626e-16,MINIMAL,optimal,1,TRANS_45_RXN66_45_557
HS01657,KCNH4,1.277696171875,1.2776961718749995,1.0000000000000004,-4.440892098500626e-16,MINIMAL,optimal,1,TRANS_45_RXN66_45_557
HS01840,KCNK16,1.277696171875,1.2776961718749995,1.0000000000000004,-4.440892098500626e-16,MINIMAL,optimal,1,TRANS_45_RXN66_45_557
HS01890,KCNK6,1.277696171875,1.2776961718749995,1.0000000000000004,-4.440892098500626e-16,MINIMAL,optimal,1,TRANS_45_RXN66_45_557
HS01916,HCN2,1.277696171875,1.2776961718749995,1.0000000000000004,-4.440892098500626e-16,MINIMAL,optimal,2,TRANS_45_RXN66_45_557;TRANS_45_RXN66_45_566
HS02084,KCNK10,1.277696171875,1.2776961718749995,1.0000000000000004,-4.440892098500626e-16,MINIMAL,optimal,1,TRANS_45_RXN66_45_557
HS02344,KCND1,1.277696171875,1.2776961718749995,1.0000000000000004,-4.440892098500626e-16,MINIMAL,optimal,1,TRANS_45_RXN66_45_557
HS02618,KCNN4,1.277696171875,1.2776961718749995,1.0000000000000004,-4.440892098500626e-16,MINIMAL,optimal,1,TRANS_45_RXN66_45_557
HS02632,KCNA7,1.277696171875,1.2776961718749995,1.0000000000000004,-4.440892098500626e-16,MINIMAL,optimal,1,TRANS_45_RXN66_45_557
HS02777,KCNN1,1.277696171875,1.2776961718749995,1.0000000000000004,-4.440892098500626e-16,MINIMAL,optimal,1,TRANS_45_RXN66_45_557
HS02973,KCNT1,1.277696171875,1.2776961718749995,1.0000000000000004,-4.440892098500626e-16,MINIMAL,optimal,1,TRANS_45_RXN66_45_557
HS03391,KCNA1,1.277696171875,1.2776961718749995,1.0000000000000004,-4.440892098500626e-16,MINIMAL,optimal,1,TRANS_45_RXN66_45_557
HS03895,KCNJ13,1.277696171875,1.2776961718749995,1.0000000000000004,-4.440892098500626e-16,MINIMAL,optimal,1,TRANS_45_RXN66_45_557
HS04011,KCNC4,1.277696171875,1.2776961718749995,1.0000000000000004,-4.440892098500626e-16,MINIMAL,optimal,1,TRANS_45_RXN66_45_557
HS04084,KCNQ4,1.277696171875,1.2776961718749995,1.0000000000000004,-4.440892098500626e-16,MINIMAL,optimal,1,TRANS_45_RXN66_45_557
HS04403,KCNJ5,1.277696171875,1.2776961718749995,1.0000000000000004,-4.440892098500626e-16,MINIMAL,optimal,1,TRANS_45_RXN66_45_557
HS04487,KCNJ8,1.277696171875,1.2776961718749995,1.0000000000000004,-4.440892098500626e-16,MINIMAL,optimal,1,TRANS_45_RXN66_45_557
HS04686,KCNJ2,1.277696171875,1.2776961718749995,1.0000000000000004,-4.440892098500626e-16,MINIMAL,optimal,1,TRANS_45_RXN66_45_557
HS04717,KCNS1,1.277696171875,1.2776961718749995,1.0000000000000004,-4.440892098500626e-16,MINIMAL,optimal,1,TRANS_45_RXN66_45_557
HS04748,KCNK15,1.277696171875,1.2776961718749995,1.0000000000000004,-4.440892098500626e-16,MINIMAL,optimal,1,TRANS_45_RXN66_45_557
HS04830,KCNK17,1.277696171875,1.2776961718749995,1.0000000000000004,-4.440892098500626e-16,MINIMAL,optimal,1,TRANS_45_RXN66_45_557
HS05249,KCNC1,1.277696171875,1.2776961718749995,1.0000000000000004,-4.440892098500626e-16,MINIMAL,optimal,1,TRANS_45_RXN66_45_557
HS05333,KCNA5,1.277696171875,1.2776961718749995,1.0000000000000004,-4.440892098500626e-16,MINIMAL,optimal,1,TRANS_45_RXN66_45_557
HS05521,KCNC3,1.277696171875,1.2776961718749995,1.0000000000000004,-4.440892098500626e-16,MINIMAL,optimal,1,TRANS_45_RXN66_45_557
HS06024,KCNH3,1.277696171875,1.2776961718749995,1.0000000000000004,-4.440892098500626e-16,MINIMAL,optimal,1,TRANS_45_RXN66_45_557
HS06044,KCNMB4,1.277696171875,1.2776961718749995,1.0000000000000004,-4.440892098500626e-16,MINIMAL,optimal,1,TRANS_45_RXN66_45_557
HS06058,KCNK1,1.277696171875,1.2776961718749995,1.0000000000000004,-4.440892098500626e-16,MINIMAL,optimal,1,TRANS_45_RXN66_45_557
HS06676,KCNH5,1.277696171875,1.2776961718749995,1.0000000000000004,-4.440892098500626e-16,MINIMAL,optimal,1,TRANS_45_RXN66_45_557
HS06983,KCNA10,1.277696171875,1.2776961718749995,1.0000000000000004,-4.440892098500626e-16,MINIMAL,optimal,1,TRANS_45_RXN66_45_557
HS07062,KCNH1,1.277696171875,1.2776961718749995,1.0000000000000004,-4.440892098500626e-16,MINIMAL,optimal,1,TRANS_45_RXN66_45_557
HS07084,KCNN3,1.277696171875,1.2776961718749995,1.0000000000000004,-4.440892098500626e-16,MINIMAL,optimal,1,TRANS_45_RXN66_45_557
HS07305,KCNMB1,1.277696171875,1.2776961718749995,1.0000000000000004,-4.440892098500626e-16,MINIMAL,optimal,1,TRANS_45_RXN66_45_557
HS07705,KCNA6,1.277696171875,1.2776961718749995,1.0000000000000004,-4.440892098500626e-16,MINIMAL,optimal,1,TRANS_45_RXN66_45_557
HS07765,KCNJ1,1.277696171875,1.2776961718749995,1.0000000000000004,-4.440892098500626e-16,MINIMAL,optimal,1,TRANS_45_RXN66_45_557
HS07787,KCNE4,1.277696171875,1.2776961718749995,1.0000000000000004,-4.440892098500626e-16,MINIMAL,optimal,1,TRANS_45_RXN66_45_557
HS07807,KCNK13,1.277696171875,1.2776961718749995,1.0000000000000004,-4.440892098500626e-16,MINIMAL,optimal,1,TRANS_45_RXN66_45_557
HS07924,KCNJ16,1.277696171875,1.2776961718749995,1.0000000000000004,-4.440892098500626e-16,MINIMAL,optimal,1,TRANS_45_RXN66_45_557
HS08098,KCNMA1,1.277696171875,1.2776961718749995,1.0000000000000004,-4.440892098500626e-16,MINIMAL,optimal,1,TRANS_45_RXN66_45_557
HS08132,KCNS2,1.277696171875,1.2776961718749995,1.0000000000000004,-4.440892098500626e-16,MINIMAL,optimal,1,TRANS_45_RXN66_45_557
HS08220,KCNJ6,1.277696171875,1.2776961718749995,1.0000000000000004,-4.440892098500626e-16,MINIMAL,optimal,1,TRANS_45_RXN66_45_557
HS08221,KCNJ15,1.277696171875,1.2776961718749995,1.0000000000000004,-4.440892098500626e-16,MINIMAL,optimal,1,TRANS_45_RXN66_45_557
HS08291,KCNB1,1.277696171875,1.2776961718749995,1.0000000000000004,-4.440892098500626e-16,MINIMAL,optimal,1,TRANS_45_RXN66_45_557
HS08370,KCNE2,1.277696171875,1.2776961718749995,1.0000000000000004,-4.440892098500626e-16,MINIMAL,optimal,1,TRANS_45_RXN66_45_557
HS14954,KCNT2,1.277696171875,1.2776961718749995,1.0000000000000004,-4.440892098500626e-16,MINIMAL,optimal,1,TRANS_45_RXN66_45_557
HS08728,KCNJ9,1.277696171875,1.2776961718749995,1.0000000000000004,-4.440892098500626e-16,MINIMAL,optimal,1,TRANS_45_RXN66_45_557
HS08766,KCNF1,1.277696171875,1.2776961718749995,1.0000000000000004,-4.440892098500626e-16,MINIMAL,optimal,1,TRANS_45_RXN66_45_557
HS08768,KCNJ3,1.277696171875,1.2776961718749995,1.0000000000000004,-4.440892098500626e-16,MINIMAL,optimal,1,TRANS_45_RXN66_45_557
HS09097,HCN1,1.277696171875,1.2776961718749995,1.0000000000000004,-4.440892098500626e-16,MINIMAL,optimal,2,TRANS_45_RXN66_45_557;TRANS_45_RXN66_45_566
HS09110,KCNK5,1.277696171875,1.2776961718749995,1.0000000000000004,-4.440892098500626e-16,MINIMAL,optimal,1,TRANS_45_RXN66_45_557
HS09138,KCNV1,1.277696171875,1.2776961718749995,1.0000000000000004,-4.440892098500626e-16,MINIMAL,optimal,1,TRANS_45_RXN66_45_557
HS09319,KCNC2,1.277696171875,1.2776961718749995,1.0000000000000004,-4.440892098500626e-16,MINIMAL,optimal,1,TRANS_45_RXN66_45_557
HS09701,KCNJ4,1.277696171875,1.2776961718749995,1.0000000000000004,-4.440892098500626e-16,MINIMAL,optimal,1,TRANS_45_RXN66_45_557
HS09719,KCNV2,1.277696171875,1.2776961718749995,1.0000000000000004,-4.440892098500626e-16,MINIMAL,optimal,1,TRANS_45_RXN66_45_557
HS09754,KCNG4,1.277696171875,1.2776961718749995,1.0000000000000004,-4.440892098500626e-16,MINIMAL,optimal,1,TRANS_45_RXN66_45_557
HS09920,KCNAB1,1.277696171875,1.2776961718749995,1.0000000000000004,-4.440892098500626e-16,MINIMAL,optimal,1,TRANS_45_RXN66_45_557
HS09946,KCNK9,1.277696171875,1.2776961718749995,1.0000000000000004,-4.440892098500626e-16,MINIMAL,optimal,1,TRANS_45_RXN66_45_557
HS10062,KCNAB3,1.277696171875,1.2776961718749995,1.0000000000000004,-4.440892098500626e-16,MINIMAL,optimal,1,TRANS_45_RXN66_45_557
HS10173,KCNS3,1.277696171875,1.2776961718749995,1.0000000000000004,-4.440892098500626e-16,MINIMAL,optimal,1,TRANS_45_RXN66_45_557
HS10248,KCNMB3,1.277696171875,1.2776961718749995,1.0000000000000004,-4.440892098500626e-16,MINIMAL,optimal,1,TRANS_45_RXN66_45_557
HS10250,KCNG3,1.277696171875,1.2776961718749995,1.0000000000000004,-4.440892098500626e-16,MINIMAL,optimal,1,TRANS_45_RXN66_45_557
HS10283,KCNK3,1.277696171875,1.2776961718749995,1.0000000000000004,-4.440892098500626e-16,MINIMAL,optimal,1,TRANS_45_RXN66_45_557
HS10295,KCND3,1.277696171875,1.2776961718749995,1.0000000000000004,-4.440892098500626e-16,MINIMAL,optimal,1,TRANS_45_RXN66_45_557
HS10653,KCNK7,1.277696171875,1.2776961718749995,1.0000000000000004,-4.440892098500626e-16,MINIMAL,optimal,1,TRANS_45_RXN66_45_557
HS10736,KCNH6,1.277696171875,1.2776961718749995,1.0000000000000004,-4.440892098500626e-16,MINIMAL,optimal,1,TRANS_45_RXN66_45_557
HS11147,KCNA3,1.277696171875,1.2776961718749995,1.0000000000000004,-4.440892098500626e-16,MINIMAL,optimal,1,TRANS_45_RXN66_45_557
HS11153,KCNA2,1.277696171875,1.2776961718749995,1.0000000000000004,-4.440892098500626e-16,MINIMAL,optimal,1,TRANS_45_RXN66_45_557
HS11218,KCNJ10,1.277696171875,1.2776961718749995,1.0000000000000004,-4.440892098500626e-16,MINIMAL,optimal,1,TRANS_45_RXN66_45_557
HS11279,KCNG2,1.277696171875,1.2776961718749995,1.0000000000000004,-4.440892098500626e-16,MINIMAL,optimal,1,TRANS_45_RXN66_45_557
HS11502,KCNE1,1.277696171875,1.2776961718749995,1.0000000000000004,-4.440892098500626e-16,MINIMAL,optimal,1,TRANS_45_RXN66_45_557
G66_31038,KCNQ5,1.277696171875,1.2776961718749995,1.0000000000000004,-4.440892098500626e-16,MINIMAL,optimal,1,TRANS_45_RXN66_45_557
G66_31140,KCNJ12,1.277696171875,1.2776961718749995,1.0000000000000004,-4.440892098500626e-16,MINIMAL,optimal,1,TRANS_45_RXN66_45_557
G66_31145,KCNMB3L,1.277696171875,1.2776961718749995,1.0000000000000004,-4.440892098500626e-16,MINIMAL,optimal,1,TRANS_45_RXN66_45_557
G66_31146,KCND2,1.277696171875,1.2776961718749995,1.0000000000000004,-4.440892098500626e-16,MINIMAL,optimal,1,TRANS_45_RXN66_45_557
G66_31450,KCNK12,1.277696171875,1.2776961718749995,1.0000000000000004,-4.440892098500626e-16,MINIMAL,optimal,1,TRANS_45_RXN66_45_557
G66_31681,KCNB2,1.277696171875,1.2776961718749995,1.0000000000000004,-4.440892098500626e-16,MINIMAL,optimal,1,TRANS_45_RXN66_45_557
G66_32799,KCNA4,1.277696171875,1.2776961718749995,1.0000000000000004,-4.440892098500626e-16,MINIMAL,optimal,1,TRANS_45_RXN66_45_557
G66_33006,KCNJ11,1.277696171875,1.2776961718749995,1.0000000000000004,-4.440892098500626e-16,MINIMAL,optimal,1,TRANS_45_RXN66_45_557
G66_33339,KCNK18,1.277696171875,1.2776961718749995,1.0000000000000004,-4.440892098500626e-16,MINIMAL,optimal,1,TRANS_45_RXN66_45_557
G66_33340,KCNQ3,1.277696171875,1.2776961718749995,1.0000000000000004,-4.440892098500626e-16,MINIMAL,optimal,1,TRANS_45_RXN66_45_557
G66_33782,KCNU1,1.277696171875,1.2776961718749995,1.0000000000000004,-4.440892098500626e-16,MINIMAL,optimal,1,TRANS_45_RXN66_45_557
HS00779,ISOC2,1.277696171875,1.2776961718749995,1.0000000000000004,-4.440892098500626e-16,MINIMAL,optimal,1,ISOCHORMAT_45_RXN
HS00883,ISOC1,1.277696171875,1.2776961718749995,1.0000000000000004,-4.440892098500626e-16,MINIMAL,optimal,1,ISOCHORMAT_45_RXN
HS02776,SLC5A5,1.277696171875,1.2776961718749995,1.0000000000000004,-4.440892098500626e-16,MINIMAL,optimal,1,TRANS_45_RXN66_45_1151
HS17157,HYI,1.277696171875,1.2776961718749995,1.0000000000000004,-4.440892098500626e-16,MINIMAL,optimal,1,RXN0_45_305
HS06393,SQRDL,1.277696171875,1.2776961718749995,1.0000000000000004,-4.440892098500626e-16,MINIMAL,optimal,2,RXN_45_19036;RXN_45_18002
HS01336,GPX5,1.277696171875,1.2776961718749995,1.0000000000000004,-4.440892098500626e-16,MINIMAL,optimal,0,
HS03989,GPX7,1.277696171875,1.2776961718749995,1.0000000000000004,-4.440892098500626e-16,MINIMAL,optimal,0,
HS09055,GPX8,1.277696171875,1.2776961718749995,1.0000000000000004,-4.440892098500626e-16,MINIMAL,optimal,0,
G66_33331,GPX6,1.277696171875,1.2776961718749995,1.0000000000000004,-4.440892098500626e-16,MINIMAL,optimal,0,
HS08224,GPX3,1.277696171875,1.2776961718749995,1.0000000000000004,-4.440892098500626e-16,MINIMAL,optimal,0,
HS00019,GPX1,1.277696171875,1.2776961718749995,1.0000000000000004,-4.440892098500626e-16,MINIMAL,optimal,0,
HS11006,GPX2,1.277696171875,1.2776961718749995,1.0000000000000004,-4.440892098500626e-16,MINIMAL,optimal,0,
HS03728,HGD,1.277696171875,1.2776961718749995,1.0000000000000004,-4.440892098500626e-16,MINIMAL,optimal,1,HOMOGENTISATE_45_12_45_DIOXYGENASE_45_RXN
HS00143,CROT,1.277696171875,1.2776961718749995,1.0000000000000004,-4.440892098500626e-16,MINIMAL,optimal,2,RXN_45_18369;CARNITINE_45_O_45_OCTANOYLTRANSFERASE_45_RXN
HS10616,HPSE,1.277696171875,1.2776961718749995,1.0000000000000004,-4.440892098500626e-16,MINIMAL,optimal,2,RXN_45_11553;RXN_45_11554
HS10603,HPSE2,1.277696171875,1.2776961718749995,1.0000000000000004,-4.440892098500626e-16,MINIMAL,optimal,2,RXN_45_11553;RXN_45_11554
HS04231,ARG1,1.277696171875,1.2776961718749995,1.0000000000000004,-4.440892098500626e-16,MINIMAL,optimal,0,
HS01388,ARG2,1.277696171875,1.2776961718749995,1.0000000000000004,-4.440892098500626e-16,MINIMAL,optimal,0,
HS13219,SGPP1,1.277696171875,1.2776961718749995,1.0000000000000004,-4.440892098500626e-16,MINIMAL,optimal,0,
HS15019,SGPP2,1.277696171875,1.2776961718749995,1.0000000000000004,-4.440892098500626e-16,MINIMAL,optimal,0,
HS12784,NUDT12,1.277696171875,1.2776961718749995,1.0000000000000004,-4.440892098500626e-16,MINIMAL,optimal,0,
HS00018,GLUD2,1.277696171875,1.2776961718749995,1.0000000000000004,-4.440892098500626e-16,MINIMAL,optimal,1,GLUTAMATE_45_DEHYDROGENASE_45_NADP_43__45_RXN
HS07548,GLUD1,1.277696171875,1.2776961718749995,1.0000000000000004,-4.440892098500626e-16,MINIMAL,optimal,1,GLUTAMATE_45_DEHYDROGENASE_45_NADP_43__45_RXN
HS05586,GCH1,1.277696171875,1.2776961718749995,1.0000000000000004,-4.440892098500626e-16,MINIMAL,optimal,0,
HS07168,PHOSPHO2,1.277696171875,1.2776961718749995,1.0000000000000004,-4.440892098500626e-16,MINIMAL,optimal,0,
G66_37883,PDXP,1.277696171875,1.2776961718749995,1.0000000000000004,-4.440892098500626e-16,MINIMAL,optimal,0,
HS07370,PSPH,1.277696171875,1.2776961718749995,1.0000000000000004,-4.440892098500626e-16,MINIMAL,optimal,1,PSERPHOSPHA_45_RXN
HS03384,VPS29,1.277696171875,1.2776961718749995,1.0000000000000004,-4.440892098500626e-16,MINIMAL,optimal,0,
HS01981,GGTLC2,1.277696171875,1.2776961718749995,1.0000000000000004,-4.440892098500626e-16,MINIMAL,optimal,0,
HS00936,INPP5A,1.277696171875,1.2776961718749995,1.0000000000000004,-4.440892098500626e-16,MINIMAL,optimal,0,
HS13906,NT5C3L,1.277696171875,1.2776961718749995,1.0000000000000004,-4.440892098500626e-16,MINIMAL,optimal,0,
HS03254,BST1,1.277696171875,1.2776961718749995,1.0000000000000004,-4.440892098500626e-16,MINIMAL,optimal,0,
HS03433,GAPDH,1.277696171875,1.2776961718749995,1.0000000000000004,-4.440892098500626e-16,MINIMAL,optimal,0,
HS04862,CLYBL,1.277696171875,1.2776961718749995,1.0000000000000004,-4.440892098500626e-16,MINIMAL,optimal,0,
HS05327,GAMT,1.277696171875,1.2776961718749995,1.0000000000000004,-4.440892098500626e-16,MINIMAL,optimal,1,GUANIDINOACETATE_45_N_45_METHYLTRANSFERASE_45_RXN
HS11014,GBA3,1.277696171875,1.2776961718749995,1.0000000000000004,-4.440892098500626e-16,MINIMAL,optimal,1,GLYCOSYLCERAMIDASE_45_RXN
HS09311,SLC6A5,1.277696171875,1.2776961718749995,1.0000000000000004,-4.440892098500626e-16,MINIMAL,optimal,1,TRANS_45_RXN66_45_1209
G66_31595,SLC6A9,1.277696171875,1.2776961718749995,1.0000000000000004,-4.440892098500626e-16,MINIMAL,optimal,1,TRANS_45_RXN66_45_1209
HS00382,SLC38A5,1.277696171875,1.2776961718749995,1.0000000000000004,-4.440892098500626e-16,MINIMAL,optimal,6,RXN66_45_433;RXN66_45_429;RXN66_45_430;RXN66_45_431;RXN66_45_434;RXN66_45_432
HS09071,SLC6A18,1.277696171875,1.2776961718749995,1.0000000000000004,-4.440892098500626e-16,MINIMAL,optimal,4,RXN66_45_457;RXN66_45_455;RXN66_45_452;RXN66_45_453
HS04682,SLC36A1,1.277696171875,1.2776961718749995,1.0000000000000004,-4.440892098500626e-16,MINIMAL,optimal,3,TRANS_45_RXN66_45_1230;RXN66_45_450;RXN66_45_451
HS07585,GLYAT,1.277696171875,1.2776961718749995,1.0000000000000004,-4.440892098500626e-16,MINIMAL,optimal,1,GLYCINE_45_N_45_ACYLTRANSFERASE_45_RXN
HS14631,GLYATL2,1.277696171875,1.2776961718749995,1.0000000000000004,-4.440892098500626e-16,MINIMAL,optimal,1,GLYCINE_45_N_45_ACYLTRANSFERASE_45_RXN
HS15495,GLYATL1,1.277696171875,1.2776961718749995,1.0000000000000004,-4.440892098500626e-16,MINIMAL,optimal,1,GLYCINE_45_N_45_ACYLTRANSFERASE_45_RXN
HS00622,GLDC,1.277696171875,1.2776961718749995,1.0000000000000004,-4.440892098500626e-16,MINIMAL,optimal,1,GCVP_45_RXN
HS02540,OCA2,1.277696171875,1.2776961718749995,1.0000000000000004,-4.440892098500626e-16,MINIMAL,optimal,1,GCVP_45_RXN
HS06771,GCSH,1.277696171875,1.2776961718749995,1.0000000000000004,-4.440892098500626e-16,MINIMAL,optimal,1,GCVMULTI_45_RXN
HS02174,GSS,1.277696171875,1.2776961718749995,1.0000000000000004,-4.440892098500626e-16,MINIMAL,optimal,2,RXN_45_20401;RXN_45_20407
HS10376,GATM,1.277696171875,1.2776961718749995,1.0000000000000004,-4.440892098500626e-16,MINIMAL,optimal,1,GLYCINE_45_AMIDINOTRANSFERASE_45_RXN
HS00424,ALAS1,1.277696171875,1.2776961718749995,1.0000000000000004,-4.440892098500626e-16,MINIMAL,optimal,1,5_45_AMINOLEVULINIC_45_ACID_45_SYNTHASE_45_RXN
HS08311,ALAS2,1.277696171875,1.2776961718749995,1.0000000000000004,-4.440892098500626e-16,MINIMAL,optimal,1,5_45_AMINOLEVULINIC_45_ACID_45_SYNTHASE_45_RXN
HS04819,GNMT,1.277696171875,1.2776961718749995,1.0000000000000004,-4.440892098500626e-16,MINIMAL,optimal,1,GLYCINE_45_N_45_METHYLTRANSFERASE_45_RXN
HS01980,GCAT,1.277696171875,1.2776961718749995,1.0000000000000004,-4.440892098500626e-16,MINIMAL,optimal,1,AKBLIG_45_RXN
HS16090,MANEA,1.277696171875,1.2776961718749995,1.0000000000000004,-4.440892098500626e-16,MINIMAL,optimal,1,3_46_2_46_1_46_130_45_RXN
HS03863,MOGS,1.277696171875,1.2776961718749995,1.0000000000000004,-4.440892098500626e-16,MINIMAL,optimal,1,3_46_2_46_1_46_106_45_RXN
HS05346,PRKCSH,1.277696171875,1.2776961718749995,1.0000000000000004,-4.440892098500626e-16,MINIMAL,optimal,2,RXN_45_18907;RXN_45_18908
HS09041,PGGT1B,1.277696171875,1.2776961718749995,1.0000000000000004,-4.440892098500626e-16,MINIMAL,optimal,1,RXN_45_3701
HS16914,G_HS16914,1.277696171875,1.2776961718749995,1.0000000000000004,-4.440892098500626e-16,MINIMAL,optimal,1,RXN_45_3701
HS06425,RABGGTB,1.277696171875,1.2776961718749995,1.0000000000000004,-4.440892098500626e-16,MINIMAL,optimal,1,RXN_45_3701
HS02171,RABGGTA,1.277696171875,1.2776961718749995,1.0000000000000004,-4.440892098500626e-16,MINIMAL,optimal,1,RXN_45_3701
HS11671,SLC35C1,1.277696171875,1.2776961718749995,1.0000000000000004,-4.440892098500626e-16,MINIMAL,optimal,1,TRANS_45_RXN66_45_1211
HS00491,FUT8,1.277696171875,1.2776961718749995,1.0000000000000004,-4.440892098500626e-16,MINIMAL,optimal,1,2_46_4_46_1_46_68_45_RXN
HS10559,FUT10,1.277696171875,1.2776961718749995,1.0000000000000004,-4.440892098500626e-16,MINIMAL,optimal,1,2_46_4_46_1_46_68_45_RXN
HS02249,POFUT1,1.277696171875,1.2776961718749995,1.0000000000000004,-4.440892098500626e-16,MINIMAL,optimal,1,2_46_4_46_1_46_221_45_RXN
HS12371,POFUT2,1.277696171875,1.2776961718749995,1.0000000000000004,-4.440892098500626e-16,MINIMAL,optimal,1,2_46_4_46_1_46_221_45_RXN
HS10855,FUT1,1.277696171875,1.2776961718749995,1.0000000000000004,-4.440892098500626e-16,MINIMAL,optimal,3,RXN_45_9463;RXN_45_18300;RXN_45_18235
HS10520,FUT9,1.277696171875,1.2776961718749995,1.0000000000000004,-4.440892098500626e-16,MINIMAL,optimal,2,RXN_45_18249;GALACTOSIDE_45_3_45_FUCOSYLTRANSFERASE_45_RXN
HS07593,FUT4,1.277696171875,1.2776961718749995,1.0000000000000004,-4.440892098500626e-16,MINIMAL,optimal,2,GALACTOSIDE_45_3_45_FUCOSYLTRANSFERASE_45_RXN;2_46_4_46_1_46_214_45_RXN
HS10249,FUT3,1.277696171875,1.2776961718749995,1.0000000000000004,-4.440892098500626e-16,MINIMAL,optimal,10,RXN_45_18251;GALACTOSIDE_45_3_45_FUCOSYLTRANSFERASE_45_RXN;RXN_45_18257;RXN_45_18252;2_46_4_46_1_46_65_45_RXN;RXN_45_18247;RXN_45_18249;2_46_4_46_1_46_68_45_RXN;RXN_45_18246;RXN_45_18250
HS02591,TSTA3,1.277696171875,1.2776961718749995,1.0000000000000004,-4.440892098500626e-16,MINIMAL,optimal,1,1_46_1_46_1_46_271_45_RXN
HS03608,GMDS,1.277696171875,1.2776961718749995,1.0000000000000004,-4.440892098500626e-16,MINIMAL,optimal,1,GDPMANDEHYDRA_45_RXN
HS01208,SLC46A1,1.277696171875,1.2776961718749995,1.0000000000000004,-4.440892098500626e-16,MINIMAL,optimal,1,TRANS_45_RXN66_45_1258
HS00363,COX15,1.277696171875,1.2776961718749995,1.0000000000000004,-4.440892098500626e-16,MINIMAL,optimal,1,RXN_45_18399
HS09155,FASTK,1.277696171875,1.2776961718749995,1.0000000000000004,-4.440892098500626e-16,MINIMAL,optimal,1,2_46_7_46_11_46_8_45_RXN
HS08560,FOXH1,1.277696171875,1.2776961718749995,1.0000000000000004,-4.440892098500626e-16,MINIMAL,optimal,1,2_46_7_46_11_46_8_45_RXN
HS04858,GOT2,1.277696171875,1.2776961718749995,1.0000000000000004,-4.440892098500626e-16,MINIMAL,optimal,3,2_46_6_46_1_46_7_45_RXN;RXN_45_10814;4_45_HYDROXYGLUTAMATE_45_AMINOTRANSFERASE_45_RXN
HS09496,MARS,1.277696171875,1.2776961718749995,1.0000000000000004,-4.440892098500626e-16,MINIMAL,optimal,2,METHIONINE_45__45_TRNA_45_LIGASE_45_RXN;RXN_45_16165
HS07813,MARS2,1.277696171875,1.2776961718749995,1.0000000000000004,-4.440892098500626e-16,MINIMAL,optimal,2,METHIONINE_45__45_TRNA_45_LIGASE_45_RXN;RXN_45_16165
HS02489,EEF2K,1.277696171875,1.2776961718749995,1.0000000000000004,-4.440892098500626e-16,MINIMAL,optimal,1,2_46_7_46_11_46_20_45_RXN
HS01496,OVGP1,1.277696171875,1.2776961718749995,1.0000000000000004,-4.440892098500626e-16,MINIMAL,optimal,1,3_46_4_46_21_46_120_45_RXN
G66_46982,OVCH2,1.277696171875,1.2776961718749995,1.0000000000000004,-4.440892098500626e-16,MINIMAL,optimal,1,3_46_4_46_21_46_120_45_RXN
HS01483,CAD,1.277696171875,1.2776961718749995,1.0000000000000004,-4.440892098500626e-16,MINIMAL,optimal,0,
HS10587,NADSYN1,1.277696171875,1.2776961718749995,1.0000000000000004,-4.440892098500626e-16,MINIMAL,optimal,0,
HS14222,NAPRT1,1.277696171875,1.2776961718749995,1.0000000000000004,-4.440892098500626e-16,MINIMAL,optimal,0,
HS00585,CTPS2,1.277696171875,1.2776961718749995,1.0000000000000004,-4.440892098500626e-16,MINIMAL,optimal,0,
HS10382,CTPS1,1.277696171875,1.2776961718749995,1.0000000000000004,-4.440892098500626e-16,MINIMAL,optimal,0,
HS09609,GLOD4,1.277696171875,1.2776961718749995,1.0000000000000004,-4.440892098500626e-16,MINIMAL,optimal,0,
HS15984,GLOD5,1.277696171875,1.2776961718749995,1.0000000000000004,-4.440892098500626e-16,MINIMAL,optimal,0,
G66_46582,HPDL,1.277696171875,1.2776961718749995,1.0000000000000004,-4.440892098500626e-16,MINIMAL,optimal,0,
HS03922,UXS1,1.277696171875,1.2776961718749995,1.0000000000000004,-4.440892098500626e-16,MINIMAL,optimal,0,
HS06971,ADC,1.277696171875,1.2776961718749995,1.0000000000000004,-4.440892098500626e-16,MINIMAL,optimal,0,
HS05215,GAD1,1.277696171875,1.2776961718749995,1.0000000000000004,-4.440892098500626e-16,MINIMAL,optimal,0,
HS06208,GAD2,1.277696171875,1.2776961718749995,1.0000000000000004,-4.440892098500626e-16,MINIMAL,optimal,0,
HS06066,GLUL,1.277696171875,1.2776961718749995,1.0000000000000004,-4.440892098500626e-16,MINIMAL,optimal,0,
HS02536,FAH,1.277696171875,1.2776961718749995,1.0000000000000004,-4.440892098500626e-16,MINIMAL,optimal,0,
HS11463,FAHD1,1.277696171875,1.2776961718749995,1.0000000000000004,-4.440892098500626e-16,MINIMAL,optimal,0,
HS00015,FHIT,1.277696171875,1.2776961718749995,1.0000000000000004,-4.440892098500626e-16,MINIMAL,optimal,0,
HS09170,NUDT2,1.277696171875,1.2776961718749995,1.0000000000000004,-4.440892098500626e-16,MINIMAL,optimal,0,
HS08817,GNPDA2,1.277696171875,1.2776961718749995,1.0000000000000004,-4.440892098500626e-16,MINIMAL,optimal,0,
HS03692,GNPDA1,1.277696171875,1.2776961718749995,1.0000000000000004,-4.440892098500626e-16,MINIMAL,optimal,0,
HS09254,FAAH2,1.277696171875,1.2776961718749995,1.0000000000000004,-4.440892098500626e-16,MINIMAL,optimal,0,
HS06545,NAAA,1.277696171875,1.2776961718749995,1.0000000000000004,-4.440892098500626e-16,MINIMAL,optimal,0,
HS04139,FAAH,1.277696171875,1.2776961718749995,1.0000000000000004,-4.440892098500626e-16,MINIMAL,optimal,1,RXN_45_20509
HS06001,GLS2,1.277696171875,1.2776961718749995,1.0000000000000004,-4.440892098500626e-16,MINIMAL,optimal,1,GLUTAMINE_45__45_PYRUVATE_45_AMINOTRANSFERASE_45_RXN
HS01002,ASNS,1.277696171875,1.2776961718749995,1.0000000000000004,-4.440892098500626e-16,MINIMAL,optimal,1,ASNSYNB_45_RXN
HS03886,GLS1,1.277696171875,1.2776961718749995,1.0000000000000004,-4.440892098500626e-16,MINIMAL,optimal,0,
HS00415,CPS1,1.277696171875,1.2776961718749995,1.0000000000000004,-4.440892098500626e-16,MINIMAL,optimal,0,
HS06495,ASNSD1,1.277696171875,1.2776961718749995,1.0000000000000004,-4.440892098500626e-16,MINIMAL,optimal,1,ASNSYNB_45_RXN
HS08906,GMPS,1.277696171875,1.2776961718749995,1.0000000000000004,-4.440892098500626e-16,MINIMAL,optimal,0,
HS06361,GGH,1.277696171875,1.2776961718749995,1.0000000000000004,-4.440892098500626e-16,MINIMAL,optimal,0,
HS04690,PFKFB2,1.277696171875,1.2776961718749995,1.0000000000000004,-4.440892098500626e-16,MINIMAL,optimal,0,
HS03750,PFKFB4,1.277696171875,1.2776961718749995,1.0000000000000004,-4.440892098500626e-16,MINIMAL,optimal,0,
HS10144,PFKFB3,1.277696171875,1.2776961718749995,1.0000000000000004,-4.440892098500626e-16,MINIMAL,optimal,0,
HS08310,PFKFB1,1.277696171875,1.2776961718749995,1.0000000000000004,-4.440892098500626e-16,MINIMAL,optimal,0,
HS01277,TIGAR,1.277696171875,1.2776961718749995,1.0000000000000004,-4.440892098500626e-16,MINIMAL,optimal,0,
HS11952,PGP,1.277696171875,1.2776961718749995,1.0000000000000004,-4.440892098500626e-16,MINIMAL,optimal,0,
HS05462,FBP2,1.277696171875,1.2776961718749995,1.0000000000000004,-4.440892098500626e-16,MINIMAL,optimal,0,
HS09189,FBP1,1.277696171875,1.2776961718749995,1.0000000000000004,-4.440892098500626e-16,MINIMAL,optimal,0,
HS01552,ACHE,1.277696171875,1.2776961718749995,1.0000000000000004,-4.440892098500626e-16,MINIMAL,optimal,0,
HS12777,CUTA,1.277696171875,1.2776961718749995,1.0000000000000004,-4.440892098500626e-16,MINIMAL,optimal,0,
HS12707,SIAE,1.277696171875,1.2776961718749995,1.0000000000000004,-4.440892098500626e-16,MINIMAL,optimal,0,
HS07715,MAT1A,1.277696171875,1.2776961718749995,1.0000000000000004,-4.440892098500626e-16,MINIMAL,optimal,0,
HS09847,MAT2A,1.277696171875,1.2776961718749995,1.0000000000000004,-4.440892098500626e-16,MINIMAL,optimal,0,
HS00531,MAT2B,1.277696171875,1.2776961718749995,1.0000000000000004,-4.440892098500626e-16,MINIMAL,optimal,0,
HS05157,PPAT,1.277696171875,1.2776961718749995,1.0000000000000004,-4.440892098500626e-16,MINIMAL,optimal,0,
HS03018,OGDHL,1.277696171875,1.2776961718749995,1.0000000000000004,-4.440892098500626e-16,MINIMAL,optimal,0,
HS04328,ALDH6A1,1.277696171875,1.2776961718749995,1.0000000000000004,-4.440892098500626e-16,MINIMAL,optimal,1,RXN_45_9958
HS03242,SOD3,1.277696171875,1.2776961718749995,1.0000000000000004,-4.440892098500626e-16,MINIMAL,optimal,0,
HS03515,SOD2,1.277696171875,1.2776961718749995,1.0000000000000004,-4.440892098500626e-16,MINIMAL,optimal,0,
HS06899,SOD1,1.277696171875,1.2776961718749995,1.0000000000000004,-4.440892098500626e-16,MINIMAL,optimal,0,
HS06949,PGD,1.277696171875,1.2776961718749995,1.0000000000000004,-4.440892098500626e-16,MINIMAL,optimal,0,
HS00856,ME1,1.277696171875,1.2776961718749995,1.0000000000000004,-4.440892098500626e-16,MINIMAL,optimal,0,
HS07730,ME3,1.277696171875,1.2776961718749995,1.0000000000000004,-4.440892098500626e-16,MINIMAL,optimal,0,
HS01417,ME2,1.277696171875,1.2776961718749995,1.0000000000000004,-4.440892098500626e-16,MINIMAL,optimal,0,
HS03260,UGDH,1.277696171875,1.2776961718749995,1.0000000000000004,-4.440892098500626e-16,MINIMAL,optimal,0,
HS01603,TGDS,1.277696171875,1.2776961718749995,1.0000000000000004,-4.440892098500626e-16,MINIMAL,optimal,1,DTDPGLUCDEHYDRAT_45_RXN
HS00049,SHMT2,1.277696171875,1.2776961718749995,1.0000000000000004,-4.440892098500626e-16,MINIMAL,optimal,2,GLYOHMETRANS_45_RXN;RXN0_45_5234
HS03822,TTL,1.277696171875,1.2776961718749995,1.0000000000000004,-4.440892098500626e-16,MINIMAL,optimal,1,6_46_3_46_2_46_25_45_RXN
HS05096,IDUA,1.277696171875,1.2776961718749995,1.0000000000000004,-4.440892098500626e-16,MINIMAL,optimal,1,3_46_2_46_1_46_76_45_RXN
HS03286,CPT1A,1.277696171875,1.2776961718749995,1.0000000000000004,-4.440892098500626e-16,MINIMAL,optimal,4,RXN_45_18372;RXN_45_18370;RXN_45_18371;RXN_45_18373
HS08187,CPT2,1.277696171875,1.2776961718749995,1.0000000000000004,-4.440892098500626e-16,MINIMAL,optimal,4,RXN_45_18372;RXN_45_18370;RXN_45_18371;RXN_45_18373
HS09892,CPT1C,1.277696171875,1.2776961718749995,1.0000000000000004,-4.440892098500626e-16,MINIMAL,optimal,4,RXN_45_18372;RXN_45_18370;RXN_45_18371;RXN_45_18373
HS04318,ACOT2,1.277696171875,1.2776961718749995,1.0000000000000004,-4.440892098500626e-16,MINIMAL,optimal,0,
HS16863,ACOT4,1.277696171875,1.2776961718749995,1.0000000000000004,-4.440892098500626e-16,MINIMAL,optimal,0,
HS05502,IDO1,1.277696171875,1.2776961718749995,1.0000000000000004,-4.440892098500626e-16,MINIMAL,optimal,2,RXN_45_8665;RXN_45_8664
G66_37884,IDO2,1.277696171875,1.2776961718749995,1.0000000000000004,-4.440892098500626e-16,MINIMAL,optimal,2,RXN_45_8665;RXN_45_8664
HS06691,SORD,1.277696171875,1.2776961718749995,1.0000000000000004,-4.440892098500626e-16,MINIMAL,optimal,3,RXN_45_7644;L_45_IDITOL_45_2_45_DEHYDROGENASE_45_RXN;D_45_XYLULOSE_45_REDUCTASE_45_RXN
HS14782,G_HS14782,1.277696171875,1.2776961718749995,1.0000000000000004,-4.440892098500626e-16,MINIMAL,optimal,3,RXN_45_7644;L_45_IDITOL_45_2_45_DEHYDROGENASE_45_RXN;D_45_XYLULOSE_45_REDUCTASE_45_RXN
HS16030,G_HS16030,1.277696171875,1.2776961718749995,1.0000000000000004,-4.440892098500626e-16,MINIMAL,optimal,3,RXN_45_7644;L_45_IDITOL_45_2_45_DEHYDROGENASE_45_RXN;D_45_XYLULOSE_45_REDUCTASE_45_RXN
HS10260,RBKS,1.277696171875,1.2776961718749995,1.0000000000000004,-4.440892098500626e-16,MINIMAL,optimal,1,RIBOKIN_45_RXN
G66_47246,ISPD,1.277696171875,1.2776961718749995,1.0000000000000004,-4.440892098500626e-16,MINIMAL,optimal,1,2_46_7_46_7_46_40_45_RXN
HS01992,SLC5A1,1.277696171875,1.2776961718749995,1.0000000000000004,-4.440892098500626e-16,MINIMAL,optimal,1,TRANS_45_RXN66_45_1098
HS01995,SLC5A4,1.277696171875,1.2776961718749995,1.0000000000000004,-4.440892098500626e-16,MINIMAL,optimal,1,TRANS_45_RXN66_45_1098
HS04174,SLC5A9,1.277696171875,1.2776961718749995,1.0000000000000004,-4.440892098500626e-16,MINIMAL,optimal,1,TRANS_45_RXN66_45_1098
HS06748,SLC5A2,1.277696171875,1.2776961718749995,1.0000000000000004,-4.440892098500626e-16,MINIMAL,optimal,1,TRANS_45_RXN66_45_1098
HS07942,SLC5A10,1.277696171875,1.2776961718749995,1.0000000000000004,-4.440892098500626e-16,MINIMAL,optimal,1,TRANS_45_RXN66_45_1098
HS16184,NAGLT1,1.277696171875,1.2776961718749995,1.0000000000000004,-4.440892098500626e-16,MINIMAL,optimal,1,TRANS_45_RXN66_45_1098
HS08467,G6PD,1.277696171875,1.2776961718749995,1.0000000000000004,-4.440892098500626e-16,MINIMAL,optimal,1,GLU6PDEHYDROG_45_RXN
HS00614,H6PD,1.277696171875,1.2776961718749995,1.0000000000000004,-4.440892098500626e-16,MINIMAL,optimal,1,GLUCOSE_45_1_45_DEHYDROGENASE_45_RXN
HS08387,ADPGK,1.277696171875,1.2776961718749995,1.0000000000000004,-4.440892098500626e-16,MINIMAL,optimal,1,RXN_45_17001
HS09571,LALBA,1.277696171875,1.2776961718749995,1.0000000000000004,-4.440892098500626e-16,MINIMAL,optimal,1,LACTOSE_45_SYNTHASE_45_RXN
HS01942,DDT,1.277696171875,1.2776961718749995,1.0000000000000004,-4.440892098500626e-16,MINIMAL,optimal,1,4_46_1_46_1_46_84_45_RXN
G66_47678,DDO,1.277696171875,1.2776961718749995,1.0000000000000004,-4.440892098500626e-16,MINIMAL,optimal,1,D_45_ASPARTATE_45_OXIDASE_45_RXN
HS09394,IDH3A,1.277696171875,1.2776961718749995,1.0000000000000004,-4.440892098500626e-16,MINIMAL,optimal,1,ISOCITRATE_45_DEHYDROGENASE_45_NAD_43__45_RXN
HS02254,IDH3B,1.277696171875,1.2776961718749995,1.0000000000000004,-4.440892098500626e-16,MINIMAL,optimal,1,ISOCITRATE_45_DEHYDROGENASE_45_NAD_43__45_RXN
HS00919,IDH3G,1.277696171875,1.2776961718749995,1.0000000000000004,-4.440892098500626e-16,MINIMAL,optimal,1,ISOCITRATE_45_DEHYDROGENASE_45_NAD_43__45_RXN
HS09852,G_HS09852,1.277696171875,1.2776961718749995,1.0000000000000004,-4.440892098500626e-16,MINIMAL,optimal,1,ISOCITDEH_45_RXN
HS00021,IDH2,1.277696171875,1.2776961718749995,1.0000000000000004,-4.440892098500626e-16,MINIMAL,optimal,3,RXN_45_9951;RXN_45_8642;ISOCITDEH_45_RXN
HS06502,IDH1,1.277696171875,1.2776961718749995,1.0000000000000004,-4.440892098500626e-16,MINIMAL,optimal,3,RXN_45_9951;RXN_45_8642;ISOCITDEH_45_RXN
HS05071,IPPK,1.277696171875,1.2776961718749995,1.0000000000000004,-4.440892098500626e-16,MINIMAL,optimal,1,RXN_45_7163
HS02123,ITPK1,1.277696171875,1.2776961718749995,1.0000000000000004,-4.440892098500626e-16,MINIMAL,optimal,4,RXN_45_10955;RXN_45_7163;2_46_7_46_1_46_134_45_RXN;RXN_45_7920
HS07761,INPP1,1.277696171875,1.2776961718749995,1.0000000000000004,-4.440892098500626e-16,MINIMAL,optimal,1,3_46_1_46_3_46_57_45_RXN
HS07712,IPMK,1.277696171875,1.2776961718749995,1.0000000000000004,-4.440892098500626e-16,MINIMAL,optimal,3,RXN_45_4941;RXN_45_7162;2_46_7_46_1_46_140_45_RXN
HS03025,MINPP1,1.277696171875,1.2776961718749995,1.0000000000000004,-4.440892098500626e-16,MINIMAL,optimal,18,RXN_45_7302;3_46_1_46_3_46_72_45_RXN;RXN_45_7303;RXN_45_7304;RXN_45_7920;RXN_45_17493;RXN_45_7301;RXN_45_10940;RXN_45_17489;RXN_45_17495
HS17749,ADO,1.277696171875,1.2776961718749995,1.0000000000000004,-4.440892098500626e-16,MINIMAL,optimal,1,CYSTEAMINE_45_DIOXYGENASE_45_RXN
HS00103,CD38,1.277696171875,1.2776961718749995,1.0000000000000004,-4.440892098500626e-16,MINIMAL,optimal,2,RXN_45_13973;RXN_45_13873
HS06230,SLC31A2,1.277696171875,1.2776961718749995,1.0000000000000004,-4.440892098500626e-16,MINIMAL,optimal,1,TRANS_45_RXN66_45_1175
HS06231,SLC31A1,1.277696171875,1.2776961718749995,1.0000000000000004,-4.440892098500626e-16,MINIMAL,optimal,1,TRANS_45_RXN66_45_1175
HS11186,ATOX1,1.277696171875,1.2776961718749995,1.0000000000000004,-4.440892098500626e-16,MINIMAL,optimal,1,TRANS_45_RXN66_45_1175
HS05450,SLC6A8,1.277696171875,1.2776961718749995,1.0000000000000004,-4.440892098500626e-16,MINIMAL,optimal,1,TRANS_45_RXN66_45_1169
HS11426,B3GNT3,1.277696171875,1.2776961718749995,1.0000000000000004,-4.440892098500626e-16,MINIMAL,optimal,1,2_46_4_46_1_46_146_45_RXN
HS05939,GCNT1,1.277696171875,1.2776961718749995,1.0000000000000004,-4.440892098500626e-16,MINIMAL,optimal,1,2_46_4_46_1_46_102_45_RXN
HS04710,GCNT7,1.277696171875,1.2776961718749995,1.0000000000000004,-4.440892098500626e-16,MINIMAL,optimal,1,2_46_4_46_1_46_102_45_RXN
HS11108,GCNT4,1.277696171875,1.2776961718749995,1.0000000000000004,-4.440892098500626e-16,MINIMAL,optimal,1,2_46_4_46_1_46_102_45_RXN
G66_46530,GCNT6,1.277696171875,1.2776961718749995,1.0000000000000004,-4.440892098500626e-16,MINIMAL,optimal,1,2_46_4_46_1_46_102_45_RXN
HS01369,CPOX,1.277696171875,1.2776961718749995,1.0000000000000004,-4.440892098500626e-16,MINIMAL,optimal,1,RXN0_45_1461
HS11198,CFD,1.277696171875,1.2776961718749995,1.0000000000000004,-4.440892098500626e-16,MINIMAL,optimal,1,3_46_4_46_21_46_46_45_RXN
HS06565,CFI,1.277696171875,1.2776961718749995,1.0000000000000004,-4.440892098500626e-16,MINIMAL,optimal,2,RXN_45_12909;3_46_4_46_21_46_45_45_RXN
HS00265,MASP2,1.277696171875,1.2776961718749995,1.0000000000000004,-4.440892098500626e-16,MINIMAL,optimal,2,3_46_4_46_21_46_104_45_RXN;RXN_45_7943
HS01599,TPX2,1.277696171875,1.2776961718749995,1.0000000000000004,-4.440892098500626e-16,MINIMAL,optimal,2,3_46_4_46_21_46_104_45_RXN;RXN_45_7943
G66_46275,PMEL,1.277696171875,1.2776961718749995,1.0000000000000004,-4.440892098500626e-16,MINIMAL,optimal,2,3_46_4_46_21_46_104_45_RXN;RXN_45_7943
HS00050,C1S,1.277696171875,1.2776961718749995,1.0000000000000004,-4.440892098500626e-16,MINIMAL,optimal,2,RXN_45_7940;3_46_4_46_21_46_42_45_RXN
HS06588,C1RL,1.277696171875,1.2776961718749995,1.0000000000000004,-4.440892098500626e-16,MINIMAL,optimal,2,RXN_45_7940;3_46_4_46_21_46_42_45_RXN
HS08400,C1R,1.277696171875,1.2776961718749995,1.0000000000000004,-4.440892098500626e-16,MINIMAL,optimal,3,3_46_4_46_21_46_41_45_RXN;RXN_45_7940;3_46_4_46_21_46_42_45_RXN
HS02508,QPRT,1.277696171875,1.2776961718749995,1.0000000000000004,-4.440892098500626e-16,MINIMAL,optimal,1,QUINOPRIBOTRANS_45_RXN
HS00250,ST3GAL1,1.277696171875,1.2776961718749995,1.0000000000000004,-4.440892098500626e-16,MINIMAL,optimal,2,2_46_4_46_99_46_4_45_RXN;2_46_4_46_99_46_3_45_RXN
HS00998,ST6GALNAC1,1.277696171875,1.2776961718749995,1.0000000000000004,-4.440892098500626e-16,MINIMAL,optimal,2,RXN_45_15270;RXN_45_18288
HS01005,ST6GALNAC2,1.277696171875,1.2776961718749995,1.0000000000000004,-4.440892098500626e-16,MINIMAL,optimal,3,RXN_45_15270;2_46_4_46_99_46_3_45_RXN;RXN_45_18288
HS04090,ST6GALNAC5,1.277696171875,1.2776961718749995,1.0000000000000004,-4.440892098500626e-16,MINIMAL,optimal,3,RXN_45_15270;2_46_4_46_99_46_3_45_RXN;RXN_45_18288
HS08498,ST6GALNAC6,1.277696171875,1.2776961718749995,1.0000000000000004,-4.440892098500626e-16,MINIMAL,optimal,3,RXN_45_15270;2_46_4_46_99_46_3_45_RXN;RXN_45_18288
HS11944,ST6GALNAC3,1.277696171875,1.2776961718749995,1.0000000000000004,-4.440892098500626e-16,MINIMAL,optimal,3,RXN_45_15270;2_46_4_46_99_46_3_45_RXN;RXN_45_18288
HS03285,ST3GAL4,1.277696171875,1.2776961718749995,1.0000000000000004,-4.440892098500626e-16,MINIMAL,optimal,2,2_46_4_46_99_46_10_45_RXN;2_46_4_46_99_46_6_45_RXN
HS00798,ST3GAL6,1.277696171875,1.2776961718749995,1.0000000000000004,-4.440892098500626e-16,MINIMAL,optimal,3,RXN_45_18312;2_46_4_46_99_46_10_45_RXN;RXN_45_18311
HS04597,ACO1,1.277696171875,1.2776961718749995,1.0000000000000004,-4.440892098500626e-16,MINIMAL,optimal,0,
HS02077,ACO2,1.277696171875,1.2776961718749995,1.0000000000000004,-4.440892098500626e-16,MINIMAL,optimal,0,
HS03763,HYAL1,1.277696171875,1.2776961718749995,1.0000000000000004,-4.440892098500626e-16,MINIMAL,optimal,2,RXN_45_11620;RXN_45_11618
HS02884,SPAM1,1.277696171875,1.2776961718749995,1.0000000000000004,-4.440892098500626e-16,MINIMAL,optimal,2,RXN_45_11620;RXN_45_11618
HS02883,HYAL4,1.277696171875,1.2776961718749995,1.0000000000000004,-4.440892098500626e-16,MINIMAL,optimal,1,RXN_45_11620
HS02282,ACOT8,1.277696171875,1.2776961718749995,1.0000000000000004,-4.440892098500626e-16,MINIMAL,optimal,1,3_46_1_46_2_46_27_45_RXN
HS00517,CYP46A1,1.277696171875,1.2776961718749995,1.0000000000000004,-4.440892098500626e-16,MINIMAL,optimal,1,1_46_14_46_13_46_98_45_RXN
HS06462,CH25H,1.277696171875,1.2776961718749995,1.0000000000000004,-4.440892098500626e-16,MINIMAL,optimal,1,1_46_14_46_99_46_38_45_RXN
HS07993,CXADR,1.277696171875,1.2776961718749995,1.0000000000000004,-4.440892098500626e-16,MINIMAL,optimal,1,RXN_45_7679
HS05835,CHIA,1.277696171875,1.2776961718749995,1.0000000000000004,-4.440892098500626e-16,MINIMAL,optimal,1,3_46_2_46_1_46_14_45_RXN
HS04216,ELOVL4,1.277696171875,1.2776961718749995,1.0000000000000004,-4.440892098500626e-16,MINIMAL,optimal,5,RXN_45_20348;RXN_45_20344;RXN_45_20336;RXN_45_20340;RXN_45_20332
HS03736,PCCB,1.277696171875,1.2776961718749995,1.0000000000000004,-4.440892098500626e-16,MINIMAL,optimal,1,RXN1G_45_4355
HS17614,FKRP,1.277696171875,1.2776961718749995,1.0000000000000004,-4.440892098500626e-16,MINIMAL,optimal,1,RXN_45_19401
HS02944,FKTN,1.277696171875,1.2776961718749995,1.0000000000000004,-4.440892098500626e-16,MINIMAL,optimal,1,RXN_45_19400
HS05551,CA6,1.277696171875,1.2776961718749995,1.0000000000000004,-4.440892098500626e-16,MINIMAL,optimal,1,CARBODEHYDRAT_45_RXN
HS04211,CA14,1.277696171875,1.2776961718749995,1.0000000000000004,-4.440892098500626e-16,MINIMAL,optimal,1,CARBODEHYDRAT_45_RXN
HS11294,CA8,1.277696171875,1.2776961718749995,1.0000000000000004,-4.440892098500626e-16,MINIMAL,optimal,1,CARBODEHYDRAT_45_RXN
HS09151,CA3,1.277696171875,1.2776961718749995,1.0000000000000004,-4.440892098500626e-16,MINIMAL,optimal,1,CARBODEHYDRAT_45_RXN
HS05785,CA1,1.277696171875,1.2776961718749995,1.0000000000000004,-4.440892098500626e-16,MINIMAL,optimal,1,CARBODEHYDRAT_45_RXN
HS02558,CA2,1.277696171875,1.2776961718749995,1.0000000000000004,-4.440892098500626e-16,MINIMAL,optimal,1,CARBODEHYDRAT_45_RXN
HS02974,CA9,1.277696171875,1.2776961718749995,1.0000000000000004,-4.440892098500626e-16,MINIMAL,optimal,1,CARBODEHYDRAT_45_RXN
HS01139,CA12,1.277696171875,1.2776961718749995,1.0000000000000004,-4.440892098500626e-16,MINIMAL,optimal,1,CARBODEHYDRAT_45_RXN
HS15759,G_HS15759,1.277696171875,1.2776961718749995,1.0000000000000004,-4.440892098500626e-16,MINIMAL,optimal,1,CARBODEHYDRAT_45_RXN
HS09814,CA7,1.277696171875,1.2776961718749995,1.0000000000000004,-4.440892098500626e-16,MINIMAL,optimal,1,CARBODEHYDRAT_45_RXN
HS10863,CA5A,1.277696171875,1.2776961718749995,1.0000000000000004,-4.440892098500626e-16,MINIMAL,optimal,1,CARBODEHYDRAT_45_RXN
HS09559,CA4,1.277696171875,1.2776961718749995,1.0000000000000004,-4.440892098500626e-16,MINIMAL,optimal,1,CARBODEHYDRAT_45_RXN
HS09910,CA5B,1.277696171875,1.2776961718749995,1.0000000000000004,-4.440892098500626e-16,MINIMAL,optimal,1,CARBODEHYDRAT_45_RXN
G66_32297,CA13,1.277696171875,1.2776961718749995,1.0000000000000004,-4.440892098500626e-16,MINIMAL,optimal,1,CARBODEHYDRAT_45_RXN
HS08020,CA10,1.277696171875,1.2776961718749995,1.0000000000000004,-4.440892098500626e-16,MINIMAL,optimal,1,CARBODEHYDRAT_45_RXN
HS00778,CA11,1.277696171875,1.2776961718749995,1.0000000000000004,-4.440892098500626e-16,MINIMAL,optimal,1,CARBODEHYDRAT_45_RXN
HS10034,ASL,1.277696171875,1.2776961718749995,1.0000000000000004,-4.440892098500626e-16,MINIMAL,optimal,1,RXN_45_22
HS00395,CYP24A1,1.277696171875,1.2776961718749995,1.0000000000000004,-4.440892098500626e-16,MINIMAL,optimal,2,RXN_45_9830;RXN_45_12069
HS03361,CYP27B1,1.277696171875,1.2776961718749995,1.0000000000000004,-4.440892098500626e-16,MINIMAL,optimal,1,CALCIDIOL_45_1_45_MONOOXYGENASE_45_RXN
HS06728,CYP1A2,1.277696171875,1.2776961718749995,1.0000000000000004,-4.440892098500626e-16,MINIMAL,optimal,7,RXN66_45_597;RXN66_45_596;RXN66_45_595;RXN66_45_598;RXN66_45_589;RXN_45_11056;UNSPECIFIC_45_MONOOXYGENASE_45_RXN
G66_37888,MCU,1.277696171875,1.2776961718749995,1.0000000000000004,-4.440892098500626e-16,MINIMAL,optimal,0,
G66_37889,MICU1,1.277696171875,1.2776961718749995,1.0000000000000004,-4.440892098500626e-16,MINIMAL,optimal,0,
G66_37891,MICU2,1.277696171875,1.2776961718749995,1.0000000000000004,-4.440892098500626e-16,MINIMAL,optimal,0,
G66_37892,MCUB,1.277696171875,1.2776961718749995,1.0000000000000004,-4.440892098500626e-16,MINIMAL,optimal,0,
G66_37893,SMDT1,1.277696171875,1.2776961718749995,1.0000000000000004,-4.440892098500626e-16,MINIMAL,optimal,0,
HS00167,CACNG3,1.277696171875,1.2776961718749995,1.0000000000000004,-4.440892098500626e-16,MINIMAL,optimal,1,TRANS_45_RXN66_45_559
HS00174,CACNA1G,1.277696171875,1.2776961718749995,1.0000000000000004,-4.440892098500626e-16,MINIMAL,optimal,1,TRANS_45_RXN66_45_559
HS00216,CACNA2D2,1.277696171875,1.2776961718749995,1.0000000000000004,-4.440892098500626e-16,MINIMAL,optimal,1,TRANS_45_RXN66_45_559
HS00903,CACNB1,1.277696171875,1.2776961718749995,1.0000000000000004,-4.440892098500626e-16,MINIMAL,optimal,1,TRANS_45_RXN66_45_559
HS01180,CACNG5,1.277696171875,1.2776961718749995,1.0000000000000004,-4.440892098500626e-16,MINIMAL,optimal,1,TRANS_45_RXN66_45_559
HS01181,CACNG4,1.277696171875,1.2776961718749995,1.0000000000000004,-4.440892098500626e-16,MINIMAL,optimal,1,TRANS_45_RXN66_45_559
HS01391,CACNA1S,1.277696171875,1.2776961718749995,1.0000000000000004,-4.440892098500626e-16,MINIMAL,optimal,1,TRANS_45_RXN66_45_559
HS02052,CACNA1I,1.277696171875,1.2776961718749995,1.0000000000000004,-4.440892098500626e-16,MINIMAL,optimal,1,TRANS_45_RXN66_45_559
HS02331,CACNA1F,1.277696171875,1.2776961718749995,1.0000000000000004,-4.440892098500626e-16,MINIMAL,optimal,1,TRANS_45_RXN66_45_559
HS02768,CACNG7,1.277696171875,1.2776961718749995,1.0000000000000004,-4.440892098500626e-16,MINIMAL,optimal,1,TRANS_45_RXN66_45_559
HS03175,CACNG1,1.277696171875,1.2776961718749995,1.0000000000000004,-4.440892098500626e-16,MINIMAL,optimal,1,TRANS_45_RXN66_45_559
HS05388,CACNG6,1.277696171875,1.2776961718749995,1.0000000000000004,-4.440892098500626e-16,MINIMAL,optimal,1,TRANS_45_RXN66_45_559
HS06873,CACNA1A,1.277696171875,1.2776961718749995,1.0000000000000004,-4.440892098500626e-16,MINIMAL,optimal,1,TRANS_45_RXN66_45_559
HS06923,CACNG8,1.277696171875,1.2776961718749995,1.0000000000000004,-4.440892098500626e-16,MINIMAL,optimal,1,TRANS_45_RXN66_45_559
HS07526,CACNA1B,1.277696171875,1.2776961718749995,1.0000000000000004,-4.440892098500626e-16,MINIMAL,optimal,1,TRANS_45_RXN66_45_559
HS14350,CACNA2D4,1.277696171875,1.2776961718749995,1.0000000000000004,-4.440892098500626e-16,MINIMAL,optimal,1,TRANS_45_RXN66_45_559
HS07704,CACNA1C,1.277696171875,1.2776961718749995,1.0000000000000004,-4.440892098500626e-16,MINIMAL,optimal,1,TRANS_45_RXN66_45_559
HS07936,CACNA2D1,1.277696171875,1.2776961718749995,1.0000000000000004,-4.440892098500626e-16,MINIMAL,optimal,1,TRANS_45_RXN66_45_559
HS08209,CACNA1D,1.277696171875,1.2776961718749995,1.0000000000000004,-4.440892098500626e-16,MINIMAL,optimal,1,TRANS_45_RXN66_45_559
HS08213,CACNA2D3,1.277696171875,1.2776961718749995,1.0000000000000004,-4.440892098500626e-16,MINIMAL,optimal,1,TRANS_45_RXN66_45_559
HS08658,TPCN2,1.277696171875,1.2776961718749995,1.0000000000000004,-4.440892098500626e-16,MINIMAL,optimal,1,TRANS_45_RXN66_45_559
HS09315,CACNB2,1.277696171875,1.2776961718749995,1.0000000000000004,-4.440892098500626e-16,MINIMAL,optimal,1,TRANS_45_RXN66_45_559
HS09465,CACNG2,1.277696171875,1.2776961718749995,1.0000000000000004,-4.440892098500626e-16,MINIMAL,optimal,1,TRANS_45_RXN66_45_559
HS09572,CACNB3,1.277696171875,1.2776961718749995,1.0000000000000004,-4.440892098500626e-16,MINIMAL,optimal,1,TRANS_45_RXN66_45_559
HS15967,TMEM37,1.277696171875,1.2776961718749995,1.0000000000000004,-4.440892098500626e-16,MINIMAL,optimal,1,TRANS_45_RXN66_45_559
HS17464,G_HS17464,1.277696171875,1.2776961718749995,1.0000000000000004,-4.440892098500626e-16,MINIMAL,optimal,1,TRANS_45_RXN66_45_559
G66_32411,ORAI1,1.277696171875,1.2776961718749995,1.0000000000000004,-4.440892098500626e-16,MINIMAL,optimal,1,TRANS_45_RXN66_45_559
G66_32618,CACNA1E,1.277696171875,1.2776961718749995,1.0000000000000004,-4.440892098500626e-16,MINIMAL,optimal,1,TRANS_45_RXN66_45_559
HS01619,TPCN1,1.277696171875,1.2776961718749995,1.0000000000000004,-4.440892098500626e-16,MINIMAL,optimal,1,TRANS_45_RXN66_45_559
G66_33641,CACNA1H,1.277696171875,1.2776961718749995,1.0000000000000004,-4.440892098500626e-16,MINIMAL,optimal,1,TRANS_45_RXN66_45_559
G66_33642,CACNB4,1.277696171875,1.2776961718749995,1.0000000000000004,-4.440892098500626e-16,MINIMAL,optimal,1,TRANS_45_RXN66_45_559
HS02135,SLC8A3,1.277696171875,1.2776961718749995,1.0000000000000004,-4.440892098500626e-16,MINIMAL,optimal,1,TRANS_45_RXN66_45_1100
HS04194,SLC8A2,1.277696171875,1.2776961718749995,1.0000000000000004,-4.440892098500626e-16,MINIMAL,optimal,1,TRANS_45_RXN66_45_1100
HS13815,SLC24A4,1.277696171875,1.2776961718749995,1.0000000000000004,-4.440892098500626e-16,MINIMAL,optimal,1,TRANS_45_RXN66_45_1100
HS08076,SLC24A2,1.277696171875,1.2776961718749995,1.0000000000000004,-4.440892098500626e-16,MINIMAL,optimal,1,TRANS_45_RXN66_45_1100
G66_30813,SLC24A3,1.277696171875,1.2776961718749995,1.0000000000000004,-4.440892098500626e-16,MINIMAL,optimal,1,TRANS_45_RXN66_45_1100
G66_31047,SLC8A1,1.277696171875,1.2776961718749995,1.0000000000000004,-4.440892098500626e-16,MINIMAL,optimal,1,TRANS_45_RXN66_45_1100
G66_32021,SLC24A5,1.277696171875,1.2776961718749995,1.0000000000000004,-4.440892098500626e-16,MINIMAL,optimal,1,TRANS_45_RXN66_45_1100
HS01145,SLC24A1,1.277696171875,1.2776961718749995,1.0000000000000004,-4.440892098500626e-16,MINIMAL,optimal,1,TRANS_45_RXN66_45_982
HS04619,ACADS,1.277696171875,1.2776961718749995,1.0000000000000004,-4.440892098500626e-16,MINIMAL,optimal,1,BUTYRYL_45_COA_45_DEHYDROGENASE_45_RXN
HS12794,GOLPH3,1.277696171875,1.2776961718749995,1.0000000000000004,-4.440892098500626e-16,MINIMAL,optimal,1,2_46_8_46_3_46_9_45_RXN
HS04554,COPA,1.277696171875,1.2776961718749995,1.0000000000000004,-4.440892098500626e-16,MINIMAL,optimal,1,2_46_8_46_3_46_9_45_RXN
HS11663,COPG,1.277696171875,1.2776961718749995,1.0000000000000004,-4.440892098500626e-16,MINIMAL,optimal,1,2_46_8_46_3_46_9_45_RXN
HS05242,COPB1,1.277696171875,1.2776961718749995,1.0000000000000004,-4.440892098500626e-16,MINIMAL,optimal,1,2_46_8_46_3_46_9_45_RXN
G66_47146,COPB2,1.277696171875,1.2776961718749995,1.0000000000000004,-4.440892098500626e-16,MINIMAL,optimal,1,2_46_8_46_3_46_9_45_RXN
HS01812,ARCN1,1.277696171875,1.2776961718749995,1.0000000000000004,-4.440892098500626e-16,MINIMAL,optimal,1,2_46_8_46_3_46_9_45_RXN
HS09587,CYP2B6,1.277696171875,1.2776961718749995,1.0000000000000004,-4.440892098500626e-16,MINIMAL,optimal,2,RXN66_45_181;UNSPECIFIC_45_MONOOXYGENASE_45_RXN
HS01612,SLC4A11,1.277696171875,1.2776961718749995,1.0000000000000004,-4.440892098500626e-16,MINIMAL,optimal,1,TRANS_45_RXN66_45_567
HS10012,BTD,1.277696171875,1.2776961718749995,1.0000000000000004,-4.440892098500626e-16,MINIMAL,optimal,2,RXN_45_16474;BIOTINIDASE_45_RXN
HS01670,BLVRB,1.277696171875,1.2776961718749995,1.0000000000000004,-4.440892098500626e-16,MINIMAL,optimal,4,RXN_45_12444;RXN_45_18345;NADPH_45_DEHYDROGENASE_45_FLAVIN_45_RXN;FMNREDUCT_45_RXN
HS04115,ECE1,1.277696171875,1.2776961718749995,1.0000000000000004,-4.440892098500626e-16,MINIMAL,optimal,1,3_46_4_46_24_46_71_45_RXN
HS07232,ECE2,1.277696171875,1.2776961718749995,1.0000000000000004,-4.440892098500626e-16,MINIMAL,optimal,1,3_46_4_46_24_46_71_45_RXN
HS07681,CNDP1,1.277696171875,1.2776961718749995,1.0000000000000004,-4.440892098500626e-16,MINIMAL,optimal,3,3_46_4_46_13_46_20_45_RXN;X_45_METHYL_45_HIS_45_DIPEPTIDASE_45_RXN;RXN_45_19944
HS11395,ALOX15B,1.277696171875,1.2776961718749995,1.0000000000000004,-4.440892098500626e-16,MINIMAL,optimal,2,RXN_45_20575;ARACHIDONATE_45_15_45_LIPOXYGENASE_45_RXN
HS06433,RTCA,1.277696171875,1.2776961718749995,1.0000000000000004,-4.440892098500626e-16,MINIMAL,optimal,1,RNA_45_3_45_PHOSPHATE_45_CYCLASE_45_RXN
HS04375,RCL1,1.277696171875,1.2776961718749995,1.0000000000000004,-4.440892098500626e-16,MINIMAL,optimal,1,RNA_45_3_45_PHOSPHATE_45_CYCLASE_45_RXN
HS06032,MICAL1,1.277696171875,1.2776961718749995,1.0000000000000004,-4.440892098500626e-16,MINIMAL,optimal,2,RXN_45_17513;RXN_45_17512
HS05318,DOHH,1.277696171875,1.2776961718749995,1.0000000000000004,-4.440892098500626e-16,MINIMAL,optimal,1,DEOXYHYPUSINE_45_MONOOXYGENASE_45_RXN
HS00309,RNF216,1.277696171875,1.2776961718749995,1.0000000000000004,-4.440892098500626e-16,MINIMAL,optimal,1,RXN_45_15561
HS08405,UBR1,1.277696171875,1.2776961718749995,1.0000000000000004,-4.440892098500626e-16,MINIMAL,optimal,1,RXN_45_15561
HS14096,MARCH6,1.277696171875,1.2776961718749995,1.0000000000000004,-4.440892098500626e-16,MINIMAL,optimal,1,RXN_45_15561
HS07264,SKP2,1.277696171875,1.2776961718749995,1.0000000000000004,-4.440892098500626e-16,MINIMAL,optimal,1,RXN_45_15561
HS03694,SKP1,1.277696171875,1.2776961718749995,1.0000000000000004,-4.440892098500626e-16,MINIMAL,optimal,1,RXN_45_15561
HS05078,TRAF2,1.277696171875,1.2776961718749995,1.0000000000000004,-4.440892098500626e-16,MINIMAL,optimal,1,RXN_45_15561
HS04943,UBOX5,1.277696171875,1.2776961718749995,1.0000000000000004,-4.440892098500626e-16,MINIMAL,optimal,1,RXN_45_15561
HS03245,TRIM2,1.277696171875,1.2776961718749995,1.0000000000000004,-4.440892098500626e-16,MINIMAL,optimal,1,RXN_45_15561
G66_46158,DZIP3,1.277696171875,1.2776961718749995,1.0000000000000004,-4.440892098500626e-16,MINIMAL,optimal,1,RXN_45_15561
G66_46215,TRIM13,1.277696171875,1.2776961718749995,1.0000000000000004,-4.440892098500626e-16,MINIMAL,optimal,1,RXN_45_15561
G66_46402,TRIM33,1.277696171875,1.2776961718749995,1.0000000000000004,-4.440892098500626e-16,MINIMAL,optimal,1,RXN_45_15561
G66_46443,KCTD11,1.277696171875,1.2776961718749995,1.0000000000000004,-4.440892098500626e-16,MINIMAL,optimal,1,RXN_45_15561
G66_46529,RNF133,1.277696171875,1.2776961718749995,1.0000000000000004,-4.440892098500626e-16,MINIMAL,optimal,1,RXN_45_15561
HS00425,BIRC3,1.277696171875,1.2776961718749995,1.0000000000000004,-4.440892098500626e-16,MINIMAL,optimal,1,RXN_45_15561
G66_47060,SIAH1,1.277696171875,1.2776961718749995,1.0000000000000004,-4.440892098500626e-16,MINIMAL,optimal,1,RXN_45_15561
HS07978,TRIM11,1.277696171875,1.2776961718749995,1.0000000000000004,-4.440892098500626e-16,MINIMAL,optimal,1,RXN_45_15561
G66_47104,TTC3,1.277696171875,1.2776961718749995,1.0000000000000004,-4.440892098500626e-16,MINIMAL,optimal,1,RXN_45_15561
G66_47278,MIB2,1.277696171875,1.2776961718749995,1.0000000000000004,-4.440892098500626e-16,MINIMAL,optimal,1,RXN_45_15561
G66_47541,TRIM6,1.277696171875,1.2776961718749995,1.0000000000000004,-4.440892098500626e-16,MINIMAL,optimal,1,RXN_45_15561
HS02070,RBX1,1.277696171875,1.2776961718749995,1.0000000000000004,-4.440892098500626e-16,MINIMAL,optimal,2,RXN_45_15561;RXN_45_18740
HS00681,CUL1,1.277696171875,1.2776961718749995,1.0000000000000004,-4.440892098500626e-16,MINIMAL,optimal,2,RXN_45_15561;RXN_45_18740
HS12099,DCUN1D1,1.277696171875,1.2776961718749995,1.0000000000000004,-4.440892098500626e-16,MINIMAL,optimal,1,RXN_45_18740
HS00051,UBA7,1.277696171875,1.2776961718749995,1.0000000000000004,-4.440892098500626e-16,MINIMAL,optimal,1,UBIQUITIN_45__45_PROTEIN_45_LIGASE_45_RXN
HS00492,UBA6,1.277696171875,1.2776961718749995,1.0000000000000004,-4.440892098500626e-16,MINIMAL,optimal,1,UBIQUITIN_45__45_PROTEIN_45_LIGASE_45_RXN
HS01393,UBA5,1.277696171875,1.2776961718749995,1.0000000000000004,-4.440892098500626e-16,MINIMAL,optimal,1,UBIQUITIN_45__45_PROTEIN_45_LIGASE_45_RXN
HS05465,UBA1,1.277696171875,1.2776961718749995,1.0000000000000004,-4.440892098500626e-16,MINIMAL,optimal,1,UBIQUITIN_45__45_PROTEIN_45_LIGASE_45_RXN
HS05542,UBE2D2,1.277696171875,1.2776961718749995,1.0000000000000004,-4.440892098500626e-16,MINIMAL,optimal,1,RXN_45_15556
G66_30967,UBE2QL1,1.277696171875,1.2776961718749995,1.0000000000000004,-4.440892098500626e-16,MINIMAL,optimal,1,RXN_45_15556
HS00052,UBE2G2,1.277696171875,1.2776961718749995,1.0000000000000004,-4.440892098500626e-16,MINIMAL,optimal,1,RXN_45_15556
HS11981,UBE2E2,1.277696171875,1.2776961718749995,1.0000000000000004,-4.440892098500626e-16,MINIMAL,optimal,1,RXN_45_15556
HS10060,UBE2E3,1.277696171875,1.2776961718749995,1.0000000000000004,-4.440892098500626e-16,MINIMAL,optimal,1,RXN_45_15556
HS08525,UBE2Q1,1.277696171875,1.2776961718749995,1.0000000000000004,-4.440892098500626e-16,MINIMAL,optimal,1,RXN_45_15556
HS02992,UBE2R2,1.277696171875,1.2776961718749995,1.0000000000000004,-4.440892098500626e-16,MINIMAL,optimal,1,RXN_45_15556
HS01308,UBE2D4,1.277696171875,1.2776961718749995,1.0000000000000004,-4.440892098500626e-16,MINIMAL,optimal,1,RXN_45_15556
HS09889,UBE2V2,1.277696171875,1.2776961718749995,1.0000000000000004,-4.440892098500626e-16,MINIMAL,optimal,1,RXN_45_15556
HS08445,UBE2J2,1.277696171875,1.2776961718749995,1.0000000000000004,-4.440892098500626e-16,MINIMAL,optimal,1,RXN_45_15556
HS04736,UBE2V1,1.277696171875,1.2776961718749995,1.0000000000000004,-4.440892098500626e-16,MINIMAL,optimal,1,RXN_45_15556
HS03482,UBE2J1,1.277696171875,1.2776961718749995,1.0000000000000004,-4.440892098500626e-16,MINIMAL,optimal,1,RXN_45_15556
HS02345,UBE2NL,1.277696171875,1.2776961718749995,1.0000000000000004,-4.440892098500626e-16,MINIMAL,optimal,1,RXN_45_15556
HS01911,CDC34,1.277696171875,1.2776961718749995,1.0000000000000004,-4.440892098500626e-16,MINIMAL,optimal,1,RXN_45_15556
HS05630,UBE2G1,1.277696171875,1.2776961718749995,1.0000000000000004,-4.440892098500626e-16,MINIMAL,optimal,1,RXN_45_15556
HS11907,UBE2Z,1.277696171875,1.2776961718749995,1.0000000000000004,-4.440892098500626e-16,MINIMAL,optimal,1,RXN_45_15556
HS01256,UBE2A,1.277696171875,1.2776961718749995,1.0000000000000004,-4.440892098500626e-16,MINIMAL,optimal,1,RXN_45_15556
HS05588,UBE2L3,1.277696171875,1.2776961718749995,1.0000000000000004,-4.440892098500626e-16,MINIMAL,optimal,1,RXN_45_15556
HS10072,UBE2E1,1.277696171875,1.2776961718749995,1.0000000000000004,-4.440892098500626e-16,MINIMAL,optimal,1,RXN_45_15556
HS03220,UBE2D3,1.277696171875,1.2776961718749995,1.0000000000000004,-4.440892098500626e-16,MINIMAL,optimal,1,RXN_45_15556
HS01066,UBE2D1,1.277696171875,1.2776961718749995,1.0000000000000004,-4.440892098500626e-16,MINIMAL,optimal,1,RXN_45_15556
HS11164,UBE2U,1.277696171875,1.2776961718749995,1.0000000000000004,-4.440892098500626e-16,MINIMAL,optimal,1,RXN_45_15556
HS01232,UBE2T,1.277696171875,1.2776961718749995,1.0000000000000004,-4.440892098500626e-16,MINIMAL,optimal,1,RXN_45_15556
HS01274,UBE2K,1.277696171875,1.2776961718749995,1.0000000000000004,-4.440892098500626e-16,MINIMAL,optimal,1,RXN_45_15556
HS04274,UBE2B,1.277696171875,1.2776961718749995,1.0000000000000004,-4.440892098500626e-16,MINIMAL,optimal,1,RXN_45_15556
HS07377,UBE2H,1.277696171875,1.2776961718749995,1.0000000000000004,-4.440892098500626e-16,MINIMAL,optimal,1,RXN_45_15556
HS11227,UBE2N,1.277696171875,1.2776961718749995,1.0000000000000004,-4.440892098500626e-16,MINIMAL,optimal,1,RXN_45_15556
HS06705,UBE2Q2,1.277696171875,1.2776961718749995,1.0000000000000004,-4.440892098500626e-16,MINIMAL,optimal,1,RXN_45_15556
HS08142,UBE2L6,1.277696171875,1.2776961718749995,1.0000000000000004,-4.440892098500626e-16,MINIMAL,optimal,1,RXN_45_15556
HS02485,UBE2I,1.277696171875,1.2776961718749995,1.0000000000000004,-4.440892098500626e-16,MINIMAL,optimal,1,RXN_45_15556
HS03065,UBE2S,1.277696171875,1.2776961718749995,1.0000000000000004,-4.440892098500626e-16,MINIMAL,optimal,1,RXN_45_15556
HS10872,UBE2C,1.277696171875,1.2776961718749995,1.0000000000000004,-4.440892098500626e-16,MINIMAL,optimal,1,RXN_45_15556
G66_46739,UBE2F,1.277696171875,1.2776961718749995,1.0000000000000004,-4.440892098500626e-16,MINIMAL,optimal,1,RXN_45_15556
HS11901,UBE2W,1.277696171875,1.2776961718749995,1.0000000000000004,-4.440892098500626e-16,MINIMAL,optimal,3,RXN_45_15564;RXN_45_15565;RXN_45_15563
HS07200,UBA3,1.277696171875,1.2776961718749995,1.0000000000000004,-4.440892098500626e-16,MINIMAL,optimal,2,UBIQUITIN_45__45_PROTEIN_45_LIGASE_45_RXN;RXN_45_18742
HS08411,NAE1,1.277696171875,1.2776961718749995,1.0000000000000004,-4.440892098500626e-16,MINIMAL,optimal,1,RXN_45_18742
HS05432,UBE2M,1.277696171875,1.2776961718749995,1.0000000000000004,-4.440892098500626e-16,MINIMAL,optimal,1,RXN_45_18741
HS06432,DBT,1.277696171875,1.2776961718749995,1.0000000000000004,-4.440892098500626e-16,MINIMAL,optimal,3,2_46_3_46_1_46_168_45_RXN;MBCOA_45_DHLIPOAMIDE_45_RXN;ISOVALERYLCOA_45_DHLIPOAMIDE_45_RXN
HS10987,UBE2O,1.277696171875,1.2776961718749995,1.0000000000000004,-4.440892098500626e-16,MINIMAL,optimal,3,RXN_45_16314;RXN_45_16313;RXN_45_16302
HS13675,ATAT1,1.277696171875,1.2776961718749995,1.0000000000000004,-4.440892098500626e-16,MINIMAL,optimal,1,TUBULIN_45_N_45_ACETYLTRANSFERASE_45_RXN
HS00375,CHDH,1.277696171875,1.2776961718749995,1.0000000000000004,-4.440892098500626e-16,MINIMAL,optimal,1,CHD_45_RXN
HS17779,ND5,1.277696171875,1.2776961718749995,1.0000000000000004,-4.440892098500626e-16,MINIMAL,optimal,1,NADH_45_DEHYDROGENASE_45_RXN
HS17777,ND4L,1.277696171875,1.2776961718749995,1.0000000000000004,-4.440892098500626e-16,MINIMAL,optimal,1,NADH_45_DEHYDROGENASE_45_RXN
HS17772,ND2,1.277696171875,1.2776961718749995,1.0000000000000004,-4.440892098500626e-16,MINIMAL,optimal,1,NADH_45_DEHYDROGENASE_45_RXN
HS10828,ACADSB,1.277696171875,1.2776961718749995,1.0000000000000004,-4.440892098500626e-16,MINIMAL,optimal,2,2_45_METHYLACYL_45_COA_45_DEHYDROGENASE_45_RXN;2_45_MEBUCOA_45_FAD_45_RXN
HS05233,IVD,1.277696171875,1.2776961718749995,1.0000000000000004,-4.440892098500626e-16,MINIMAL,optimal,1,RXN0_45_2301
HS08270,XDH,1.277696171875,1.2776961718749995,1.0000000000000004,-4.440892098500626e-16,MINIMAL,optimal,4,RXN0_45_901;XANTHINE_45_OXIDASE_45_RXN;RXN_45_12615;RXN_45_7682
HS04152,PRDX6,1.277696171875,1.2776961718749995,1.0000000000000004,-4.440892098500626e-16,MINIMAL,optimal,1,RXN_45_20693
HS04642,NLN,1.277696171875,1.2776961718749995,1.0000000000000004,-4.440892098500626e-16,MINIMAL,optimal,1,3_46_4_46_24_46_16_45_RXN
G66_33937,LIPT2,1.277696171875,1.2776961718749995,1.0000000000000004,-4.440892098500626e-16,MINIMAL,optimal,2,RXN_45_13037;RXN0_45_947
HS03320,NAA40,1.277696171875,1.2776961718749995,1.0000000000000004,-4.440892098500626e-16,MINIMAL,optimal,2,RXN_45_17866;RXN_45_17865
HS13809,NAA30,1.277696171875,1.2776961718749995,1.0000000000000004,-4.440892098500626e-16,MINIMAL,optimal,5,RXN_45_17856;RXN_45_17858;RXN_45_17854;RXN_45_17857;RXN_45_17855
HS13557,NAA35,1.277696171875,1.2776961718749995,1.0000000000000004,-4.440892098500626e-16,MINIMAL,optimal,5,RXN_45_17856;RXN_45_17858;RXN_45_17854;RXN_45_17857;RXN_45_17855
G66_33018,NAA38,1.277696171875,1.2776961718749995,1.0000000000000004,-4.440892098500626e-16,MINIMAL,optimal,5,RXN_45_17856;RXN_45_17858;RXN_45_17854;RXN_45_17857;RXN_45_17855
HS10662,NAA20,1.277696171875,1.2776961718749995,1.0000000000000004,-4.440892098500626e-16,MINIMAL,optimal,4,RXN_45_17852;RXN_45_17853;RXN_45_17850;RXN_45_17851
HS12737,NAA25,1.277696171875,1.2776961718749995,1.0000000000000004,-4.440892098500626e-16,MINIMAL,optimal,4,RXN_45_17852;RXN_45_17853;RXN_45_17850;RXN_45_17851
HS04505,NAA50,1.277696171875,1.2776961718749995,1.0000000000000004,-4.440892098500626e-16,MINIMAL,optimal,8,RXN_45_17854;RXN_45_17869;RXN_45_17856;RXN_45_17871;RXN_45_17858;RXN_45_17867;RXN_45_17870;RXN_45_17868
HS14634,NTAQ1,1.277696171875,1.2776961718749995,1.0000000000000004,-4.440892098500626e-16,MINIMAL,optimal,1,RXN_45_17879
HS02336,NAA10,1.277696171875,1.2776961718749995,1.0000000000000004,-4.440892098500626e-16,MINIMAL,optimal,6,RXN_45_17861;RXN_45_17863;RXN_45_17860;RXN_45_17859;RXN_45_17862;RXN_45_17864
HS09025,NAA15,1.277696171875,1.2776961718749995,1.0000000000000004,-4.440892098500626e-16,MINIMAL,optimal,6,RXN_45_17861;RXN_45_17863;RXN_45_17860;RXN_45_17859;RXN_45_17862;RXN_45_17864
HS14648,NTAN1,1.277696171875,1.2776961718749995,1.0000000000000004,-4.440892098500626e-16,MINIMAL,optimal,1,RXN_45_17849
HS07515,NTMT1,1.277696171875,1.2776961718749995,1.0000000000000004,-4.440892098500626e-16,MINIMAL,optimal,7,RXN_45_13225;RXN_45_13224;RXN_45_13227;RXN_45_13228;RXN_45_13226;RXN_45_12889;RXN_45_12890
HS00455,MIPEP,1.277696171875,1.2776961718749995,1.0000000000000004,-4.440892098500626e-16,MINIMAL,optimal,1,3_46_4_46_24_46_59_45_RXN
HS17405,PSTK,1.277696171875,1.2776961718749995,1.0000000000000004,-4.440892098500626e-16,MINIMAL,optimal,1,RXN_45_10038
HS03183,DPH1,1.277696171875,1.2776961718749995,1.0000000000000004,-4.440892098500626e-16,MINIMAL,optimal,1,RXN_45_11371
HS13443,DPH2,1.277696171875,1.2776961718749995,1.0000000000000004,-4.440892098500626e-16,MINIMAL,optimal,1,RXN_45_11371
HS05721,PEMT,1.277696171875,1.2776961718749995,1.0000000000000004,-4.440892098500626e-16,MINIMAL,optimal,1,2_46_1_46_1_46_17_45_RXN
HS04345,IDE,1.277696171875,1.2776961718749995,1.0000000000000004,-4.440892098500626e-16,MINIMAL,optimal,1,3_46_4_46_24_46_56_45_RXN
HS03892,IGFBP5,1.277696171875,1.2776961718749995,1.0000000000000004,-4.440892098500626e-16,MINIMAL,optimal,1,RXN_45_11692
HS06869,IGFBP4,1.277696171875,1.2776961718749995,1.0000000000000004,-4.440892098500626e-16,MINIMAL,optimal,1,RXN_45_11688
HS04290,PAPPA,1.277696171875,1.2776961718749995,1.0000000000000004,-4.440892098500626e-16,MINIMAL,optimal,2,RXN_45_11688;RXN_45_11692
HS02571,IKBKB,1.277696171875,1.2776961718749995,1.0000000000000004,-4.440892098500626e-16,MINIMAL,optimal,1,2_46_7_46_11_46_10_45_RXN
HS07060,IKBKE,1.277696171875,1.2776961718749995,1.0000000000000004,-4.440892098500626e-16,MINIMAL,optimal,1,2_46_7_46_11_46_10_45_RXN
G66_47582,CHUK,1.277696171875,1.2776961718749995,1.0000000000000004,-4.440892098500626e-16,MINIMAL,optimal,1,2_46_7_46_11_46_10_45_RXN
HS03475,GCNT2,1.277696171875,1.2776961718749995,1.0000000000000004,-4.440892098500626e-16,MINIMAL,optimal,1,2_46_4_46_1_46_150_45_RXN
HS06698,GCNT3,1.277696171875,1.2776961718749995,1.0000000000000004,-4.440892098500626e-16,MINIMAL,optimal,2,2_46_4_46_1_46_150_45_RXN;2_46_4_46_1_46_102_45_RXN
G66_47564,CRYZL1,1.277696171875,1.2776961718749995,1.0000000000000004,-4.440892098500626e-16,MINIMAL,optimal,1,NQOR_45_RXN
G66_46634,ARSH,1.277696171875,1.2776961718749995,1.0000000000000004,-4.440892098500626e-16,MINIMAL,optimal,1,ARYLSULFAT_45_RXN
G66_46694,ARSI,1.277696171875,1.2776961718749995,1.0000000000000004,-4.440892098500626e-16,MINIMAL,optimal,1,ARYLSULFAT_45_RXN
HS07113,REN,1.277696171875,1.2776961718749995,1.0000000000000004,-4.440892098500626e-16,MINIMAL,optimal,1,3_46_4_46_23_46_15_45_RXN
HS02461,MPG,1.277696171875,1.2776961718749995,1.0000000000000004,-4.440892098500626e-16,MINIMAL,optimal,1,3_46_2_46_2_46_21_45_RXN
HS05339,SAT1,1.277696171875,1.2776961718749995,1.0000000000000004,-4.440892098500626e-16,MINIMAL,optimal,1,DIAMACTRANS_45_RXN
HS06837,SAT2,1.277696171875,1.2776961718749995,1.0000000000000004,-4.440892098500626e-16,MINIMAL,optimal,1,DIAMACTRANS_45_RXN
G66_33247,SULT1C3,1.277696171875,1.2776961718749995,1.0000000000000004,-4.440892098500626e-16,MINIMAL,optimal,1,ALCOHOL_45_SULFOTRANSFERASE_45_RXN
HS03210,SULT1E1,1.277696171875,1.2776961718749995,1.0000000000000004,-4.440892098500626e-16,MINIMAL,optimal,1,ALCOHOL_45_SULFOTRANSFERASE_45_RXN
HS00571,TRIT1,1.277696171875,1.2776961718749995,1.0000000000000004,-4.440892098500626e-16,MINIMAL,optimal,1,RXN0_45_6274
HS00841,ADAT1,1.277696171875,1.2776961718749995,1.0000000000000004,-4.440892098500626e-16,MINIMAL,optimal,1,RXN0_45_1081
HS10243,TRMT61B,1.277696171875,1.2776961718749995,1.0000000000000004,-4.440892098500626e-16,MINIMAL,optimal,1,RXN_45_12466
HS09345,TRMT61A,1.277696171875,1.2776961718749995,1.0000000000000004,-4.440892098500626e-16,MINIMAL,optimal,1,RXN_45_12466
HS12320,TRMT6,1.277696171875,1.2776961718749995,1.0000000000000004,-4.440892098500626e-16,MINIMAL,optimal,1,RXN_45_12466
HS09289,METTL3,1.277696171875,1.2776961718749995,1.0000000000000004,-4.440892098500626e-16,MINIMAL,optimal,1,RXN_45_19346
HS14088,METTL14,1.277696171875,1.2776961718749995,1.0000000000000004,-4.440892098500626e-16,MINIMAL,optimal,1,RXN_45_19346
HS08523,ADAR,1.277696171875,1.2776961718749995,1.0000000000000004,-4.440892098500626e-16,MINIMAL,optimal,1,RXN_45_13992
HS03747,BCHE,1.277696171875,1.2776961718749995,1.0000000000000004,-4.440892098500626e-16,MINIMAL,optimal,1,CHOLINESTERASE_45_RXN
HS00452,AGPAT4,1.277696171875,1.2776961718749995,1.0000000000000004,-4.440892098500626e-16,MINIMAL,optimal,1,RXN_45_1623
HS08034,AGPAT5,1.277696171875,1.2776961718749995,1.0000000000000004,-4.440892098500626e-16,MINIMAL,optimal,1,RXN_45_1623
HS09990,AGPAT2,1.277696171875,1.2776961718749995,1.0000000000000004,-4.440892098500626e-16,MINIMAL,optimal,1,RXN_45_1623
HS08470,AGPAT3,1.277696171875,1.2776961718749995,1.0000000000000004,-4.440892098500626e-16,MINIMAL,optimal,1,RXN_45_1623
HS16061,MBOAT1,1.277696171875,1.2776961718749995,1.0000000000000004,-4.440892098500626e-16,MINIMAL,optimal,1,RXN_45_1623
HS04897,MBOAT7,1.277696171875,1.2776961718749995,1.0000000000000004,-4.440892098500626e-16,MINIMAL,optimal,1,RXN_45_1623
HS02357,TAZ,1.277696171875,1.2776961718749995,1.0000000000000004,-4.440892098500626e-16,MINIMAL,optimal,1,2_46_3_46_1_46_23_45_RXN
HS10161,ACYP2,1.277696171875,1.2776961718749995,1.0000000000000004,-4.440892098500626e-16,MINIMAL,optimal,1,ACYLPHOSPHATASE_45_RXN
HS04315,ACYP1,1.277696171875,1.2776961718749995,1.0000000000000004,-4.440892098500626e-16,MINIMAL,optimal,1,ACYLPHOSPHATASE_45_RXN
HS03243,SEPSECS,1.277696171875,1.2776961718749995,1.0000000000000004,-4.440892098500626e-16,MINIMAL,optimal,1,RXN_45_10039
HS11293,SLC25A20,1.277696171875,1.2776961718749995,1.0000000000000004,-4.440892098500626e-16,MINIMAL,optimal,0,
HS01121,VDAC1,1.277696171875,1.2776961718749995,1.0000000000000004,-4.440892098500626e-16,MINIMAL,optimal,2,TRANS_45_RXN66_45_1282;TRANS_45_RXN66_45_1283
HS09259,VDAC2,1.277696171875,1.2776961718749995,1.0000000000000004,-4.440892098500626e-16,MINIMAL,optimal,2,TRANS_45_RXN66_45_1282;TRANS_45_RXN66_45_1283
HS01294,VDAC3,1.277696171875,1.2776961718749995,1.0000000000000004,-4.440892098500626e-16,MINIMAL,optimal,2,TRANS_45_RXN66_45_1282;TRANS_45_RXN66_45_1283
HS13846,FTO,1.277696171875,1.2776961718749995,1.0000000000000004,-4.440892098500626e-16,MINIMAL,optimal,1,RXN_45_17811
G66_33053,TYW1,1.277696171875,1.2776961718749995,1.0000000000000004,-4.440892098500626e-16,MINIMAL,optimal,1,RXN_45_14516
HS07217,ALDH1L1,1.277696171875,1.2776961718749995,1.0000000000000004,-4.440892098500626e-16,MINIMAL,optimal,2,FORMYLTETRAHYDROFOLATE_45_DEHYDROGENASE_45_RXN;FORMYLTHFDEFORMYL_45_RXN
HS06100,ALDH1L2,1.277696171875,1.2776961718749995,1.0000000000000004,-4.440892098500626e-16,MINIMAL,optimal,2,FORMYLTETRAHYDROFOLATE_45_DEHYDROGENASE_45_RXN;FORMYLTHFDEFORMYL_45_RXN
HS02529,MTFMT,1.277696171875,1.2776961718749995,1.0000000000000004,-4.440892098500626e-16,MINIMAL,optimal,1,METHIONYL_45_TRNA_45_FORMYLTRANSFERASE_45_RXN
HS08358,GART,1.277696171875,1.2776961718749995,1.0000000000000004,-4.440892098500626e-16,MINIMAL,optimal,2,GLYRIBONUCSYN_45_RXN;GART_45_RXN
HS06490,ATIC,1.277696171875,1.2776961718749995,1.0000000000000004,-4.440892098500626e-16,MINIMAL,optimal,1,AICARTRANSFORM_45_RXN
HS04006,PARK7,1.277696171875,1.2776961718749995,1.0000000000000004,-4.440892098500626e-16,MINIMAL,optimal,3,RXN_45_17634;RXN_45_17632;RXN_45_17630
HS06818,PTRH2,1.277696171875,1.2776961718749995,1.0000000000000004,-4.440892098500626e-16,MINIMAL,optimal,3,RXN_45_16637;RXN_45_12460;AMINOCYL_45_TRNA_45_HYDROLASE_45_RXN
HS11924,PTRH1,1.277696171875,1.2776961718749995,1.0000000000000004,-4.440892098500626e-16,MINIMAL,optimal,3,RXN_45_16637;RXN_45_12460;AMINOCYL_45_TRNA_45_HYDROLASE_45_RXN
HS08997,APEH,1.277696171875,1.2776961718749995,1.0000000000000004,-4.440892098500626e-16,MINIMAL,optimal,3,ACYLAMINOACYL_45_PEPTIDASE_45_RXN;RXN_45_17892;RXN_45_17893
HS03094,ASPA,1.277696171875,1.2776961718749995,1.0000000000000004,-4.440892098500626e-16,MINIMAL,optimal,1,ASPARTOACYLASE_45_RXN
HS08435,GNE,1.277696171875,1.2776961718749995,1.0000000000000004,-4.440892098500626e-16,MINIMAL,optimal,1,N_45_ACYLMANNOSAMINE_45_KINASE_45_RXN
HS06223,ST6GALNAC4,1.277696171875,1.2776961718749995,1.0000000000000004,-4.440892098500626e-16,MINIMAL,optimal,1,2_46_4_46_99_46_7_45_RXN
HS06739,ST8SIA2,1.277696171875,1.2776961718749995,1.0000000000000004,-4.440892098500626e-16,MINIMAL,optimal,3,2_46_4_46_99_46_10_45_RXN;2_46_4_46_99_46_6_45_RXN;2_46_4_46_99_46_7_45_RXN
HS03456,ST8SIA1,1.277696171875,1.2776961718749995,1.0000000000000004,-4.440892098500626e-16,MINIMAL,optimal,8,RXN_45_18280;RXN_45_18286;RXN_45_18297;2_46_4_46_99_46_8_45_RXN;RXN_45_18284;RXN_45_18281;RXN_45_18285;RXN_45_18275
HS11179,ST8SIA3,1.277696171875,1.2776961718749995,1.0000000000000004,-4.440892098500626e-16,MINIMAL,optimal,9,RXN_45_18280;RXN_45_18286;RXN_45_18297;2_46_4_46_99_46_8_45_RXN;RXN_45_18284;RXN_45_18281;2_46_4_46_99_46_10_45_RXN;RXN_45_18285;RXN_45_18275
HS05379,FUT5,1.277696171875,1.2776961718749995,1.0000000000000004,-4.440892098500626e-16,MINIMAL,optimal,1,RXN_45_18254
HS08124,FUT6,1.277696171875,1.2776961718749995,1.0000000000000004,-4.440892098500626e-16,MINIMAL,optimal,2,RXN_45_18254;GALACTOSIDE_45_3_45_FUCOSYLTRANSFERASE_45_RXN
HS11506,FUT7,1.277696171875,1.2776961718749995,1.0000000000000004,-4.440892098500626e-16,MINIMAL,optimal,2,RXN_45_18254;2_46_4_46_1_46_214_45_RXN
HS03153,NAGLU,1.277696171875,1.2776961718749995,1.0000000000000004,-4.440892098500626e-16,MINIMAL,optimal,1,3_46_2_46_1_46_50_45_RXN
G66_46669,B3GNT6,1.277696171875,1.2776961718749995,1.0000000000000004,-4.440892098500626e-16,MINIMAL,optimal,1,2_46_4_46_1_46_147_45_RXN
HS02901,C1GALT1,1.277696171875,1.2776961718749995,1.0000000000000004,-4.440892098500626e-16,MINIMAL,optimal,1,2_46_4_46_1_46_122_45_RXN
HS15955,C1GALT1C1,1.277696171875,1.2776961718749995,1.0000000000000004,-4.440892098500626e-16,MINIMAL,optimal,1,2_46_4_46_1_46_122_45_RXN
HS08709,B3GALT2,1.277696171875,1.2776961718749995,1.0000000000000004,-4.440892098500626e-16,MINIMAL,optimal,1,2_46_4_46_1_46_122_45_RXN
HS14850,NAPEPLD,1.277696171875,1.2776961718749995,1.0000000000000004,-4.440892098500626e-16,MINIMAL,optimal,8,RXN_45_20515;RXN_45_12116;RXN_45_20553;RXN_45_20517;RXN_45_20550;RXN_45_20518;RXN_45_20516;RXN_45_20502
HS00013,ALDH1A3,1.277696171875,1.2776961718749995,1.0000000000000004,-4.440892098500626e-16,MINIMAL,optimal,1,RXN_45_12585
HS09183,ALDH1A1,1.277696171875,1.2776961718749995,1.0000000000000004,-4.440892098500626e-16,MINIMAL,optimal,1,RXN_45_12585
HS05232,ALDH1A2,1.277696171875,1.2776961718749995,1.0000000000000004,-4.440892098500626e-16,MINIMAL,optimal,1,RXN_45_12585
HS06733,RLBP1,1.277696171875,1.2776961718749995,1.0000000000000004,-4.440892098500626e-16,MINIMAL,optimal,1,RXN_45_12551
HS04154,HSD11B1,1.277696171875,1.2776961718749995,1.0000000000000004,-4.440892098500626e-16,MINIMAL,optimal,1,11_45_BETA_45_HYDROXYSTEROID_45_DEHYDROGENASE_45_RXN
HS15594,HSD11B1L,1.277696171875,1.2776961718749995,1.0000000000000004,-4.440892098500626e-16,MINIMAL,optimal,1,11_45_BETA_45_HYDROXYSTEROID_45_DEHYDROGENASE_45_RXN
HS11043,HSD11B2,1.277696171875,1.2776961718749995,1.0000000000000004,-4.440892098500626e-16,MINIMAL,optimal,1,11_45_BETA_45_HYDROXYSTEROID_45_DEHYDROGENASE_45_RXN
HS05911,DAGLA,1.277696171875,1.2776961718749995,1.0000000000000004,-4.440892098500626e-16,MINIMAL,optimal,1,RXN_45_20522
HS00341,MAN2B2,1.277696171875,1.2776961718749995,1.0000000000000004,-4.440892098500626e-16,MINIMAL,optimal,1,3_46_2_46_1_46_24_45_RXN
HS13830,MAN2C1,1.277696171875,1.2776961718749995,1.0000000000000004,-4.440892098500626e-16,MINIMAL,optimal,1,3_46_2_46_1_46_24_45_RXN
HS03442,GNPTAB,1.277696171875,1.2776961718749995,1.0000000000000004,-4.440892098500626e-16,MINIMAL,optimal,1,2_46_7_46_8_46_17_45_RXN
HS02465,NAGPA,1.277696171875,1.2776961718749995,1.0000000000000004,-4.440892098500626e-16,MINIMAL,optimal,1,3_46_1_46_4_46_45_45_RXN
HS12014,GGCT,1.277696171875,1.2776961718749995,1.0000000000000004,-4.440892098500626e-16,MINIMAL,optimal,1,GAMMA_45_GLUTAMYLCYCLOTRANSFERASE_45_RXN
HS04474,LRAT,1.277696171875,1.2776961718749995,1.0000000000000004,-4.440892098500626e-16,MINIMAL,optimal,3,POLYSIALIC_45_ACID_45_O_45_ACETYLTRANSFERASE_45_RXN;RXN_45_12563;2_46_3_46_1_46_135_45_RXN
HS01997,CYP2D6,1.277696171875,1.2776961718749995,1.0000000000000004,-4.440892098500626e-16,MINIMAL,optimal,2,RXN66_45_600;UNSPECIFIC_45_MONOOXYGENASE_45_RXN
HS09313,PTER,1.277696171875,1.2776961718749995,1.0000000000000004,-4.440892098500626e-16,MINIMAL,optimal,11,RXN_45_20733;ARYLDIALKYL_45_PHOSPHATASE_45_RXN;AMINOPARATHION_45_PHOSPHATASE_45_RXN;RXN_45_8743;RXN_45_20725;RXN_45_20734;RXN_45_8746;RXN_45_20731;RXN_45_20735;RXN_45_20732
HS04454,UBIAD1,1.277696171875,1.2776961718749995,1.0000000000000004,-4.440892098500626e-16,MINIMAL,optimal,2,RXN_45_9230;RXN_45_19669
HS08544,CYP3A4,1.277696171875,1.2776961718749995,1.0000000000000004,-4.440892098500626e-16,MINIMAL,optimal,4,RXN66_45_591;RXN66_45_589;RXN_45_19041;UNSPECIFIC_45_MONOOXYGENASE_45_RXN
HS04051,AGMAT,1.277696171875,1.2776961718749995,1.0000000000000004,-4.440892098500626e-16,MINIMAL,optimal,1,AGMATIN_45_RXN
HS08338,ADAMTS4,1.277696171875,1.2776961718749995,1.0000000000000004,-4.440892098500626e-16,MINIMAL,optimal,1,RXN_45_11702
HS08006,ADAMTS5,1.277696171875,1.2776961718749995,1.0000000000000004,-4.440892098500626e-16,MINIMAL,optimal,1,RXN_45_11702
HS07107,PARP1,1.277696171875,1.2776961718749995,1.0000000000000004,-4.440892098500626e-16,MINIMAL,optimal,0,
HS00555,PARP3,1.277696171875,1.2776961718749995,1.0000000000000004,-4.440892098500626e-16,MINIMAL,optimal,0,
HS10642,TNKS,1.277696171875,1.2776961718749995,1.0000000000000004,-4.440892098500626e-16,MINIMAL,optimal,0,
HS03037,TNKS2,1.277696171875,1.2776961718749995,1.0000000000000004,-4.440892098500626e-16,MINIMAL,optimal,0,
HS16623,G_HS16623,1.277696171875,1.2776961718749995,1.0000000000000004,-4.440892098500626e-16,MINIMAL,optimal,0,
HS02404,PARP4,1.277696171875,1.2776961718749995,1.0000000000000004,-4.440892098500626e-16,MINIMAL,optimal,0,
HS05285,PARP2,1.277696171875,1.2776961718749995,1.0000000000000004,-4.440892098500626e-16,MINIMAL,optimal,0,
HS00729,PARP12,1.277696171875,1.2776961718749995,1.0000000000000004,-4.440892098500626e-16,MINIMAL,optimal,0,
HS12735,PARP11,1.277696171875,1.2776961718749995,1.0000000000000004,-4.440892098500626e-16,MINIMAL,optimal,0,
HS13697,PARP6,1.277696171875,1.2776961718749995,1.0000000000000004,-4.440892098500626e-16,MINIMAL,optimal,0,
HS13730,PARP9,1.277696171875,1.2776961718749995,1.0000000000000004,-4.440892098500626e-16,MINIMAL,optimal,0,
HS13734,PARP16,1.277696171875,1.2776961718749995,1.0000000000000004,-4.440892098500626e-16,MINIMAL,optimal,0,
HS14395,PARP8,1.277696171875,1.2776961718749995,1.0000000000000004,-4.440892098500626e-16,MINIMAL,optimal,0,
HS15095,TIPARP,1.277696171875,1.2776961718749995,1.0000000000000004,-4.440892098500626e-16,MINIMAL,optimal,0,
HS16180,PARP14,1.277696171875,1.2776961718749995,1.0000000000000004,-4.440892098500626e-16,MINIMAL,optimal,0,
HS16181,PARP15,1.277696171875,1.2776961718749995,1.0000000000000004,-4.440892098500626e-16,MINIMAL,optimal,0,
HS17104,PARP10,1.277696171875,1.2776961718749995,1.0000000000000004,-4.440892098500626e-16,MINIMAL,optimal,0,
HS10140,NUDT9,1.277696171875,1.2776961718749995,1.0000000000000004,-4.440892098500626e-16,MINIMAL,optimal,1,RXN0_45_1441
HS06903,TRPM2,1.277696171875,1.2776961718749995,1.0000000000000004,-4.440892098500626e-16,MINIMAL,optimal,1,RXN0_45_1441
HS15859,C17orf48,1.277696171875,1.2776961718749995,1.0000000000000004,-4.440892098500626e-16,MINIMAL,optimal,1,RXN0_45_1441
HS09255,NUDT5,1.277696171875,1.2776961718749995,1.0000000000000004,-4.440892098500626e-16,MINIMAL,optimal,3,RXN0_45_1441;RXN_45_17997;ADPSUGPPHOSPHAT_45_RXN
G66_30765,CBWD3,1.277696171875,1.2776961718749995,1.0000000000000004,-4.440892098500626e-16,MINIMAL,optimal,11,COBALAMINSYN_45_RXN;RXN_45_19297;RXN_45_19304;RXN_45_19302;COBALAMIN5PSYN_45_RXN;RXN_45_19303;RXN_45_19307;RXN_45_19296;RXN_45_19318;RXN_45_19305
G66_31102,CBWD7,1.277696171875,1.2776961718749995,1.0000000000000004,-4.440892098500626e-16,MINIMAL,optimal,11,COBALAMINSYN_45_RXN;RXN_45_19297;RXN_45_19304;RXN_45_19302;COBALAMIN5PSYN_45_RXN;RXN_45_19303;RXN_45_19307;RXN_45_19296;RXN_45_19318;RXN_45_19305
G66_33077,CBWD5,1.277696171875,1.2776961718749995,1.0000000000000004,-4.440892098500626e-16,MINIMAL,optimal,11,COBALAMINSYN_45_RXN;RXN_45_19297;RXN_45_19304;RXN_45_19302;COBALAMIN5PSYN_45_RXN;RXN_45_19303;RXN_45_19307;RXN_45_19296;RXN_45_19318;RXN_45_19305
G66_33850,CBWD6,1.277696171875,1.2776961718749995,1.0000000000000004,-4.440892098500626e-16,MINIMAL,optimal,11,COBALAMINSYN_45_RXN;RXN_45_19297;RXN_45_19304;RXN_45_19302;COBALAMIN5PSYN_45_RXN;RXN_45_19303;RXN_45_19307;RXN_45_19296;RXN_45_19318;RXN_45_19305
HS13633,CBWD2,1.277696171875,1.2776961718749995,1.0000000000000004,-4.440892098500626e-16,MINIMAL,optimal,11,COBALAMINSYN_45_RXN;RXN_45_19297;RXN_45_19304;RXN_45_19302;COBALAMIN5PSYN_45_RXN;RXN_45_19303;RXN_45_19307;RXN_45_19296;RXN_45_19318;RXN_45_19305
HS16133,CBWD1,1.277696171875,1.2776961718749995,1.0000000000000004,-4.440892098500626e-16,MINIMAL,optimal,11,COBALAMINSYN_45_RXN;RXN_45_19297;RXN_45_19304;RXN_45_19302;COBALAMIN5PSYN_45_RXN;RXN_45_19303;RXN_45_19307;RXN_45_19296;RXN_45_19318;RXN_45_19305
HS11914,ADAT3,1.277696171875,1.2776961718749995,1.0000000000000004,-4.440892098500626e-16,MINIMAL,optimal,1,ADENODEAMIN_45_RXN
G66_47210,ADAT2,1.277696171875,1.2776961718749995,1.0000000000000004,-4.440892098500626e-16,MINIMAL,optimal,1,ADENODEAMIN_45_RXN
HS14978,TFB2M,1.277696171875,1.2776961718749995,1.0000000000000004,-4.440892098500626e-16,MINIMAL,optimal,2,RXN_45_11633;RXN_45_11634
HS01523,DIMT1L,1.277696171875,1.2776961718749995,1.0000000000000004,-4.440892098500626e-16,MINIMAL,optimal,2,RXN_45_11633;RXN_45_11634
HS00472,TFB1M,1.277696171875,1.2776961718749995,1.0000000000000004,-4.440892098500626e-16,MINIMAL,optimal,2,RXN_45_11633;RXN_45_11634
HS07793,MGAT5,1.277696171875,1.2776961718749995,1.0000000000000004,-4.440892098500626e-16,MINIMAL,optimal,1,2_46_4_46_1_46_155_45_RXN
HS15606,MGAT5B,1.277696171875,1.2776961718749995,1.0000000000000004,-4.440892098500626e-16,MINIMAL,optimal,1,2_46_4_46_1_46_155_45_RXN
HS14864,G_HS14864,1.277696171875,1.2776961718749995,1.0000000000000004,-4.440892098500626e-16,MINIMAL,optimal,1,2_46_4_46_1_46_155_45_RXN
HS07174,SUMF1,1.277696171875,1.2776961718749995,1.0000000000000004,-4.440892098500626e-16,MINIMAL,optimal,1,RXN_45_16226
HS04680,ACVR1C,1.277696171875,1.2776961718749995,1.0000000000000004,-4.440892098500626e-16,MINIMAL,optimal,1,2_46_7_46_11_46_30_45_RXN
HS02952,TGFBR1,1.277696171875,1.2776961718749995,1.0000000000000004,-4.440892098500626e-16,MINIMAL,optimal,1,2_46_7_46_11_46_30_45_RXN
HS03024,BMPR1A,1.277696171875,1.2776961718749995,1.0000000000000004,-4.440892098500626e-16,MINIMAL,optimal,1,2_46_7_46_11_46_30_45_RXN
HS03794,ACVR2B,1.277696171875,1.2776961718749995,1.0000000000000004,-4.440892098500626e-16,MINIMAL,optimal,1,2_46_7_46_11_46_30_45_RXN
HS03844,ACVR1,1.277696171875,1.2776961718749995,1.0000000000000004,-4.440892098500626e-16,MINIMAL,optimal,1,2_46_7_46_11_46_30_45_RXN
HS08865,TGFBR2,1.277696171875,1.2776961718749995,1.0000000000000004,-4.440892098500626e-16,MINIMAL,optimal,1,2_46_7_46_11_46_30_45_RXN
HS00791,BMPR2,1.277696171875,1.2776961718749995,1.0000000000000004,-4.440892098500626e-16,MINIMAL,optimal,1,2_46_7_46_11_46_30_45_RXN
HS05573,PDHA1,1.277696171875,1.2776961718749995,1.0000000000000004,-4.440892098500626e-16,MINIMAL,optimal,1,RXN0_45_1134
HS08790,PDHA2,1.277696171875,1.2776961718749995,1.0000000000000004,-4.440892098500626e-16,MINIMAL,optimal,1,RXN0_45_1134
HS07688,DLAT,1.277696171875,1.2776961718749995,1.0000000000000004,-4.440892098500626e-16,MINIMAL,optimal,2,DIHYDLIPACETRANS_45_RXN;RXN0_45_1133
HS11977,KIAA1348,1.277696171875,1.2776961718749995,1.0000000000000004,-4.440892098500626e-16,MINIMAL,optimal,1,3_46_1_46_3_46_43_45_RXN
HS09167,PDP1,1.277696171875,1.2776961718749995,1.0000000000000004,-4.440892098500626e-16,MINIMAL,optimal,1,3_46_1_46_3_46_43_45_RXN
HS12332,PDPR,1.277696171875,1.2776961718749995,1.0000000000000004,-4.440892098500626e-16,MINIMAL,optimal,1,3_46_1_46_3_46_43_45_RXN
HS10580,PDP2,1.277696171875,1.2776961718749995,1.0000000000000004,-4.440892098500626e-16,MINIMAL,optimal,1,3_46_1_46_3_46_43_45_RXN
HS00113,PDK4,1.277696171875,1.2776961718749995,1.0000000000000004,-4.440892098500626e-16,MINIMAL,optimal,1,2_46_7_46_11_46_2_45_RXN
HS00151,PDK2,1.277696171875,1.2776961718749995,1.0000000000000004,-4.440892098500626e-16,MINIMAL,optimal,1,2_46_7_46_11_46_2_45_RXN
HS00925,PDK3,1.277696171875,1.2776961718749995,1.0000000000000004,-4.440892098500626e-16,MINIMAL,optimal,1,2_46_7_46_11_46_2_45_RXN
HS07801,PDK1,1.277696171875,1.2776961718749995,1.0000000000000004,-4.440892098500626e-16,MINIMAL,optimal,1,2_46_7_46_11_46_2_45_RXN
HS14352,NGLY1,1.277696171875,1.2776961718749995,1.0000000000000004,-4.440892098500626e-16,MINIMAL,optimal,2,3_46_5_46_1_46_52_45_RXN;RXN_45_18912
HS00747,PTPRU,1.277696171875,1.2776961718749995,1.0000000000000004,-4.440892098500626e-16,MINIMAL,optimal,1,PROTEIN_45_TYROSINE_45_PHOSPHATASE_45_RXN
HS06974,PTPRF,1.277696171875,1.2776961718749995,1.0000000000000004,-4.440892098500626e-16,MINIMAL,optimal,1,PROTEIN_45_TYROSINE_45_PHOSPHATASE_45_RXN
HS05837,PTPN22,1.277696171875,1.2776961718749995,1.0000000000000004,-4.440892098500626e-16,MINIMAL,optimal,1,PROTEIN_45_TYROSINE_45_PHOSPHATASE_45_RXN
HS01390,PTPRC,1.277696171875,1.2776961718749995,1.0000000000000004,-4.440892098500626e-16,MINIMAL,optimal,1,PROTEIN_45_TYROSINE_45_PHOSPHATASE_45_RXN
HS07117,PTPN7,1.277696171875,1.2776961718749995,1.0000000000000004,-4.440892098500626e-16,MINIMAL,optimal,1,PROTEIN_45_TYROSINE_45_PHOSPHATASE_45_RXN
HS16317,G_HS16317,1.277696171875,1.2776961718749995,1.0000000000000004,-4.440892098500626e-16,MINIMAL,optimal,1,PROTEIN_45_TYROSINE_45_PHOSPHATASE_45_RXN
HS16316,G_HS16316,1.277696171875,1.2776961718749995,1.0000000000000004,-4.440892098500626e-16,MINIMAL,optimal,1,PROTEIN_45_TYROSINE_45_PHOSPHATASE_45_RXN
HS07792,PTPN14,1.277696171875,1.2776961718749995,1.0000000000000004,-4.440892098500626e-16,MINIMAL,optimal,1,PROTEIN_45_TYROSINE_45_PHOSPHATASE_45_RXN
HS01591,PTPN4,1.277696171875,1.2776961718749995,1.0000000000000004,-4.440892098500626e-16,MINIMAL,optimal,1,PROTEIN_45_TYROSINE_45_PHOSPHATASE_45_RXN
HS01057,PTPN18,1.277696171875,1.2776961718749995,1.0000000000000004,-4.440892098500626e-16,MINIMAL,optimal,1,PROTEIN_45_TYROSINE_45_PHOSPHATASE_45_RXN
HS07197,PTPRG,1.277696171875,1.2776961718749995,1.0000000000000004,-4.440892098500626e-16,MINIMAL,optimal,1,PROTEIN_45_TYROSINE_45_PHOSPHATASE_45_RXN
HS08898,PTPN13,1.277696171875,1.2776961718749995,1.0000000000000004,-4.440892098500626e-16,MINIMAL,optimal,1,PROTEIN_45_TYROSINE_45_PHOSPHATASE_45_RXN
HS07858,PTPRK,1.277696171875,1.2776961718749995,1.0000000000000004,-4.440892098500626e-16,MINIMAL,optimal,1,PROTEIN_45_TYROSINE_45_PHOSPHATASE_45_RXN
HS05139,PTPN12,1.277696171875,1.2776961718749995,1.0000000000000004,-4.440892098500626e-16,MINIMAL,optimal,1,PROTEIN_45_TYROSINE_45_PHOSPHATASE_45_RXN
HS02880,PTPRZ1,1.277696171875,1.2776961718749995,1.0000000000000004,-4.440892098500626e-16,MINIMAL,optimal,1,PROTEIN_45_TYROSINE_45_PHOSPHATASE_45_RXN
HS17623,G_HS17623,1.277696171875,1.2776961718749995,1.0000000000000004,-4.440892098500626e-16,MINIMAL,optimal,1,PROTEIN_45_TYROSINE_45_PHOSPHATASE_45_RXN
HS07918,PTPRD,1.277696171875,1.2776961718749995,1.0000000000000004,-4.440892098500626e-16,MINIMAL,optimal,1,PROTEIN_45_TYROSINE_45_PHOSPHATASE_45_RXN
HS00986,PTPN3,1.277696171875,1.2776961718749995,1.0000000000000004,-4.440892098500626e-16,MINIMAL,optimal,1,PROTEIN_45_TYROSINE_45_PHOSPHATASE_45_RXN
HS05028,DKFZP566K0524,1.277696171875,1.2776961718749995,1.0000000000000004,-4.440892098500626e-16,MINIMAL,optimal,1,PROTEIN_45_TYROSINE_45_PHOSPHATASE_45_RXN
HS16635,G_HS16635,1.277696171875,1.2776961718749995,1.0000000000000004,-4.440892098500626e-16,MINIMAL,optimal,1,PROTEIN_45_TYROSINE_45_PHOSPHATASE_45_RXN
HS05621,PTPRE,1.277696171875,1.2776961718749995,1.0000000000000004,-4.440892098500626e-16,MINIMAL,optimal,1,PROTEIN_45_TYROSINE_45_PHOSPHATASE_45_RXN
HS00045,PTPN5,1.277696171875,1.2776961718749995,1.0000000000000004,-4.440892098500626e-16,MINIMAL,optimal,1,PROTEIN_45_TYROSINE_45_PHOSPHATASE_45_RXN
HS07590,PTPRJ,1.277696171875,1.2776961718749995,1.0000000000000004,-4.440892098500626e-16,MINIMAL,optimal,1,PROTEIN_45_TYROSINE_45_PHOSPHATASE_45_RXN
HS03446,PTPN6,1.277696171875,1.2776961718749995,1.0000000000000004,-4.440892098500626e-16,MINIMAL,optimal,1,PROTEIN_45_TYROSINE_45_PHOSPHATASE_45_RXN
HS07740,PTPRO,1.277696171875,1.2776961718749995,1.0000000000000004,-4.440892098500626e-16,MINIMAL,optimal,1,PROTEIN_45_TYROSINE_45_PHOSPHATASE_45_RXN
HS05085,PTPRB,1.277696171875,1.2776961718749995,1.0000000000000004,-4.440892098500626e-16,MINIMAL,optimal,1,PROTEIN_45_TYROSINE_45_PHOSPHATASE_45_RXN
HS07894,PTPRR,1.277696171875,1.2776961718749995,1.0000000000000004,-4.440892098500626e-16,MINIMAL,optimal,1,PROTEIN_45_TYROSINE_45_PHOSPHATASE_45_RXN
HS01636,PTPN11,1.277696171875,1.2776961718749995,1.0000000000000004,-4.440892098500626e-16,MINIMAL,optimal,1,PROTEIN_45_TYROSINE_45_PHOSPHATASE_45_RXN
HS13610,G_HS13610,1.277696171875,1.2776961718749995,1.0000000000000004,-4.440892098500626e-16,MINIMAL,optimal,1,PROTEIN_45_TYROSINE_45_PHOSPHATASE_45_RXN
HS01011,PTPN21,1.277696171875,1.2776961718749995,1.0000000000000004,-4.440892098500626e-16,MINIMAL,optimal,1,PROTEIN_45_TYROSINE_45_PHOSPHATASE_45_RXN
HS09942,PTPN9,1.277696171875,1.2776961718749995,1.0000000000000004,-4.440892098500626e-16,MINIMAL,optimal,1,PROTEIN_45_TYROSINE_45_PHOSPHATASE_45_RXN
HS00046,PTPRM,1.277696171875,1.2776961718749995,1.0000000000000004,-4.440892098500626e-16,MINIMAL,optimal,1,PROTEIN_45_TYROSINE_45_PHOSPHATASE_45_RXN
HS15682,G_HS15682,1.277696171875,1.2776961718749995,1.0000000000000004,-4.440892098500626e-16,MINIMAL,optimal,1,PROTEIN_45_TYROSINE_45_PHOSPHATASE_45_RXN
HS16218,PTPRM,1.277696171875,1.2776961718749995,1.0000000000000004,-4.440892098500626e-16,MINIMAL,optimal,1,PROTEIN_45_TYROSINE_45_PHOSPHATASE_45_RXN
HS10919,PTPN2,1.277696171875,1.2776961718749995,1.0000000000000004,-4.440892098500626e-16,MINIMAL,optimal,1,PROTEIN_45_TYROSINE_45_PHOSPHATASE_45_RXN
HS01346,PTPRH,1.277696171875,1.2776961718749995,1.0000000000000004,-4.440892098500626e-16,MINIMAL,optimal,1,PROTEIN_45_TYROSINE_45_PHOSPHATASE_45_RXN
HS05671,PTPRA,1.277696171875,1.2776961718749995,1.0000000000000004,-4.440892098500626e-16,MINIMAL,optimal,1,PROTEIN_45_TYROSINE_45_PHOSPHATASE_45_RXN
HS12299,G_HS12299,1.277696171875,1.2776961718749995,1.0000000000000004,-4.440892098500626e-16,MINIMAL,optimal,1,PROTEIN_45_TYROSINE_45_PHOSPHATASE_45_RXN
HS00788,PTPN1,1.277696171875,1.2776961718749995,1.0000000000000004,-4.440892098500626e-16,MINIMAL,optimal,1,PROTEIN_45_TYROSINE_45_PHOSPHATASE_45_RXN
HS09341,TPTE,1.277696171875,1.2776961718749995,1.0000000000000004,-4.440892098500626e-16,MINIMAL,optimal,1,PROTEIN_45_TYROSINE_45_PHOSPHATASE_45_RXN
HS17371,G_HS17371,1.277696171875,1.2776961718749995,1.0000000000000004,-4.440892098500626e-16,MINIMAL,optimal,1,PROTEIN_45_TYROSINE_45_PHOSPHATASE_45_RXN
HS10241,MTM1,1.277696171875,1.2776961718749995,1.0000000000000004,-4.440892098500626e-16,MINIMAL,optimal,1,PROTEIN_45_TYROSINE_45_PHOSPHATASE_45_RXN
HS00003,PTP4A3,1.277696171875,1.2776961718749995,1.0000000000000004,-4.440892098500626e-16,MINIMAL,optimal,1,PROTEIN_45_TYROSINE_45_PHOSPHATASE_45_RXN
HS17393,G_HS17393,1.277696171875,1.2776961718749995,1.0000000000000004,-4.440892098500626e-16,MINIMAL,optimal,1,PROTEIN_45_TYROSINE_45_PHOSPHATASE_45_RXN
HS16127,G_HS16127,1.277696171875,1.2776961718749995,1.0000000000000004,-4.440892098500626e-16,MINIMAL,optimal,1,PROTEIN_45_TYROSINE_45_PHOSPHATASE_45_RXN
HS14552,PTPRN2,1.277696171875,1.2776961718749995,1.0000000000000004,-4.440892098500626e-16,MINIMAL,optimal,1,PROTEIN_45_TYROSINE_45_PHOSPHATASE_45_RXN
HS06606,PTPRQ,1.277696171875,1.2776961718749995,1.0000000000000004,-4.440892098500626e-16,MINIMAL,optimal,1,PROTEIN_45_TYROSINE_45_PHOSPHATASE_45_RXN
HS03541,PTP4A1,1.277696171875,1.2776961718749995,1.0000000000000004,-4.440892098500626e-16,MINIMAL,optimal,1,PROTEIN_45_TYROSINE_45_PHOSPHATASE_45_RXN
HS01202,PTPN23,1.277696171875,1.2776961718749995,1.0000000000000004,-4.440892098500626e-16,MINIMAL,optimal,1,PROTEIN_45_TYROSINE_45_PHOSPHATASE_45_RXN
HS12560,PPFIA3,1.277696171875,1.2776961718749995,1.0000000000000004,-4.440892098500626e-16,MINIMAL,optimal,1,PROTEIN_45_TYROSINE_45_PHOSPHATASE_45_RXN
HS02737,PTPRS,1.277696171875,1.2776961718749995,1.0000000000000004,-4.440892098500626e-16,MINIMAL,optimal,1,PROTEIN_45_TYROSINE_45_PHOSPHATASE_45_RXN
HS00002,PTPRT,1.277696171875,1.2776961718749995,1.0000000000000004,-4.440892098500626e-16,MINIMAL,optimal,1,PROTEIN_45_TYROSINE_45_PHOSPHATASE_45_RXN
HS00812,EYA2,1.277696171875,1.2776961718749995,1.0000000000000004,-4.440892098500626e-16,MINIMAL,optimal,1,PROTEIN_45_TYROSINE_45_PHOSPHATASE_45_RXN
HS02561,EYA1,1.277696171875,1.2776961718749995,1.0000000000000004,-4.440892098500626e-16,MINIMAL,optimal,1,PROTEIN_45_TYROSINE_45_PHOSPHATASE_45_RXN
HS03097,MTMR4,1.277696171875,1.2776961718749995,1.0000000000000004,-4.440892098500626e-16,MINIMAL,optimal,1,PROTEIN_45_TYROSINE_45_PHOSPHATASE_45_RXN
HS03559,EYA4,1.277696171875,1.2776961718749995,1.0000000000000004,-4.440892098500626e-16,MINIMAL,optimal,1,PROTEIN_45_TYROSINE_45_PHOSPHATASE_45_RXN
HS04032,DNAJC6,1.277696171875,1.2776961718749995,1.0000000000000004,-4.440892098500626e-16,MINIMAL,optimal,1,PROTEIN_45_TYROSINE_45_PHOSPHATASE_45_RXN
HS08271,EYA3,1.277696171875,1.2776961718749995,1.0000000000000004,-4.440892098500626e-16,MINIMAL,optimal,1,PROTEIN_45_TYROSINE_45_PHOSPHATASE_45_RXN
HS17253,PTPN11,1.277696171875,1.2776961718749995,1.0000000000000004,-4.440892098500626e-16,MINIMAL,optimal,1,PROTEIN_45_TYROSINE_45_PHOSPHATASE_45_RXN
G66_32373,PTP4A2,1.277696171875,1.2776961718749995,1.0000000000000004,-4.440892098500626e-16,MINIMAL,optimal,1,PROTEIN_45_TYROSINE_45_PHOSPHATASE_45_RXN
HS08265,PTPDC1,1.277696171875,1.2776961718749995,1.0000000000000004,-4.440892098500626e-16,MINIMAL,optimal,1,PROTEIN_45_TYROSINE_45_PHOSPHATASE_45_RXN
HS03980,EPHA4,1.277696171875,1.2776961718749995,1.0000000000000004,-4.440892098500626e-16,MINIMAL,optimal,1,2_46_7_46_10_46_1_45_RXN
HS05749,EPHB2,1.277696171875,1.2776961718749995,1.0000000000000004,-4.440892098500626e-16,MINIMAL,optimal,1,2_46_7_46_10_46_1_45_RXN
HS07237,EPHA5,1.277696171875,1.2776961718749995,1.0000000000000004,-4.440892098500626e-16,MINIMAL,optimal,1,2_46_7_46_10_46_1_45_RXN
HS10790,G_HS10790,1.277696171875,1.2776961718749995,1.0000000000000004,-4.440892098500626e-16,MINIMAL,optimal,1,2_46_7_46_10_46_1_45_RXN
HS00477,MUSK,1.277696171875,1.2776961718749995,1.0000000000000004,-4.440892098500626e-16,MINIMAL,optimal,1,2_46_7_46_10_46_1_45_RXN
HS09713,PTK9L,1.277696171875,1.2776961718749995,1.0000000000000004,-4.440892098500626e-16,MINIMAL,optimal,1,2_46_7_46_10_46_1_45_RXN
HS11335,LOC51086,1.277696171875,1.2776961718749995,1.0000000000000004,-4.440892098500626e-16,MINIMAL,optimal,1,2_46_7_46_10_46_1_45_RXN
HS06318,DDR1,1.277696171875,1.2776961718749995,1.0000000000000004,-4.440892098500626e-16,MINIMAL,optimal,1,2_46_7_46_10_46_1_45_RXN
HS13482,G_HS13482,1.277696171875,1.2776961718749995,1.0000000000000004,-4.440892098500626e-16,MINIMAL,optimal,1,2_46_7_46_10_46_1_45_RXN
HS04898,SRMS,1.277696171875,1.2776961718749995,1.0000000000000004,-4.440892098500626e-16,MINIMAL,optimal,1,2_46_7_46_10_46_1_45_RXN
HS09589,AXL,1.277696171875,1.2776961718749995,1.0000000000000004,-4.440892098500626e-16,MINIMAL,optimal,1,2_46_7_46_10_46_1_45_RXN
HS02775,JAK3,1.277696171875,1.2776961718749995,1.0000000000000004,-4.440892098500626e-16,MINIMAL,optimal,1,2_46_7_46_10_46_1_45_RXN
HS10244,INSR,1.277696171875,1.2776961718749995,1.0000000000000004,-4.440892098500626e-16,MINIMAL,optimal,1,2_46_7_46_10_46_1_45_RXN
HS06866,ERBB2,1.277696171875,1.2776961718749995,1.0000000000000004,-4.440892098500626e-16,MINIMAL,optimal,1,2_46_7_46_10_46_1_45_RXN
HS06715,IGF1R,1.277696171875,1.2776961718749995,1.0000000000000004,-4.440892098500626e-16,MINIMAL,optimal,1,2_46_7_46_10_46_1_45_RXN
HS06735,NTRK3,1.277696171875,1.2776961718749995,1.0000000000000004,-4.440892098500626e-16,MINIMAL,optimal,1,2_46_7_46_10_46_1_45_RXN
HS01772,TYRO3,1.277696171875,1.2776961718749995,1.0000000000000004,-4.440892098500626e-16,MINIMAL,optimal,1,2_46_7_46_10_46_1_45_RXN
HS00769,LTK,1.277696171875,1.2776961718749995,1.0000000000000004,-4.440892098500626e-16,MINIMAL,optimal,1,2_46_7_46_10_46_1_45_RXN
HS02408,FLT1,1.277696171875,1.2776961718749995,1.0000000000000004,-4.440892098500626e-16,MINIMAL,optimal,1,2_46_7_46_10_46_1_45_RXN
HS04540,FLT3,1.277696171875,1.2776961718749995,1.0000000000000004,-4.440892098500626e-16,MINIMAL,optimal,2,2_46_7_46_10_46_1_45_RXN;2_46_7_46_11_46_2_45_RXN
HS00838,ERBB3,1.277696171875,1.2776961718749995,1.0000000000000004,-4.440892098500626e-16,MINIMAL,optimal,1,2_46_7_46_10_46_1_45_RXN
HS00881,FGFR2,1.277696171875,1.2776961718749995,1.0000000000000004,-4.440892098500626e-16,MINIMAL,optimal,1,2_46_7_46_10_46_1_45_RXN
HS09276,RET,1.277696171875,1.2776961718749995,1.0000000000000004,-4.440892098500626e-16,MINIMAL,optimal,1,2_46_7_46_10_46_1_45_RXN
HS09878,ROR2,1.277696171875,1.2776961718749995,1.0000000000000004,-4.440892098500626e-16,MINIMAL,optimal,1,2_46_7_46_10_46_1_45_RXN
HS07487,NTRK2,1.277696171875,1.2776961718749995,1.0000000000000004,-4.440892098500626e-16,MINIMAL,optimal,1,2_46_7_46_10_46_1_45_RXN
HS04374,TEK,1.277696171875,1.2776961718749995,1.0000000000000004,-4.440892098500626e-16,MINIMAL,optimal,1,2_46_7_46_10_46_1_45_RXN
HS01872,JAK2,1.277696171875,1.2776961718749995,1.0000000000000004,-4.440892098500626e-16,MINIMAL,optimal,1,2_46_7_46_10_46_1_45_RXN
HS09940,PTK2,1.277696171875,1.2776961718749995,1.0000000000000004,-4.440892098500626e-16,MINIMAL,optimal,1,2_46_7_46_10_46_1_45_RXN
HS01257,FGFR1,1.277696171875,1.2776961718749995,1.0000000000000004,-4.440892098500626e-16,MINIMAL,optimal,1,2_46_7_46_10_46_1_45_RXN
HS04447,PTK2B,1.277696171875,1.2776961718749995,1.0000000000000004,-4.440892098500626e-16,MINIMAL,optimal,1,2_46_7_46_10_46_1_45_RXN
HS06184,BLK,1.277696171875,1.2776961718749995,1.0000000000000004,-4.440892098500626e-16,MINIMAL,optimal,1,2_46_7_46_10_46_1_45_RXN
HS07379,EPHA1,1.277696171875,1.2776961718749995,1.0000000000000004,-4.440892098500626e-16,MINIMAL,optimal,1,2_46_7_46_10_46_1_45_RXN
HS02838,MET,1.277696171875,1.2776961718749995,1.0000000000000004,-4.440892098500626e-16,MINIMAL,optimal,1,2_46_7_46_10_46_1_45_RXN
HS02886,EPHB4,1.277696171875,1.2776961718749995,1.0000000000000004,-4.440892098500626e-16,MINIMAL,optimal,1,2_46_7_46_10_46_1_45_RXN
HS07358,EGFR,1.277696171875,1.2776961718749995,1.0000000000000004,-4.440892098500626e-16,MINIMAL,optimal,1,2_46_7_46_10_46_1_45_RXN
HS00597,ROS1,1.277696171875,1.2776961718749995,1.0000000000000004,-4.440892098500626e-16,MINIMAL,optimal,1,2_46_7_46_10_46_1_45_RXN
HS05982,EPHA7,1.277696171875,1.2776961718749995,1.0000000000000004,-4.440892098500626e-16,MINIMAL,optimal,1,2_46_7_46_10_46_1_45_RXN
HS00523,FLT4,1.277696171875,1.2776961718749995,1.0000000000000004,-4.440892098500626e-16,MINIMAL,optimal,1,2_46_7_46_10_46_1_45_RXN
HS08543,FGFR4,1.277696171875,1.2776961718749995,1.0000000000000004,-4.440892098500626e-16,MINIMAL,optimal,1,2_46_7_46_10_46_1_45_RXN
HS03710,PDGFRB,1.277696171875,1.2776961718749995,1.0000000000000004,-4.440892098500626e-16,MINIMAL,optimal,1,2_46_7_46_10_46_1_45_RXN
HS05156,KDR,1.277696171875,1.2776961718749995,1.0000000000000004,-4.440892098500626e-16,MINIMAL,optimal,1,2_46_7_46_10_46_1_45_RXN
HS08211,KIT,1.277696171875,1.2776961718749995,1.0000000000000004,-4.440892098500626e-16,MINIMAL,optimal,1,2_46_7_46_10_46_1_45_RXN
HS05923,PDGFRA,1.277696171875,1.2776961718749995,1.0000000000000004,-4.440892098500626e-16,MINIMAL,optimal,1,2_46_7_46_10_46_1_45_RXN
HS06035,TEC,1.277696171875,1.2776961718749995,1.0000000000000004,-4.440892098500626e-16,MINIMAL,optimal,1,2_46_7_46_10_46_1_45_RXN
HS00929,FGFR3,1.277696171875,1.2776961718749995,1.0000000000000004,-4.440892098500626e-16,MINIMAL,optimal,1,2_46_7_46_10_46_1_45_RXN
HS14544,EPHB1,1.277696171875,1.2776961718749995,1.0000000000000004,-4.440892098500626e-16,MINIMAL,optimal,1,2_46_7_46_10_46_1_45_RXN
HS08934,RYK,1.277696171875,1.2776961718749995,1.0000000000000004,-4.440892098500626e-16,MINIMAL,optimal,1,2_46_7_46_10_46_1_45_RXN
HS01350,EPHA6,1.277696171875,1.2776961718749995,1.0000000000000004,-4.440892098500626e-16,MINIMAL,optimal,1,2_46_7_46_10_46_1_45_RXN
HS00578,EPHA3,1.277696171875,1.2776961718749995,1.0000000000000004,-4.440892098500626e-16,MINIMAL,optimal,1,2_46_7_46_10_46_1_45_RXN
HS09003,MST1R,1.277696171875,1.2776961718749995,1.0000000000000004,-4.440892098500626e-16,MINIMAL,optimal,1,2_46_7_46_10_46_1_45_RXN
HS00011,EPHB3,1.277696171875,1.2776961718749995,1.0000000000000004,-4.440892098500626e-16,MINIMAL,optimal,1,2_46_7_46_10_46_1_45_RXN
HS00010,EPHB1,1.277696171875,1.2776961718749995,1.0000000000000004,-4.440892098500626e-16,MINIMAL,optimal,1,2_46_7_46_10_46_1_45_RXN
HS17081,ERBB4,1.277696171875,1.2776961718749995,1.0000000000000004,-4.440892098500626e-16,MINIMAL,optimal,1,2_46_7_46_10_46_1_45_RXN
HS07891,MERTK,1.277696171875,1.2776961718749995,1.0000000000000004,-4.440892098500626e-16,MINIMAL,optimal,1,2_46_7_46_10_46_1_45_RXN
HS10239,ALK,1.277696171875,1.2776961718749995,1.0000000000000004,-4.440892098500626e-16,MINIMAL,optimal,1,2_46_7_46_10_46_1_45_RXN
HS08729,DDR2,1.277696171875,1.2776961718749995,1.0000000000000004,-4.440892098500626e-16,MINIMAL,optimal,1,2_46_7_46_10_46_1_45_RXN
HS04087,NTRK1,1.277696171875,1.2776961718749995,1.0000000000000004,-4.440892098500626e-16,MINIMAL,optimal,1,2_46_7_46_10_46_1_45_RXN
HS00457,INSRR,1.277696171875,1.2776961718749995,1.0000000000000004,-4.440892098500626e-16,MINIMAL,optimal,1,2_46_7_46_10_46_1_45_RXN
HS08677,JAK1,1.277696171875,1.2776961718749995,1.0000000000000004,-4.440892098500626e-16,MINIMAL,optimal,1,2_46_7_46_10_46_1_45_RXN
HS00865,TIE1,1.277696171875,1.2776961718749995,1.0000000000000004,-4.440892098500626e-16,MINIMAL,optimal,1,2_46_7_46_10_46_1_45_RXN
HS10971,EPHA10,1.277696171875,1.2776961718749995,1.0000000000000004,-4.440892098500626e-16,MINIMAL,optimal,1,2_46_7_46_10_46_1_45_RXN
HS01017,EPHA8,1.277696171875,1.2776961718749995,1.0000000000000004,-4.440892098500626e-16,MINIMAL,optimal,1,2_46_7_46_10_46_1_45_RXN
HS06946,EPHA2,1.277696171875,1.2776961718749995,1.0000000000000004,-4.440892098500626e-16,MINIMAL,optimal,1,2_46_7_46_10_46_1_45_RXN
HS00038,ROR1,1.277696171875,1.2776961718749995,1.0000000000000004,-4.440892098500626e-16,MINIMAL,optimal,1,2_46_7_46_10_46_1_45_RXN
HS07717,TWF1,1.277696171875,1.2776961718749995,1.0000000000000004,-4.440892098500626e-16,MINIMAL,optimal,1,2_46_7_46_10_46_1_45_RXN
HS03599,PTK7,1.277696171875,1.2776961718749995,1.0000000000000004,-4.440892098500626e-16,MINIMAL,optimal,1,2_46_7_46_10_46_1_45_RXN
HS16984,G_HS16984,1.277696171875,1.2776961718749995,1.0000000000000004,-4.440892098500626e-16,MINIMAL,optimal,1,2_46_7_46_10_46_1_45_RXN
G66_33831,WEE2,1.277696171875,1.2776961718749995,1.0000000000000004,-4.440892098500626e-16,MINIMAL,optimal,1,2_46_7_46_10_46_1_45_RXN
HS02256,SRC,1.277696171875,1.2776961718749995,1.0000000000000004,-4.440892098500626e-16,MINIMAL,optimal,1,2_46_7_46_10_46_1_45_RXN
HS00023,LCK,1.277696171875,1.2776961718749995,1.0000000000000004,-4.440892098500626e-16,MINIMAL,optimal,1,2_46_7_46_10_46_1_45_RXN
HS00014,FES,1.277696171875,1.2776961718749995,1.0000000000000004,-4.440892098500626e-16,MINIMAL,optimal,1,2_46_7_46_10_46_1_45_RXN
HS11000,YES1,1.277696171875,1.2776961718749995,1.0000000000000004,-4.440892098500626e-16,MINIMAL,optimal,1,2_46_7_46_10_46_1_45_RXN
HS09172,SYK,1.277696171875,1.2776961718749995,1.0000000000000004,-4.440892098500626e-16,MINIMAL,optimal,1,2_46_7_46_10_46_1_45_RXN
HS07735,FER,1.277696171875,1.2776961718749995,1.0000000000000004,-4.440892098500626e-16,MINIMAL,optimal,1,2_46_7_46_10_46_1_45_RXN
HS07443,LYN,1.277696171875,1.2776961718749995,1.0000000000000004,-4.440892098500626e-16,MINIMAL,optimal,1,2_46_7_46_10_46_1_45_RXN
HS07027,ABL2,1.277696171875,1.2776961718749995,1.0000000000000004,-4.440892098500626e-16,MINIMAL,optimal,1,2_46_7_46_10_46_1_45_RXN
HS03830,ZAP70,1.277696171875,1.2776961718749995,1.0000000000000004,-4.440892098500626e-16,MINIMAL,optimal,1,2_46_7_46_10_46_1_45_RXN
HS03664,ITK,1.277696171875,1.2776961718749995,1.0000000000000004,-4.440892098500626e-16,MINIMAL,optimal,1,2_46_7_46_10_46_1_45_RXN
HS03471,FRK,1.277696171875,1.2776961718749995,1.0000000000000004,-4.440892098500626e-16,MINIMAL,optimal,1,2_46_7_46_10_46_1_45_RXN
HS02731,TYK2,1.277696171875,1.2776961718749995,1.0000000000000004,-4.440892098500626e-16,MINIMAL,optimal,1,2_46_7_46_10_46_1_45_RXN
HS02526,CSK,1.277696171875,1.2776961718749995,1.0000000000000004,-4.440892098500626e-16,MINIMAL,optimal,1,2_46_7_46_10_46_1_45_RXN
HS02334,BMX,1.277696171875,1.2776961718749995,1.0000000000000004,-4.440892098500626e-16,MINIMAL,optimal,1,2_46_7_46_10_46_1_45_RXN
HS02246,HCK,1.277696171875,1.2776961718749995,1.0000000000000004,-4.440892098500626e-16,MINIMAL,optimal,1,2_46_7_46_10_46_1_45_RXN
HS02221,PTK6,1.277696171875,1.2776961718749995,1.0000000000000004,-4.440892098500626e-16,MINIMAL,optimal,1,2_46_7_46_10_46_1_45_RXN
HS01874,ABL1,1.277696171875,1.2776961718749995,1.0000000000000004,-4.440892098500626e-16,MINIMAL,optimal,1,2_46_7_46_10_46_1_45_RXN
HS01155,TXK,1.277696171875,1.2776961718749995,1.0000000000000004,-4.440892098500626e-16,MINIMAL,optimal,1,2_46_7_46_10_46_1_45_RXN
HS00293,FYN,1.277696171875,1.2776961718749995,1.0000000000000004,-4.440892098500626e-16,MINIMAL,optimal,1,2_46_7_46_10_46_1_45_RXN
HS00290,BTK,1.277696171875,1.2776961718749995,1.0000000000000004,-4.440892098500626e-16,MINIMAL,optimal,1,2_46_7_46_10_46_1_45_RXN
HS00209,MATK,1.277696171875,1.2776961718749995,1.0000000000000004,-4.440892098500626e-16,MINIMAL,optimal,1,2_46_7_46_10_46_1_45_RXN
HS00740,STYK1,1.277696171875,1.2776961718749995,1.0000000000000004,-4.440892098500626e-16,MINIMAL,optimal,1,2_46_7_46_10_46_1_45_RXN
HS00068,FGR,1.277696171875,1.2776961718749995,1.0000000000000004,-4.440892098500626e-16,MINIMAL,optimal,1,2_46_7_46_10_46_1_45_RXN
HS11039,SGK223,1.277696171875,1.2776961718749995,1.0000000000000004,-4.440892098500626e-16,MINIMAL,optimal,1,2_46_7_46_10_46_1_45_RXN
HS10784,TNK1,1.277696171875,1.2776961718749995,1.0000000000000004,-4.440892098500626e-16,MINIMAL,optimal,1,2_46_7_46_10_46_1_45_RXN
HS10680,SGK269,1.277696171875,1.2776961718749995,1.0000000000000004,-4.440892098500626e-16,MINIMAL,optimal,1,2_46_7_46_10_46_1_45_RXN
HS00763,TNK2,1.277696171875,1.2776961718749995,1.0000000000000004,-4.440892098500626e-16,MINIMAL,optimal,1,2_46_7_46_10_46_1_45_RXN
HS00270,BAZ1B,1.277696171875,1.2776961718749995,1.0000000000000004,-4.440892098500626e-16,MINIMAL,optimal,1,2_46_7_46_10_46_1_45_RXN
HS02684,CCNE1,1.277696171875,1.2776961718749995,1.0000000000000004,-4.440892098500626e-16,MINIMAL,optimal,1,2_46_7_46_10_46_1_45_RXN
HS16661,CLEC14A,1.277696171875,1.2776961718749995,1.0000000000000004,-4.440892098500626e-16,MINIMAL,optimal,1,2_46_7_46_10_46_1_45_RXN
G66_33465,LPAL2,1.277696171875,1.2776961718749995,1.0000000000000004,-4.440892098500626e-16,MINIMAL,optimal,1,2_46_7_46_10_46_1_45_RXN
G66_46152,CSF1R,1.277696171875,1.2776961718749995,1.0000000000000004,-4.440892098500626e-16,MINIMAL,optimal,1,2_46_7_46_10_46_1_45_RXN
HS10030,TPST1,1.277696171875,1.2776961718749995,1.0000000000000004,-4.440892098500626e-16,MINIMAL,optimal,1,PROTEIN_45_TYROSINE_45_SULFOTRANSFERASE_45_RXN
HS05176,TPST2,1.277696171875,1.2776961718749995,1.0000000000000004,-4.440892098500626e-16,MINIMAL,optimal,1,PROTEIN_45_TYROSINE_45_SULFOTRANSFERASE_45_RXN
HS01463,PPIE,1.277696171875,1.2776961718749995,1.0000000000000004,-4.440892098500626e-16,MINIMAL,optimal,1,PEPTIDYLPROLYL_45_ISOMERASE_45_RXN
HS16254,G_HS16254,1.277696171875,1.2776961718749995,1.0000000000000004,-4.440892098500626e-16,MINIMAL,optimal,1,PEPTIDYLPROLYL_45_ISOMERASE_45_RXN
HS17658,G_HS17658,1.277696171875,1.2776961718749995,1.0000000000000004,-4.440892098500626e-16,MINIMAL,optimal,1,PEPTIDYLPROLYL_45_ISOMERASE_45_RXN
HS04107,PPIAL4A,1.277696171875,1.2776961718749995,1.0000000000000004,-4.440892098500626e-16,MINIMAL,optimal,1,PEPTIDYLPROLYL_45_ISOMERASE_45_RXN
HS16562,G_HS16562,1.277696171875,1.2776961718749995,1.0000000000000004,-4.440892098500626e-16,MINIMAL,optimal,1,PEPTIDYLPROLYL_45_ISOMERASE_45_RXN
HS16827,G_HS16827,1.277696171875,1.2776961718749995,1.0000000000000004,-4.440892098500626e-16,MINIMAL,optimal,1,PEPTIDYLPROLYL_45_ISOMERASE_45_RXN
HS04340,FKBP1B,1.277696171875,1.2776961718749995,1.0000000000000004,-4.440892098500626e-16,MINIMAL,optimal,1,PEPTIDYLPROLYL_45_ISOMERASE_45_RXN
HS17304,G_HS17304,1.277696171875,1.2776961718749995,1.0000000000000004,-4.440892098500626e-16,MINIMAL,optimal,1,PEPTIDYLPROLYL_45_ISOMERASE_45_RXN
HS17060,G_HS17060,1.277696171875,1.2776961718749995,1.0000000000000004,-4.440892098500626e-16,MINIMAL,optimal,1,PEPTIDYLPROLYL_45_ISOMERASE_45_RXN
HS15860,G_HS15860,1.277696171875,1.2776961718749995,1.0000000000000004,-4.440892098500626e-16,MINIMAL,optimal,1,PEPTIDYLPROLYL_45_ISOMERASE_45_RXN
HS01313,FKBP7,1.277696171875,1.2776961718749995,1.0000000000000004,-4.440892098500626e-16,MINIMAL,optimal,1,PEPTIDYLPROLYL_45_ISOMERASE_45_RXN
HS03953,PPIL3,1.277696171875,1.2776961718749995,1.0000000000000004,-4.440892098500626e-16,MINIMAL,optimal,1,PEPTIDYLPROLYL_45_ISOMERASE_45_RXN
HS17631,G_HS17631,1.277696171875,1.2776961718749995,1.0000000000000004,-4.440892098500626e-16,MINIMAL,optimal,1,PEPTIDYLPROLYL_45_ISOMERASE_45_RXN
HS16779,G_HS16779,1.277696171875,1.2776961718749995,1.0000000000000004,-4.440892098500626e-16,MINIMAL,optimal,1,PEPTIDYLPROLYL_45_ISOMERASE_45_RXN
HS13022,G_HS13022,1.277696171875,1.2776961718749995,1.0000000000000004,-4.440892098500626e-16,MINIMAL,optimal,1,PEPTIDYLPROLYL_45_ISOMERASE_45_RXN
HS16550,G_HS16550,1.277696171875,1.2776961718749995,1.0000000000000004,-4.440892098500626e-16,MINIMAL,optimal,1,PEPTIDYLPROLYL_45_ISOMERASE_45_RXN
HS17513,G_HS17513,1.277696171875,1.2776961718749995,1.0000000000000004,-4.440892098500626e-16,MINIMAL,optimal,1,PEPTIDYLPROLYL_45_ISOMERASE_45_RXN
HS17759,G_HS17759,1.277696171875,1.2776961718749995,1.0000000000000004,-4.440892098500626e-16,MINIMAL,optimal,1,PEPTIDYLPROLYL_45_ISOMERASE_45_RXN
HS16793,G_HS16793,1.277696171875,1.2776961718749995,1.0000000000000004,-4.440892098500626e-16,MINIMAL,optimal,1,PEPTIDYLPROLYL_45_ISOMERASE_45_RXN
HS17565,G_HS17565,1.277696171875,1.2776961718749995,1.0000000000000004,-4.440892098500626e-16,MINIMAL,optimal,1,PEPTIDYLPROLYL_45_ISOMERASE_45_RXN
HS10323,PPID,1.277696171875,1.2776961718749995,1.0000000000000004,-4.440892098500626e-16,MINIMAL,optimal,1,PEPTIDYLPROLYL_45_ISOMERASE_45_RXN
HS16665,G_HS16665,1.277696171875,1.2776961718749995,1.0000000000000004,-4.440892098500626e-16,MINIMAL,optimal,1,PEPTIDYLPROLYL_45_ISOMERASE_45_RXN
HS11903,PPWD1,1.277696171875,1.2776961718749995,1.0000000000000004,-4.440892098500626e-16,MINIMAL,optimal,1,PEPTIDYLPROLYL_45_ISOMERASE_45_RXN
HS16615,G_HS16615,1.277696171875,1.2776961718749995,1.0000000000000004,-4.440892098500626e-16,MINIMAL,optimal,1,PEPTIDYLPROLYL_45_ISOMERASE_45_RXN
HS16381,G_HS16381,1.277696171875,1.2776961718749995,1.0000000000000004,-4.440892098500626e-16,MINIMAL,optimal,1,PEPTIDYLPROLYL_45_ISOMERASE_45_RXN
HS09855,PPIC,1.277696171875,1.2776961718749995,1.0000000000000004,-4.440892098500626e-16,MINIMAL,optimal,1,PEPTIDYLPROLYL_45_ISOMERASE_45_RXN
HS13141,G_HS13141,1.277696171875,1.2776961718749995,1.0000000000000004,-4.440892098500626e-16,MINIMAL,optimal,1,PEPTIDYLPROLYL_45_ISOMERASE_45_RXN
HS16228,G_HS16228,1.277696171875,1.2776961718749995,1.0000000000000004,-4.440892098500626e-16,MINIMAL,optimal,1,PEPTIDYLPROLYL_45_ISOMERASE_45_RXN
HS01842,FKBP5,1.277696171875,1.2776961718749995,1.0000000000000004,-4.440892098500626e-16,MINIMAL,optimal,1,PEPTIDYLPROLYL_45_ISOMERASE_45_RXN
HS06281,PPIL1,1.277696171875,1.2776961718749995,1.0000000000000004,-4.440892098500626e-16,MINIMAL,optimal,1,PEPTIDYLPROLYL_45_ISOMERASE_45_RXN
HS17471,G_HS17471,1.277696171875,1.2776961718749995,1.0000000000000004,-4.440892098500626e-16,MINIMAL,optimal,1,PEPTIDYLPROLYL_45_ISOMERASE_45_RXN
HS05468,PPIL4,1.277696171875,1.2776961718749995,1.0000000000000004,-4.440892098500626e-16,MINIMAL,optimal,1,PEPTIDYLPROLYL_45_ISOMERASE_45_RXN
HS16351,G_HS16351,1.277696171875,1.2776961718749995,1.0000000000000004,-4.440892098500626e-16,MINIMAL,optimal,1,PEPTIDYLPROLYL_45_ISOMERASE_45_RXN
HS02860,FKBP14,1.277696171875,1.2776961718749995,1.0000000000000004,-4.440892098500626e-16,MINIMAL,optimal,1,PEPTIDYLPROLYL_45_ISOMERASE_45_RXN
HS16731,FKBP9,1.277696171875,1.2776961718749995,1.0000000000000004,-4.440892098500626e-16,MINIMAL,optimal,1,PEPTIDYLPROLYL_45_ISOMERASE_45_RXN
HS07997,PPIA,1.277696171875,1.2776961718749995,1.0000000000000004,-4.440892098500626e-16,MINIMAL,optimal,1,PEPTIDYLPROLYL_45_ISOMERASE_45_RXN
HS14170,G_HS14170,1.277696171875,1.2776961718749995,1.0000000000000004,-4.440892098500626e-16,MINIMAL,optimal,1,PEPTIDYLPROLYL_45_ISOMERASE_45_RXN
HS01258,FKBP6,1.277696171875,1.2776961718749995,1.0000000000000004,-4.440892098500626e-16,MINIMAL,optimal,1,PEPTIDYLPROLYL_45_ISOMERASE_45_RXN
HS14171,G_HS14171,1.277696171875,1.2776961718749995,1.0000000000000004,-4.440892098500626e-16,MINIMAL,optimal,1,PEPTIDYLPROLYL_45_ISOMERASE_45_RXN
HS16882,G_HS16882,1.277696171875,1.2776961718749995,1.0000000000000004,-4.440892098500626e-16,MINIMAL,optimal,1,PEPTIDYLPROLYL_45_ISOMERASE_45_RXN
HS16999,G_HS16999,1.277696171875,1.2776961718749995,1.0000000000000004,-4.440892098500626e-16,MINIMAL,optimal,1,PEPTIDYLPROLYL_45_ISOMERASE_45_RXN
HS17255,G_HS17255,1.277696171875,1.2776961718749995,1.0000000000000004,-4.440892098500626e-16,MINIMAL,optimal,1,PEPTIDYLPROLYL_45_ISOMERASE_45_RXN
HS17101,G_HS17101,1.277696171875,1.2776961718749995,1.0000000000000004,-4.440892098500626e-16,MINIMAL,optimal,1,PEPTIDYLPROLYL_45_ISOMERASE_45_RXN
HS17129,G_HS17129,1.277696171875,1.2776961718749995,1.0000000000000004,-4.440892098500626e-16,MINIMAL,optimal,1,PEPTIDYLPROLYL_45_ISOMERASE_45_RXN
HS17112,G_HS17112,1.277696171875,1.2776961718749995,1.0000000000000004,-4.440892098500626e-16,MINIMAL,optimal,1,PEPTIDYLPROLYL_45_ISOMERASE_45_RXN
HS17409,G_HS17409,1.277696171875,1.2776961718749995,1.0000000000000004,-4.440892098500626e-16,MINIMAL,optimal,1,PEPTIDYLPROLYL_45_ISOMERASE_45_RXN
HS16565,G_HS16565,1.277696171875,1.2776961718749995,1.0000000000000004,-4.440892098500626e-16,MINIMAL,optimal,1,PEPTIDYLPROLYL_45_ISOMERASE_45_RXN
HS16202,G_HS16202,1.277696171875,1.2776961718749995,1.0000000000000004,-4.440892098500626e-16,MINIMAL,optimal,1,PEPTIDYLPROLYL_45_ISOMERASE_45_RXN
HS03069,PPIF,1.277696171875,1.2776961718749995,1.0000000000000004,-4.440892098500626e-16,MINIMAL,optimal,1,PEPTIDYLPROLYL_45_ISOMERASE_45_RXN
HS15708,G_HS15708,1.277696171875,1.2776961718749995,1.0000000000000004,-4.440892098500626e-16,MINIMAL,optimal,1,PEPTIDYLPROLYL_45_ISOMERASE_45_RXN
HS16769,G_HS16769,1.277696171875,1.2776961718749995,1.0000000000000004,-4.440892098500626e-16,MINIMAL,optimal,1,PEPTIDYLPROLYL_45_ISOMERASE_45_RXN
HS17590,G_HS17590,1.277696171875,1.2776961718749995,1.0000000000000004,-4.440892098500626e-16,MINIMAL,optimal,1,PEPTIDYLPROLYL_45_ISOMERASE_45_RXN
HS10674,FKBP2,1.277696171875,1.2776961718749995,1.0000000000000004,-4.440892098500626e-16,MINIMAL,optimal,1,PEPTIDYLPROLYL_45_ISOMERASE_45_RXN
HS00105,FKBP4,1.277696171875,1.2776961718749995,1.0000000000000004,-4.440892098500626e-16,MINIMAL,optimal,1,PEPTIDYLPROLYL_45_ISOMERASE_45_RXN
HS17327,G_HS17327,1.277696171875,1.2776961718749995,1.0000000000000004,-4.440892098500626e-16,MINIMAL,optimal,1,PEPTIDYLPROLYL_45_ISOMERASE_45_RXN
HS05851,FKBP11,1.277696171875,1.2776961718749995,1.0000000000000004,-4.440892098500626e-16,MINIMAL,optimal,1,PEPTIDYLPROLYL_45_ISOMERASE_45_RXN
HS17165,G_HS17165,1.277696171875,1.2776961718749995,1.0000000000000004,-4.440892098500626e-16,MINIMAL,optimal,1,PEPTIDYLPROLYL_45_ISOMERASE_45_RXN
HS16543,G_HS16543,1.277696171875,1.2776961718749995,1.0000000000000004,-4.440892098500626e-16,MINIMAL,optimal,1,PEPTIDYLPROLYL_45_ISOMERASE_45_RXN
HS14318,G_HS14318,1.277696171875,1.2776961718749995,1.0000000000000004,-4.440892098500626e-16,MINIMAL,optimal,1,PEPTIDYLPROLYL_45_ISOMERASE_45_RXN
HS16930,G_HS16930,1.277696171875,1.2776961718749995,1.0000000000000004,-4.440892098500626e-16,MINIMAL,optimal,1,PEPTIDYLPROLYL_45_ISOMERASE_45_RXN
HS16333,G_HS16333,1.277696171875,1.2776961718749995,1.0000000000000004,-4.440892098500626e-16,MINIMAL,optimal,1,PEPTIDYLPROLYL_45_ISOMERASE_45_RXN
HS02087,FKBP3,1.277696171875,1.2776961718749995,1.0000000000000004,-4.440892098500626e-16,MINIMAL,optimal,1,PEPTIDYLPROLYL_45_ISOMERASE_45_RXN
HS17493,G_HS17493,1.277696171875,1.2776961718749995,1.0000000000000004,-4.440892098500626e-16,MINIMAL,optimal,1,PEPTIDYLPROLYL_45_ISOMERASE_45_RXN
HS17290,G_HS17290,1.277696171875,1.2776961718749995,1.0000000000000004,-4.440892098500626e-16,MINIMAL,optimal,1,PEPTIDYLPROLYL_45_ISOMERASE_45_RXN
HS16896,G_HS16896,1.277696171875,1.2776961718749995,1.0000000000000004,-4.440892098500626e-16,MINIMAL,optimal,1,PEPTIDYLPROLYL_45_ISOMERASE_45_RXN
HS17082,G_HS17082,1.277696171875,1.2776961718749995,1.0000000000000004,-4.440892098500626e-16,MINIMAL,optimal,1,PEPTIDYLPROLYL_45_ISOMERASE_45_RXN
HS06870,FKBP10,1.277696171875,1.2776961718749995,1.0000000000000004,-4.440892098500626e-16,MINIMAL,optimal,1,PEPTIDYLPROLYL_45_ISOMERASE_45_RXN
HS16982,G_HS16982,1.277696171875,1.2776961718749995,1.0000000000000004,-4.440892098500626e-16,MINIMAL,optimal,1,PEPTIDYLPROLYL_45_ISOMERASE_45_RXN
HS05098,PIN1,1.277696171875,1.2776961718749995,1.0000000000000004,-4.440892098500626e-16,MINIMAL,optimal,1,PEPTIDYLPROLYL_45_ISOMERASE_45_RXN
HS17382,G_HS17382,1.277696171875,1.2776961718749995,1.0000000000000004,-4.440892098500626e-16,MINIMAL,optimal,1,PEPTIDYLPROLYL_45_ISOMERASE_45_RXN
HS01611,FKBP1A,1.277696171875,1.2776961718749995,1.0000000000000004,-4.440892098500626e-16,MINIMAL,optimal,1,PEPTIDYLPROLYL_45_ISOMERASE_45_RXN
HS17673,G_HS17673,1.277696171875,1.2776961718749995,1.0000000000000004,-4.440892098500626e-16,MINIMAL,optimal,1,PEPTIDYLPROLYL_45_ISOMERASE_45_RXN
HS15467,G_HS15467,1.277696171875,1.2776961718749995,1.0000000000000004,-4.440892098500626e-16,MINIMAL,optimal,1,PEPTIDYLPROLYL_45_ISOMERASE_45_RXN
HS13448,G_HS13448,1.277696171875,1.2776961718749995,1.0000000000000004,-4.440892098500626e-16,MINIMAL,optimal,1,PEPTIDYLPROLYL_45_ISOMERASE_45_RXN
HS17598,G_HS17598,1.277696171875,1.2776961718749995,1.0000000000000004,-4.440892098500626e-16,MINIMAL,optimal,1,PEPTIDYLPROLYL_45_ISOMERASE_45_RXN
HS01952,PPIL2,1.277696171875,1.2776961718749995,1.0000000000000004,-4.440892098500626e-16,MINIMAL,optimal,1,PEPTIDYLPROLYL_45_ISOMERASE_45_RXN
HS02381,PIN4,1.277696171875,1.2776961718749995,1.0000000000000004,-4.440892098500626e-16,MINIMAL,optimal,1,PEPTIDYLPROLYL_45_ISOMERASE_45_RXN
HS10424,PPIH,1.277696171875,1.2776961718749995,1.0000000000000004,-4.440892098500626e-16,MINIMAL,optimal,1,PEPTIDYLPROLYL_45_ISOMERASE_45_RXN
HS06500,PPIG,1.277696171875,1.2776961718749995,1.0000000000000004,-4.440892098500626e-16,MINIMAL,optimal,1,PEPTIDYLPROLYL_45_ISOMERASE_45_RXN
HS02799,FKBP8,1.277696171875,1.2776961718749995,1.0000000000000004,-4.440892098500626e-16,MINIMAL,optimal,1,PEPTIDYLPROLYL_45_ISOMERASE_45_RXN
HS07872,SDCCAG10,1.277696171875,1.2776961718749995,1.0000000000000004,-4.440892098500626e-16,MINIMAL,optimal,1,PEPTIDYLPROLYL_45_ISOMERASE_45_RXN
HS11954,PPIL6,1.277696171875,1.2776961718749995,1.0000000000000004,-4.440892098500626e-16,MINIMAL,optimal,1,PEPTIDYLPROLYL_45_ISOMERASE_45_RXN
HS10977,MSRA,1.277696171875,1.2776961718749995,1.0000000000000004,-4.440892098500626e-16,MINIMAL,optimal,2,1_46_8_46_4_46_12_45_RXN;1_46_8_46_4_46_13_45_RXN
HS16296,MSRB3,1.277696171875,1.2776961718749995,1.0000000000000004,-4.440892098500626e-16,MINIMAL,optimal,2,1_46_8_46_4_46_12_45_RXN;1_46_8_46_4_46_14_45_RXN
HS07529,MSRB2,1.277696171875,1.2776961718749995,1.0000000000000004,-4.440892098500626e-16,MINIMAL,optimal,2,1_46_8_46_4_46_12_45_RXN;1_46_8_46_4_46_14_45_RXN
G66_47329,MSRB1,1.277696171875,1.2776961718749995,1.0000000000000004,-4.440892098500626e-16,MINIMAL,optimal,1,1_46_8_46_4_46_12_45_RXN
HS08943,TGM4,1.277696171875,1.2776961718749995,1.0000000000000004,-4.440892098500626e-16,MINIMAL,optimal,2,RXN_45_19236;2_46_3_46_2_46_13_45_RXN
HS07018,F13B,1.277696171875,1.2776961718749995,1.0000000000000004,-4.440892098500626e-16,MINIMAL,optimal,1,2_46_3_46_2_46_13_45_RXN
HS04779,F13A1,1.277696171875,1.2776961718749995,1.0000000000000004,-4.440892098500626e-16,MINIMAL,optimal,2,RXN_45_19236;2_46_3_46_2_46_13_45_RXN
HS01767,TGM1,1.277696171875,1.2776961718749995,1.0000000000000004,-4.440892098500626e-16,MINIMAL,optimal,2,RXN_45_19236;2_46_3_46_2_46_13_45_RXN
HS02541,TGM5,1.277696171875,1.2776961718749995,1.0000000000000004,-4.440892098500626e-16,MINIMAL,optimal,2,RXN_45_19236;2_46_3_46_2_46_13_45_RXN
HS08407,TGM7,1.277696171875,1.2776961718749995,1.0000000000000004,-4.440892098500626e-16,MINIMAL,optimal,2,RXN_45_19236;2_46_3_46_2_46_13_45_RXN
HS04931,TGM3,1.277696171875,1.2776961718749995,1.0000000000000004,-4.440892098500626e-16,MINIMAL,optimal,2,RXN_45_19236;2_46_3_46_2_46_13_45_RXN
HS09488,TGM6,1.277696171875,1.2776961718749995,1.0000000000000004,-4.440892098500626e-16,MINIMAL,optimal,2,RXN_45_19236;2_46_3_46_2_46_13_45_RXN
HS02263,TGM2,1.277696171875,1.2776961718749995,1.0000000000000004,-4.440892098500626e-16,MINIMAL,optimal,2,RXN_45_19236;2_46_3_46_2_46_13_45_RXN
HS10127,MGMT,1.277696171875,1.2776961718749995,1.0000000000000004,-4.440892098500626e-16,MINIMAL,optimal,1,2_46_1_46_1_46_63_45_RXN
HS09135,ASPH,1.277696171875,1.2776961718749995,1.0000000000000004,-4.440892098500626e-16,MINIMAL,optimal,1,PEPTIDE_45_ASPARTATE_45_BETA_45_DIOXYGENASE_45_RXN
HS16412,ASPHD1,1.277696171875,1.2776961718749995,1.0000000000000004,-4.440892098500626e-16,MINIMAL,optimal,1,PEPTIDE_45_ASPARTATE_45_BETA_45_DIOXYGENASE_45_RXN
HS05161,ASPHD2,1.277696171875,1.2776961718749995,1.0000000000000004,-4.440892098500626e-16,MINIMAL,optimal,1,PEPTIDE_45_ASPARTATE_45_BETA_45_DIOXYGENASE_45_RXN
HS04094,PADI2,1.277696171875,1.2776961718749995,1.0000000000000004,-4.440892098500626e-16,MINIMAL,optimal,1,PROTEIN_45_ARGININE_45_DEIMINASE_45_RXN
HS06945,PADI1,1.277696171875,1.2776961718749995,1.0000000000000004,-4.440892098500626e-16,MINIMAL,optimal,1,PROTEIN_45_ARGININE_45_DEIMINASE_45_RXN
HS06944,PADI3,1.277696171875,1.2776961718749995,1.0000000000000004,-4.440892098500626e-16,MINIMAL,optimal,1,PROTEIN_45_ARGININE_45_DEIMINASE_45_RXN
HS08389,PADI4,1.277696171875,1.2776961718749995,1.0000000000000004,-4.440892098500626e-16,MINIMAL,optimal,1,PROTEIN_45_ARGININE_45_DEIMINASE_45_RXN
G66_31585,PADI6,1.277696171875,1.2776961718749995,1.0000000000000004,-4.440892098500626e-16,MINIMAL,optimal,1,PROTEIN_45_ARGININE_45_DEIMINASE_45_RXN
HS08104,ART3,1.277696171875,1.2776961718749995,1.0000000000000004,-4.440892098500626e-16,MINIMAL,optimal,1,2_46_4_46_2_46_31_45_RXN
HS09538,ART5,1.277696171875,1.2776961718749995,1.0000000000000004,-4.440892098500626e-16,MINIMAL,optimal,1,2_46_4_46_2_46_31_45_RXN
HS05308,ART1,1.277696171875,1.2776961718749995,1.0000000000000004,-4.440892098500626e-16,MINIMAL,optimal,1,2_46_4_46_2_46_31_45_RXN
HS03406,ART4,1.277696171875,1.2776961718749995,1.0000000000000004,-4.440892098500626e-16,MINIMAL,optimal,1,2_46_4_46_2_46_31_45_RXN
HS01247,SIRT6,1.277696171875,1.2776961718749995,1.0000000000000004,-4.440892098500626e-16,MINIMAL,optimal,1,2_46_4_46_2_46_31_45_RXN
HS05660,PRMT7,1.277696171875,1.2776961718749995,1.0000000000000004,-4.440892098500626e-16,MINIMAL,optimal,1,RXN_45_16889
HS03381,PRMT8,1.277696171875,1.2776961718749995,1.0000000000000004,-4.440892098500626e-16,MINIMAL,optimal,1,RXN_45_17121
G66_46640,PRMT3,1.277696171875,1.2776961718749995,1.0000000000000004,-4.440892098500626e-16,MINIMAL,optimal,1,RXN_45_17121
HS08486,PRMT2,1.277696171875,1.2776961718749995,1.0000000000000004,-4.440892098500626e-16,MINIMAL,optimal,1,RXN_45_17121
HS13925,PRMT4,1.277696171875,1.2776961718749995,1.0000000000000004,-4.440892098500626e-16,MINIMAL,optimal,1,RXN_45_17121
HS11391,PRMT6,1.277696171875,1.2776961718749995,1.0000000000000004,-4.440892098500626e-16,MINIMAL,optimal,1,RXN_45_17121
HS05019,PRMT1,1.277696171875,1.2776961718749995,1.0000000000000004,-4.440892098500626e-16,MINIMAL,optimal,2,RXN_45_16889;RXN_45_17121
HS15162,PRMT9,1.277696171875,1.2776961718749995,1.0000000000000004,-4.440892098500626e-16,MINIMAL,optimal,1,RXN_45_17120
HS02092,PRMT5,1.277696171875,1.2776961718749995,1.0000000000000004,-4.440892098500626e-16,MINIMAL,optimal,2,RXN_45_16892;RXN_45_17120
HS04385,PCMT1,1.277696171875,1.2776961718749995,1.0000000000000004,-4.440892098500626e-16,MINIMAL,optimal,1,2_46_1_46_1_46_77_45_RXN
HS09730,PCMTD1,1.277696171875,1.2776961718749995,1.0000000000000004,-4.440892098500626e-16,MINIMAL,optimal,1,2_46_1_46_1_46_77_45_RXN
HS11004,PCMTD2,1.277696171875,1.2776961718749995,1.0000000000000004,-4.440892098500626e-16,MINIMAL,optimal,1,2_46_1_46_1_46_77_45_RXN
HS04047,UCHL5,1.277696171875,1.2776961718749995,1.0000000000000004,-4.440892098500626e-16,MINIMAL,optimal,1,3_46_4_46_19_46_12_45_RXN
HS04261,UCHL3,1.277696171875,1.2776961718749995,1.0000000000000004,-4.440892098500626e-16,MINIMAL,optimal,1,3_46_4_46_19_46_12_45_RXN
HS07970,UCHL1,1.277696171875,1.2776961718749995,1.0000000000000004,-4.440892098500626e-16,MINIMAL,optimal,1,3_46_4_46_19_46_12_45_RXN
HS00519,USP2,1.277696171875,1.2776961718749995,1.0000000000000004,-4.440892098500626e-16,MINIMAL,optimal,1,3_46_4_46_19_46_12_45_RXN
HS03440,USP5,1.277696171875,1.2776961718749995,1.0000000000000004,-4.440892098500626e-16,MINIMAL,optimal,1,3_46_4_46_19_46_12_45_RXN
HS03755,USP4,1.277696171875,1.2776961718749995,1.0000000000000004,-4.440892098500626e-16,MINIMAL,optimal,1,3_46_4_46_19_46_12_45_RXN
HS05254,USP6,1.277696171875,1.2776961718749995,1.0000000000000004,-4.440892098500626e-16,MINIMAL,optimal,1,3_46_4_46_19_46_12_45_RXN
HS06513,USP8,1.277696171875,1.2776961718749995,1.0000000000000004,-4.440892098500626e-16,MINIMAL,optimal,1,3_46_4_46_19_46_12_45_RXN
HS06718,USP3,1.277696171875,1.2776961718749995,1.0000000000000004,-4.440892098500626e-16,MINIMAL,optimal,1,3_46_4_46_19_46_12_45_RXN
HS08702,USP1,1.277696171875,1.2776961718749995,1.0000000000000004,-4.440892098500626e-16,MINIMAL,optimal,1,3_46_4_46_19_46_12_45_RXN
HS17096,G_HS17096,1.277696171875,1.2776961718749995,1.0000000000000004,-4.440892098500626e-16,MINIMAL,optimal,1,3_46_4_46_19_46_12_45_RXN
HS10354,USP7,1.277696171875,1.2776961718749995,1.0000000000000004,-4.440892098500626e-16,MINIMAL,optimal,1,3_46_4_46_19_46_12_45_RXN
HS08967,BAP1,1.277696171875,1.2776961718749995,1.0000000000000004,-4.440892098500626e-16,MINIMAL,optimal,1,3_46_4_46_19_46_12_45_RXN
G66_32952,USP17L6,1.277696171875,1.2776961718749995,1.0000000000000004,-4.440892098500626e-16,MINIMAL,optimal,1,3_46_4_46_19_46_12_45_RXN
HS09283,BRCC3,1.277696171875,1.2776961718749995,1.0000000000000004,-4.440892098500626e-16,MINIMAL,optimal,1,3_46_4_46_19_46_12_45_RXN
HS10189,USP32,1.277696171875,1.2776961718749995,1.0000000000000004,-4.440892098500626e-16,MINIMAL,optimal,1,3_46_4_46_19_46_12_45_RXN
HS10080,USP38,1.277696171875,1.2776961718749995,1.0000000000000004,-4.440892098500626e-16,MINIMAL,optimal,1,3_46_4_46_19_46_12_45_RXN
HS09114,USP49,1.277696171875,1.2776961718749995,1.0000000000000004,-4.440892098500626e-16,MINIMAL,optimal,1,3_46_4_46_19_46_12_45_RXN
HS08701,MYSM1,1.277696171875,1.2776961718749995,1.0000000000000004,-4.440892098500626e-16,MINIMAL,optimal,1,3_46_4_46_19_46_12_45_RXN
HS08572,USP41,1.277696171875,1.2776961718749995,1.0000000000000004,-4.440892098500626e-16,MINIMAL,optimal,1,3_46_4_46_19_46_12_45_RXN
HS08015,USP43,1.277696171875,1.2776961718749995,1.0000000000000004,-4.440892098500626e-16,MINIMAL,optimal,1,3_46_4_46_19_46_12_45_RXN
HS13713,STAMBPL1,1.277696171875,1.2776961718749995,1.0000000000000004,-4.440892098500626e-16,MINIMAL,optimal,1,3_46_4_46_19_46_12_45_RXN
HS06103,USP44,1.277696171875,1.2776961718749995,1.0000000000000004,-4.440892098500626e-16,MINIMAL,optimal,1,3_46_4_46_19_46_12_45_RXN
HS05951,USP30,1.277696171875,1.2776961718749995,1.0000000000000004,-4.440892098500626e-16,MINIMAL,optimal,1,3_46_4_46_19_46_12_45_RXN
HS04762,STAMBP,1.277696171875,1.2776961718749995,1.0000000000000004,-4.440892098500626e-16,MINIMAL,optimal,1,3_46_4_46_19_46_12_45_RXN
HS04215,USP35,1.277696171875,1.2776961718749995,1.0000000000000004,-4.440892098500626e-16,MINIMAL,optimal,1,3_46_4_46_19_46_12_45_RXN
HS03893,USP34,1.277696171875,1.2776961718749995,1.0000000000000004,-4.440892098500626e-16,MINIMAL,optimal,1,3_46_4_46_19_46_12_45_RXN
HS03852,PSMD14,1.277696171875,1.2776961718749995,1.0000000000000004,-4.440892098500626e-16,MINIMAL,optimal,1,3_46_4_46_19_46_12_45_RXN
HS01704,USP48,1.277696171875,1.2776961718749995,1.0000000000000004,-4.440892098500626e-16,MINIMAL,optimal,1,3_46_4_46_19_46_12_45_RXN
HS01514,USP40,1.277696171875,1.2776961718749995,1.0000000000000004,-4.440892098500626e-16,MINIMAL,optimal,1,3_46_4_46_19_46_12_45_RXN
HS01450,CYLD,1.277696171875,1.2776961718749995,1.0000000000000004,-4.440892098500626e-16,MINIMAL,optimal,1,3_46_4_46_19_46_12_45_RXN
HS01237,USP33,1.277696171875,1.2776961718749995,1.0000000000000004,-4.440892098500626e-16,MINIMAL,optimal,1,3_46_4_46_19_46_12_45_RXN
HS12191,OTUD5,1.277696171875,1.2776961718749995,1.0000000000000004,-4.440892098500626e-16,MINIMAL,optimal,1,3_46_4_46_19_46_12_45_RXN
HS03762,USP9Y,1.277696171875,1.2776961718749995,1.0000000000000004,-4.440892098500626e-16,MINIMAL,optimal,1,3_46_4_46_19_46_12_45_RXN
HS05890,USP26,1.277696171875,1.2776961718749995,1.0000000000000004,-4.440892098500626e-16,MINIMAL,optimal,1,3_46_4_46_19_46_12_45_RXN
HS17706,G_HS17706,1.277696171875,1.2776961718749995,1.0000000000000004,-4.440892098500626e-16,MINIMAL,optimal,1,3_46_4_46_19_46_12_45_RXN
HS17606,USP27X,1.277696171875,1.2776961718749995,1.0000000000000004,-4.440892098500626e-16,MINIMAL,optimal,1,3_46_4_46_19_46_12_45_RXN
HS02370,USP11,1.277696171875,1.2776961718749995,1.0000000000000004,-4.440892098500626e-16,MINIMAL,optimal,1,3_46_4_46_19_46_12_45_RXN
HS04777,USP9X,1.277696171875,1.2776961718749995,1.0000000000000004,-4.440892098500626e-16,MINIMAL,optimal,1,3_46_4_46_19_46_12_45_RXN
HS16527,G_HS16527,1.277696171875,1.2776961718749995,1.0000000000000004,-4.440892098500626e-16,MINIMAL,optimal,1,3_46_4_46_19_46_12_45_RXN
HS08110,USP16,1.277696171875,1.2776961718749995,1.0000000000000004,-4.440892098500626e-16,MINIMAL,optimal,1,3_46_4_46_19_46_12_45_RXN
HS08041,USP25,1.277696171875,1.2776961718749995,1.0000000000000004,-4.440892098500626e-16,MINIMAL,optimal,1,3_46_4_46_19_46_12_45_RXN
HS05579,USP29,1.277696171875,1.2776961718749995,1.0000000000000004,-4.440892098500626e-16,MINIMAL,optimal,1,3_46_4_46_19_46_12_45_RXN
HS02289,USP14,1.277696171875,1.2776961718749995,1.0000000000000004,-4.440892098500626e-16,MINIMAL,optimal,1,3_46_4_46_19_46_12_45_RXN
HS00684,USP36,1.277696171875,1.2776961718749995,1.0000000000000004,-4.440892098500626e-16,MINIMAL,optimal,1,3_46_4_46_19_46_12_45_RXN
HS04768,USP22,1.277696171875,1.2776961718749995,1.0000000000000004,-4.440892098500626e-16,MINIMAL,optimal,1,3_46_4_46_19_46_12_45_RXN
HS02469,USP10,1.277696171875,1.2776961718749995,1.0000000000000004,-4.440892098500626e-16,MINIMAL,optimal,1,3_46_4_46_19_46_12_45_RXN
HS02499,USP31,1.277696171875,1.2776961718749995,1.0000000000000004,-4.440892098500626e-16,MINIMAL,optimal,1,3_46_4_46_19_46_12_45_RXN
HS07826,USP12,1.277696171875,1.2776961718749995,1.0000000000000004,-4.440892098500626e-16,MINIMAL,optimal,1,3_46_4_46_19_46_12_45_RXN
HS06045,USP15,1.277696171875,1.2776961718749995,1.0000000000000004,-4.440892098500626e-16,MINIMAL,optimal,1,3_46_4_46_19_46_12_45_RXN
HS00598,USP28,1.277696171875,1.2776961718749995,1.0000000000000004,-4.440892098500626e-16,MINIMAL,optimal,1,3_46_4_46_19_46_12_45_RXN
HS10086,USP47,1.277696171875,1.2776961718749995,1.0000000000000004,-4.440892098500626e-16,MINIMAL,optimal,1,3_46_4_46_19_46_12_45_RXN
HS06238,USP20,1.277696171875,1.2776961718749995,1.0000000000000004,-4.440892098500626e-16,MINIMAL,optimal,1,3_46_4_46_19_46_12_45_RXN
HS02895,USP42,1.277696171875,1.2776961718749995,1.0000000000000004,-4.440892098500626e-16,MINIMAL,optimal,1,3_46_4_46_19_46_12_45_RXN
HS04668,USP45,1.277696171875,1.2776961718749995,1.0000000000000004,-4.440892098500626e-16,MINIMAL,optimal,1,3_46_4_46_19_46_12_45_RXN
HS03209,USP46,1.277696171875,1.2776961718749995,1.0000000000000004,-4.440892098500626e-16,MINIMAL,optimal,1,3_46_4_46_19_46_12_45_RXN
HS16987,G_HS16987,1.277696171875,1.2776961718749995,1.0000000000000004,-4.440892098500626e-16,MINIMAL,optimal,1,3_46_4_46_19_46_12_45_RXN
HS00715,USP13,1.277696171875,1.2776961718749995,1.0000000000000004,-4.440892098500626e-16,MINIMAL,optimal,1,3_46_4_46_19_46_12_45_RXN
HS10440,USP19,1.277696171875,1.2776961718749995,1.0000000000000004,-4.440892098500626e-16,MINIMAL,optimal,1,3_46_4_46_19_46_12_45_RXN
HS06081,USP37,1.277696171875,1.2776961718749995,1.0000000000000004,-4.440892098500626e-16,MINIMAL,optimal,1,3_46_4_46_19_46_12_45_RXN
HS07017,USP21,1.277696171875,1.2776961718749995,1.0000000000000004,-4.440892098500626e-16,MINIMAL,optimal,1,3_46_4_46_19_46_12_45_RXN
HS17429,G_HS17429,1.277696171875,1.2776961718749995,1.0000000000000004,-4.440892098500626e-16,MINIMAL,optimal,1,3_46_4_46_19_46_12_45_RXN
HS15752,G_HS15752,1.277696171875,1.2776961718749995,1.0000000000000004,-4.440892098500626e-16,MINIMAL,optimal,1,3_46_4_46_19_46_12_45_RXN
HS08669,USP24,1.277696171875,1.2776961718749995,1.0000000000000004,-4.440892098500626e-16,MINIMAL,optimal,1,3_46_4_46_19_46_12_45_RXN
HS10491,BPGM,1.277696171875,1.2776961718749995,1.0000000000000004,-4.440892098500626e-16,MINIMAL,optimal,2,RXN_45_17276;RXN_45_17274
HS09121,PGAM2,1.277696171875,1.2776961718749995,1.0000000000000004,-4.440892098500626e-16,MINIMAL,optimal,4,RXN_45_15509;RXN_45_15512;RXN_45_15510;RXN_45_15511
HS00535,VCAN,1.277696171875,1.2776961718749995,1.0000000000000004,-4.440892098500626e-16,MINIMAL,optimal,4,RXN_45_15509;RXN_45_15512;RXN_45_15510;RXN_45_15511
HS06850,FN3KRP,1.277696171875,1.2776961718749995,1.0000000000000004,-4.440892098500626e-16,MINIMAL,optimal,2,RXN_45_12003;RXN_45_12004
HS09549,FN3K,1.277696171875,1.2776961718749995,1.0000000000000004,-4.440892098500626e-16,MINIMAL,optimal,2,RXN_45_12006;RXN_45_12005
HS12134,PHPT1,1.277696171875,1.2776961718749995,1.0000000000000004,-4.440892098500626e-16,MINIMAL,optimal,3,RXN_45_17133;RXN_45_17132;RXN_45_17131
HS05239,LOXL1,1.277696171875,1.2776961718749995,1.0000000000000004,-4.440892098500626e-16,MINIMAL,optimal,5,RXN_45_11784;PROTEIN_45_LYSINE_45_6_45_OXIDASE_45_RXN;RXN_45_18950;RXN_45_18454;RXN_45_18951
HS05803,LOXL2,1.277696171875,1.2776961718749995,1.0000000000000004,-4.440892098500626e-16,MINIMAL,optimal,5,RXN_45_11784;PROTEIN_45_LYSINE_45_6_45_OXIDASE_45_RXN;RXN_45_18950;RXN_45_18454;RXN_45_18951
HS06461,LOXL4,1.277696171875,1.2776961718749995,1.0000000000000004,-4.440892098500626e-16,MINIMAL,optimal,5,RXN_45_11784;PROTEIN_45_LYSINE_45_6_45_OXIDASE_45_RXN;RXN_45_18950;RXN_45_18454;RXN_45_18951
HS03646,LOX,1.277696171875,1.2776961718749995,1.0000000000000004,-4.440892098500626e-16,MINIMAL,optimal,5,RXN_45_11784;PROTEIN_45_LYSINE_45_6_45_OXIDASE_45_RXN;RXN_45_18950;RXN_45_18454;RXN_45_18951
HS01525,FOLH1,1.277696171875,1.2776961718749995,1.0000000000000004,-4.440892098500626e-16,MINIMAL,optimal,2,3_46_4_46_17_46_21_45_RXN;3_46_4_46_17_46_11_45_RXN
HS09686,NAALADL1,1.277696171875,1.2776961718749995,1.0000000000000004,-4.440892098500626e-16,MINIMAL,optimal,1,3_46_4_46_17_46_21_45_RXN
HS01253,NAALAD2,1.277696171875,1.2776961718749995,1.0000000000000004,-4.440892098500626e-16,MINIMAL,optimal,1,3_46_4_46_17_46_21_45_RXN
HS13536,FOLH1B,1.277696171875,1.2776961718749995,1.0000000000000004,-4.440892098500626e-16,MINIMAL,optimal,1,3_46_4_46_17_46_21_45_RXN
HS03941,QPCT,1.277696171875,1.2776961718749995,1.0000000000000004,-4.440892098500626e-16,MINIMAL,optimal,1,RXN_45_19145
HS05394,PGPEP1,1.277696171875,1.2776961718749995,1.0000000000000004,-4.440892098500626e-16,MINIMAL,optimal,1,PYROGLUTAMYL_45_PEPTIDASE_45_I_45_RXN
HS00913,PRKCZ,1.277696171875,1.2776961718749995,1.0000000000000004,-4.440892098500626e-16,MINIMAL,optimal,1,PROTEIN_45_KINASE_45_RXN
HS10737,PLK3,1.277696171875,1.2776961718749995,1.0000000000000004,-4.440892098500626e-16,MINIMAL,optimal,1,PROTEIN_45_KINASE_45_RXN
HS07808,UHMK1,1.277696171875,1.2776961718749995,1.0000000000000004,-4.440892098500626e-16,MINIMAL,optimal,1,PROTEIN_45_KINASE_45_RXN
HS04163,NEK2,1.277696171875,1.2776961718749995,1.0000000000000004,-4.440892098500626e-16,MINIMAL,optimal,1,PROTEIN_45_KINASE_45_RXN
HS04537,ACVR2A,1.277696171875,1.2776961718749995,1.0000000000000004,-4.440892098500626e-16,MINIMAL,optimal,1,PROTEIN_45_KINASE_45_RXN
HS00348,CLK1,1.277696171875,1.2776961718749995,1.0000000000000004,-4.440892098500626e-16,MINIMAL,optimal,1,PROTEIN_45_KINASE_45_RXN
HS03924,STK16,1.277696171875,1.2776961718749995,1.0000000000000004,-4.440892098500626e-16,MINIMAL,optimal,1,PROTEIN_45_KINASE_45_RXN
HS03929,STK25,1.277696171875,1.2776961718749995,1.0000000000000004,-4.440892098500626e-16,MINIMAL,optimal,1,PROTEIN_45_KINASE_45_RXN
HS03815,NEK4,1.277696171875,1.2776961718749995,1.0000000000000004,-4.440892098500626e-16,MINIMAL,optimal,1,PROTEIN_45_KINASE_45_RXN
HS06554,CDKL2,1.277696171875,1.2776961718749995,1.0000000000000004,-4.440892098500626e-16,MINIMAL,optimal,1,PROTEIN_45_KINASE_45_RXN
HS06538,BMPR1B,1.277696171875,1.2776961718749995,1.0000000000000004,-4.440892098500626e-16,MINIMAL,optimal,1,PROTEIN_45_KINASE_45_RXN
HS06366,NEK1,1.277696171875,1.2776961718749995,1.0000000000000004,-4.440892098500626e-16,MINIMAL,optimal,1,PROTEIN_45_KINASE_45_RXN
HS01082,STK10,1.277696171875,1.2776961718749995,1.0000000000000004,-4.440892098500626e-16,MINIMAL,optimal,1,PROTEIN_45_KINASE_45_RXN
HS03613,PRPF4B,1.277696171875,1.2776961718749995,1.0000000000000004,-4.440892098500626e-16,MINIMAL,optimal,1,PROTEIN_45_KINASE_45_RXN
HS09371,STK19,1.277696171875,1.2776961718749995,1.0000000000000004,-4.440892098500626e-16,MINIMAL,optimal,1,PROTEIN_45_KINASE_45_RXN
HS06287,PIM1,1.277696171875,1.2776961718749995,1.0000000000000004,-4.440892098500626e-16,MINIMAL,optimal,1,PROTEIN_45_KINASE_45_RXN
HS06139,STK31,1.277696171875,1.2776961718749995,1.0000000000000004,-4.440892098500626e-16,MINIMAL,optimal,1,PROTEIN_45_KINASE_45_RXN
HS02941,LIMK1,1.277696171875,1.2776961718749995,1.0000000000000004,-4.440892098500626e-16,MINIMAL,optimal,1,PROTEIN_45_KINASE_45_RXN
HS04461,PRKDC,1.277696171875,1.2776961718749995,1.0000000000000004,-4.440892098500626e-16,MINIMAL,optimal,1,PROTEIN_45_KINASE_45_RXN
HS02575,STK3,1.277696171875,1.2776961718749995,1.0000000000000004,-4.440892098500626e-16,MINIMAL,optimal,1,PROTEIN_45_KINASE_45_RXN
HS00044,PRKG1,1.277696171875,1.2776961718749995,1.0000000000000004,-4.440892098500626e-16,MINIMAL,optimal,1,PROTEIN_45_KINASE_45_RXN
HS07604,ATM,1.277696171875,1.2776961718749995,1.0000000000000004,-4.440892098500626e-16,MINIMAL,optimal,1,PROTEIN_45_KINASE_45_RXN
HS06631,ACVRL1,1.277696171875,1.2776961718749995,1.0000000000000004,-4.440892098500626e-16,MINIMAL,optimal,1,PROTEIN_45_KINASE_45_RXN
HS06021,ACVR1B,1.277696171875,1.2776961718749995,1.0000000000000004,-4.440892098500626e-16,MINIMAL,optimal,1,PROTEIN_45_KINASE_45_RXN
HS05999,AMHR2,1.277696171875,1.2776961718749995,1.0000000000000004,-4.440892098500626e-16,MINIMAL,optimal,1,PROTEIN_45_KINASE_45_RXN
HS06639,MAP3K12,1.277696171875,1.2776961718749995,1.0000000000000004,-4.440892098500626e-16,MINIMAL,optimal,1,PROTEIN_45_KINASE_45_RXN
HS17444,G_HS17444,1.277696171875,1.2776961718749995,1.0000000000000004,-4.440892098500626e-16,MINIMAL,optimal,1,PROTEIN_45_KINASE_45_RXN
HS06111,NEK3,1.277696171875,1.2776961718749995,1.0000000000000004,-4.440892098500626e-16,MINIMAL,optimal,1,PROTEIN_45_KINASE_45_RXN
HS02397,STK24,1.277696171875,1.2776961718749995,1.0000000000000004,-4.440892098500626e-16,MINIMAL,optimal,1,PROTEIN_45_KINASE_45_RXN
HS17279,G_HS17279,1.277696171875,1.2776961718749995,1.0000000000000004,-4.440892098500626e-16,MINIMAL,optimal,1,PROTEIN_45_KINASE_45_RXN
HS06908,AKT1,1.277696171875,1.2776961718749995,1.0000000000000004,-4.440892098500626e-16,MINIMAL,optimal,1,PROTEIN_45_KINASE_45_RXN
HS16892,G_HS16892,1.277696171875,1.2776961718749995,1.0000000000000004,-4.440892098500626e-16,MINIMAL,optimal,1,PROTEIN_45_KINASE_45_RXN
HS06787,PDPK1,1.277696171875,1.2776961718749995,1.0000000000000004,-4.440892098500626e-16,MINIMAL,optimal,1,PROTEIN_45_KINASE_45_RXN
HS14898,G_HS14898,1.277696171875,1.2776961718749995,1.0000000000000004,-4.440892098500626e-16,MINIMAL,optimal,1,PROTEIN_45_KINASE_45_RXN
HS01010,CSNK2A2,1.277696171875,1.2776961718749995,1.0000000000000004,-4.440892098500626e-16,MINIMAL,optimal,1,PROTEIN_45_KINASE_45_RXN
HS08422,PSKH1,1.277696171875,1.2776961718749995,1.0000000000000004,-4.440892098500626e-16,MINIMAL,optimal,1,PROTEIN_45_KINASE_45_RXN
HS11340,AURKB,1.277696171875,1.2776961718749995,1.0000000000000004,-4.440892098500626e-16,MINIMAL,optimal,3,2_46_7_46_10_46_1_45_RXN;PROTEIN_45_KINASE_45_RXN;2_46_7_46_11_46_2_45_RXN
HS05438,MAP3K10,1.277696171875,1.2776961718749995,1.0000000000000004,-4.440892098500626e-16,MINIMAL,optimal,1,PROTEIN_45_KINASE_45_RXN
HS02682,AURKC,1.277696171875,1.2776961718749995,1.0000000000000004,-4.440892098500626e-16,MINIMAL,optimal,1,PROTEIN_45_KINASE_45_RXN
HS02228,CSNK2A1,1.277696171875,1.2776961718749995,1.0000000000000004,-4.440892098500626e-16,MINIMAL,optimal,1,PROTEIN_45_KINASE_45_RXN
HS13179,STK35,1.277696171875,1.2776961718749995,1.0000000000000004,-4.440892098500626e-16,MINIMAL,optimal,1,PROTEIN_45_KINASE_45_RXN
HS02194,STK4,1.277696171875,1.2776961718749995,1.0000000000000004,-4.440892098500626e-16,MINIMAL,optimal,1,PROTEIN_45_KINASE_45_RXN
HS01581,AURKA,1.277696171875,1.2776961718749995,1.0000000000000004,-4.440892098500626e-16,MINIMAL,optimal,1,PROTEIN_45_KINASE_45_RXN
HS13801,G_HS13801,1.277696171875,1.2776961718749995,1.0000000000000004,-4.440892098500626e-16,MINIMAL,optimal,1,PROTEIN_45_KINASE_45_RXN
HS17691,G_HS17691,1.277696171875,1.2776961718749995,1.0000000000000004,-4.440892098500626e-16,MINIMAL,optimal,1,PROTEIN_45_KINASE_45_RXN
HS00230,CDKL5,1.277696171875,1.2776961718749995,1.0000000000000004,-4.440892098500626e-16,MINIMAL,optimal,1,PROTEIN_45_KINASE_45_RXN
HS02350,PIM2,1.277696171875,1.2776961718749995,1.0000000000000004,-4.440892098500626e-16,MINIMAL,optimal,1,PROTEIN_45_KINASE_45_RXN
HS01042,TLK1,1.277696171875,1.2776961718749995,1.0000000000000004,-4.440892098500626e-16,MINIMAL,optimal,1,PROTEIN_45_KINASE_45_RXN
HS10253,PRKCE,1.277696171875,1.2776961718749995,1.0000000000000004,-4.440892098500626e-16,MINIMAL,optimal,1,PROTEIN_45_KINASE_45_RXN
HS03940,PRKD3,1.277696171875,1.2776961718749995,1.0000000000000004,-4.440892098500626e-16,MINIMAL,optimal,1,PROTEIN_45_KINASE_45_RXN
HS08880,PRKCI,1.277696171875,1.2776961718749995,1.0000000000000004,-4.440892098500626e-16,MINIMAL,optimal,1,PROTEIN_45_KINASE_45_RXN
HS08969,PRKCD,1.277696171875,1.2776961718749995,1.0000000000000004,-4.440892098500626e-16,MINIMAL,optimal,1,PROTEIN_45_KINASE_45_RXN
HS03510,STK38,1.277696171875,1.2776961718749995,1.0000000000000004,-4.440892098500626e-16,MINIMAL,optimal,1,PROTEIN_45_KINASE_45_RXN
HS04294,NEK6,1.277696171875,1.2776961718749995,1.0000000000000004,-4.440892098500626e-16,MINIMAL,optimal,1,PROTEIN_45_KINASE_45_RXN
HS00853,PRKCQ,1.277696171875,1.2776961718749995,1.0000000000000004,-4.440892098500626e-16,MINIMAL,optimal,1,PROTEIN_45_KINASE_45_RXN
HS00456,PRKCH,1.277696171875,1.2776961718749995,1.0000000000000004,-4.440892098500626e-16,MINIMAL,optimal,1,PROTEIN_45_KINASE_45_RXN
HS00043,PRKD1,1.277696171875,1.2776961718749995,1.0000000000000004,-4.440892098500626e-16,MINIMAL,optimal,1,PROTEIN_45_KINASE_45_RXN
HS09408,PRKCB,1.277696171875,1.2776961718749995,1.0000000000000004,-4.440892098500626e-16,MINIMAL,optimal,1,PROTEIN_45_KINASE_45_RXN
HS05035,PRKCG,1.277696171875,1.2776961718749995,1.0000000000000004,-4.440892098500626e-16,MINIMAL,optimal,1,PROTEIN_45_KINASE_45_RXN
HS05417,PAK4,1.277696171875,1.2776961718749995,1.0000000000000004,-4.440892098500626e-16,MINIMAL,optimal,1,PROTEIN_45_KINASE_45_RXN
HS02251,PAK7,1.277696171875,1.2776961718749995,1.0000000000000004,-4.440892098500626e-16,MINIMAL,optimal,1,PROTEIN_45_KINASE_45_RXN
HS11913,CHEK2,1.277696171875,1.2776961718749995,1.0000000000000004,-4.440892098500626e-16,MINIMAL,optimal,1,PROTEIN_45_KINASE_45_RXN
HS10876,PDIK1L,1.277696171875,1.2776961718749995,1.0000000000000004,-4.440892098500626e-16,MINIMAL,optimal,1,PROTEIN_45_KINASE_45_RXN
HS11453,CSNK1A1L,1.277696171875,1.2776961718749995,1.0000000000000004,-4.440892098500626e-16,MINIMAL,optimal,1,PROTEIN_45_KINASE_45_RXN
HS03709,CSNK1A1,1.277696171875,1.2776961718749995,1.0000000000000004,-4.440892098500626e-16,MINIMAL,optimal,1,PROTEIN_45_KINASE_45_RXN
HS06849,CSNK1D,1.277696171875,1.2776961718749995,1.0000000000000004,-4.440892098500626e-16,MINIMAL,optimal,1,PROTEIN_45_KINASE_45_RXN
HS01994,CSNK1E,1.277696171875,1.2776961718749995,1.0000000000000004,-4.440892098500626e-16,MINIMAL,optimal,1,PROTEIN_45_KINASE_45_RXN
HS09885,CSNK1G1,1.277696171875,1.2776961718749995,1.0000000000000004,-4.440892098500626e-16,MINIMAL,optimal,1,PROTEIN_45_KINASE_45_RXN
HS05754,CSNK1G2,1.277696171875,1.2776961718749995,1.0000000000000004,-4.440892098500626e-16,MINIMAL,optimal,1,PROTEIN_45_KINASE_45_RXN
HS07721,CSNK1G3,1.277696171875,1.2776961718749995,1.0000000000000004,-4.440892098500626e-16,MINIMAL,optimal,1,PROTEIN_45_KINASE_45_RXN
HS04618,CIT,1.277696171875,1.2776961718749995,1.0000000000000004,-4.440892098500626e-16,MINIMAL,optimal,1,PROTEIN_45_KINASE_45_RXN
HS16411,G_HS16411,1.277696171875,1.2776961718749995,1.0000000000000004,-4.440892098500626e-16,MINIMAL,optimal,1,PROTEIN_45_KINASE_45_RXN
HS17214,G_HS17214,1.277696171875,1.2776961718749995,1.0000000000000004,-4.440892098500626e-16,MINIMAL,optimal,1,PROTEIN_45_KINASE_45_RXN
HS11332,GAK,1.277696171875,1.2776961718749995,1.0000000000000004,-4.440892098500626e-16,MINIMAL,optimal,1,PROTEIN_45_KINASE_45_RXN
HS10760,CDK10,1.277696171875,1.2776961718749995,1.0000000000000004,-4.440892098500626e-16,MINIMAL,optimal,1,PROTEIN_45_KINASE_45_RXN
HS10628,CKS1B,1.277696171875,1.2776961718749995,1.0000000000000004,-4.440892098500626e-16,MINIMAL,optimal,1,PROTEIN_45_KINASE_45_RXN
HS07972,TNIK,1.277696171875,1.2776961718749995,1.0000000000000004,-4.440892098500626e-16,MINIMAL,optimal,1,PROTEIN_45_KINASE_45_RXN
HS06895,HUNK,1.277696171875,1.2776961718749995,1.0000000000000004,-4.440892098500626e-16,MINIMAL,optimal,1,PROTEIN_45_KINASE_45_RXN
HS11974,ILK-2,1.277696171875,1.2776961718749995,1.0000000000000004,-4.440892098500626e-16,MINIMAL,optimal,1,PROTEIN_45_KINASE_45_RXN
HS00022,IRAK1,1.277696171875,1.2776961718749995,1.0000000000000004,-4.440892098500626e-16,MINIMAL,optimal,1,PROTEIN_45_KINASE_45_RXN
HS01686,IRAK3,1.277696171875,1.2776961718749995,1.0000000000000004,-4.440892098500626e-16,MINIMAL,optimal,1,PROTEIN_45_KINASE_45_RXN
HS03405,IRAK4,1.277696171875,1.2776961718749995,1.0000000000000004,-4.440892098500626e-16,MINIMAL,optimal,1,PROTEIN_45_KINASE_45_RXN
HS11960,LIMK2,1.277696171875,1.2776961718749995,1.0000000000000004,-4.440892098500626e-16,MINIMAL,optimal,1,PROTEIN_45_KINASE_45_RXN
HS16410,G_HS16410,1.277696171875,1.2776961718749995,1.0000000000000004,-4.440892098500626e-16,MINIMAL,optimal,1,PROTEIN_45_KINASE_45_RXN
HS16194,G_HS16194,1.277696171875,1.2776961718749995,1.0000000000000004,-4.440892098500626e-16,MINIMAL,optimal,1,PROTEIN_45_KINASE_45_RXN
HS15965,CDC42BPG,1.277696171875,1.2776961718749995,1.0000000000000004,-4.440892098500626e-16,MINIMAL,optimal,1,PROTEIN_45_KINASE_45_RXN
HS15631,G_HS15631,1.277696171875,1.2776961718749995,1.0000000000000004,-4.440892098500626e-16,MINIMAL,optimal,1,PROTEIN_45_KINASE_45_RXN
HS13638,G_HS13638,1.277696171875,1.2776961718749995,1.0000000000000004,-4.440892098500626e-16,MINIMAL,optimal,1,PROTEIN_45_KINASE_45_RXN
HS01318,MKNK1,1.277696171875,1.2776961718749995,1.0000000000000004,-4.440892098500626e-16,MINIMAL,optimal,1,PROTEIN_45_KINASE_45_RXN
HS01924,MKNK2,1.277696171875,1.2776961718749995,1.0000000000000004,-4.440892098500626e-16,MINIMAL,optimal,1,PROTEIN_45_KINASE_45_RXN
HS00202,MARK4,1.277696171875,1.2776961718749995,1.0000000000000004,-4.440892098500626e-16,MINIMAL,optimal,1,PROTEIN_45_KINASE_45_RXN
HS01072,MARK2,1.277696171875,1.2776961718749995,1.0000000000000004,-4.440892098500626e-16,MINIMAL,optimal,1,PROTEIN_45_KINASE_45_RXN
HS03987,MARK1,1.277696171875,1.2776961718749995,1.0000000000000004,-4.440892098500626e-16,MINIMAL,optimal,1,PROTEIN_45_KINASE_45_RXN
HS06836,MINK1,1.277696171875,1.2776961718749995,1.0000000000000004,-4.440892098500626e-16,MINIMAL,optimal,1,PROTEIN_45_KINASE_45_RXN
HS17489,G_HS17489,1.277696171875,1.2776961718749995,1.0000000000000004,-4.440892098500626e-16,MINIMAL,optimal,1,PROTEIN_45_KINASE_45_RXN
HS17296,G_HS17296,1.277696171875,1.2776961718749995,1.0000000000000004,-4.440892098500626e-16,MINIMAL,optimal,1,PROTEIN_45_KINASE_45_RXN
HS14664,G_HS14664,1.277696171875,1.2776961718749995,1.0000000000000004,-4.440892098500626e-16,MINIMAL,optimal,1,PROTEIN_45_KINASE_45_RXN
HS14663,G_HS14663,1.277696171875,1.2776961718749995,1.0000000000000004,-4.440892098500626e-16,MINIMAL,optimal,1,PROTEIN_45_KINASE_45_RXN
HS09094,STK17A,1.277696171875,1.2776961718749995,1.0000000000000004,-4.440892098500626e-16,MINIMAL,optimal,1,PROTEIN_45_KINASE_45_RXN
HS01394,STK17B,1.277696171875,1.2776961718749995,1.0000000000000004,-4.440892098500626e-16,MINIMAL,optimal,1,PROTEIN_45_KINASE_45_RXN
HS06956,PLK4,1.277696171875,1.2776961718749995,1.0000000000000004,-4.440892098500626e-16,MINIMAL,optimal,1,PROTEIN_45_KINASE_45_RXN
HS11938,STK22A,1.277696171875,1.2776961718749995,1.0000000000000004,-4.440892098500626e-16,MINIMAL,optimal,1,PROTEIN_45_KINASE_45_RXN
HS11937,TSSK2,1.277696171875,1.2776961718749995,1.0000000000000004,-4.440892098500626e-16,MINIMAL,optimal,1,PROTEIN_45_KINASE_45_RXN
HS11948,STK23,1.277696171875,1.2776961718749995,1.0000000000000004,-4.440892098500626e-16,MINIMAL,optimal,1,PROTEIN_45_KINASE_45_RXN
HS10819,BRSK2,1.277696171875,1.2776961718749995,1.0000000000000004,-4.440892098500626e-16,MINIMAL,optimal,1,PROTEIN_45_KINASE_45_RXN
HS05384,STK33,1.277696171875,1.2776961718749995,1.0000000000000004,-4.440892098500626e-16,MINIMAL,optimal,1,PROTEIN_45_KINASE_45_RXN
HS08857,STK36,1.277696171875,1.2776961718749995,1.0000000000000004,-4.440892098500626e-16,MINIMAL,optimal,1,PROTEIN_45_KINASE_45_RXN
HS07865,STK38L,1.277696171875,1.2776961718749995,1.0000000000000004,-4.440892098500626e-16,MINIMAL,optimal,1,PROTEIN_45_KINASE_45_RXN
HS10121,DCLK2,1.277696171875,1.2776961718749995,1.0000000000000004,-4.440892098500626e-16,MINIMAL,optimal,1,PROTEIN_45_KINASE_45_RXN
HS09040,TSSK1B,1.277696171875,1.2776961718749995,1.0000000000000004,-4.440892098500626e-16,MINIMAL,optimal,1,PROTEIN_45_KINASE_45_RXN
HS15554,G_HS15554,1.277696171875,1.2776961718749995,1.0000000000000004,-4.440892098500626e-16,MINIMAL,optimal,1,PROTEIN_45_KINASE_45_RXN
HS07457,PSKH2,1.277696171875,1.2776961718749995,1.0000000000000004,-4.440892098500626e-16,MINIMAL,optimal,1,PROTEIN_45_KINASE_45_RXN
HS17224,G_HS17224,1.277696171875,1.2776961718749995,1.0000000000000004,-4.440892098500626e-16,MINIMAL,optimal,1,PROTEIN_45_KINASE_45_RXN
HS16225,G_HS16225,1.277696171875,1.2776961718749995,1.0000000000000004,-4.440892098500626e-16,MINIMAL,optimal,1,PROTEIN_45_KINASE_45_RXN
HS08505,TAOK1,1.277696171875,1.2776961718749995,1.0000000000000004,-4.440892098500626e-16,MINIMAL,optimal,1,PROTEIN_45_KINASE_45_RXN
HS06723,ULK3,1.277696171875,1.2776961718749995,1.0000000000000004,-4.440892098500626e-16,MINIMAL,optimal,1,PROTEIN_45_KINASE_45_RXN
HS08448,KALRN,1.277696171875,1.2776961718749995,1.0000000000000004,-4.440892098500626e-16,MINIMAL,optimal,1,PROTEIN_45_KINASE_45_RXN
HS03787,NEK11,1.277696171875,1.2776961718749995,1.0000000000000004,-4.440892098500626e-16,MINIMAL,optimal,1,PROTEIN_45_KINASE_45_RXN
HS07733,NEK7,1.277696171875,1.2776961718749995,1.0000000000000004,-4.440892098500626e-16,MINIMAL,optimal,1,PROTEIN_45_KINASE_45_RXN
HS04314,NEK9,1.277696171875,1.2776961718749995,1.0000000000000004,-4.440892098500626e-16,MINIMAL,optimal,1,PROTEIN_45_KINASE_45_RXN
HS15313,G_HS15313,1.277696171875,1.2776961718749995,1.0000000000000004,-4.440892098500626e-16,MINIMAL,optimal,1,PROTEIN_45_KINASE_45_RXN
HS03928,PASK,1.277696171875,1.2776961718749995,1.0000000000000004,-4.440892098500626e-16,MINIMAL,optimal,1,PROTEIN_45_KINASE_45_RXN
HS09567,SGK494,1.277696171875,1.2776961718749995,1.0000000000000004,-4.440892098500626e-16,MINIMAL,optimal,1,PROTEIN_45_KINASE_45_RXN
HS04187,STK11,1.277696171875,1.2776961718749995,1.0000000000000004,-4.440892098500626e-16,MINIMAL,optimal,1,PROTEIN_45_KINASE_45_RXN
HS04634,PKN1,1.277696171875,1.2776961718749995,1.0000000000000004,-4.440892098500626e-16,MINIMAL,optimal,1,PROTEIN_45_KINASE_45_RXN
HS07378,TLK2,1.277696171875,1.2776961718749995,1.0000000000000004,-4.440892098500626e-16,MINIMAL,optimal,1,PROTEIN_45_KINASE_45_RXN
HS07626,CHEK1,1.277696171875,1.2776961718749995,1.0000000000000004,-4.440892098500626e-16,MINIMAL,optimal,1,PROTEIN_45_KINASE_45_RXN
HS09986,BUB1,1.277696171875,1.2776961718749995,1.0000000000000004,-4.440892098500626e-16,MINIMAL,optimal,1,PROTEIN_45_KINASE_45_RXN
HS11133,ULK1,1.277696171875,1.2776961718749995,1.0000000000000004,-4.440892098500626e-16,MINIMAL,optimal,1,PROTEIN_45_KINASE_45_RXN
HS00322,MAP4K3,1.277696171875,1.2776961718749995,1.0000000000000004,-4.440892098500626e-16,MINIMAL,optimal,1,PROTEIN_45_KINASE_45_RXN
HS00338,MAP4K5,1.277696171875,1.2776961718749995,1.0000000000000004,-4.440892098500626e-16,MINIMAL,optimal,1,PROTEIN_45_KINASE_45_RXN
HS00461,VRK2,1.277696171875,1.2776961718749995,1.0000000000000004,-4.440892098500626e-16,MINIMAL,optimal,1,PROTEIN_45_KINASE_45_RXN
HS00508,DAPK2,1.277696171875,1.2776961718749995,1.0000000000000004,-4.440892098500626e-16,MINIMAL,optimal,1,PROTEIN_45_KINASE_45_RXN
HS00534,TRIO,1.277696171875,1.2776961718749995,1.0000000000000004,-4.440892098500626e-16,MINIMAL,optimal,1,PROTEIN_45_KINASE_45_RXN
HS00683,EIF2AK2,1.277696171875,1.2776961718749995,1.0000000000000004,-4.440892098500626e-16,MINIMAL,optimal,1,PROTEIN_45_KINASE_45_RXN
HS00725,RIOK2,1.277696171875,1.2776961718749995,1.0000000000000004,-4.440892098500626e-16,MINIMAL,optimal,1,PROTEIN_45_KINASE_45_RXN
HS00741,WNK1,1.277696171875,1.2776961718749995,1.0000000000000004,-4.440892098500626e-16,MINIMAL,optimal,1,PROTEIN_45_KINASE_45_RXN
HS00803,HIPK2,1.277696171875,1.2776961718749995,1.0000000000000004,-4.440892098500626e-16,MINIMAL,optimal,1,PROTEIN_45_KINASE_45_RXN
HS00848,SLK,1.277696171875,1.2776961718749995,1.0000000000000004,-4.440892098500626e-16,MINIMAL,optimal,1,PROTEIN_45_KINASE_45_RXN
HS00922,ROCK1,1.277696171875,1.2776961718749995,1.0000000000000004,-4.440892098500626e-16,MINIMAL,optimal,1,PROTEIN_45_KINASE_45_RXN
HS00954,MAST4,1.277696171875,1.2776961718749995,1.0000000000000004,-4.440892098500626e-16,MINIMAL,optimal,1,PROTEIN_45_KINASE_45_RXN
HS01023,MAP4K4,1.277696171875,1.2776961718749995,1.0000000000000004,-4.440892098500626e-16,MINIMAL,optimal,1,PROTEIN_45_KINASE_45_RXN
HS01028,RPS6KA2,1.277696171875,1.2776961718749995,1.0000000000000004,-4.440892098500626e-16,MINIMAL,optimal,1,PROTEIN_45_KINASE_45_RXN
HS01045,MYO3B,1.277696171875,1.2776961718749995,1.0000000000000004,-4.440892098500626e-16,MINIMAL,optimal,1,PROTEIN_45_KINASE_45_RXN
HS01056,RPS6KA6,1.277696171875,1.2776961718749995,1.0000000000000004,-4.440892098500626e-16,MINIMAL,optimal,1,PROTEIN_45_KINASE_45_RXN
HS01059,SPEG,1.277696171875,1.2776961718749995,1.0000000000000004,-4.440892098500626e-16,MINIMAL,optimal,1,PROTEIN_45_KINASE_45_RXN
HS01143,NUAK1,1.277696171875,1.2776961718749995,1.0000000000000004,-4.440892098500626e-16,MINIMAL,optimal,1,PROTEIN_45_KINASE_45_RXN
HS01238,PAK3,1.277696171875,1.2776961718749995,1.0000000000000004,-4.440892098500626e-16,MINIMAL,optimal,1,PROTEIN_45_KINASE_45_RXN
HS01268,ARAF,1.277696171875,1.2776961718749995,1.0000000000000004,-4.440892098500626e-16,MINIMAL,optimal,1,PROTEIN_45_KINASE_45_RXN
HS01437,ULK2,1.277696171875,1.2776961718749995,1.0000000000000004,-4.440892098500626e-16,MINIMAL,optimal,1,PROTEIN_45_KINASE_45_RXN
HS01517,MAST2,1.277696171875,1.2776961718749995,1.0000000000000004,-4.440892098500626e-16,MINIMAL,optimal,1,PROTEIN_45_KINASE_45_RXN
HS01526,EIF2AK1,1.277696171875,1.2776961718749995,1.0000000000000004,-4.440892098500626e-16,MINIMAL,optimal,1,PROTEIN_45_KINASE_45_RXN
HS01625,MAPKAPK5,1.277696171875,1.2776961718749995,1.0000000000000004,-4.440892098500626e-16,MINIMAL,optimal,1,PROTEIN_45_KINASE_45_RXN
HS01771,TRPM7,1.277696171875,1.2776961718749995,1.0000000000000004,-4.440892098500626e-16,MINIMAL,optimal,1,PROTEIN_45_KINASE_45_RXN
HS01834,MYO3A,1.277696171875,1.2776961718749995,1.0000000000000004,-4.440892098500626e-16,MINIMAL,optimal,1,PROTEIN_45_KINASE_45_RXN
HS01843,SRPK1,1.277696171875,1.2776961718749995,1.0000000000000004,-4.440892098500626e-16,MINIMAL,optimal,1,PROTEIN_45_KINASE_45_RXN
HS01876,CDC7,1.277696171875,1.2776961718749995,1.0000000000000004,-4.440892098500626e-16,MINIMAL,optimal,1,PROTEIN_45_KINASE_45_RXN
HS01887,MAST3,1.277696171875,1.2776961718749995,1.0000000000000004,-4.440892098500626e-16,MINIMAL,optimal,1,PROTEIN_45_KINASE_45_RXN
HS01904,PRKY,1.277696171875,1.2776961718749995,1.0000000000000004,-4.440892098500626e-16,MINIMAL,optimal,1,PROTEIN_45_KINASE_45_RXN
HS01977,PATZ1,1.277696171875,1.2776961718749995,1.0000000000000004,-4.440892098500626e-16,MINIMAL,optimal,1,PROTEIN_45_KINASE_45_RXN
HS02141,VRK1,1.277696171875,1.2776961718749995,1.0000000000000004,-4.440892098500626e-16,MINIMAL,optimal,1,PROTEIN_45_KINASE_45_RXN
HS02185,SGK2,1.277696171875,1.2776961718749995,1.0000000000000004,-4.440892098500626e-16,MINIMAL,optimal,1,PROTEIN_45_KINASE_45_RXN
HS02302,RIOK3,1.277696171875,1.2776961718749995,1.0000000000000004,-4.440892098500626e-16,MINIMAL,optimal,1,PROTEIN_45_KINASE_45_RXN
HS02552,SGK3,1.277696171875,1.2776961718749995,1.0000000000000004,-4.440892098500626e-16,MINIMAL,optimal,1,PROTEIN_45_KINASE_45_RXN
HS02560,RIPK2,1.277696171875,1.2776961718749995,1.0000000000000004,-4.440892098500626e-16,MINIMAL,optimal,1,PROTEIN_45_KINASE_45_RXN
HS02623,MAP4K1,1.277696171875,1.2776961718749995,1.0000000000000004,-4.440892098500626e-16,MINIMAL,optimal,1,PROTEIN_45_KINASE_45_RXN
HS02657,DMPK,1.277696171875,1.2776961718749995,1.0000000000000004,-4.440892098500626e-16,MINIMAL,optimal,1,PROTEIN_45_KINASE_45_RXN
HS02672,VRK3,1.277696171875,1.2776961718749995,1.0000000000000004,-4.440892098500626e-16,MINIMAL,optimal,1,PROTEIN_45_KINASE_45_RXN
HS02694,AKT2,1.277696171875,1.2776961718749995,1.0000000000000004,-4.440892098500626e-16,MINIMAL,optimal,1,PROTEIN_45_KINASE_45_RXN
HS02773,MAST1,1.277696171875,1.2776961718749995,1.0000000000000004,-4.440892098500626e-16,MINIMAL,optimal,1,PROTEIN_45_KINASE_45_RXN
HS03106,RPS6KB1,1.277696171875,1.2776961718749995,1.0000000000000004,-4.440892098500626e-16,MINIMAL,optimal,1,PROTEIN_45_KINASE_45_RXN
HS03308,HIPK3,1.277696171875,1.2776961718749995,1.0000000000000004,-4.440892098500626e-16,MINIMAL,optimal,1,PROTEIN_45_KINASE_45_RXN
HS03793,MAPKAPK3,1.277696171875,1.2776961718749995,1.0000000000000004,-4.440892098500626e-16,MINIMAL,optimal,1,PROTEIN_45_KINASE_45_RXN
HS03963,AAK1,1.277696171875,1.2776961718749995,1.0000000000000004,-4.440892098500626e-16,MINIMAL,optimal,1,PROTEIN_45_KINASE_45_RXN
HS04164,RPS6KA1,1.277696171875,1.2776961718749995,1.0000000000000004,-4.440892098500626e-16,MINIMAL,optimal,1,PROTEIN_45_KINASE_45_RXN
HS04230,SGK1,1.277696171875,1.2776961718749995,1.0000000000000004,-4.440892098500626e-16,MINIMAL,optimal,1,PROTEIN_45_KINASE_45_RXN
HS04275,TRPM6,1.277696171875,1.2776961718749995,1.0000000000000004,-4.440892098500626e-16,MINIMAL,optimal,1,PROTEIN_45_KINASE_45_RXN
HS04407,MASTL,1.277696171875,1.2776961718749995,1.0000000000000004,-4.440892098500626e-16,MINIMAL,optimal,1,PROTEIN_45_KINASE_45_RXN
HS04674,NRK,1.277696171875,1.2776961718749995,1.0000000000000004,-4.440892098500626e-16,MINIMAL,optimal,1,PROTEIN_45_KINASE_45_RXN
HS04782,PACSIN1,1.277696171875,1.2776961718749995,1.0000000000000004,-4.440892098500626e-16,MINIMAL,optimal,1,PROTEIN_45_KINASE_45_RXN
HS04833,RIOK1,1.277696171875,1.2776961718749995,1.0000000000000004,-4.440892098500626e-16,MINIMAL,optimal,1,PROTEIN_45_KINASE_45_RXN
HS05033,WNK4,1.277696171875,1.2776961718749995,1.0000000000000004,-4.440892098500626e-16,MINIMAL,optimal,1,PROTEIN_45_KINASE_45_RXN
HS05114,PKMYT1,1.277696171875,1.2776961718749995,1.0000000000000004,-4.440892098500626e-16,MINIMAL,optimal,1,PROTEIN_45_KINASE_45_RXN
HS05227,EIF2AK4,1.277696171875,1.2776961718749995,1.0000000000000004,-4.440892098500626e-16,MINIMAL,optimal,1,PROTEIN_45_KINASE_45_RXN
HS05280,RIPK3,1.277696171875,1.2776961718749995,1.0000000000000004,-4.440892098500626e-16,MINIMAL,optimal,1,PROTEIN_45_KINASE_45_RXN
HS05473,LATS1,1.277696171875,1.2776961718749995,1.0000000000000004,-4.440892098500626e-16,MINIMAL,optimal,1,PROTEIN_45_KINASE_45_RXN
HS05600,RAF1,1.277696171875,1.2776961718749995,1.0000000000000004,-4.440892098500626e-16,MINIMAL,optimal,2,PROTEIN_45_KINASE_45_RXN;RXN66_45_55
HS05623,PRKAA1,1.277696171875,1.2776961718749995,1.0000000000000004,-4.440892098500626e-16,MINIMAL,optimal,1,PROTEIN_45_KINASE_45_RXN
HS05730,DCLK1,1.277696171875,1.2776961718749995,1.0000000000000004,-4.440892098500626e-16,MINIMAL,optimal,1,PROTEIN_45_KINASE_45_RXN
HS05855,ROCK2,1.277696171875,1.2776961718749995,1.0000000000000004,-4.440892098500626e-16,MINIMAL,optimal,1,PROTEIN_45_KINASE_45_RXN
HS13528,ERN2,1.277696171875,1.2776961718749995,1.0000000000000004,-4.440892098500626e-16,MINIMAL,optimal,1,PROTEIN_45_KINASE_45_RXN
HS05894,MST4,1.277696171875,1.2776961718749995,1.0000000000000004,-4.440892098500626e-16,MINIMAL,optimal,1,PROTEIN_45_KINASE_45_RXN
HS05950,TAOK3,1.277696171875,1.2776961718749995,1.0000000000000004,-4.440892098500626e-16,MINIMAL,optimal,1,PROTEIN_45_KINASE_45_RXN
HS05974,SRPK2,1.277696171875,1.2776961718749995,1.0000000000000004,-4.440892098500626e-16,MINIMAL,optimal,1,PROTEIN_45_KINASE_45_RXN
HS06192,RPS6KC1,1.277696171875,1.2776961718749995,1.0000000000000004,-4.440892098500626e-16,MINIMAL,optimal,1,PROTEIN_45_KINASE_45_RXN
HS06304,RIPK1,1.277696171875,1.2776961718749995,1.0000000000000004,-4.440892098500626e-16,MINIMAL,optimal,1,PROTEIN_45_KINASE_45_RXN
HS06409,PAK6,1.277696171875,1.2776961718749995,1.0000000000000004,-4.440892098500626e-16,MINIMAL,optimal,1,PROTEIN_45_KINASE_45_RXN
HS06548,BMP2K,1.277696171875,1.2776961718749995,1.0000000000000004,-4.440892098500626e-16,MINIMAL,optimal,1,PROTEIN_45_KINASE_45_RXN
HS13803,TSSK4,1.277696171875,1.2776961718749995,1.0000000000000004,-4.440892098500626e-16,MINIMAL,optimal,1,PROTEIN_45_KINASE_45_RXN
HS06901,SIK1,1.277696171875,1.2776961718749995,1.0000000000000004,-4.440892098500626e-16,MINIMAL,optimal,1,PROTEIN_45_KINASE_45_RXN
HS06914,LMTK3,1.277696171875,1.2776961718749995,1.0000000000000004,-4.440892098500626e-16,MINIMAL,optimal,1,PROTEIN_45_KINASE_45_RXN
HS07105,CDC42BPA,1.277696171875,1.2776961718749995,1.0000000000000004,-4.440892098500626e-16,MINIMAL,optimal,1,PROTEIN_45_KINASE_45_RXN
HS14121,MYLK4,1.277696171875,1.2776961718749995,1.0000000000000004,-4.440892098500626e-16,MINIMAL,optimal,1,PROTEIN_45_KINASE_45_RXN
HS07384,CASK,1.277696171875,1.2776961718749995,1.0000000000000004,-4.440892098500626e-16,MINIMAL,optimal,1,PROTEIN_45_KINASE_45_RXN
HS07598,PAK1,1.277696171875,1.2776961718749995,1.0000000000000004,-4.440892098500626e-16,MINIMAL,optimal,1,PROTEIN_45_KINASE_45_RXN
HS07650,TAOK2,1.277696171875,1.2776961718749995,1.0000000000000004,-4.440892098500626e-16,MINIMAL,optimal,1,PROTEIN_45_KINASE_45_RXN
HS07670,LATS2,1.277696171875,1.2776961718749995,1.0000000000000004,-4.440892098500626e-16,MINIMAL,optimal,1,PROTEIN_45_KINASE_45_RXN
HS07867,STK32B,1.277696171875,1.2776961718749995,1.0000000000000004,-4.440892098500626e-16,MINIMAL,optimal,1,PROTEIN_45_KINASE_45_RXN
HS07963,LRRK1,1.277696171875,1.2776961718749995,1.0000000000000004,-4.440892098500626e-16,MINIMAL,optimal,1,PROTEIN_45_KINASE_45_RXN
HS07976,OBSCN,1.277696171875,1.2776961718749995,1.0000000000000004,-4.440892098500626e-16,MINIMAL,optimal,1,PROTEIN_45_KINASE_45_RXN
HS08032,MARCKS,1.277696171875,1.2776961718749995,1.0000000000000004,-4.440892098500626e-16,MINIMAL,optimal,1,PROTEIN_45_KINASE_45_RXN
HS08061,TTN,1.277696171875,1.2776961718749995,1.0000000000000004,-4.440892098500626e-16,MINIMAL,optimal,1,PROTEIN_45_KINASE_45_RXN
HS08163,BUB1B,1.277696171875,1.2776961718749995,1.0000000000000004,-4.440892098500626e-16,MINIMAL,optimal,1,PROTEIN_45_KINASE_45_RXN
HS08238,BRAF,1.277696171875,1.2776961718749995,1.0000000000000004,-4.440892098500626e-16,MINIMAL,optimal,1,PROTEIN_45_KINASE_45_RXN
HS08335,PINK1,1.277696171875,1.2776961718749995,1.0000000000000004,-4.440892098500626e-16,MINIMAL,optimal,1,PROTEIN_45_KINASE_45_RXN
HS08497,HIPK4,1.277696171875,1.2776961718749995,1.0000000000000004,-4.440892098500626e-16,MINIMAL,optimal,1,PROTEIN_45_KINASE_45_RXN
HS08504,BRSK1,1.277696171875,1.2776961718749995,1.0000000000000004,-4.440892098500626e-16,MINIMAL,optimal,1,PROTEIN_45_KINASE_45_RXN
HS08508,QSK,1.277696171875,1.2776961718749995,1.0000000000000004,-4.440892098500626e-16,MINIMAL,optimal,1,PROTEIN_45_KINASE_45_RXN
HS14821,NEK8,1.277696171875,1.2776961718749995,1.0000000000000004,-4.440892098500626e-16,MINIMAL,optimal,1,PROTEIN_45_KINASE_45_RXN
HS08671,PRKAA2,1.277696171875,1.2776961718749995,1.0000000000000004,-4.440892098500626e-16,MINIMAL,optimal,1,PROTEIN_45_KINASE_45_RXN
HS08690,TSSK3,1.277696171875,1.2776961718749995,1.0000000000000004,-4.440892098500626e-16,MINIMAL,optimal,1,PROTEIN_45_KINASE_45_RXN
HS08751,MAPKAPK2,1.277696171875,1.2776961718749995,1.0000000000000004,-4.440892098500626e-16,MINIMAL,optimal,1,PROTEIN_45_KINASE_45_RXN
HS08834,HIPK1,1.277696171875,1.2776961718749995,1.0000000000000004,-4.440892098500626e-16,MINIMAL,optimal,1,PROTEIN_45_KINASE_45_RXN
HS08859,NEK10,1.277696171875,1.2776961718749995,1.0000000000000004,-4.440892098500626e-16,MINIMAL,optimal,1,PROTEIN_45_KINASE_45_RXN
HS08878,NUAK2,1.277696171875,1.2776961718749995,1.0000000000000004,-4.440892098500626e-16,MINIMAL,optimal,1,PROTEIN_45_KINASE_45_RXN
HS08935,SNRK,1.277696171875,1.2776961718749995,1.0000000000000004,-4.440892098500626e-16,MINIMAL,optimal,1,PROTEIN_45_KINASE_45_RXN
HS09123,LMTK2,1.277696171875,1.2776961718749995,1.0000000000000004,-4.440892098500626e-16,MINIMAL,optimal,1,PROTEIN_45_KINASE_45_RXN
HS09204,WNK2,1.277696171875,1.2776961718749995,1.0000000000000004,-4.440892098500626e-16,MINIMAL,optimal,1,PROTEIN_45_KINASE_45_RXN
HS09215,MELK,1.277696171875,1.2776961718749995,1.0000000000000004,-4.440892098500626e-16,MINIMAL,optimal,1,PROTEIN_45_KINASE_45_RXN
HS09280,STK32C,1.277696171875,1.2776961718749995,1.0000000000000004,-4.440892098500626e-16,MINIMAL,optimal,1,PROTEIN_45_KINASE_45_RXN
HS09300,PACSIN3,1.277696171875,1.2776961718749995,1.0000000000000004,-4.440892098500626e-16,MINIMAL,optimal,1,PROTEIN_45_KINASE_45_RXN
HS09377,ILK,1.277696171875,1.2776961718749995,1.0000000000000004,-4.440892098500626e-16,MINIMAL,optimal,1,PROTEIN_45_KINASE_45_RXN
HS09479,YWHAB,1.277696171875,1.2776961718749995,1.0000000000000004,-4.440892098500626e-16,MINIMAL,optimal,2,PROTEIN_45_KINASE_45_RXN;RXN66_45_55
HS09602,DAPK3,1.277696171875,1.2776961718749995,1.0000000000000004,-4.440892098500626e-16,MINIMAL,optimal,1,PROTEIN_45_KINASE_45_RXN
HS15628,ULK4,1.277696171875,1.2776961718749995,1.0000000000000004,-4.440892098500626e-16,MINIMAL,optimal,1,PROTEIN_45_KINASE_45_RXN
HS09689,MAP4K2,1.277696171875,1.2776961718749995,1.0000000000000004,-4.440892098500626e-16,MINIMAL,optimal,1,PROTEIN_45_KINASE_45_RXN
HS09925,STK32A,1.277696171875,1.2776961718749995,1.0000000000000004,-4.440892098500626e-16,MINIMAL,optimal,1,PROTEIN_45_KINASE_45_RXN
HS09969,HINT1,1.277696171875,1.2776961718749995,1.0000000000000004,-4.440892098500626e-16,MINIMAL,optimal,1,PROTEIN_45_KINASE_45_RXN
HS10059,YWHAG,1.277696171875,1.2776961718749995,1.0000000000000004,-4.440892098500626e-16,MINIMAL,optimal,1,PROTEIN_45_KINASE_45_RXN
HS10074,SIK2,1.277696171875,1.2776961718749995,1.0000000000000004,-4.440892098500626e-16,MINIMAL,optimal,1,PROTEIN_45_KINASE_45_RXN
HS10083,ANKK1,1.277696171875,1.2776961718749995,1.0000000000000004,-4.440892098500626e-16,MINIMAL,optimal,1,PROTEIN_45_KINASE_45_RXN
HS15938,PRKCDBP,1.277696171875,1.2776961718749995,1.0000000000000004,-4.440892098500626e-16,MINIMAL,optimal,1,PROTEIN_45_KINASE_45_RXN
HS10447,EIF2AK3,1.277696171875,1.2776961718749995,1.0000000000000004,-4.440892098500626e-16,MINIMAL,optimal,1,PROTEIN_45_KINASE_45_RXN
HS10595,OXSR1,1.277696171875,1.2776961718749995,1.0000000000000004,-4.440892098500626e-16,MINIMAL,optimal,1,PROTEIN_45_KINASE_45_RXN
HS10870,ATR,1.277696171875,1.2776961718749995,1.0000000000000004,-4.440892098500626e-16,MINIMAL,optimal,1,PROTEIN_45_KINASE_45_RXN
HS10964,RPS6KB2,1.277696171875,1.2776961718749995,1.0000000000000004,-4.440892098500626e-16,MINIMAL,optimal,1,PROTEIN_45_KINASE_45_RXN
HS11136,RPS6KA3,1.277696171875,1.2776961718749995,1.0000000000000004,-4.440892098500626e-16,MINIMAL,optimal,1,PROTEIN_45_KINASE_45_RXN
HS16857,NIM1,1.277696171875,1.2776961718749995,1.0000000000000004,-4.440892098500626e-16,MINIMAL,optimal,1,PROTEIN_45_KINASE_45_RXN
HS11191,GSG2,1.277696171875,1.2776961718749995,1.0000000000000004,-4.440892098500626e-16,MINIMAL,optimal,1,PROTEIN_45_KINASE_45_RXN
HS11248,TSSK6,1.277696171875,1.2776961718749995,1.0000000000000004,-4.440892098500626e-16,MINIMAL,optimal,1,PROTEIN_45_KINASE_45_RXN
HS17093,ERN1,1.277696171875,1.2776961718749995,1.0000000000000004,-4.440892098500626e-16,MINIMAL,optimal,1,PROTEIN_45_KINASE_45_RXN
HS11487,PAK2,1.277696171875,1.2776961718749995,1.0000000000000004,-4.440892098500626e-16,MINIMAL,optimal,1,PROTEIN_45_KINASE_45_RXN
HS11615,AATK,1.277696171875,1.2776961718749995,1.0000000000000004,-4.440892098500626e-16,MINIMAL,optimal,1,PROTEIN_45_KINASE_45_RXN
HS11918,LRRK2,1.277696171875,1.2776961718749995,1.0000000000000004,-4.440892098500626e-16,MINIMAL,optimal,1,PROTEIN_45_KINASE_45_RXN
HS07488,DAPK1,1.277696171875,1.2776961718749995,1.0000000000000004,-4.440892098500626e-16,MINIMAL,optimal,1,PROTEIN_45_KINASE_45_RXN
HS01439,FRAP1,1.277696171875,1.2776961718749995,1.0000000000000004,-4.440892098500626e-16,MINIMAL,optimal,1,PROTEIN_45_KINASE_45_RXN
HS03880,STK39,1.277696171875,1.2776961718749995,1.0000000000000004,-4.440892098500626e-16,MINIMAL,optimal,1,PROTEIN_45_KINASE_45_RXN
HS00020,TBK1,1.277696171875,1.2776961718749995,1.0000000000000004,-4.440892098500626e-16,MINIMAL,optimal,1,PROTEIN_45_KINASE_45_RXN
HS09933,BCR,1.277696171875,1.2776961718749995,1.0000000000000004,-4.440892098500626e-16,MINIMAL,optimal,1,PROTEIN_45_KINASE_45_RXN
HS04476,WNK3,1.277696171875,1.2776961718749995,1.0000000000000004,-4.440892098500626e-16,MINIMAL,optimal,1,PROTEIN_45_KINASE_45_RXN
HS04329,RPS6KL1,1.277696171875,1.2776961718749995,1.0000000000000004,-4.440892098500626e-16,MINIMAL,optimal,1,PROTEIN_45_KINASE_45_RXN
HS11983,STK40,1.277696171875,1.2776961718749995,1.0000000000000004,-4.440892098500626e-16,MINIMAL,optimal,1,PROTEIN_45_KINASE_45_RXN
HS02132,CDC42BPB,1.277696171875,1.2776961718749995,1.0000000000000004,-4.440892098500626e-16,MINIMAL,optimal,1,PROTEIN_45_KINASE_45_RXN
HS11966,RIPK4,1.277696171875,1.2776961718749995,1.0000000000000004,-4.440892098500626e-16,MINIMAL,optimal,1,PROTEIN_45_KINASE_45_RXN
HS08910,DCLK3,1.277696171875,1.2776961718749995,1.0000000000000004,-4.440892098500626e-16,MINIMAL,optimal,1,PROTEIN_45_KINASE_45_RXN
HS10486,TP53RK,1.277696171875,1.2776961718749995,1.0000000000000004,-4.440892098500626e-16,MINIMAL,optimal,1,PROTEIN_45_KINASE_45_RXN
HS11064,YSK4,1.277696171875,1.2776961718749995,1.0000000000000004,-4.440892098500626e-16,MINIMAL,optimal,1,PROTEIN_45_KINASE_45_RXN
G66_32912,NEK5,1.277696171875,1.2776961718749995,1.0000000000000004,-4.440892098500626e-16,MINIMAL,optimal,1,PROTEIN_45_KINASE_45_RXN
G66_32707,PDPK2,1.277696171875,1.2776961718749995,1.0000000000000004,-4.440892098500626e-16,MINIMAL,optimal,1,PROTEIN_45_KINASE_45_RXN
G66_32582,SBK2,1.277696171875,1.2776961718749995,1.0000000000000004,-4.440892098500626e-16,MINIMAL,optimal,1,PROTEIN_45_KINASE_45_RXN
G66_31942,TNNI3K,1.277696171875,1.2776961718749995,1.0000000000000004,-4.440892098500626e-16,MINIMAL,optimal,1,PROTEIN_45_KINASE_45_RXN
G66_31485,SGK110,1.277696171875,1.2776961718749995,1.0000000000000004,-4.440892098500626e-16,MINIMAL,optimal,1,PROTEIN_45_KINASE_45_RXN
G66_30733,SBK1,1.277696171875,1.2776961718749995,1.0000000000000004,-4.440892098500626e-16,MINIMAL,optimal,1,PROTEIN_45_KINASE_45_RXN
HS10308,CDK5R2,1.277696171875,1.2776961718749995,1.0000000000000004,-4.440892098500626e-16,MINIMAL,optimal,1,PROTEIN_45_KINASE_45_RXN
HS10099,CDC2,1.277696171875,1.2776961718749995,1.0000000000000004,-4.440892098500626e-16,MINIMAL,optimal,2,PROTEIN_45_KINASE_45_RXN;RNA_45_POLYMERASE_45_SUBUNIT_45_KINASE_45_RXN
HS09461,PLK1,1.277696171875,1.2776961718749995,1.0000000000000004,-4.440892098500626e-16,MINIMAL,optimal,1,PROTEIN_45_KINASE_45_RXN
HS08502,PKN3,1.277696171875,1.2776961718749995,1.0000000000000004,-4.440892098500626e-16,MINIMAL,optimal,1,PROTEIN_45_KINASE_45_RXN
HS07267,PLK2,1.277696171875,1.2776961718749995,1.0000000000000004,-4.440892098500626e-16,MINIMAL,optimal,1,PROTEIN_45_KINASE_45_RXN
HS06530,PRKG2,1.277696171875,1.2776961718749995,1.0000000000000004,-4.440892098500626e-16,MINIMAL,optimal,1,PROTEIN_45_KINASE_45_RXN
HS06213,CDK9,1.277696171875,1.2776961718749995,1.0000000000000004,-4.440892098500626e-16,MINIMAL,optimal,2,PROTEIN_45_KINASE_45_RXN;RNA_45_POLYMERASE_45_SUBUNIT_45_KINASE_45_RXN
HS05713,CDK8,1.277696171875,1.2776961718749995,1.0000000000000004,-4.440892098500626e-16,MINIMAL,optimal,2,PROTEIN_45_KINASE_45_RXN;RNA_45_POLYMERASE_45_SUBUNIT_45_KINASE_45_RXN
HS03113,CDK3,1.277696171875,1.2776961718749995,1.0000000000000004,-4.440892098500626e-16,MINIMAL,optimal,1,PROTEIN_45_KINASE_45_RXN
HS02707,PRKD2,1.277696171875,1.2776961718749995,1.0000000000000004,-4.440892098500626e-16,MINIMAL,optimal,1,PROTEIN_45_KINASE_45_RXN
HS00834,PKN2,1.277696171875,1.2776961718749995,1.0000000000000004,-4.440892098500626e-16,MINIMAL,optimal,1,PROTEIN_45_KINASE_45_RXN
HS00181,G_HS00181,1.277696171875,1.2776961718749995,1.0000000000000004,-4.440892098500626e-16,MINIMAL,optimal,2,2_46_7_46_10_46_1_45_RXN;PROTEIN_45_KINASE_45_RXN
HS01051,PRKACA,1.277696171875,1.2776961718749995,1.0000000000000004,-4.440892098500626e-16,MINIMAL,optimal,1,PROTEIN_45_KINASE_45_RXN
HS09176,PRKACG,1.277696171875,1.2776961718749995,1.0000000000000004,-4.440892098500626e-16,MINIMAL,optimal,1,PROTEIN_45_KINASE_45_RXN
HS07962,PRKCA,1.277696171875,1.2776961718749995,1.0000000000000004,-4.440892098500626e-16,MINIMAL,optimal,1,PROTEIN_45_KINASE_45_RXN
G66_32301,CDKL4,1.277696171875,1.2776961718749995,1.0000000000000004,-4.440892098500626e-16,MINIMAL,optimal,1,PROTEIN_45_KINASE_45_RXN
HS03522,ICK,1.277696171875,1.2776961718749995,1.0000000000000004,-4.440892098500626e-16,MINIMAL,optimal,1,PROTEIN_45_KINASE_45_RXN
HS02369,PCTK1,1.277696171875,1.2776961718749995,1.0000000000000004,-4.440892098500626e-16,MINIMAL,optimal,1,PROTEIN_45_KINASE_45_RXN
HS02097,CDKL1,1.277696171875,1.2776961718749995,1.0000000000000004,-4.440892098500626e-16,MINIMAL,optimal,1,PROTEIN_45_KINASE_45_RXN
HS00199,CDKL3,1.277696171875,1.2776961718749995,1.0000000000000004,-4.440892098500626e-16,MINIMAL,optimal,1,PROTEIN_45_KINASE_45_RXN
HS00857,CDC2L5,1.277696171875,1.2776961718749995,1.0000000000000004,-4.440892098500626e-16,MINIMAL,optimal,1,PROTEIN_45_KINASE_45_RXN
HS00734,PCTK2,1.277696171875,1.2776961718749995,1.0000000000000004,-4.440892098500626e-16,MINIMAL,optimal,1,PROTEIN_45_KINASE_45_RXN
HS00718,PFTK1,1.277696171875,1.2776961718749995,1.0000000000000004,-4.440892098500626e-16,MINIMAL,optimal,1,PROTEIN_45_KINASE_45_RXN
HS09531,CRKRS,1.277696171875,1.2776961718749995,1.0000000000000004,-4.440892098500626e-16,MINIMAL,optimal,1,PROTEIN_45_KINASE_45_RXN
HS08120,CCRK,1.277696171875,1.2776961718749995,1.0000000000000004,-4.440892098500626e-16,MINIMAL,optimal,1,PROTEIN_45_KINASE_45_RXN
HS08031,CDC2L6,1.277696171875,1.2776961718749995,1.0000000000000004,-4.440892098500626e-16,MINIMAL,optimal,1,PROTEIN_45_KINASE_45_RXN
HS06499,PFTK2,1.277696171875,1.2776961718749995,1.0000000000000004,-4.440892098500626e-16,MINIMAL,optimal,1,PROTEIN_45_KINASE_45_RXN
HS04111,PCTK3,1.277696171875,1.2776961718749995,1.0000000000000004,-4.440892098500626e-16,MINIMAL,optimal,1,PROTEIN_45_KINASE_45_RXN
HS03473,MAK,1.277696171875,1.2776961718749995,1.0000000000000004,-4.440892098500626e-16,MINIMAL,optimal,1,PROTEIN_45_KINASE_45_RXN
HS01371,RAGE,1.277696171875,1.2776961718749995,1.0000000000000004,-4.440892098500626e-16,MINIMAL,optimal,1,PROTEIN_45_KINASE_45_RXN
HS04653,CDK2,1.277696171875,1.2776961718749995,1.0000000000000004,-4.440892098500626e-16,MINIMAL,optimal,1,PROTEIN_45_KINASE_45_RXN
HS06007,CDK4,1.277696171875,1.2776961718749995,1.0000000000000004,-4.440892098500626e-16,MINIMAL,optimal,1,PROTEIN_45_KINASE_45_RXN
HS16669,G_HS16669,1.277696171875,1.2776961718749995,1.0000000000000004,-4.440892098500626e-16,MINIMAL,optimal,1,PROTEIN_45_KINASE_45_RXN
HS16431,G_HS16431,1.277696171875,1.2776961718749995,1.0000000000000004,-4.440892098500626e-16,MINIMAL,optimal,1,PROTEIN_45_KINASE_45_RXN
HS15274,G_HS15274,1.277696171875,1.2776961718749995,1.0000000000000004,-4.440892098500626e-16,MINIMAL,optimal,1,PROTEIN_45_KINASE_45_RXN
HS14227,G_HS14227,1.277696171875,1.2776961718749995,1.0000000000000004,-4.440892098500626e-16,MINIMAL,optimal,1,PROTEIN_45_KINASE_45_RXN
HS07481,CDKN2A,1.277696171875,1.2776961718749995,1.0000000000000004,-4.440892098500626e-16,MINIMAL,optimal,1,PROTEIN_45_KINASE_45_RXN
HS07479,CDKN2B,1.277696171875,1.2776961718749995,1.0000000000000004,-4.440892098500626e-16,MINIMAL,optimal,1,PROTEIN_45_KINASE_45_RXN
HS05811,CDK7,1.277696171875,1.2776961718749995,1.0000000000000004,-4.440892098500626e-16,MINIMAL,optimal,4,2_46_7_46_10_46_1_45_RXN;PROTEIN_45_KINASE_45_RXN;RNA_45_POLYMERASE_45_SUBUNIT_45_KINASE_45_RXN;2_46_7_46_11_46_2_45_RXN
HS05274,CDKN2D,1.277696171875,1.2776961718749995,1.0000000000000004,-4.440892098500626e-16,MINIMAL,optimal,1,PROTEIN_45_KINASE_45_RXN
HS04623,CDKN2C,1.277696171875,1.2776961718749995,1.0000000000000004,-4.440892098500626e-16,MINIMAL,optimal,1,PROTEIN_45_KINASE_45_RXN
HS02812,CDK6,1.277696171875,1.2776961718749995,1.0000000000000004,-4.440892098500626e-16,MINIMAL,optimal,1,PROTEIN_45_KINASE_45_RXN
G66_32136,PLK5P,1.277696171875,1.2776961718749995,1.0000000000000004,-4.440892098500626e-16,MINIMAL,optimal,1,PROTEIN_45_KINASE_45_RXN
HS13357,PNCK,1.277696171875,1.2776961718749995,1.0000000000000004,-4.440892098500626e-16,MINIMAL,optimal,1,PROTEIN_45_KINASE_45_RXN
HS11976,CAMK1D,1.277696171875,1.2776961718749995,1.0000000000000004,-4.440892098500626e-16,MINIMAL,optimal,1,PROTEIN_45_KINASE_45_RXN
HS15121,CAMK2N2,1.277696171875,1.2776961718749995,1.0000000000000004,-4.440892098500626e-16,MINIMAL,optimal,1,PROTEIN_45_KINASE_45_RXN
HS14934,CAMK2N1,1.277696171875,1.2776961718749995,1.0000000000000004,-4.440892098500626e-16,MINIMAL,optimal,1,PROTEIN_45_KINASE_45_RXN
HS03356,CAMKK2,1.277696171875,1.2776961718749995,1.0000000000000004,-4.440892098500626e-16,MINIMAL,optimal,1,PROTEIN_45_KINASE_45_RXN
HS00722,CAMK2B,1.277696171875,1.2776961718749995,1.0000000000000004,-4.440892098500626e-16,MINIMAL,optimal,1,PROTEIN_45_KINASE_45_RXN
HS07828,CAMK4,1.277696171875,1.2776961718749995,1.0000000000000004,-4.440892098500626e-16,MINIMAL,optimal,1,PROTEIN_45_KINASE_45_RXN
HS07546,CAMK2G,1.277696171875,1.2776961718749995,1.0000000000000004,-4.440892098500626e-16,MINIMAL,optimal,1,PROTEIN_45_KINASE_45_RXN
HS07247,CAMK2D,1.277696171875,1.2776961718749995,1.0000000000000004,-4.440892098500626e-16,MINIMAL,optimal,1,PROTEIN_45_KINASE_45_RXN
HS05815,CAMK1,1.277696171875,1.2776961718749995,1.0000000000000004,-4.440892098500626e-16,MINIMAL,optimal,1,PROTEIN_45_KINASE_45_RXN
HS01013,CAMK2A,1.277696171875,1.2776961718749995,1.0000000000000004,-4.440892098500626e-16,MINIMAL,optimal,1,PROTEIN_45_KINASE_45_RXN
HS00231,CAMK1G,1.277696171875,1.2776961718749995,1.0000000000000004,-4.440892098500626e-16,MINIMAL,optimal,1,PROTEIN_45_KINASE_45_RXN
HS00108,CAMKK1,1.277696171875,1.2776961718749995,1.0000000000000004,-4.440892098500626e-16,MINIMAL,optimal,1,PROTEIN_45_KINASE_45_RXN
G66_32570,PIM3,1.277696171875,1.2776961718749995,1.0000000000000004,-4.440892098500626e-16,MINIMAL,optimal,1,PROTEIN_45_KINASE_45_RXN
HS05878,CABLES1,1.277696171875,1.2776961718749995,1.0000000000000004,-4.440892098500626e-16,MINIMAL,optimal,1,PROTEIN_45_KINASE_45_RXN
HS09406,WEE1,1.277696171875,1.2776961718749995,1.0000000000000004,-4.440892098500626e-16,MINIMAL,optimal,2,2_46_7_46_10_46_1_45_RXN;PROTEIN_45_KINASE_45_RXN
G66_46096,CSNK2A3,1.277696171875,1.2776961718749995,1.0000000000000004,-4.440892098500626e-16,MINIMAL,optimal,1,PROTEIN_45_KINASE_45_RXN
HS07636,CABLES2,1.277696171875,1.2776961718749995,1.0000000000000004,-4.440892098500626e-16,MINIMAL,optimal,1,PROTEIN_45_KINASE_45_RXN
G66_47334,PRKX,1.277696171875,1.2776961718749995,1.0000000000000004,-4.440892098500626e-16,MINIMAL,optimal,1,PROTEIN_45_KINASE_45_RXN
HS01861,CDC5L,1.277696171875,1.2776961718749995,1.0000000000000004,-4.440892098500626e-16,MINIMAL,optimal,1,PROTEIN_45_KINASE_45_RXN
HS02018,PACSIN2,1.277696171875,1.2776961718749995,1.0000000000000004,-4.440892098500626e-16,MINIMAL,optimal,1,PROTEIN_45_KINASE_45_RXN
HS03999,ICMT,1.277696171875,1.2776961718749995,1.0000000000000004,-4.440892098500626e-16,MINIMAL,optimal,1,2_46_1_46_1_46_100_45_RXN
HS07279,PAM,1.277696171875,1.2776961718749995,1.0000000000000004,-4.440892098500626e-16,MINIMAL,optimal,2,PEPTIDYLAMIDOGLYCOLATE_45_LYASE_45_RXN;PEPTIDYLGLYCINE_45_MONOOXYGENASE_45_RXN
HS04399,ACAT2,1.277696171875,1.2776961718749995,1.0000000000000004,-4.440892098500626e-16,MINIMAL,optimal,2,RXN_45_20154;RXN_45_20155
HS01167,ACAT1,1.277696171875,1.2776961718749995,1.0000000000000004,-4.440892098500626e-16,MINIMAL,optimal,2,RXN_45_20154;RXN_45_20155
HS01399,DUSP12,1.277696171875,1.2776961718749995,1.0000000000000004,-4.440892098500626e-16,MINIMAL,optimal,2,3_46_1_46_3_46_16_45_RXN;PROTEIN_45_TYROSINE_45_PHOSPHATASE_45_RXN
HS07066,DUSP10,1.277696171875,1.2776961718749995,1.0000000000000004,-4.440892098500626e-16,MINIMAL,optimal,2,3_46_1_46_3_46_16_45_RXN;PROTEIN_45_TYROSINE_45_PHOSPHATASE_45_RXN
HS03855,PPM1G,1.277696171875,1.2776961718749995,1.0000000000000004,-4.440892098500626e-16,MINIMAL,optimal,1,3_46_1_46_3_46_16_45_RXN
HS06439,PPM1B,1.277696171875,1.2776961718749995,1.0000000000000004,-4.440892098500626e-16,MINIMAL,optimal,1,3_46_1_46_3_46_16_45_RXN
HS08264,DUSP2,1.277696171875,1.2776961718749995,1.0000000000000004,-4.440892098500626e-16,MINIMAL,optimal,2,3_46_1_46_3_46_16_45_RXN;PROTEIN_45_TYROSINE_45_PHOSPHATASE_45_RXN
HS09006,DUSP7,1.277696171875,1.2776961718749995,1.0000000000000004,-4.440892098500626e-16,MINIMAL,optimal,2,3_46_1_46_3_46_16_45_RXN;PROTEIN_45_TYROSINE_45_PHOSPHATASE_45_RXN
HS08103,PPEF2,1.277696171875,1.2776961718749995,1.0000000000000004,-4.440892098500626e-16,MINIMAL,optimal,1,3_46_1_46_3_46_16_45_RXN
HS17191,G_HS17191,1.277696171875,1.2776961718749995,1.0000000000000004,-4.440892098500626e-16,MINIMAL,optimal,1,3_46_1_46_3_46_16_45_RXN
HS08904,PPM1K,1.277696171875,1.2776961718749995,1.0000000000000004,-4.440892098500626e-16,MINIMAL,optimal,1,3_46_1_46_3_46_16_45_RXN
HS06568,PPP3CA,1.277696171875,1.2776961718749995,1.0000000000000004,-4.440892098500626e-16,MINIMAL,optimal,1,3_46_1_46_3_46_16_45_RXN
HS03696,PPP2CA,1.277696171875,1.2776961718749995,1.0000000000000004,-4.440892098500626e-16,MINIMAL,optimal,1,3_46_1_46_3_46_16_45_RXN
HS02763,PPP2R1A,1.277696171875,1.2776961718749995,1.0000000000000004,-4.440892098500626e-16,MINIMAL,optimal,1,3_46_1_46_3_46_16_45_RXN
HS04371,DUSP1,1.277696171875,1.2776961718749995,1.0000000000000004,-4.440892098500626e-16,MINIMAL,optimal,2,3_46_1_46_3_46_16_45_RXN;PROTEIN_45_TYROSINE_45_PHOSPHATASE_45_RXN
HS04450,PPP3CC,1.277696171875,1.2776961718749995,1.0000000000000004,-4.440892098500626e-16,MINIMAL,optimal,1,3_46_1_46_3_46_16_45_RXN
HS04443,DUSP4,1.277696171875,1.2776961718749995,1.0000000000000004,-4.440892098500626e-16,MINIMAL,optimal,2,3_46_1_46_3_46_16_45_RXN;PROTEIN_45_TYROSINE_45_PHOSPHATASE_45_RXN
HS02605,PPP2CB,1.277696171875,1.2776961718749995,1.0000000000000004,-4.440892098500626e-16,MINIMAL,optimal,1,3_46_1_46_3_46_16_45_RXN
HS05793,DUSP26,1.277696171875,1.2776961718749995,1.0000000000000004,-4.440892098500626e-16,MINIMAL,optimal,2,3_46_1_46_3_46_16_45_RXN;PROTEIN_45_TYROSINE_45_PHOSPHATASE_45_RXN
HS04296,PPP6C,1.277696171875,1.2776961718749995,1.0000000000000004,-4.440892098500626e-16,MINIMAL,optimal,1,3_46_1_46_3_46_16_45_RXN
HS17336,G_HS17336,1.277696171875,1.2776961718749995,1.0000000000000004,-4.440892098500626e-16,MINIMAL,optimal,2,3_46_1_46_3_46_16_45_RXN;PROTEIN_45_TYROSINE_45_PHOSPHATASE_45_RXN
HS17246,G_HS17246,1.277696171875,1.2776961718749995,1.0000000000000004,-4.440892098500626e-16,MINIMAL,optimal,2,3_46_1_46_3_46_16_45_RXN;PROTEIN_45_TYROSINE_45_PHOSPHATASE_45_RXN
HS16774,G_HS16774,1.277696171875,1.2776961718749995,1.0000000000000004,-4.440892098500626e-16,MINIMAL,optimal,2,3_46_1_46_3_46_16_45_RXN;PROTEIN_45_TYROSINE_45_PHOSPHATASE_45_RXN
HS03023,PPP3CB,1.277696171875,1.2776961718749995,1.0000000000000004,-4.440892098500626e-16,MINIMAL,optimal,1,3_46_1_46_3_46_16_45_RXN
HS01326,DUSP13,1.277696171875,1.2776961718749995,1.0000000000000004,-4.440892098500626e-16,MINIMAL,optimal,2,3_46_1_46_3_46_16_45_RXN;PROTEIN_45_TYROSINE_45_PHOSPHATASE_45_RXN
HS06468,DUSP5,1.277696171875,1.2776961718749995,1.0000000000000004,-4.440892098500626e-16,MINIMAL,optimal,2,3_46_1_46_3_46_16_45_RXN;PROTEIN_45_TYROSINE_45_PHOSPHATASE_45_RXN
HS00009,DUSP8,1.277696171875,1.2776961718749995,1.0000000000000004,-4.440892098500626e-16,MINIMAL,optimal,2,3_46_1_46_3_46_16_45_RXN;PROTEIN_45_TYROSINE_45_PHOSPHATASE_45_RXN
HS10534,PPP1CA,1.277696171875,1.2776961718749995,1.0000000000000004,-4.440892098500626e-16,MINIMAL,optimal,1,3_46_1_46_3_46_16_45_RXN
HS03392,DUSP16,1.277696171875,1.2776961718749995,1.0000000000000004,-4.440892098500626e-16,MINIMAL,optimal,2,3_46_1_46_3_46_16_45_RXN;PROTEIN_45_TYROSINE_45_PHOSPHATASE_45_RXN
HS06607,DUSP6,1.277696171875,1.2776961718749995,1.0000000000000004,-4.440892098500626e-16,MINIMAL,optimal,2,3_46_1_46_3_46_16_45_RXN;PROTEIN_45_TYROSINE_45_PHOSPHATASE_45_RXN
HS02104,CDKN3,1.277696171875,1.2776961718749995,1.0000000000000004,-4.440892098500626e-16,MINIMAL,optimal,2,3_46_1_46_3_46_16_45_RXN;PROTEIN_45_TYROSINE_45_PHOSPHATASE_45_RXN
HS02125,PPM1A,1.277696171875,1.2776961718749995,1.0000000000000004,-4.440892098500626e-16,MINIMAL,optimal,1,3_46_1_46_3_46_16_45_RXN
HS07646,PPP4C,1.277696171875,1.2776961718749995,1.0000000000000004,-4.440892098500626e-16,MINIMAL,optimal,1,3_46_1_46_3_46_16_45_RXN
HS08583,DUSP14,1.277696171875,1.2776961718749995,1.0000000000000004,-4.440892098500626e-16,MINIMAL,optimal,2,3_46_1_46_3_46_16_45_RXN;PROTEIN_45_TYROSINE_45_PHOSPHATASE_45_RXN
HS03174,DUSP3,1.277696171875,1.2776961718749995,1.0000000000000004,-4.440892098500626e-16,MINIMAL,optimal,2,3_46_1_46_3_46_16_45_RXN;PROTEIN_45_TYROSINE_45_PHOSPHATASE_45_RXN
HS10191,PPM1D,1.277696171875,1.2776961718749995,1.0000000000000004,-4.440892098500626e-16,MINIMAL,optimal,1,3_46_1_46_3_46_16_45_RXN
HS11226,G_HS11226,1.277696171875,1.2776961718749995,1.0000000000000004,-4.440892098500626e-16,MINIMAL,optimal,1,3_46_1_46_3_46_16_45_RXN
HS00320,PPP5C,1.277696171875,1.2776961718749995,1.0000000000000004,-4.440892098500626e-16,MINIMAL,optimal,1,3_46_1_46_3_46_16_45_RXN
HS07632,DUSP15,1.277696171875,1.2776961718749995,1.0000000000000004,-4.440892098500626e-16,MINIMAL,optimal,2,3_46_1_46_3_46_16_45_RXN;PROTEIN_45_TYROSINE_45_PHOSPHATASE_45_RXN
HS05694,PPP1R3D,1.277696171875,1.2776961718749995,1.0000000000000004,-4.440892098500626e-16,MINIMAL,optimal,1,3_46_1_46_3_46_16_45_RXN
HS01959,PPM1F,1.277696171875,1.2776961718749995,1.0000000000000004,-4.440892098500626e-16,MINIMAL,optimal,1,3_46_1_46_3_46_16_45_RXN
HS09503,DUSP18,1.277696171875,1.2776961718749995,1.0000000000000004,-4.440892098500626e-16,MINIMAL,optimal,2,3_46_1_46_3_46_16_45_RXN;PROTEIN_45_TYROSINE_45_PHOSPHATASE_45_RXN
HS07713,PPP1CC,1.277696171875,1.2776961718749995,1.0000000000000004,-4.440892098500626e-16,MINIMAL,optimal,1,3_46_1_46_3_46_16_45_RXN
HS01541,PPEF1,1.277696171875,1.2776961718749995,1.0000000000000004,-4.440892098500626e-16,MINIMAL,optimal,1,3_46_1_46_3_46_16_45_RXN
HS04776,DUSP21,1.277696171875,1.2776961718749995,1.0000000000000004,-4.440892098500626e-16,MINIMAL,optimal,2,3_46_1_46_3_46_16_45_RXN;PROTEIN_45_TYROSINE_45_PHOSPHATASE_45_RXN
HS05453,DUSP9,1.277696171875,1.2776961718749995,1.0000000000000004,-4.440892098500626e-16,MINIMAL,optimal,2,3_46_1_46_3_46_16_45_RXN;PROTEIN_45_TYROSINE_45_PHOSPHATASE_45_RXN
HS16589,G_HS16589,1.277696171875,1.2776961718749995,1.0000000000000004,-4.440892098500626e-16,MINIMAL,optimal,1,3_46_1_46_3_46_16_45_RXN
HS05617,ILKAP,1.277696171875,1.2776961718749995,1.0000000000000004,-4.440892098500626e-16,MINIMAL,optimal,1,3_46_1_46_3_46_16_45_RXN
HS13117,PPP4R1L,1.277696171875,1.2776961718749995,1.0000000000000004,-4.440892098500626e-16,MINIMAL,optimal,1,3_46_1_46_3_46_16_45_RXN
HS11972,PPM2C,1.277696171875,1.2776961718749995,1.0000000000000004,-4.440892098500626e-16,MINIMAL,optimal,1,3_46_1_46_3_46_16_45_RXN
HS09554,PPP2R3B,1.277696171875,1.2776961718749995,1.0000000000000004,-4.440892098500626e-16,MINIMAL,optimal,1,3_46_1_46_3_46_16_45_RXN
HS06311,PPP1R10,1.277696171875,1.2776961718749995,1.0000000000000004,-4.440892098500626e-16,MINIMAL,optimal,1,3_46_1_46_3_46_16_45_RXN
HS16195,PPP1R3B,1.277696171875,1.2776961718749995,1.0000000000000004,-4.440892098500626e-16,MINIMAL,optimal,1,3_46_1_46_3_46_16_45_RXN
HS11925,LOC151242,1.277696171875,1.2776961718749995,1.0000000000000004,-4.440892098500626e-16,MINIMAL,optimal,1,3_46_1_46_3_46_16_45_RXN
HS13895,G_HS13895,1.277696171875,1.2776961718749995,1.0000000000000004,-4.440892098500626e-16,MINIMAL,optimal,1,3_46_1_46_3_46_16_45_RXN
HS00546,PHLPP2,1.277696171875,1.2776961718749995,1.0000000000000004,-4.440892098500626e-16,MINIMAL,optimal,1,3_46_1_46_3_46_16_45_RXN
HS00738,CTDP1,1.277696171875,1.2776961718749995,1.0000000000000004,-4.440892098500626e-16,MINIMAL,optimal,1,3_46_1_46_3_46_16_45_RXN
HS11655,CDC14A,1.277696171875,1.2776961718749995,1.0000000000000004,-4.440892098500626e-16,MINIMAL,optimal,2,3_46_1_46_3_46_16_45_RXN;PROTEIN_45_TYROSINE_45_PHOSPHATASE_45_RXN
HS01395,CDC14B,1.277696171875,1.2776961718749995,1.0000000000000004,-4.440892098500626e-16,MINIMAL,optimal,2,3_46_1_46_3_46_16_45_RXN;PROTEIN_45_TYROSINE_45_PHOSPHATASE_45_RXN
HS01406,PHLPP1,1.277696171875,1.2776961718749995,1.0000000000000004,-4.440892098500626e-16,MINIMAL,optimal,1,3_46_1_46_3_46_16_45_RXN
HS01467,SSH1,1.277696171875,1.2776961718749995,1.0000000000000004,-4.440892098500626e-16,MINIMAL,optimal,2,3_46_1_46_3_46_16_45_RXN;PROTEIN_45_TYROSINE_45_PHOSPHATASE_45_RXN
HS03369,PPM1H,1.277696171875,1.2776961718749995,1.0000000000000004,-4.440892098500626e-16,MINIMAL,optimal,1,3_46_1_46_3_46_16_45_RXN
HS03604,DUSP22,1.277696171875,1.2776961718749995,1.0000000000000004,-4.440892098500626e-16,MINIMAL,optimal,2,3_46_1_46_3_46_16_45_RXN;PROTEIN_45_TYROSINE_45_PHOSPHATASE_45_RXN
HS06812,SSH2,1.277696171875,1.2776961718749995,1.0000000000000004,-4.440892098500626e-16,MINIMAL,optimal,2,3_46_1_46_3_46_16_45_RXN;PROTEIN_45_TYROSINE_45_PHOSPHATASE_45_RXN
HS07180,CTDSP1,1.277696171875,1.2776961718749995,1.0000000000000004,-4.440892098500626e-16,MINIMAL,optimal,1,3_46_1_46_3_46_16_45_RXN
HS08047,PPM1J,1.277696171875,1.2776961718749995,1.0000000000000004,-4.440892098500626e-16,MINIMAL,optimal,1,3_46_1_46_3_46_16_45_RXN
HS08321,DUSP23,1.277696171875,1.2776961718749995,1.0000000000000004,-4.440892098500626e-16,MINIMAL,optimal,2,3_46_1_46_3_46_16_45_RXN;PROTEIN_45_TYROSINE_45_PHOSPHATASE_45_RXN
HS08444,SSU72,1.277696171875,1.2776961718749995,1.0000000000000004,-4.440892098500626e-16,MINIMAL,optimal,1,3_46_1_46_3_46_16_45_RXN
HS08887,PPM1L,1.277696171875,1.2776961718749995,1.0000000000000004,-4.440892098500626e-16,MINIMAL,optimal,1,3_46_1_46_3_46_16_45_RXN
HS09007,PPM1M,1.277696171875,1.2776961718749995,1.0000000000000004,-4.440892098500626e-16,MINIMAL,optimal,1,3_46_1_46_3_46_16_45_RXN
HS09065,UBLCP1,1.277696171875,1.2776961718749995,1.0000000000000004,-4.440892098500626e-16,MINIMAL,optimal,1,3_46_1_46_3_46_16_45_RXN
HS10577,SSH3,1.277696171875,1.2776961718749995,1.0000000000000004,-4.440892098500626e-16,MINIMAL,optimal,2,3_46_1_46_3_46_16_45_RXN;PROTEIN_45_TYROSINE_45_PHOSPHATASE_45_RXN
HS10889,PPM1E,1.277696171875,1.2776961718749995,1.0000000000000004,-4.440892098500626e-16,MINIMAL,optimal,1,3_46_1_46_3_46_16_45_RXN
HS10897,CTDSP2,1.277696171875,1.2776961718749995,1.0000000000000004,-4.440892098500626e-16,MINIMAL,optimal,1,3_46_1_46_3_46_16_45_RXN
HS16522,DULLARD,1.277696171875,1.2776961718749995,1.0000000000000004,-4.440892098500626e-16,MINIMAL,optimal,1,3_46_1_46_3_46_16_45_RXN
HS06617,PPTC7,1.277696171875,1.2776961718749995,1.0000000000000004,-4.440892098500626e-16,MINIMAL,optimal,1,3_46_1_46_3_46_16_45_RXN
HS02343,PPP1R2P9,1.277696171875,1.2776961718749995,1.0000000000000004,-4.440892098500626e-16,MINIMAL,optimal,1,3_46_1_46_3_46_16_45_RXN
HS11321,CDC14C,1.277696171875,1.2776961718749995,1.0000000000000004,-4.440892098500626e-16,MINIMAL,optimal,2,3_46_1_46_3_46_16_45_RXN;PROTEIN_45_TYROSINE_45_PHOSPHATASE_45_RXN
HS16790,PPP1R2P1,1.277696171875,1.2776961718749995,1.0000000000000004,-4.440892098500626e-16,MINIMAL,optimal,1,3_46_1_46_3_46_16_45_RXN
HS03569,EPM2A,1.277696171875,1.2776961718749995,1.0000000000000004,-4.440892098500626e-16,MINIMAL,optimal,2,3_46_1_46_3_46_16_45_RXN;PROTEIN_45_TYROSINE_45_PHOSPHATASE_45_RXN
HS08771,DUSP19,1.277696171875,1.2776961718749995,1.0000000000000004,-4.440892098500626e-16,MINIMAL,optimal,2,3_46_1_46_3_46_16_45_RXN;PROTEIN_45_TYROSINE_45_PHOSPHATASE_45_RXN
G66_33658,DUSP28,1.277696171875,1.2776961718749995,1.0000000000000004,-4.440892098500626e-16,MINIMAL,optimal,2,3_46_1_46_3_46_16_45_RXN;PROTEIN_45_TYROSINE_45_PHOSPHATASE_45_RXN
G66_32777,DUPD1,1.277696171875,1.2776961718749995,1.0000000000000004,-4.440892098500626e-16,MINIMAL,optimal,2,3_46_1_46_3_46_16_45_RXN;PROTEIN_45_TYROSINE_45_PHOSPHATASE_45_RXN
G66_31222,PPP3R2,1.277696171875,1.2776961718749995,1.0000000000000004,-4.440892098500626e-16,MINIMAL,optimal,1,3_46_1_46_3_46_16_45_RXN
HS08891,PPP4R2,1.277696171875,1.2776961718749995,1.0000000000000004,-4.440892098500626e-16,MINIMAL,optimal,1,3_46_1_46_3_46_16_45_RXN
HS05234,CHP,1.277696171875,1.2776961718749995,1.0000000000000004,-4.440892098500626e-16,MINIMAL,optimal,1,3_46_1_46_3_46_16_45_RXN
HS04352,PPP1R3C,1.277696171875,1.2776961718749995,1.0000000000000004,-4.440892098500626e-16,MINIMAL,optimal,1,3_46_1_46_3_46_16_45_RXN
HS03927,PPP1R7,1.277696171875,1.2776961718749995,1.0000000000000004,-4.440892098500626e-16,MINIMAL,optimal,1,3_46_1_46_3_46_16_45_RXN
HS02223,CDC25B,1.277696171875,1.2776961718749995,1.0000000000000004,-4.440892098500626e-16,MINIMAL,optimal,2,3_46_1_46_3_46_16_45_RXN;PROTEIN_45_TYROSINE_45_PHOSPHATASE_45_RXN
HS08286,CDC25C,1.277696171875,1.2776961718749995,1.0000000000000004,-4.440892098500626e-16,MINIMAL,optimal,2,3_46_1_46_3_46_16_45_RXN;PROTEIN_45_TYROSINE_45_PHOSPHATASE_45_RXN
HS08989,CDC25A,1.277696171875,1.2776961718749995,1.0000000000000004,-4.440892098500626e-16,MINIMAL,optimal,2,3_46_1_46_3_46_16_45_RXN;PROTEIN_45_TYROSINE_45_PHOSPHATASE_45_RXN
G66_47221,PPP3R1,1.277696171875,1.2776961718749995,1.0000000000000004,-4.440892098500626e-16,MINIMAL,optimal,1,3_46_1_46_3_46_16_45_RXN
HS01693,P3H2,1.277696171875,1.2776961718749995,1.0000000000000004,-4.440892098500626e-16,MINIMAL,optimal,1,PROCOLLAGEN_45_PROLINE_45_3_45_DIOXYGENASE_45_RXN
HS03341,P3H3,1.277696171875,1.2776961718749995,1.0000000000000004,-4.440892098500626e-16,MINIMAL,optimal,1,PROCOLLAGEN_45_PROLINE_45_3_45_DIOXYGENASE_45_RXN
HS04122,P3H1,1.277696171875,1.2776961718749995,1.0000000000000004,-4.440892098500626e-16,MINIMAL,optimal,1,PROCOLLAGEN_45_PROLINE_45_3_45_DIOXYGENASE_45_RXN
HS09452,PPIB,1.277696171875,1.2776961718749995,1.0000000000000004,-4.440892098500626e-16,MINIMAL,optimal,2,PEPTIDYLPROLYL_45_ISOMERASE_45_RXN;PROCOLLAGEN_45_PROLINE_45_3_45_DIOXYGENASE_45_RXN
HS01076,P4HA2,1.277696171875,1.2776961718749995,1.0000000000000004,-4.440892098500626e-16,MINIMAL,optimal,1,1_46_14_46_11_46_2_45_RXN
HS14281,P4HA3,1.277696171875,1.2776961718749995,1.0000000000000004,-4.440892098500626e-16,MINIMAL,optimal,1,1_46_14_46_11_46_2_45_RXN
HS04613,P4HA1,1.277696171875,1.2776961718749995,1.0000000000000004,-4.440892098500626e-16,MINIMAL,optimal,1,1_46_14_46_11_46_2_45_RXN
HS05289,EGLN3,1.277696171875,1.2776961718749995,1.0000000000000004,-4.440892098500626e-16,MINIMAL,optimal,1,1_46_14_46_11_46_2_45_RXN
HS06060,EGLN1,1.277696171875,1.2776961718749995,1.0000000000000004,-4.440892098500626e-16,MINIMAL,optimal,1,1_46_14_46_11_46_2_45_RXN
HS07866,PLOD2,1.277696171875,1.2776961718749995,1.0000000000000004,-4.440892098500626e-16,MINIMAL,optimal,1,PROCOLLAGEN_45_LYSINE_45_5_45_DIOXYGENASE_45_RXN
HS02902,PLOD3,1.277696171875,1.2776961718749995,1.0000000000000004,-4.440892098500626e-16,MINIMAL,optimal,1,PROCOLLAGEN_45_LYSINE_45_5_45_DIOXYGENASE_45_RXN
HS12211,JMJD6,1.277696171875,1.2776961718749995,1.0000000000000004,-4.440892098500626e-16,MINIMAL,optimal,1,PROCOLLAGEN_45_LYSINE_45_5_45_DIOXYGENASE_45_RXN
HS01440,PLOD1,1.277696171875,1.2776961718749995,1.0000000000000004,-4.440892098500626e-16,MINIMAL,optimal,1,PROCOLLAGEN_45_LYSINE_45_5_45_DIOXYGENASE_45_RXN
HS13919,PGGHG,1.277696171875,1.2776961718749995,1.0000000000000004,-4.440892098500626e-16,MINIMAL,optimal,1,3_46_2_46_1_46_107_45_RXN
G_12777,PPME1,1.277696171875,1.2776961718749995,1.0000000000000004,-4.440892098500626e-16,MINIMAL,optimal,1,RXN_45_12322
G_12774,LCMT1,1.277696171875,1.2776961718749995,1.0000000000000004,-4.440892098500626e-16,MINIMAL,optimal,1,RXN_45_12317
HS04285,SET,1.277696171875,1.2776961718749995,1.0000000000000004,-4.440892098500626e-16,MINIMAL,optimal,1,3_46_4_46_17_46_12_45_RXN
HS01364,CPB2,1.277696171875,1.2776961718749995,1.0000000000000004,-4.440892098500626e-16,MINIMAL,optimal,1,3_46_4_46_17_46_12_45_RXN
HS08648,ASRGL1,1.277696171875,1.2776961718749995,1.0000000000000004,-4.440892098500626e-16,MINIMAL,optimal,1,3_46_4_46_19_46_5_45_RXN
HS06047,CPM,1.277696171875,1.2776961718749995,1.0000000000000004,-4.440892098500626e-16,MINIMAL,optimal,2,3_46_4_46_17_46_12_45_RXN;RXN_45_19940
G66_47531,CDK11B,1.277696171875,1.2776961718749995,1.0000000000000004,-4.440892098500626e-16,MINIMAL,optimal,5,2_46_7_46_10_46_1_45_RXN;2_46_7_46_11_46_2_45_RXN;2_46_7_46_12_46_1_45_RXN;2_46_7_46_11_46_18_45_RXN;RXN_45_14906
HS06968,PRKACB,1.277696171875,1.2776961718749995,1.0000000000000004,-4.440892098500626e-16,MINIMAL,optimal,4,PROTEIN_45_KINASE_45_RXN;2_46_7_46_12_46_1_45_RXN;2_46_7_46_11_46_18_45_RXN;2_46_7_46_11_46_2_45_RXN
HS04184,COLEC11,1.277696171875,1.2776961718749995,1.0000000000000004,-4.440892098500626e-16,MINIMAL,optimal,5,2_46_7_46_10_46_1_45_RXN;2_46_7_46_11_46_2_45_RXN;2_46_7_46_12_46_1_45_RXN;2_46_7_46_11_46_18_45_RXN;RXN_45_14906
HS11371,CLK3,1.277696171875,1.2776961718749995,1.0000000000000004,-4.440892098500626e-16,MINIMAL,optimal,3,2_46_7_46_12_46_1_45_RXN;2_46_7_46_11_46_18_45_RXN;2_46_7_46_11_46_2_45_RXN
HS11052,CLK2,1.277696171875,1.2776961718749995,1.0000000000000004,-4.440892098500626e-16,MINIMAL,optimal,3,2_46_7_46_12_46_1_45_RXN;2_46_7_46_11_46_18_45_RXN;2_46_7_46_11_46_2_45_RXN
HS08219,DYRK1A,1.277696171875,1.2776961718749995,1.0000000000000004,-4.440892098500626e-16,MINIMAL,optimal,3,2_46_7_46_12_46_1_45_RXN;2_46_7_46_11_46_18_45_RXN;2_46_7_46_11_46_2_45_RXN
HS07063,DYRK3,1.277696171875,1.2776961718749995,1.0000000000000004,-4.440892098500626e-16,MINIMAL,optimal,3,2_46_7_46_12_46_1_45_RXN;2_46_7_46_11_46_18_45_RXN;2_46_7_46_11_46_2_45_RXN
HS05726,DSTYK,1.277696171875,1.2776961718749995,1.0000000000000004,-4.440892098500626e-16,MINIMAL,optimal,4,2_46_7_46_10_46_1_45_RXN;2_46_7_46_12_46_1_45_RXN;2_46_7_46_11_46_18_45_RXN;2_46_7_46_11_46_2_45_RXN
HS05086,DYRK2,1.277696171875,1.2776961718749995,1.0000000000000004,-4.440892098500626e-16,MINIMAL,optimal,3,2_46_7_46_12_46_1_45_RXN;2_46_7_46_11_46_18_45_RXN;2_46_7_46_11_46_2_45_RXN
HS03660,CLK4,1.277696171875,1.2776961718749995,1.0000000000000004,-4.440892098500626e-16,MINIMAL,optimal,3,2_46_7_46_12_46_1_45_RXN;2_46_7_46_11_46_18_45_RXN;2_46_7_46_11_46_2_45_RXN
HS03614,TTK,1.277696171875,1.2776961718749995,1.0000000000000004,-4.440892098500626e-16,MINIMAL,optimal,3,2_46_7_46_12_46_1_45_RXN;2_46_7_46_11_46_18_45_RXN;2_46_7_46_11_46_2_45_RXN
HS02972,TESK1,1.277696171875,1.2776961718749995,1.0000000000000004,-4.440892098500626e-16,MINIMAL,optimal,3,2_46_7_46_12_46_1_45_RXN;2_46_7_46_11_46_18_45_RXN;2_46_7_46_11_46_2_45_RXN
HS02690,DYRK1B,1.277696171875,1.2776961718749995,1.0000000000000004,-4.440892098500626e-16,MINIMAL,optimal,3,2_46_7_46_12_46_1_45_RXN;2_46_7_46_11_46_18_45_RXN;2_46_7_46_11_46_2_45_RXN
HS01008,TESK2,1.277696171875,1.2776961718749995,1.0000000000000004,-4.440892098500626e-16,MINIMAL,optimal,3,2_46_7_46_12_46_1_45_RXN;2_46_7_46_11_46_18_45_RXN;2_46_7_46_11_46_2_45_RXN
HS00275,DYRK4,1.277696171875,1.2776961718749995,1.0000000000000004,-4.440892098500626e-16,MINIMAL,optimal,3,2_46_7_46_12_46_1_45_RXN;2_46_7_46_11_46_18_45_RXN;2_46_7_46_11_46_2_45_RXN
HS06757,MYLK3,1.277696171875,1.2776961718749995,1.0000000000000004,-4.440892098500626e-16,MINIMAL,optimal,1,2_46_7_46_11_46_18_45_RXN
HS02236,MYLK2,1.277696171875,1.2776961718749995,1.0000000000000004,-4.440892098500626e-16,MINIMAL,optimal,1,2_46_7_46_11_46_18_45_RXN
HS00845,MYLK,1.277696171875,1.2776961718749995,1.0000000000000004,-4.440892098500626e-16,MINIMAL,optimal,1,2_46_7_46_11_46_18_45_RXN
HS00498,MAP2K3,1.277696171875,1.2776961718749995,1.0000000000000004,-4.440892098500626e-16,MINIMAL,optimal,2,RXN_45_16317;2_46_7_46_12_46_2_45_RXN
HS00847,MAP2K4,1.277696171875,1.2776961718749995,1.0000000000000004,-4.440892098500626e-16,MINIMAL,optimal,2,RXN_45_16317;2_46_7_46_12_46_2_45_RXN
HS01224,MAP2K7,1.277696171875,1.2776961718749995,1.0000000000000004,-4.440892098500626e-16,MINIMAL,optimal,2,RXN_45_16317;2_46_7_46_12_46_2_45_RXN
HS03185,MAP2K6,1.277696171875,1.2776961718749995,1.0000000000000004,-4.440892098500626e-16,MINIMAL,optimal,2,RXN_45_16317;2_46_7_46_12_46_2_45_RXN
HS05062,MAP2K2,1.277696171875,1.2776961718749995,1.0000000000000004,-4.440892098500626e-16,MINIMAL,optimal,3,RXN_45_16317;RXN66_45_55;2_46_7_46_12_46_2_45_RXN
HS06391,MAP2K5,1.277696171875,1.2776961718749995,1.0000000000000004,-4.440892098500626e-16,MINIMAL,optimal,2,RXN_45_16317;2_46_7_46_12_46_2_45_RXN
HS09869,MAP2K1,1.277696171875,1.2776961718749995,1.0000000000000004,-4.440892098500626e-16,MINIMAL,optimal,3,RXN_45_16317;RXN66_45_55;2_46_7_46_12_46_2_45_RXN
HS09691,PBK,1.277696171875,1.2776961718749995,1.0000000000000004,-4.440892098500626e-16,MINIMAL,optimal,1,2_46_7_46_12_46_2_45_RXN
HS00234,MAP3K5,1.277696171875,1.2776961718749995,1.0000000000000004,-4.440892098500626e-16,MINIMAL,optimal,1,2_46_7_46_11_46_25_45_RXN
HS01498,MAP3K4,1.277696171875,1.2776961718749995,1.0000000000000004,-4.440892098500626e-16,MINIMAL,optimal,1,2_46_7_46_11_46_25_45_RXN
HS01586,MAP3K3,1.277696171875,1.2776961718749995,1.0000000000000004,-4.440892098500626e-16,MINIMAL,optimal,1,2_46_7_46_11_46_25_45_RXN
HS01672,PRKWNK2,1.277696171875,1.2776961718749995,1.0000000000000004,-4.440892098500626e-16,MINIMAL,optimal,1,2_46_7_46_11_46_25_45_RXN
HS01809,MAP3K1,1.277696171875,1.2776961718749995,1.0000000000000004,-4.440892098500626e-16,MINIMAL,optimal,1,2_46_7_46_11_46_25_45_RXN
HS03052,MAP3K8,1.277696171875,1.2776961718749995,1.0000000000000004,-4.440892098500626e-16,MINIMAL,optimal,1,2_46_7_46_11_46_25_45_RXN
HS05984,MAP3K7,1.277696171875,1.2776961718749995,1.0000000000000004,-4.440892098500626e-16,MINIMAL,optimal,1,2_46_7_46_11_46_25_45_RXN
HS06957,MAP3K6,1.277696171875,1.2776961718749995,1.0000000000000004,-4.440892098500626e-16,MINIMAL,optimal,1,2_46_7_46_11_46_25_45_RXN
HS10046,MAP3K2,1.277696171875,1.2776961718749995,1.0000000000000004,-4.440892098500626e-16,MINIMAL,optimal,1,2_46_7_46_11_46_25_45_RXN
HS01117,MAP3K13,1.277696171875,1.2776961718749995,1.0000000000000004,-4.440892098500626e-16,MINIMAL,optimal,1,2_46_7_46_11_46_25_45_RXN
HS00162,MAP3K14,1.277696171875,1.2776961718749995,1.0000000000000004,-4.440892098500626e-16,MINIMAL,optimal,1,2_46_7_46_11_46_25_45_RXN
HS00177,MAP3K9,1.277696171875,1.2776961718749995,1.0000000000000004,-4.440892098500626e-16,MINIMAL,optimal,1,2_46_7_46_11_46_25_45_RXN
HS01733,MLTK,1.277696171875,1.2776961718749995,1.0000000000000004,-4.440892098500626e-16,MINIMAL,optimal,1,2_46_7_46_11_46_25_45_RXN
HS07095,MLK4,1.277696171875,1.2776961718749995,1.0000000000000004,-4.440892098500626e-16,MINIMAL,optimal,1,2_46_7_46_11_46_25_45_RXN
HS10651,MAP3K11,1.277696171875,1.2776961718749995,1.0000000000000004,-4.440892098500626e-16,MINIMAL,optimal,1,2_46_7_46_11_46_25_45_RXN
HS17571,MAP3K15,1.277696171875,1.2776961718749995,1.0000000000000004,-4.440892098500626e-16,MINIMAL,optimal,1,2_46_7_46_11_46_25_45_RXN
HS10553,MOS,1.277696171875,1.2776961718749995,1.0000000000000004,-4.440892098500626e-16,MINIMAL,optimal,2,PROTEIN_45_KINASE_45_RXN;2_46_7_46_11_46_25_45_RXN
HS10346,EGLN2,1.277696171875,1.2776961718749995,1.0000000000000004,-4.440892098500626e-16,MINIMAL,optimal,1,RXN_45_11320
HS15407,HIF1AN,1.277696171875,1.2776961718749995,1.0000000000000004,-4.440892098500626e-16,MINIMAL,optimal,1,RXN_45_11321
HS01870,SIRT1,1.277696171875,1.2776961718749995,1.0000000000000004,-4.440892098500626e-16,MINIMAL,optimal,1,RXN_45_15025
HS03871,LOXL3,1.277696171875,1.2776961718749995,1.0000000000000004,-4.440892098500626e-16,MINIMAL,optimal,7,RXN_45_18952;RXN_45_11784;PROTEIN_45_LYSINE_45_6_45_OXIDASE_45_RXN;3_46_5_46_1_46_98_45_RXN;RXN_45_18950;RXN_45_18454;RXN_45_18951
HS12110,HDAC9,1.277696171875,1.2776961718749995,1.0000000000000004,-4.440892098500626e-16,MINIMAL,optimal,1,3_46_5_46_1_46_98_45_RXN
HS12154,HDAC7,1.277696171875,1.2776961718749995,1.0000000000000004,-4.440892098500626e-16,MINIMAL,optimal,1,3_46_5_46_1_46_98_45_RXN
HS00927,HDAC4,1.277696171875,1.2776961718749995,1.0000000000000004,-4.440892098500626e-16,MINIMAL,optimal,1,3_46_5_46_1_46_98_45_RXN
HS01799,HDAC6,1.277696171875,1.2776961718749995,1.0000000000000004,-4.440892098500626e-16,MINIMAL,optimal,1,3_46_5_46_1_46_98_45_RXN
HS12410,HDAC10,1.277696171875,1.2776961718749995,1.0000000000000004,-4.440892098500626e-16,MINIMAL,optimal,1,3_46_5_46_1_46_98_45_RXN
HS03168,HDAC5,1.277696171875,1.2776961718749995,1.0000000000000004,-4.440892098500626e-16,MINIMAL,optimal,1,3_46_5_46_1_46_98_45_RXN
HS04015,HDAC1,1.277696171875,1.2776961718749995,1.0000000000000004,-4.440892098500626e-16,MINIMAL,optimal,1,3_46_5_46_1_46_98_45_RXN
HS07390,HDAC8,1.277696171875,1.2776961718749995,1.0000000000000004,-4.440892098500626e-16,MINIMAL,optimal,1,3_46_5_46_1_46_98_45_RXN
HS08867,HDAC11,1.277696171875,1.2776961718749995,1.0000000000000004,-4.440892098500626e-16,MINIMAL,optimal,1,3_46_5_46_1_46_98_45_RXN
HS10370,HDAC3,1.277696171875,1.2776961718749995,1.0000000000000004,-4.440892098500626e-16,MINIMAL,optimal,1,3_46_5_46_1_46_98_45_RXN
HS07343,HDAC2,1.277696171875,1.2776961718749995,1.0000000000000004,-4.440892098500626e-16,MINIMAL,optimal,1,3_46_5_46_1_46_98_45_RXN
HS09936,SIN3A,1.277696171875,1.2776961718749995,1.0000000000000004,-4.440892098500626e-16,MINIMAL,optimal,1,3_46_5_46_1_46_98_45_RXN
HS05104,SIN3B,1.277696171875,1.2776961718749995,1.0000000000000004,-4.440892098500626e-16,MINIMAL,optimal,1,3_46_5_46_1_46_98_45_RXN
HS13636,SAP130,1.277696171875,1.2776961718749995,1.0000000000000004,-4.440892098500626e-16,MINIMAL,optimal,1,3_46_5_46_1_46_98_45_RXN
HS07671,SAP18,1.277696171875,1.2776961718749995,1.0000000000000004,-4.440892098500626e-16,MINIMAL,optimal,1,3_46_5_46_1_46_98_45_RXN
HS00667,ARID4B,1.277696171875,1.2776961718749995,1.0000000000000004,-4.440892098500626e-16,MINIMAL,optimal,1,3_46_5_46_1_46_98_45_RXN
G66_47675,SAP25,1.277696171875,1.2776961718749995,1.0000000000000004,-4.440892098500626e-16,MINIMAL,optimal,1,3_46_5_46_1_46_98_45_RXN
HS09013,SAP30,1.277696171875,1.2776961718749995,1.0000000000000004,-4.440892098500626e-16,MINIMAL,optimal,1,3_46_5_46_1_46_98_45_RXN
HS15214,SAP30L,1.277696171875,1.2776961718749995,1.0000000000000004,-4.440892098500626e-16,MINIMAL,optimal,1,3_46_5_46_1_46_98_45_RXN
HS13275,HAT1,1.277696171875,1.2776961718749995,1.0000000000000004,-4.440892098500626e-16,MINIMAL,optimal,1,HISTONE_45_ACETYLTRANSFERASE_45_RXN
HS00138,CREBBP,1.277696171875,1.2776961718749995,1.0000000000000004,-4.440892098500626e-16,MINIMAL,optimal,1,HISTONE_45_ACETYLTRANSFERASE_45_RXN
HS04721,NCOA3,1.277696171875,1.2776961718749995,1.0000000000000004,-4.440892098500626e-16,MINIMAL,optimal,1,HISTONE_45_ACETYLTRANSFERASE_45_RXN
HS02071,EP300,1.277696171875,1.2776961718749995,1.0000000000000004,-4.440892098500626e-16,MINIMAL,optimal,1,HISTONE_45_ACETYLTRANSFERASE_45_RXN
HS05313,CDY2A,1.277696171875,1.2776961718749995,1.0000000000000004,-4.440892098500626e-16,MINIMAL,optimal,1,HISTONE_45_ACETYLTRANSFERASE_45_RXN
HS10483,CDY1,1.277696171875,1.2776961718749995,1.0000000000000004,-4.440892098500626e-16,MINIMAL,optimal,1,HISTONE_45_ACETYLTRANSFERASE_45_RXN
HS08145,MYST4,1.277696171875,1.2776961718749995,1.0000000000000004,-4.440892098500626e-16,MINIMAL,optimal,1,HISTONE_45_ACETYLTRANSFERASE_45_RXN
HS06172,MYST2,1.277696171875,1.2776961718749995,1.0000000000000004,-4.440892098500626e-16,MINIMAL,optimal,1,HISTONE_45_ACETYLTRANSFERASE_45_RXN
HS03151,KAT2A,1.277696171875,1.2776961718749995,1.0000000000000004,-4.440892098500626e-16,MINIMAL,optimal,1,HISTONE_45_ACETYLTRANSFERASE_45_RXN
HS02515,MYST1,1.277696171875,1.2776961718749995,1.0000000000000004,-4.440892098500626e-16,MINIMAL,optimal,1,HISTONE_45_ACETYLTRANSFERASE_45_RXN
HS01435,MYST3,1.277696171875,1.2776961718749995,1.0000000000000004,-4.440892098500626e-16,MINIMAL,optimal,1,HISTONE_45_ACETYLTRANSFERASE_45_RXN
HS01476,NCOA1,1.277696171875,1.2776961718749995,1.0000000000000004,-4.440892098500626e-16,MINIMAL,optimal,1,HISTONE_45_ACETYLTRANSFERASE_45_RXN
HS03746,KAT2B,1.277696171875,1.2776961718749995,1.0000000000000004,-4.440892098500626e-16,MINIMAL,optimal,1,HISTONE_45_ACETYLTRANSFERASE_45_RXN
HS04893,GTF3C4,1.277696171875,1.2776961718749995,1.0000000000000004,-4.440892098500626e-16,MINIMAL,optimal,1,HISTONE_45_ACETYLTRANSFERASE_45_RXN
HS05804,ELP3,1.277696171875,1.2776961718749995,1.0000000000000004,-4.440892098500626e-16,MINIMAL,optimal,1,HISTONE_45_ACETYLTRANSFERASE_45_RXN
HS05922,CLOCK,1.277696171875,1.2776961718749995,1.0000000000000004,-4.440892098500626e-16,MINIMAL,optimal,1,HISTONE_45_ACETYLTRANSFERASE_45_RXN
HS07876,CDYL,1.277696171875,1.2776961718749995,1.0000000000000004,-4.440892098500626e-16,MINIMAL,optimal,1,HISTONE_45_ACETYLTRANSFERASE_45_RXN
HS10602,KAT5,1.277696171875,1.2776961718749995,1.0000000000000004,-4.440892098500626e-16,MINIMAL,optimal,1,HISTONE_45_ACETYLTRANSFERASE_45_RXN
HS03036,MGEA5,1.277696171875,1.2776961718749995,1.0000000000000004,-4.440892098500626e-16,MINIMAL,optimal,4,RXN_45_15215;RXN_45_11892;HISTONE_45_ACETYLTRANSFERASE_45_RXN;RXN_45_11891
HS02342,RBBP7,1.277696171875,1.2776961718749995,1.0000000000000004,-4.440892098500626e-16,MINIMAL,optimal,1,HISTONE_45_ACETYLTRANSFERASE_45_RXN
HS11381,KMT5A,1.277696171875,1.2776961718749995,1.0000000000000004,-4.440892098500626e-16,MINIMAL,optimal,1,RXN_45_20603
HS12712,KMT5B,1.277696171875,1.2776961718749995,1.0000000000000004,-4.440892098500626e-16,MINIMAL,optimal,1,RXN_45_20609
HS13469,KMT5C,1.277696171875,1.2776961718749995,1.0000000000000004,-4.440892098500626e-16,MINIMAL,optimal,1,RXN_45_20609
HS07252,KMT7,1.277696171875,1.2776961718749995,1.0000000000000004,-4.440892098500626e-16,MINIMAL,optimal,1,RXN_45_20598
HS12849,KMT3D,1.277696171875,1.2776961718749995,1.0000000000000004,-4.440892098500626e-16,MINIMAL,optimal,1,RXN_45_20616
HS04188,KMT2A,1.277696171875,1.2776961718749995,1.0000000000000004,-4.440892098500626e-16,MINIMAL,optimal,1,RXN_45_20616
HS09574,KMT2B,1.277696171875,1.2776961718749995,1.0000000000000004,-4.440892098500626e-16,MINIMAL,optimal,1,RXN_45_20616
HS00685,KMT2C,1.277696171875,1.2776961718749995,1.0000000000000004,-4.440892098500626e-16,MINIMAL,optimal,1,RXN_45_20616
HS02784,KMT2D,1.277696171875,1.2776961718749995,1.0000000000000004,-4.440892098500626e-16,MINIMAL,optimal,1,RXN_45_20616
HS00145,KMT2E,1.277696171875,1.2776961718749995,1.0000000000000004,-4.440892098500626e-16,MINIMAL,optimal,1,RXN_45_20616
HS01894,KMT2F,1.277696171875,1.2776961718749995,1.0000000000000004,-4.440892098500626e-16,MINIMAL,optimal,1,RXN_45_20616
HS13795,KMT2G,1.277696171875,1.2776961718749995,1.0000000000000004,-4.440892098500626e-16,MINIMAL,optimal,1,RXN_45_20616
HS04019,KMT2H,1.277696171875,1.2776961718749995,1.0000000000000004,-4.440892098500626e-16,MINIMAL,optimal,1,RXN_45_20616
HS11979,KMT3E,1.277696171875,1.2776961718749995,1.0000000000000004,-4.440892098500626e-16,MINIMAL,optimal,1,RXN_45_20616
HS09047,PRDM9,1.277696171875,1.2776961718749995,1.0000000000000004,-4.440892098500626e-16,MINIMAL,optimal,1,RXN_45_20616
HS13221,PRDM7,1.277696171875,1.2776961718749995,1.0000000000000004,-4.440892098500626e-16,MINIMAL,optimal,1,RXN_45_20616
HS13971,KMT3C,1.277696171875,1.2776961718749995,1.0000000000000004,-4.440892098500626e-16,MINIMAL,optimal,2,RXN_45_20616;RXN_45_20652
HS10111,SETMAR,1.277696171875,1.2776961718749995,1.0000000000000004,-4.440892098500626e-16,MINIMAL,optimal,1,RXN_45_20652
HS09184,KDM1B,1.277696171875,1.2776961718749995,1.0000000000000004,-4.440892098500626e-16,MINIMAL,optimal,1,RXN_45_20644
HS00106,KDM1A,1.277696171875,1.2776961718749995,1.0000000000000004,-4.440892098500626e-16,MINIMAL,optimal,3,RXN66_45_608;RXN66_45_607;RXN_45_20644
HS00755,PRDM6,1.277696171875,1.2776961718749995,1.0000000000000004,-4.440892098500626e-16,MINIMAL,optimal,4,RXN_45_20616;RXN_45_20610;RXN_45_20604;RXN_45_20598
HS02321,KMT1A,1.277696171875,1.2776961718749995,1.0000000000000004,-4.440892098500626e-16,MINIMAL,optimal,5,RXN_45_20616;RXN_45_20617;RXN_45_20610;RXN_45_20604;RXN_45_20598
HS02643,KMT4,1.277696171875,1.2776961718749995,1.0000000000000004,-4.440892098500626e-16,MINIMAL,optimal,5,RXN_45_20616;RXN_45_20610;RXN_45_20604;RXN_45_20620;RXN_45_20598
HS02911,KMT6A,1.277696171875,1.2776961718749995,1.0000000000000004,-4.440892098500626e-16,MINIMAL,optimal,5,RXN_45_20616;RXN_45_20610;RXN_45_20604;RXN_45_20618;RXN_45_20598
HS03158,KMT6B,1.277696171875,1.2776961718749995,1.0000000000000004,-4.440892098500626e-16,MINIMAL,optimal,5,RXN_45_20616;RXN_45_20610;RXN_45_20604;RXN_45_20618;RXN_45_20598
HS03249,NSD2,1.277696171875,1.2776961718749995,1.0000000000000004,-4.440892098500626e-16,MINIMAL,optimal,5,RXN_45_20616;RXN_45_20610;RXN_45_20604;RXN_45_20652;RXN_45_20598
HS04042,KMT8,1.277696171875,1.2776961718749995,1.0000000000000004,-4.440892098500626e-16,MINIMAL,optimal,5,RXN_45_20616;RXN_45_20617;RXN_45_20610;RXN_45_20604;RXN_45_20598
HS06128,KMT1F,1.277696171875,1.2776961718749995,1.0000000000000004,-4.440892098500626e-16,MINIMAL,optimal,5,RXN_45_20616;RXN_45_20617;RXN_45_20610;RXN_45_20604;RXN_45_20598
HS06313,KMT1C,1.277696171875,1.2776961718749995,1.0000000000000004,-4.440892098500626e-16,MINIMAL,optimal,5,RXN_45_20616;RXN_45_20617;RXN_45_20610;RXN_45_20604;RXN_45_20598
HS07042,KMT1E,1.277696171875,1.2776961718749995,1.0000000000000004,-4.440892098500626e-16,MINIMAL,optimal,5,RXN_45_20616;RXN_45_20617;RXN_45_20610;RXN_45_20604;RXN_45_20598
HS07446,NSD3,1.277696171875,1.2776961718749995,1.0000000000000004,-4.440892098500626e-16,MINIMAL,optimal,5,RXN_45_20616;RXN_45_20610;RXN_45_20604;RXN_45_20652;RXN_45_20598
HS07820,KMT1B,1.277696171875,1.2776961718749995,1.0000000000000004,-4.440892098500626e-16,MINIMAL,optimal,5,RXN_45_20616;RXN_45_20617;RXN_45_20610;RXN_45_20604;RXN_45_20598
HS09264,KMT3B,1.277696171875,1.2776961718749995,1.0000000000000004,-4.440892098500626e-16,MINIMAL,optimal,5,RXN_45_20616;RXN_45_20610;RXN_45_20604;RXN_45_20652;RXN_45_20598
HS17627,KMT1D,1.277696171875,1.2776961718749995,1.0000000000000004,-4.440892098500626e-16,MINIMAL,optimal,5,RXN_45_20616;RXN_45_20617;RXN_45_20610;RXN_45_20604;RXN_45_20598
G66_32922,KDM7C,1.277696171875,1.2776961718749995,1.0000000000000004,-4.440892098500626e-16,MINIMAL,optimal,1,RXN_45_20635
HS10597,KDM7B,1.277696171875,1.2776961718749995,1.0000000000000004,-4.440892098500626e-16,MINIMAL,optimal,3,RXN_45_20639;RXN_45_20635;RXN_45_20629
HS12848,KDM3A,1.277696171875,1.2776961718749995,1.0000000000000004,-4.440892098500626e-16,MINIMAL,optimal,3,RXN_45_20595;RXN_45_20641;RXN_45_20597
HS09764,HR,1.277696171875,1.2776961718749995,1.0000000000000004,-4.440892098500626e-16,MINIMAL,optimal,1,RXN_45_20641
HS13003,KDM3B,1.277696171875,1.2776961718749995,1.0000000000000004,-4.440892098500626e-16,MINIMAL,optimal,1,RXN_45_20641
HS10620,KDM2A,1.277696171875,1.2776961718749995,1.0000000000000004,-4.440892098500626e-16,MINIMAL,optimal,1,RXN_45_13186
HS17695,KMT3A,1.277696171875,1.2776961718749995,1.0000000000000004,-4.440892098500626e-16,MINIMAL,optimal,1,RXN_45_20613
G66_46719,KDM4D,1.277696171875,1.2776961718749995,1.0000000000000004,-4.440892098500626e-16,MINIMAL,optimal,1,RXN_45_20642
G66_46630,KDM4E,1.277696171875,1.2776961718749995,1.0000000000000004,-4.440892098500626e-16,MINIMAL,optimal,3,RXN_45_20642;RXN_45_20595;RXN_45_20597
HS00337,KDM5D,1.277696171875,1.2776961718749995,1.0000000000000004,-4.440892098500626e-16,MINIMAL,optimal,1,RXN_45_20594
HS04097,KDM5B,1.277696171875,1.2776961718749995,1.0000000000000004,-4.440892098500626e-16,MINIMAL,optimal,1,RXN_45_20594
HS01108,KDM5A,1.277696171875,1.2776961718749995,1.0000000000000004,-4.440892098500626e-16,MINIMAL,optimal,1,RXN_45_20594
HS04990,KDM5C,1.277696171875,1.2776961718749995,1.0000000000000004,-4.440892098500626e-16,MINIMAL,optimal,3,RXN_45_20595;RXN_45_20597;RXN_45_20594
HS01631,KDM2B,1.277696171875,1.2776961718749995,1.0000000000000004,-4.440892098500626e-16,MINIMAL,optimal,2,RXN_45_13186;RXN_45_20594
HS00868,KDM4A,1.277696171875,1.2776961718749995,1.0000000000000004,-4.440892098500626e-16,MINIMAL,optimal,2,RXN_45_20642;RXN_45_20643
HS05123,KDM4B,1.277696171875,1.2776961718749995,1.0000000000000004,-4.440892098500626e-16,MINIMAL,optimal,2,RXN_45_20642;RXN_45_20643
HS02969,KDM4C,1.277696171875,1.2776961718749995,1.0000000000000004,-4.440892098500626e-16,MINIMAL,optimal,2,RXN_45_20642;RXN_45_20643
HS07385,KDM6A,1.277696171875,1.2776961718749995,1.0000000000000004,-4.440892098500626e-16,MINIMAL,optimal,1,RXN_45_20640
HS13431,KDM6B,1.277696171875,1.2776961718749995,1.0000000000000004,-4.440892098500626e-16,MINIMAL,optimal,2,RXN_45_20640;RXN_45_20597
G66_47339,KDM6C,1.277696171875,1.2776961718749995,1.0000000000000004,-4.440892098500626e-16,MINIMAL,optimal,1,RXN_45_20640
HS06517,GLCE,1.277696171875,1.2776961718749995,1.0000000000000004,-4.440892098500626e-16,MINIMAL,optimal,1,5_46_1_46_3_46_17_45_RXN
HS07933,HS2ST1,1.277696171875,1.2776961718749995,1.0000000000000004,-4.440892098500626e-16,MINIMAL,optimal,2,RXN_45_11558;RXN_45_11559
HS04884,HS3ST3B1,1.277696171875,1.2776961718749995,1.0000000000000004,-4.440892098500626e-16,MINIMAL,optimal,1,2_46_8_46_2_46_30_45_RXN
HS07937,HS3ST3A1,1.277696171875,1.2776961718749995,1.0000000000000004,-4.440892098500626e-16,MINIMAL,optimal,1,2_46_8_46_2_46_30_45_RXN
HS01001,NDST1,1.277696171875,1.2776961718749995,1.0000000000000004,-4.440892098500626e-16,MINIMAL,optimal,2,HEPARITIN_45_SULFOTRANSFERASE_45_RXN;RXN_45_11557
HS09410,NDST2,1.277696171875,1.2776961718749995,1.0000000000000004,-4.440892098500626e-16,MINIMAL,optimal,2,HEPARITIN_45_SULFOTRANSFERASE_45_RXN;RXN_45_11557
HS09011,NDST3,1.277696171875,1.2776961718749995,1.0000000000000004,-4.440892098500626e-16,MINIMAL,optimal,2,HEPARITIN_45_SULFOTRANSFERASE_45_RXN;RXN_45_11557
HS06527,NDST4,1.277696171875,1.2776961718749995,1.0000000000000004,-4.440892098500626e-16,MINIMAL,optimal,2,HEPARITIN_45_SULFOTRANSFERASE_45_RXN;RXN_45_11557
HS06203,HS6ST1,1.277696171875,1.2776961718749995,1.0000000000000004,-4.440892098500626e-16,MINIMAL,optimal,1,RXN_45_11562
HS17320,HS6ST2,1.277696171875,1.2776961718749995,1.0000000000000004,-4.440892098500626e-16,MINIMAL,optimal,1,RXN_45_11562
G_12128,HS6ST3,1.277696171875,1.2776961718749995,1.0000000000000004,-4.440892098500626e-16,MINIMAL,optimal,1,RXN_45_11562
HS04557,HS3ST2,1.277696171875,1.2776961718749995,1.0000000000000004,-4.440892098500626e-16,MINIMAL,optimal,1,2_46_8_46_2_46_29_45_RXN
HS16520,HS3ST5,1.277696171875,1.2776961718749995,1.0000000000000004,-4.440892098500626e-16,MINIMAL,optimal,2,2_46_8_46_2_46_29_45_RXN;2_46_8_46_2_46_30_45_RXN
HS08637,HS3ST6,1.277696171875,1.2776961718749995,1.0000000000000004,-4.440892098500626e-16,MINIMAL,optimal,2,2_46_8_46_2_46_29_45_RXN;2_46_8_46_2_46_30_45_RXN
HS00082,HS3ST1,1.277696171875,1.2776961718749995,1.0000000000000004,-4.440892098500626e-16,MINIMAL,optimal,4,2_46_8_46_2_46_29_45_RXN;RXN_45_11563;2_46_8_46_2_46_23_45_RXN;2_46_8_46_2_46_30_45_RXN
HS00062,HS3ST4,1.277696171875,1.2776961718749995,1.0000000000000004,-4.440892098500626e-16,MINIMAL,optimal,2,2_46_8_46_2_46_29_45_RXN;2_46_8_46_2_46_30_45_RXN
HS00626,NEDD4L,1.277696171875,1.2776961718749995,1.0000000000000004,-4.440892098500626e-16,MINIMAL,optimal,2,RXN_45_15560;RXN_45_15559
G66_46288,WWP2,1.277696171875,1.2776961718749995,1.0000000000000004,-4.440892098500626e-16,MINIMAL,optimal,2,RXN_45_15560;RXN_45_15559
HS00973,NEDD4,1.277696171875,1.2776961718749995,1.0000000000000004,-4.440892098500626e-16,MINIMAL,optimal,2,RXN_45_15560;RXN_45_15559
HS07403,OGT,1.277696171875,1.2776961718749995,1.0000000000000004,-4.440892098500626e-16,MINIMAL,optimal,3,RXN_45_11890;RXN_45_15205;RXN_45_11889
HS15194,SHROOM1,1.277696171875,1.2776961718749995,1.0000000000000004,-4.440892098500626e-16,MINIMAL,optimal,1,RXN_45_8629
HS07223,AMT,1.277696171875,1.2776961718749995,1.0000000000000004,-4.440892098500626e-16,MINIMAL,optimal,1,GCVT_45_RXN
HS09084,T,1.277696171875,1.2776961718749995,1.0000000000000004,-4.440892098500626e-16,MINIMAL,optimal,1,GCVT_45_RXN
HS17059,GLDC,1.277696171875,1.2776961718749995,1.0000000000000004,-4.440892098500626e-16,MINIMAL,optimal,4,GCVT_45_RXN;GCVP_45_RXN;RXN_45_8629;GCVMULTI_45_RXN
HS13658,APTX,1.277696171875,1.2776961718749995,1.0000000000000004,-4.440892098500626e-16,MINIMAL,optimal,2,RXN_45_17912;RXN_45_17913
HS00130,LIG3,1.277696171875,1.2776961718749995,1.0000000000000004,-4.440892098500626e-16,MINIMAL,optimal,3,DNA_45_LIGASE_45_NAD_43__45_RXN;RXN_45_17920;DNA_45_LIGASE_45_ATP_45_RXN
HS02747,LIG1,1.277696171875,1.2776961718749995,1.0000000000000004,-4.440892098500626e-16,MINIMAL,optimal,3,DNA_45_LIGASE_45_NAD_43__45_RXN;RXN_45_17920;DNA_45_LIGASE_45_ATP_45_RXN
HS10794,LIG4,1.277696171875,1.2776961718749995,1.0000000000000004,-4.440892098500626e-16,MINIMAL,optimal,3,DNA_45_LIGASE_45_NAD_43__45_RXN;RXN_45_17920;DNA_45_LIGASE_45_ATP_45_RXN
HS01810,DHPS,1.277696171875,1.2776961718749995,1.0000000000000004,-4.440892098500626e-16,MINIMAL,optimal,4,2_46_5_46_1_46_46_45_RXN;RXN_45_13415;RXN_45_13417;RXN_45_13416
HS01304,NFS1,1.277696171875,1.2776961718749995,1.0000000000000004,-4.440892098500626e-16,MINIMAL,optimal,8,RXN_45_14382;RXN_45_14385;RXN_45_20037;RXN_45_12588;RXN_45_12621;RXN0_45_308;RXN_45_9787;RXN_45_15881
HS08018,ACSS1,1.277696171875,1.2776961718749995,1.0000000000000004,-4.440892098500626e-16,MINIMAL,optimal,1,ACETYLSYNCLTH_45_RXN
HS05484,ACSS2,1.277696171875,1.2776961718749995,1.0000000000000004,-4.440892098500626e-16,MINIMAL,optimal,1,ACETYLSYNCLTH_45_RXN
HS11524,CHST13,1.277696171875,1.2776961718749995,1.0000000000000004,-4.440892098500626e-16,MINIMAL,optimal,1,CHONDROITIN_45_4_45_SULFOTRANSFERASE_45_RXN
HS06130,CHST12,1.277696171875,1.2776961718749995,1.0000000000000004,-4.440892098500626e-16,MINIMAL,optimal,1,CHONDROITIN_45_4_45_SULFOTRANSFERASE_45_RXN
HS10284,CHST11,1.277696171875,1.2776961718749995,1.0000000000000004,-4.440892098500626e-16,MINIMAL,optimal,1,CHONDROITIN_45_4_45_SULFOTRANSFERASE_45_RXN
HS07394,CHST7,1.277696171875,1.2776961718749995,1.0000000000000004,-4.440892098500626e-16,MINIMAL,optimal,1,CHONDROITIN_45_6_45_SULFOTRANSFERASE_45_RXN
HS04610,CHST3,1.277696171875,1.2776961718749995,1.0000000000000004,-4.440892098500626e-16,MINIMAL,optimal,1,CHONDROITIN_45_6_45_SULFOTRANSFERASE_45_RXN
HS03472,DSE,1.277696171875,1.2776961718749995,1.0000000000000004,-4.440892098500626e-16,MINIMAL,optimal,1,CHONDROITIN_45_GLUCURONATE_45_5_45_EPIMERASE_45_RXN
HS03488,UST,1.277696171875,1.2776961718749995,1.0000000000000004,-4.440892098500626e-16,MINIMAL,optimal,2,RXN_45_11561;RXN_45_11560
HS06790,GALNS,1.277696171875,1.2776961718749995,1.0000000000000004,-4.440892098500626e-16,MINIMAL,optimal,2,RXN_45_11568;3_46_1_46_6_46_4_45_RXN
HS03665,ARSB,1.277696171875,1.2776961718749995,1.0000000000000004,-4.440892098500626e-16,MINIMAL,optimal,1,3_46_1_46_6_46_12_45_RXN
HS11694,CHST15,1.277696171875,1.2776961718749995,1.0000000000000004,-4.440892098500626e-16,MINIMAL,optimal,2,RXN_45_7954;RXN_45_7953
HS01211,ACC2,1.277696171875,1.2776961718749995,1.0000000000000004,-4.440892098500626e-16,MINIMAL,optimal,2,BIOTIN_45_CARBOXYL_45_RXN;RXN0_45_5055
HS05598,ACC1,1.277696171875,1.2776961718749995,1.0000000000000004,-4.440892098500626e-16,MINIMAL,optimal,2,BIOTIN_45_CARBOXYL_45_RXN;RXN0_45_5055
HS08386,HLCS,1.277696171875,1.2776961718749995,1.0000000000000004,-4.440892098500626e-16,MINIMAL,optimal,5,RXN0_45_7192;BIOTINLIG_45_RXN;6_46_3_46_4_46_10_45_RXN;6_46_3_46_4_46_9_45_RXN;6_46_3_46_4_46_11_45_RXN
HS02078,TRMU,1.277696171875,1.2776961718749995,1.0000000000000004,-4.440892098500626e-16,MINIMAL,optimal,1,RXN_45_16821
HS04528,LIAS,1.277696171875,1.2776961718749995,1.0000000000000004,-4.440892098500626e-16,MINIMAL,optimal,4,RXN_45_14957;RXN_45_14959;RXN0_45_949;RXN_45_14950
HS04324,DLST,1.277696171875,1.2776961718749995,1.0000000000000004,-4.440892098500626e-16,MINIMAL,optimal,1,RXN0_45_1147
HS01727,DLD,1.277696171875,1.2776961718749995,1.0000000000000004,-4.440892098500626e-16,MINIMAL,optimal,4,RXN_45_7719;RXN0_45_1132;RXN_45_7716;RXN_45_8629
HS02019,TTLL1,1.277696171875,1.2776961718749995,1.0000000000000004,-4.440892098500626e-16,MINIMAL,optimal,2,RXN_45_20879;RXN_45_20883
HS04322,TTLL5,1.277696171875,1.2776961718749995,1.0000000000000004,-4.440892098500626e-16,MINIMAL,optimal,2,RXN_45_20879;RXN_45_20883
HS15910,TTLL6,1.277696171875,1.2776961718749995,1.0000000000000004,-4.440892098500626e-16,MINIMAL,optimal,2,RXN_45_20879;RXN_45_20883
HS06421,TTLL7,1.277696171875,1.2776961718749995,1.0000000000000004,-4.440892098500626e-16,MINIMAL,optimal,1,RXN_45_20879
HS06080,TTLL4,1.277696171875,1.2776961718749995,1.0000000000000004,-4.440892098500626e-16,MINIMAL,optimal,1,RXN_45_20879
G66_46611,TTLL13P,1.277696171875,1.2776961718749995,1.0000000000000004,-4.440892098500626e-16,MINIMAL,optimal,8,RXN_45_20879;RXN_45_20883;RXN_45_20878;RXN_45_20876;RXN_45_20881;RXN_45_20880;RXN_45_20877;RXN_45_20882
HS14069,NICN1,1.277696171875,1.2776961718749995,1.0000000000000004,-4.440892098500626e-16,MINIMAL,optimal,8,RXN_45_20879;RXN_45_20883;RXN_45_20878;RXN_45_20876;RXN_45_20881;RXN_45_20880;RXN_45_20877;RXN_45_20882
HS13913,C19orf20,1.277696171875,1.2776961718749995,1.0000000000000004,-4.440892098500626e-16,MINIMAL,optimal,8,RXN_45_20879;RXN_45_20883;RXN_45_20878;RXN_45_20876;RXN_45_20881;RXN_45_20880;RXN_45_20877;RXN_45_20882
HS13698,LRRC49,1.277696171875,1.2776961718749995,1.0000000000000004,-4.440892098500626e-16,MINIMAL,optimal,8,RXN_45_20879;RXN_45_20883;RXN_45_20878;RXN_45_20876;RXN_45_20881;RXN_45_20880;RXN_45_20877;RXN_45_20882
HS13545,C18orf10,1.277696171875,1.2776961718749995,1.0000000000000004,-4.440892098500626e-16,MINIMAL,optimal,8,RXN_45_20879;RXN_45_20883;RXN_45_20878;RXN_45_20876;RXN_45_20881;RXN_45_20880;RXN_45_20877;RXN_45_20882
HS05478,TTLL9,1.277696171875,1.2776961718749995,1.0000000000000004,-4.440892098500626e-16,MINIMAL,optimal,8,RXN_45_20879;RXN_45_20883;RXN_45_20878;RXN_45_20876;RXN_45_20881;RXN_45_20880;RXN_45_20877;RXN_45_20882
HS04401,TTLL2,1.277696171875,1.2776961718749995,1.0000000000000004,-4.440892098500626e-16,MINIMAL,optimal,8,RXN_45_20879;RXN_45_20883;RXN_45_20878;RXN_45_20876;RXN_45_20881;RXN_45_20880;RXN_45_20877;RXN_45_20882
HS16507,TTLL11,1.277696171875,1.2776961718749995,1.0000000000000004,-4.440892098500626e-16,MINIMAL,optimal,8,RXN_45_20879;RXN_45_20883;RXN_45_20878;RXN_45_20876;RXN_45_20881;RXN_45_20880;RXN_45_20877;RXN_45_20882
HS00144,ABCB4,1.277696171875,1.2776961718749995,1.0000000000000004,-4.440892098500626e-16,MINIMAL,optimal,1,3_46_6_46_3_46_44_45_RXN
HS01500,ABCB1,1.277696171875,1.2776961718749995,1.0000000000000004,-4.440892098500626e-16,MINIMAL,optimal,1,3_46_6_46_3_46_44_45_RXN
HS11997,ABCB5,1.277696171875,1.2776961718749995,1.0000000000000004,-4.440892098500626e-16,MINIMAL,optimal,1,3_46_6_46_3_46_44_45_RXN
HS03923,ABCB6,1.277696171875,1.2776961718749995,1.0000000000000004,-4.440892098500626e-16,MINIMAL,optimal,1,3_46_6_46_3_46_44_45_RXN
HS08489,ADAMTS13,1.277696171875,1.2776961718749995,1.0000000000000004,-4.440892098500626e-16,MINIMAL,optimal,1,RXN_45_11137
HS07050,CERS2,1.277696171875,1.2776961718749995,1.0000000000000004,-4.440892098500626e-16,MINIMAL,optimal,4,RXN_45_20371;RXN_45_20372;RXN_45_20369;RXN3O_45_328
HS04346,ELOVL3,1.277696171875,1.2776961718749995,1.0000000000000004,-4.440892098500626e-16,MINIMAL,optimal,7,RXN_45_20348;RXN_45_7697;RXN_45_20344;RXN_45_20336;RXN_45_20340;RXN_45_13296;RXN_45_20332
HS00873,ELOVL1,1.277696171875,1.2776961718749995,1.0000000000000004,-4.440892098500626e-16,MINIMAL,optimal,7,RXN_45_20348;RXN_45_7697;RXN_45_20344;RXN_45_20336;RXN_45_20340;RXN_45_13296;RXN_45_20332
HS09036,ELOVL7,1.277696171875,1.2776961718749995,1.0000000000000004,-4.440892098500626e-16,MINIMAL,optimal,11,RXN_45_20348;RXN_45_7697;RXN_45_20344;RXN_45_13294;RXN_45_20336;RXN_45_13296;RXN_45_20332;RXN_45_16079;RXN_45_16094;RXN_45_20340
HS01273,ACER3,1.277696171875,1.2776961718749995,1.0000000000000004,-4.440892098500626e-16,MINIMAL,optimal,1,CERAMIDASE_45_YEAST_45_RXN
HS11137,PUS1,1.277696171875,1.2776961718749995,1.0000000000000004,-4.440892098500626e-16,MINIMAL,optimal,1,TRNA_45_PSEUDOURIDINE_45_SYNTHASE_45_I_45_RXN
HS01721,PUS7,1.277696171875,1.2776961718749995,1.0000000000000004,-4.440892098500626e-16,MINIMAL,optimal,3,RXN_45_11839;RXN0_45_5398;TRNA_45_PSEUDOURIDINE_45_SYNTHASE_45_I_45_RXN
HS12710,PUS3,1.277696171875,1.2776961718749995,1.0000000000000004,-4.440892098500626e-16,MINIMAL,optimal,6,RXN_45_11841;RXN_45_11839;RXN0_45_5398;TRNA_45_PSEUDOURIDINE_45_SYNTHASE_45_I_45_RXN;RXN_45_11842;RXN_45_11840
HS09292,TRUB1,1.277696171875,1.2776961718749995,1.0000000000000004,-4.440892098500626e-16,MINIMAL,optimal,6,RXN_45_11841;RXN_45_11839;RXN0_45_5398;TRNA_45_PSEUDOURIDINE_45_SYNTHASE_45_I_45_RXN;RXN_45_11842;RXN_45_11840
HS14989,PUS10,1.277696171875,1.2776961718749995,1.0000000000000004,-4.440892098500626e-16,MINIMAL,optimal,5,RXN_45_11841;RXN_45_11839;TRNA_45_PSEUDOURIDINE_45_SYNTHASE_45_I_45_RXN;RXN_45_11842;RXN_45_11840
HS05977,MTO1,1.277696171875,1.2776961718749995,1.0000000000000004,-4.440892098500626e-16,MINIMAL,optimal,1,RXN_45_16822
HS05366,GTPBP3,1.277696171875,1.2776961718749995,1.0000000000000004,-4.440892098500626e-16,MINIMAL,optimal,1,RXN_45_16822
HS02386,TRMT2B,1.277696171875,1.2776961718749995,1.0000000000000004,-4.440892098500626e-16,MINIMAL,optimal,1,TRNA_45_URACIL_45_5_45__45_METHYLTRANSFERASE_45_RXN
HS01927,TRMT2A,1.277696171875,1.2776961718749995,1.0000000000000004,-4.440892098500626e-16,MINIMAL,optimal,1,TRNA_45_URACIL_45_5_45__45_METHYLTRANSFERASE_45_RXN
HS01204,UNG,1.277696171875,1.2776961718749995,1.0000000000000004,-4.440892098500626e-16,MINIMAL,optimal,1,RXN0_45_2584
HS07843,CCNO,1.277696171875,1.2776961718749995,1.0000000000000004,-4.440892098500626e-16,MINIMAL,optimal,1,RXN0_45_2584
HS11943,NUDT14,1.277696171875,1.2776961718749995,1.0000000000000004,-4.440892098500626e-16,MINIMAL,optimal,1,UDPSUGARHYDRO_45_RXN
HS07014,SDHC,1.277696171875,1.2776961718749995,1.0000000000000004,-4.440892098500626e-16,MINIMAL,optimal,1,SUCCINATE_45_DEHYDROGENASE_45_UBIQUINONE_45_RXN
HS07690,SDHD,1.277696171875,1.2776961718749995,1.0000000000000004,-4.440892098500626e-16,MINIMAL,optimal,1,SUCCINATE_45_DEHYDROGENASE_45_UBIQUINONE_45_RXN
HS01106,SDHA,1.277696171875,1.2776961718749995,1.0000000000000004,-4.440892098500626e-16,MINIMAL,optimal,1,SUCCINATE_45_DEHYDROGENASE_45_UBIQUINONE_45_RXN
HS04095,SDHB,1.277696171875,1.2776961718749995,1.0000000000000004,-4.440892098500626e-16,MINIMAL,optimal,4,RXN_45_14971;SUCCINATE_45_DEHYDROGENASE_45_UBIQUINONE_45_RXN;RXN_45_15378;SUCCINATE_45_DEHYDROGENASE_45_UBIQUINONE6_45_RXN
HS15619,PGL2,1.277696171875,1.2776961718749995,1.0000000000000004,-4.440892098500626e-16,MINIMAL,optimal,4,RXN_45_14971;SUCCINATE_45_DEHYDROGENASE_45_UBIQUINONE_45_RXN;RXN_45_15378;SUCCINATE_45_DEHYDROGENASE_45_UBIQUINONE6_45_RXN
HS13941,G_HS13941,1.277696171875,1.2776961718749995,1.0000000000000004,-4.440892098500626e-16,MINIMAL,optimal,2,NADH_45_DEHYDROG_45_A_45_RXN;NADH_45_DEHYDROGENASE_45_RXN
HS17222,G_HS17222,1.277696171875,1.2776961718749995,1.0000000000000004,-4.440892098500626e-16,MINIMAL,optimal,2,NADH_45_DEHYDROG_45_A_45_RXN;NADH_45_DEHYDROGENASE_45_RXN
HS14053,G_HS14053,1.277696171875,1.2776961718749995,1.0000000000000004,-4.440892098500626e-16,MINIMAL,optimal,2,NADH_45_DEHYDROG_45_A_45_RXN;NADH_45_DEHYDROGENASE_45_RXN
HS13127,G_HS13127,1.277696171875,1.2776961718749995,1.0000000000000004,-4.440892098500626e-16,MINIMAL,optimal,2,NADH_45_DEHYDROG_45_A_45_RXN;NADH_45_DEHYDROGENASE_45_RXN
HS13575,G_HS13575,1.277696171875,1.2776961718749995,1.0000000000000004,-4.440892098500626e-16,MINIMAL,optimal,2,NADH_45_DEHYDROG_45_A_45_RXN;NADH_45_DEHYDROGENASE_45_RXN
HS16080,G_HS16080,1.277696171875,1.2776961718749995,1.0000000000000004,-4.440892098500626e-16,MINIMAL,optimal,2,NADH_45_DEHYDROG_45_A_45_RXN;NADH_45_DEHYDROGENASE_45_RXN
HS17481,G_HS17481,1.277696171875,1.2776961718749995,1.0000000000000004,-4.440892098500626e-16,MINIMAL,optimal,2,NADH_45_DEHYDROG_45_A_45_RXN;NADH_45_DEHYDROGENASE_45_RXN
HS16135,G_HS16135,1.277696171875,1.2776961718749995,1.0000000000000004,-4.440892098500626e-16,MINIMAL,optimal,2,NADH_45_DEHYDROG_45_A_45_RXN;NADH_45_DEHYDROGENASE_45_RXN
HS17072,G_HS17072,1.277696171875,1.2776961718749995,1.0000000000000004,-4.440892098500626e-16,MINIMAL,optimal,2,NADH_45_DEHYDROG_45_A_45_RXN;NADH_45_DEHYDROGENASE_45_RXN
HS16828,G_HS16828,1.277696171875,1.2776961718749995,1.0000000000000004,-4.440892098500626e-16,MINIMAL,optimal,2,NADH_45_DEHYDROG_45_A_45_RXN;NADH_45_DEHYDROGENASE_45_RXN
HS11922,NDUFA11,1.277696171875,1.2776961718749995,1.0000000000000004,-4.440892098500626e-16,MINIMAL,optimal,1,NADH_45_DEHYDROG_45_A_45_RXN
HS05364,NDUFA13,1.277696171875,1.2776961718749995,1.0000000000000004,-4.440892098500626e-16,MINIMAL,optimal,1,NADH_45_DEHYDROG_45_A_45_RXN
HS17235,G_HS17235,1.277696171875,1.2776961718749995,1.0000000000000004,-4.440892098500626e-16,MINIMAL,optimal,2,NADH_45_DEHYDROG_45_A_45_RXN;NADH_45_DEHYDROGENASE_45_RXN
HS16402,NDUFA11,1.277696171875,1.2776961718749995,1.0000000000000004,-4.440892098500626e-16,MINIMAL,optimal,1,NADH_45_DEHYDROG_45_A_45_RXN
G66_46829,NDUFC2-KCTD14,1.277696171875,1.2776961718749995,1.0000000000000004,-4.440892098500626e-16,MINIMAL,optimal,1,NADH_45_DEHYDROG_45_A_45_RXN
HS15241,G_HS15241,1.277696171875,1.2776961718749995,1.0000000000000004,-4.440892098500626e-16,MINIMAL,optimal,3,NADH_45_DEHYDROG_45_A_45_RXN;RXN0_45_5244_45_yeast;RXN0_45_5244
HS02434,DHODH,1.277696171875,1.2776961718749995,1.0000000000000004,-4.440892098500626e-16,MINIMAL,optimal,7,SUCCINATE_45_DEHYDROGENASE_45_UBIQUINONE_45_RXN;RXN0_45_5260;RXN0_45_5244;RXN0_45_6491;DIHYDROOROTATE_45_DEHYDROGENASE_45_RXN;NADH_45_DEHYDROG_45_A_45_RXN;RXN0_45_5244_45_yeast
HS00037,NDUFA6,1.277696171875,1.2776961718749995,1.0000000000000004,-4.440892098500626e-16,MINIMAL,optimal,2,RXN0_45_5330;NADH_45_DEHYDROG_45_A_45_RXN
HS00843,NDUFB4,1.277696171875,1.2776961718749995,1.0000000000000004,-4.440892098500626e-16,MINIMAL,optimal,2,RXN0_45_5330;NADH_45_DEHYDROG_45_A_45_RXN
HS01679,NDUFB2,1.277696171875,1.2776961718749995,1.0000000000000004,-4.440892098500626e-16,MINIMAL,optimal,2,RXN0_45_5330;NADH_45_DEHYDROG_45_A_45_RXN
HS01908,NDUFB7,1.277696171875,1.2776961718749995,1.0000000000000004,-4.440892098500626e-16,MINIMAL,optimal,2,RXN0_45_5330;NADH_45_DEHYDROG_45_A_45_RXN
HS03223,NDUFC1,1.277696171875,1.2776961718749995,1.0000000000000004,-4.440892098500626e-16,MINIMAL,optimal,2,RXN0_45_5330;NADH_45_DEHYDROG_45_A_45_RXN
HS03370,NDUFA12,1.277696171875,1.2776961718749995,1.0000000000000004,-4.440892098500626e-16,MINIMAL,optimal,2,RXN0_45_5330;NADH_45_DEHYDROG_45_A_45_RXN
HS04271,NDUFB3,1.277696171875,1.2776961718749995,1.0000000000000004,-4.440892098500626e-16,MINIMAL,optimal,2,RXN0_45_5330;NADH_45_DEHYDROG_45_A_45_RXN
HS04297,NDUFA8,1.277696171875,1.2776961718749995,1.0000000000000004,-4.440892098500626e-16,MINIMAL,optimal,2,RXN0_45_5330;NADH_45_DEHYDROG_45_A_45_RXN
HS04875,NDUFA1,1.277696171875,1.2776961718749995,1.0000000000000004,-4.440892098500626e-16,MINIMAL,optimal,2,RXN0_45_5330;NADH_45_DEHYDROG_45_A_45_RXN
HS05206,NDUFA5,1.277696171875,1.2776961718749995,1.0000000000000004,-4.440892098500626e-16,MINIMAL,optimal,2,RXN0_45_5330;NADH_45_DEHYDROG_45_A_45_RXN
HS05385,NDUFA10,1.277696171875,1.2776961718749995,1.0000000000000004,-4.440892098500626e-16,MINIMAL,optimal,2,RXN0_45_5330;NADH_45_DEHYDROG_45_A_45_RXN
HS05539,NDUFA2,1.277696171875,1.2776961718749995,1.0000000000000004,-4.440892098500626e-16,MINIMAL,optimal,2,RXN0_45_5330;NADH_45_DEHYDROG_45_A_45_RXN
HS06175,NDUFB5,1.277696171875,1.2776961718749995,1.0000000000000004,-4.440892098500626e-16,MINIMAL,optimal,2,RXN0_45_5330;NADH_45_DEHYDROG_45_A_45_RXN
HS06786,NDUFB10,1.277696171875,1.2776961718749995,1.0000000000000004,-4.440892098500626e-16,MINIMAL,optimal,2,RXN0_45_5330;NADH_45_DEHYDROG_45_A_45_RXN
HS07466,NDUFB9,1.277696171875,1.2776961718749995,1.0000000000000004,-4.440892098500626e-16,MINIMAL,optimal,2,RXN0_45_5330;NADH_45_DEHYDROG_45_A_45_RXN
HS07729,NDUFC2,1.277696171875,1.2776961718749995,1.0000000000000004,-4.440892098500626e-16,MINIMAL,optimal,2,RXN0_45_5330;NADH_45_DEHYDROG_45_A_45_RXN
HS08459,NDUFV3,1.277696171875,1.2776961718749995,1.0000000000000004,-4.440892098500626e-16,MINIMAL,optimal,2,RXN0_45_5330;NADH_45_DEHYDROG_45_A_45_RXN
HS09208,NDUFB6,1.277696171875,1.2776961718749995,1.0000000000000004,-4.440892098500626e-16,MINIMAL,optimal,2,RXN0_45_5330;NADH_45_DEHYDROG_45_A_45_RXN
HS09306,NDUFB1,1.277696171875,1.2776961718749995,1.0000000000000004,-4.440892098500626e-16,MINIMAL,optimal,2,RXN0_45_5330;NADH_45_DEHYDROG_45_A_45_RXN
HS09335,NDUFB8,1.277696171875,1.2776961718749995,1.0000000000000004,-4.440892098500626e-16,MINIMAL,optimal,2,RXN0_45_5330;NADH_45_DEHYDROG_45_A_45_RXN
HS09632,NDUFA7,1.277696171875,1.2776961718749995,1.0000000000000004,-4.440892098500626e-16,MINIMAL,optimal,2,RXN0_45_5330;NADH_45_DEHYDROG_45_A_45_RXN
HS10204,NDUFA3,1.277696171875,1.2776961718749995,1.0000000000000004,-4.440892098500626e-16,MINIMAL,optimal,2,RXN0_45_5330;NADH_45_DEHYDROG_45_A_45_RXN
HS16463,G_HS16463,1.277696171875,1.2776961718749995,1.0000000000000004,-4.440892098500626e-16,MINIMAL,optimal,3,RXN0_45_5330;NADH_45_DEHYDROG_45_A_45_RXN;NADH_45_DEHYDROGENASE_45_RXN
HS16554,G_HS16554,1.277696171875,1.2776961718749995,1.0000000000000004,-4.440892098500626e-16,MINIMAL,optimal,3,RXN0_45_5330;NADH_45_DEHYDROG_45_A_45_RXN;NADH_45_DEHYDROGENASE_45_RXN
HS06589,NDUFA9,1.277696171875,1.2776961718749995,1.0000000000000004,-4.440892098500626e-16,MINIMAL,optimal,2,RXN0_45_5330;NADH_45_DEHYDROG_45_A_45_RXN
HS13094,NDUFAF4,1.277696171875,1.2776961718749995,1.0000000000000004,-4.440892098500626e-16,MINIMAL,optimal,2,RXN0_45_5330;NADH_45_DEHYDROG_45_A_45_RXN
HS06398,NDUFAF1,1.277696171875,1.2776961718749995,1.0000000000000004,-4.440892098500626e-16,MINIMAL,optimal,2,RXN0_45_5330;NADH_45_DEHYDROG_45_A_45_RXN
HS14193,NDUFB11,1.277696171875,1.2776961718749995,1.0000000000000004,-4.440892098500626e-16,MINIMAL,optimal,2,RXN0_45_5330;NADH_45_DEHYDROG_45_A_45_RXN
HS15164,NDUFAF2,1.277696171875,1.2776961718749995,1.0000000000000004,-4.440892098500626e-16,MINIMAL,optimal,2,RXN0_45_5330;NADH_45_DEHYDROG_45_A_45_RXN
HS17780,ND6,1.277696171875,1.2776961718749995,1.0000000000000004,-4.440892098500626e-16,MINIMAL,optimal,5,RXN0_45_5330;NADH_45_DEHYDROGENASE_45_RXN;RXN0_45_5244;NADH_45_DEHYDROG_45_A_45_RXN;RXN0_45_5244_45_yeast
HS17778,ND4,1.277696171875,1.2776961718749995,1.0000000000000004,-4.440892098500626e-16,MINIMAL,optimal,5,RXN0_45_5330;NADH_45_DEHYDROGENASE_45_RXN;RXN0_45_5244;NADH_45_DEHYDROG_45_A_45_RXN;RXN0_45_5244_45_yeast
HS17776,ND3,1.277696171875,1.2776961718749995,1.0000000000000004,-4.440892098500626e-16,MINIMAL,optimal,5,RXN0_45_5330;NADH_45_DEHYDROGENASE_45_RXN;RXN0_45_5244;NADH_45_DEHYDROG_45_A_45_RXN;RXN0_45_5244_45_yeast
HS17771,ND1,1.277696171875,1.2776961718749995,1.0000000000000004,-4.440892098500626e-16,MINIMAL,optimal,5,RXN0_45_5330;NADH_45_DEHYDROGENASE_45_RXN;RXN0_45_5244;NADH_45_DEHYDROG_45_A_45_RXN;RXN0_45_5244_45_yeast
HS15997,G_HS15997,1.277696171875,1.2776961718749995,1.0000000000000004,-4.440892098500626e-16,MINIMAL,optimal,4,RXN0_45_5330;NADH_45_DEHYDROG_45_A_45_RXN;RXN0_45_5244_45_yeast;RXN0_45_5244
HS00036,MT-ND6,1.277696171875,1.2776961718749995,1.0000000000000004,-4.440892098500626e-16,MINIMAL,optimal,4,RXN0_45_5330;NADH_45_DEHYDROG_45_A_45_RXN;RXN0_45_5244_45_yeast;RXN0_45_5244
HS00035,MT-ND5,1.277696171875,1.2776961718749995,1.0000000000000004,-4.440892098500626e-16,MINIMAL,optimal,4,RXN0_45_5330;NADH_45_DEHYDROG_45_A_45_RXN;RXN0_45_5244_45_yeast;RXN0_45_5244
HS00033,MT-ND4,1.277696171875,1.2776961718749995,1.0000000000000004,-4.440892098500626e-16,MINIMAL,optimal,4,RXN0_45_5330;NADH_45_DEHYDROG_45_A_45_RXN;RXN0_45_5244_45_yeast;RXN0_45_5244
HS00032,MT-ND3,1.277696171875,1.2776961718749995,1.0000000000000004,-4.440892098500626e-16,MINIMAL,optimal,4,RXN0_45_5330;NADH_45_DEHYDROG_45_A_45_RXN;RXN0_45_5244_45_yeast;RXN0_45_5244
HS00031,MT-ND2,1.277696171875,1.2776961718749995,1.0000000000000004,-4.440892098500626e-16,MINIMAL,optimal,4,RXN0_45_5330;NADH_45_DEHYDROG_45_A_45_RXN;RXN0_45_5244_45_yeast;RXN0_45_5244
HS00030,MT-ND1,1.277696171875,1.2776961718749995,1.0000000000000004,-4.440892098500626e-16,MINIMAL,optimal,4,RXN0_45_5330;NADH_45_DEHYDROG_45_A_45_RXN;RXN0_45_5244_45_yeast;RXN0_45_5244
HS09799,NDUFS5,1.277696171875,1.2776961718749995,1.0000000000000004,-4.440892098500626e-16,MINIMAL,optimal,2,RXN0_45_5330;NADH_45_DEHYDROG_45_A_45_RXN
G66_32694,NDUFS3,1.277696171875,1.2776961718749995,1.0000000000000004,-4.440892098500626e-16,MINIMAL,optimal,3,RXN0_45_5330;NADH_45_DEHYDROG_45_A_45_RXN;NADH_45_DEHYDROGENASE_45_RXN
HS00034,MT-ND4L,1.277696171875,1.2776961718749995,1.0000000000000004,-4.440892098500626e-16,MINIMAL,optimal,4,RXN0_45_5330;NADH_45_DEHYDROG_45_A_45_RXN;RXN0_45_5244_45_yeast;RXN0_45_5244
HS00422,NDUFS1,1.277696171875,1.2776961718749995,1.0000000000000004,-4.440892098500626e-16,MINIMAL,optimal,3,RXN0_45_5330;NADH_45_DEHYDROG_45_A_45_RXN;NADH_45_DEHYDROGENASE_45_RXN
HS03332,NDUFS8,1.277696171875,1.2776961718749995,1.0000000000000004,-4.440892098500626e-16,MINIMAL,optimal,3,RXN0_45_5330;NADH_45_DEHYDROG_45_A_45_RXN;NADH_45_DEHYDROGENASE_45_RXN
HS03864,NDUFS7,1.277696171875,1.2776961718749995,1.0000000000000004,-4.440892098500626e-16,MINIMAL,optimal,5,RXN0_45_5330;NADH_45_DEHYDROGENASE_45_RXN;RXN0_45_5244;NADH_45_DEHYDROG_45_A_45_RXN;RXN0_45_5244_45_yeast
HS08339,NDUFS2,1.277696171875,1.2776961718749995,1.0000000000000004,-4.440892098500626e-16,MINIMAL,optimal,3,RXN0_45_5330;NADH_45_DEHYDROG_45_A_45_RXN;NADH_45_DEHYDROGENASE_45_RXN
HS09641,NDUFV1,1.277696171875,1.2776961718749995,1.0000000000000004,-4.440892098500626e-16,MINIMAL,optimal,3,RXN0_45_5330;NADH_45_DEHYDROG_45_A_45_RXN;NADH_45_DEHYDROGENASE_45_RXN
HS11253,NDUFV2,1.277696171875,1.2776961718749995,1.0000000000000004,-4.440892098500626e-16,MINIMAL,optimal,3,RXN0_45_5330;NADH_45_DEHYDROG_45_A_45_RXN;NADH_45_DEHYDROGENASE_45_RXN
HS09048,NDUFS4,1.277696171875,1.2776961718749995,1.0000000000000004,-4.440892098500626e-16,MINIMAL,optimal,2,RXN0_45_5330;NADH_45_DEHYDROG_45_A_45_RXN
HS00232,CDK11A,1.277696171875,1.2776961718749995,1.0000000000000004,-4.440892098500626e-16,MINIMAL,optimal,6,2_46_7_46_10_46_1_45_RXN;2_46_7_46_11_46_2_45_RXN;2_46_4_46_1_46_151_45_RXN;2_46_7_46_12_46_1_45_RXN;2_46_7_46_11_46_18_45_RXN;RXN_45_14906
HS11956,GTA,1.277696171875,1.2776961718749995,1.0000000000000004,-4.440892098500626e-16,MINIMAL,optimal,1,2_46_4_46_1_46_151_45_RXN
HS10703,PRSS2,1.277696171875,1.2776961718749995,1.0000000000000004,-4.440892098500626e-16,MINIMAL,optimal,2,3_46_4_46_21_46_4_45_RXN;RXN_45_17832
HS00287,PRSS3,1.277696171875,1.2776961718749995,1.0000000000000004,-4.440892098500626e-16,MINIMAL,optimal,2,3_46_4_46_21_46_4_45_RXN;RXN_45_17832
HS15954,TRYX3,1.277696171875,1.2776961718749995,1.0000000000000004,-4.440892098500626e-16,MINIMAL,optimal,1,3_46_4_46_21_46_4_45_RXN
G66_47588,PRSS3P2,1.277696171875,1.2776961718749995,1.0000000000000004,-4.440892098500626e-16,MINIMAL,optimal,2,3_46_4_46_21_46_4_45_RXN;RXN_45_17832
HS08137,TYSND1,1.277696171875,1.2776961718749995,1.0000000000000004,-4.440892098500626e-16,MINIMAL,optimal,2,3_46_4_46_21_46_4_45_RXN;RXN_45_17832
HS09010,PRSS12,1.277696171875,1.2776961718749995,1.0000000000000004,-4.440892098500626e-16,MINIMAL,optimal,2,3_46_4_46_21_46_4_45_RXN;RXN_45_17832
HS01855,VARS,1.277696171875,1.2776961718749995,1.0000000000000004,-4.440892098500626e-16,MINIMAL,optimal,1,VALINE_45__45_TRNA_45_LIGASE_45_RXN
HS06340,VARS2,1.277696171875,1.2776961718749995,1.0000000000000004,-4.440892098500626e-16,MINIMAL,optimal,1,VALINE_45__45_TRNA_45_LIGASE_45_RXN
HS05899,YARS,1.277696171875,1.2776961718749995,1.0000000000000004,-4.440892098500626e-16,MINIMAL,optimal,1,TYROSINE_45__45_TRNA_45_LIGASE_45_RXN
HS06581,YARS2,1.277696171875,1.2776961718749995,1.0000000000000004,-4.440892098500626e-16,MINIMAL,optimal,1,TYROSINE_45__45_TRNA_45_LIGASE_45_RXN
HS07040,TARS2,1.277696171875,1.2776961718749995,1.0000000000000004,-4.440892098500626e-16,MINIMAL,optimal,1,THREONINE_45__45_TRNA_45_LIGASE_45_RXN
HS03680,TARS,1.277696171875,1.2776961718749995,1.0000000000000004,-4.440892098500626e-16,MINIMAL,optimal,1,THREONINE_45__45_TRNA_45_LIGASE_45_RXN
HS11920,TARSL2,1.277696171875,1.2776961718749995,1.0000000000000004,-4.440892098500626e-16,MINIMAL,optimal,1,THREONINE_45__45_TRNA_45_LIGASE_45_RXN
HS00481,SARS,1.277696171875,1.2776961718749995,1.0000000000000004,-4.440892098500626e-16,MINIMAL,optimal,2,SERINE_45__45_TRNA_45_LIGASE_45_RXN;RXN0_45_2161
HS02631,SARS2,1.277696171875,1.2776961718749995,1.0000000000000004,-4.440892098500626e-16,MINIMAL,optimal,2,SERINE_45__45_TRNA_45_LIGASE_45_RXN;RXN0_45_2161
HS08668,PARS2,1.277696171875,1.2776961718749995,1.0000000000000004,-4.440892098500626e-16,MINIMAL,optimal,1,PROLINE_45__45_TRNA_45_LIGASE_45_RXN
HS03982,FARSB,1.277696171875,1.2776961718749995,1.0000000000000004,-4.440892098500626e-16,MINIMAL,optimal,1,PHENYLALANINE_45__45_TRNA_45_LIGASE_45_RXN
HS00249,FARSA,1.277696171875,1.2776961718749995,1.0000000000000004,-4.440892098500626e-16,MINIMAL,optimal,1,PHENYLALANINE_45__45_TRNA_45_LIGASE_45_RXN
HS07306,FARS2,1.277696171875,1.2776961718749995,1.0000000000000004,-4.440892098500626e-16,MINIMAL,optimal,1,PHENYLALANINE_45__45_TRNA_45_LIGASE_45_RXN
HS15715,G_HS15715,1.277696171875,1.2776961718749995,1.0000000000000004,-4.440892098500626e-16,MINIMAL,optimal,1,LYSINE_45__45_TRNA_45_LIGASE_45_RXN
HS00840,KARS,1.277696171875,1.2776961718749995,1.0000000000000004,-4.440892098500626e-16,MINIMAL,optimal,1,LYSINE_45__45_TRNA_45_LIGASE_45_RXN
HS00314,LARS2,1.277696171875,1.2776961718749995,1.0000000000000004,-4.440892098500626e-16,MINIMAL,optimal,1,LEUCINE_45__45_TRNA_45_LIGASE_45_RXN
HS05781,LARS,1.277696171875,1.2776961718749995,1.0000000000000004,-4.440892098500626e-16,MINIMAL,optimal,1,LEUCINE_45__45_TRNA_45_LIGASE_45_RXN
HS00916,IARS2,1.277696171875,1.2776961718749995,1.0000000000000004,-4.440892098500626e-16,MINIMAL,optimal,1,ISOLEUCINE_45__45_TRNA_45_LIGASE_45_RXN
HS00408,IARS,1.277696171875,1.2776961718749995,1.0000000000000004,-4.440892098500626e-16,MINIMAL,optimal,1,ISOLEUCINE_45__45_TRNA_45_LIGASE_45_RXN
HS10130,HARS,1.277696171875,1.2776961718749995,1.0000000000000004,-4.440892098500626e-16,MINIMAL,optimal,1,HISTIDINE_45__45_TRNA_45_LIGASE_45_RXN
HS03628,HARS2,1.277696171875,1.2776961718749995,1.0000000000000004,-4.440892098500626e-16,MINIMAL,optimal,1,HISTIDINE_45__45_TRNA_45_LIGASE_45_RXN
HS02863,GARS,1.277696171875,1.2776961718749995,1.0000000000000004,-4.440892098500626e-16,MINIMAL,optimal,1,GLYCINE_45__45_TRNA_45_LIGASE_45_RXN
HS06187,EPRS,1.277696171875,1.2776961718749995,1.0000000000000004,-4.440892098500626e-16,MINIMAL,optimal,2,PROLINE_45__45_TRNA_45_LIGASE_45_RXN;GLURS_45_RXN
HS02494,EARS2,1.277696171875,1.2776961718749995,1.0000000000000004,-4.440892098500626e-16,MINIMAL,optimal,1,GLURS_45_RXN
HS10441,QARS,1.277696171875,1.2776961718749995,1.0000000000000004,-4.440892098500626e-16,MINIMAL,optimal,1,GLUTAMINE_45__45_TRNA_45_LIGASE_45_RXN
HS03321,CARS,1.277696171875,1.2776961718749995,1.0000000000000004,-4.440892098500626e-16,MINIMAL,optimal,1,CYSTEINE_45__45_TRNA_45_LIGASE_45_RXN
HS05929,CARS2,1.277696171875,1.2776961718749995,1.0000000000000004,-4.440892098500626e-16,MINIMAL,optimal,1,CYSTEINE_45__45_TRNA_45_LIGASE_45_RXN
HS03704,RARS,1.277696171875,1.2776961718749995,1.0000000000000004,-4.440892098500626e-16,MINIMAL,optimal,1,ARGININE_45__45_TRNA_45_LIGASE_45_RXN
HS07340,RARS2,1.277696171875,1.2776961718749995,1.0000000000000004,-4.440892098500626e-16,MINIMAL,optimal,1,ARGININE_45__45_TRNA_45_LIGASE_45_RXN
HS04804,AARS2,1.277696171875,1.2776961718749995,1.0000000000000004,-4.440892098500626e-16,MINIMAL,optimal,1,ALANINE_45__45_TRNA_45_LIGASE_45_RXN
HS01706,AARS,1.277696171875,1.2776961718749995,1.0000000000000004,-4.440892098500626e-16,MINIMAL,optimal,1,ALANINE_45__45_TRNA_45_LIGASE_45_RXN
HS03163,AARSD1,1.277696171875,1.2776961718749995,1.0000000000000004,-4.440892098500626e-16,MINIMAL,optimal,1,ALANINE_45__45_TRNA_45_LIGASE_45_RXN
HS10492,POP7,1.277696171875,1.2776961718749995,1.0000000000000004,-4.440892098500626e-16,MINIMAL,optimal,1,3_46_1_46_26_46_5_45_RXN
HS02570,POP1,1.277696171875,1.2776961718749995,1.0000000000000004,-4.440892098500626e-16,MINIMAL,optimal,1,3_46_1_46_26_46_5_45_RXN
HS07822,RPP38,1.277696171875,1.2776961718749995,1.0000000000000004,-4.440892098500626e-16,MINIMAL,optimal,1,3_46_1_46_26_46_5_45_RXN
HS02683,POP4,1.277696171875,1.2776961718749995,1.0000000000000004,-4.440892098500626e-16,MINIMAL,optimal,1,3_46_1_46_26_46_5_45_RXN
HS17113,RPP25,1.277696171875,1.2776961718749995,1.0000000000000004,-4.440892098500626e-16,MINIMAL,optimal,1,3_46_1_46_26_46_5_45_RXN
HS13674,RPP21,1.277696171875,1.2776961718749995,1.0000000000000004,-4.440892098500626e-16,MINIMAL,optimal,1,3_46_1_46_26_46_5_45_RXN
HS11850,TRS2,1.277696171875,1.2776961718749995,1.0000000000000004,-4.440892098500626e-16,MINIMAL,optimal,4,SERINE_45__45_TRNA_45_LIGASE_45_RXN;RXN0_45_6480;AMINOCYL_45_TRNA_45_HYDROLASE_45_RXN;RXN0_45_6482
HS08912,RPP14,1.277696171875,1.2776961718749995,1.0000000000000004,-4.440892098500626e-16,MINIMAL,optimal,2,RXN0_45_6480;3_46_1_46_26_46_5_45_RXN
HS07551,RPP30,1.277696171875,1.2776961718749995,1.0000000000000004,-4.440892098500626e-16,MINIMAL,optimal,2,RXN0_45_6480;3_46_1_46_26_46_5_45_RXN
HS04834,RPP40,1.277696171875,1.2776961718749995,1.0000000000000004,-4.440892098500626e-16,MINIMAL,optimal,2,RXN0_45_6480;3_46_1_46_26_46_5_45_RXN
HS15540,POP5,1.277696171875,1.2776961718749995,1.0000000000000004,-4.440892098500626e-16,MINIMAL,optimal,2,RXN0_45_6480;3_46_1_46_26_46_5_45_RXN
HS11892,G_HS11892,1.277696171875,1.2776961718749995,1.0000000000000004,-4.440892098500626e-16,MINIMAL,optimal,4,GLYCINE_45__45_TRNA_45_LIGASE_45_RXN;RXN0_45_6480;AMINOCYL_45_TRNA_45_HYDROLASE_45_RXN;RXN0_45_6482
HS11855,MTTN,1.277696171875,1.2776961718749995,1.0000000000000004,-4.440892098500626e-16,MINIMAL,optimal,4,ASPARTATE_45__45_TRNA_45_LIGASE_45_RXN;RXN0_45_6480;AMINOCYL_45_TRNA_45_HYDROLASE_45_RXN;RXN0_45_6482
HS11898,G_HS11898,1.277696171875,1.2776961718749995,1.0000000000000004,-4.440892098500626e-16,MINIMAL,optimal,4,RXN0_45_6480;THREONINE_45__45_TRNA_45_LIGASE_45_RXN;AMINOCYL_45_TRNA_45_HYDROLASE_45_RXN;RXN0_45_6482
HS11852,MTTE,1.277696171875,1.2776961718749995,1.0000000000000004,-4.440892098500626e-16,MINIMAL,optimal,4,RXN0_45_6480;AMINOCYL_45_TRNA_45_HYDROLASE_45_RXN;GLURS_45_RXN;RXN0_45_6482
HS11870,TRP2,1.277696171875,1.2776961718749995,1.0000000000000004,-4.440892098500626e-16,MINIMAL,optimal,4,PROLINE_45__45_TRNA_45_LIGASE_45_RXN;RXN0_45_6480;AMINOCYL_45_TRNA_45_HYDROLASE_45_RXN;RXN0_45_6482
HS11864,TRL2,1.277696171875,1.2776961718749995,1.0000000000000004,-4.440892098500626e-16,MINIMAL,optimal,4,LEUCINE_45__45_TRNA_45_LIGASE_45_RXN;RXN0_45_6480;AMINOCYL_45_TRNA_45_HYDROLASE_45_RXN;RXN0_45_6482
HS11877,TRS1,1.277696171875,1.2776961718749995,1.0000000000000004,-4.440892098500626e-16,MINIMAL,optimal,4,SERINE_45__45_TRNA_45_LIGASE_45_RXN;RXN0_45_6480;AMINOCYL_45_TRNA_45_HYDROLASE_45_RXN;RXN0_45_6482
HS11887,G_HS11887,1.277696171875,1.2776961718749995,1.0000000000000004,-4.440892098500626e-16,MINIMAL,optimal,5,CYSTEINE_45__45_TRNA_45_LIGASE_45_RXN;RXN_45_16637;RXN0_45_6480;AMINOCYL_45_TRNA_45_HYDROLASE_45_RXN;RXN0_45_6482
HS11882,G_HS11882,1.277696171875,1.2776961718749995,1.0000000000000004,-4.440892098500626e-16,MINIMAL,optimal,5,RXN0_45_6480;6_46_3_46_5_46_7_45_RXN;AMINOCYL_45_TRNA_45_HYDROLASE_45_RXN;GLUTAMINE_45__45_TRNA_45_LIGASE_45_RXN;RXN0_45_6482
HS11878,G_HS11878,1.277696171875,1.2776961718749995,1.0000000000000004,-4.440892098500626e-16,MINIMAL,optimal,4,PHENYLALANINE_45__45_TRNA_45_LIGASE_45_RXN;RXN0_45_6480;AMINOCYL_45_TRNA_45_HYDROLASE_45_RXN;RXN0_45_6482
HS11853,MTTG,1.277696171875,1.2776961718749995,1.0000000000000004,-4.440892098500626e-16,MINIMAL,optimal,4,GLYCINE_45__45_TRNA_45_LIGASE_45_RXN;RXN0_45_6480;AMINOCYL_45_TRNA_45_HYDROLASE_45_RXN;RXN0_45_6482
HS11868,TRN,1.277696171875,1.2776961718749995,1.0000000000000004,-4.440892098500626e-16,MINIMAL,optimal,4,ASPARTATE_45__45_TRNA_45_LIGASE_45_RXN;RXN0_45_6480;AMINOCYL_45_TRNA_45_HYDROLASE_45_RXN;RXN0_45_6482
HS11884,G_HS11884,1.277696171875,1.2776961718749995,1.0000000000000004,-4.440892098500626e-16,MINIMAL,optimal,4,TRYPTOPHAN_45__45_TRNA_45_LIGASE_45_RXN;RXN0_45_6480;AMINOCYL_45_TRNA_45_HYDROLASE_45_RXN;RXN0_45_6482
HS11863,TRL1,1.277696171875,1.2776961718749995,1.0000000000000004,-4.440892098500626e-16,MINIMAL,optimal,4,LEUCINE_45__45_TRNA_45_LIGASE_45_RXN;RXN0_45_6480;AMINOCYL_45_TRNA_45_HYDROLASE_45_RXN;RXN0_45_6482
HS11875,TRSP,1.277696171875,1.2776961718749995,1.0000000000000004,-4.440892098500626e-16,MINIMAL,optimal,4,SERINE_45__45_TRNA_45_LIGASE_45_RXN;RXN0_45_6480;AMINOCYL_45_TRNA_45_HYDROLASE_45_RXN;RXN0_45_6482
HS11891,G_HS11891,1.277696171875,1.2776961718749995,1.0000000000000004,-4.440892098500626e-16,MINIMAL,optimal,4,RXN0_45_6480;AMINOCYL_45_TRNA_45_HYDROLASE_45_RXN;LYSINE_45__45_TRNA_45_LIGASE_45_RXN;RXN0_45_6482
HS11861,TRGL1,1.277696171875,1.2776961718749995,1.0000000000000004,-4.440892098500626e-16,MINIMAL,optimal,4,GLYCINE_45__45_TRNA_45_LIGASE_45_RXN;RXN0_45_6480;AMINOCYL_45_TRNA_45_HYDROLASE_45_RXN;RXN0_45_6482
HS11890,G_HS11890,1.277696171875,1.2776961718749995,1.0000000000000004,-4.440892098500626e-16,MINIMAL,optimal,4,ASPARTATE_45__45_TRNA_45_LIGASE_45_RXN;RXN0_45_6480;AMINOCYL_45_TRNA_45_HYDROLASE_45_RXN;RXN0_45_6482
HS11872,TRQ2,1.277696171875,1.2776961718749995,1.0000000000000004,-4.440892098500626e-16,MINIMAL,optimal,4,RXN0_45_6480;AMINOCYL_45_TRNA_45_HYDROLASE_45_RXN;GLURS_45_RXN;RXN0_45_6482
HS11896,G_HS11896,1.277696171875,1.2776961718749995,1.0000000000000004,-4.440892098500626e-16,MINIMAL,optimal,4,LEUCINE_45__45_TRNA_45_LIGASE_45_RXN;RXN0_45_6480;AMINOCYL_45_TRNA_45_HYDROLASE_45_RXN;RXN0_45_6482
HS11895,G_HS11895,1.277696171875,1.2776961718749995,1.0000000000000004,-4.440892098500626e-16,MINIMAL,optimal,4,SERINE_45__45_TRNA_45_LIGASE_45_RXN;RXN0_45_6480;AMINOCYL_45_TRNA_45_HYDROLASE_45_RXN;RXN0_45_6482
HS11883,G_HS11883,1.277696171875,1.2776961718749995,1.0000000000000004,-4.440892098500626e-16,MINIMAL,optimal,4,METHIONINE_45__45_TRNA_45_LIGASE_45_RXN;RXN0_45_6480;AMINOCYL_45_TRNA_45_HYDROLASE_45_RXN;RXN0_45_6482
HS11881,G_HS11881,1.277696171875,1.2776961718749995,1.0000000000000004,-4.440892098500626e-16,MINIMAL,optimal,4,ISOLEUCINE_45__45_TRNA_45_LIGASE_45_RXN;RXN0_45_6480;AMINOCYL_45_TRNA_45_HYDROLASE_45_RXN;RXN0_45_6482
HS11886,G_HS11886,1.277696171875,1.2776961718749995,1.0000000000000004,-4.440892098500626e-16,MINIMAL,optimal,6,RXN0_45_6480;ASPARAGINE_45__45_TRNA_45_LIGASE_45_RXN;6_46_3_46_5_46_6_45_RXN;AMINOCYL_45_TRNA_45_HYDROLASE_45_RXN;RXN_45_12460;RXN0_45_6482
HS11858,TRE,1.277696171875,1.2776961718749995,1.0000000000000004,-4.440892098500626e-16,MINIMAL,optimal,4,RXN0_45_6480;AMINOCYL_45_TRNA_45_HYDROLASE_45_RXN;GLURS_45_RXN;RXN0_45_6482
HS11862,TRK1,1.277696171875,1.2776961718749995,1.0000000000000004,-4.440892098500626e-16,MINIMAL,optimal,4,RXN0_45_6480;AMINOCYL_45_TRNA_45_HYDROLASE_45_RXN;LYSINE_45__45_TRNA_45_LIGASE_45_RXN;RXN0_45_6482
HS11894,G_HS11894,1.277696171875,1.2776961718749995,1.0000000000000004,-4.440892098500626e-16,MINIMAL,optimal,4,RXN0_45_6480;HISTIDINE_45__45_TRNA_45_LIGASE_45_RXN;AMINOCYL_45_TRNA_45_HYDROLASE_45_RXN;RXN0_45_6482
HS11854,MTTL1,1.277696171875,1.2776961718749995,1.0000000000000004,-4.440892098500626e-16,MINIMAL,optimal,4,LEUCINE_45__45_TRNA_45_LIGASE_45_RXN;RXN0_45_6480;AMINOCYL_45_TRNA_45_HYDROLASE_45_RXN;RXN0_45_6482
HS11867,TRMI2,1.277696171875,1.2776961718749995,1.0000000000000004,-4.440892098500626e-16,MINIMAL,optimal,4,METHIONINE_45__45_TRNA_45_LIGASE_45_RXN;RXN0_45_6480;AMINOCYL_45_TRNA_45_HYDROLASE_45_RXN;RXN0_45_6482
HS11869,TRP1,1.277696171875,1.2776961718749995,1.0000000000000004,-4.440892098500626e-16,MINIMAL,optimal,4,PROLINE_45__45_TRNA_45_LIGASE_45_RXN;RXN0_45_6480;AMINOCYL_45_TRNA_45_HYDROLASE_45_RXN;RXN0_45_6482
HS11857,TRAN,1.277696171875,1.2776961718749995,1.0000000000000004,-4.440892098500626e-16,MINIMAL,optimal,4,ALANINE_45__45_TRNA_45_LIGASE_45_RXN;RXN0_45_6480;AMINOCYL_45_TRNA_45_HYDROLASE_45_RXN;RXN0_45_6482
HS11871,TRQ1,1.277696171875,1.2776961718749995,1.0000000000000004,-4.440892098500626e-16,MINIMAL,optimal,4,RXN0_45_6480;AMINOCYL_45_TRNA_45_HYDROLASE_45_RXN;GLURS_45_RXN;RXN0_45_6482
HS11851,TRS3,1.277696171875,1.2776961718749995,1.0000000000000004,-4.440892098500626e-16,MINIMAL,optimal,4,SERINE_45__45_TRNA_45_LIGASE_45_RXN;RXN0_45_6480;AMINOCYL_45_TRNA_45_HYDROLASE_45_RXN;RXN0_45_6482
HS11880,G_HS11880,1.277696171875,1.2776961718749995,1.0000000000000004,-4.440892098500626e-16,MINIMAL,optimal,4,LEUCINE_45__45_TRNA_45_LIGASE_45_RXN;RXN0_45_6480;AMINOCYL_45_TRNA_45_HYDROLASE_45_RXN;RXN0_45_6482
HS11860,TRG2,1.277696171875,1.2776961718749995,1.0000000000000004,-4.440892098500626e-16,MINIMAL,optimal,4,GLYCINE_45__45_TRNA_45_LIGASE_45_RXN;RXN0_45_6480;AMINOCYL_45_TRNA_45_HYDROLASE_45_RXN;RXN0_45_6482
HS11866,TRMI1,1.277696171875,1.2776961718749995,1.0000000000000004,-4.440892098500626e-16,MINIMAL,optimal,4,METHIONINE_45__45_TRNA_45_LIGASE_45_RXN;RXN0_45_6480;AMINOCYL_45_TRNA_45_HYDROLASE_45_RXN;RXN0_45_6482
HS11897,G_HS11897,1.277696171875,1.2776961718749995,1.0000000000000004,-4.440892098500626e-16,MINIMAL,optimal,4,RXN0_45_6480;AMINOCYL_45_TRNA_45_HYDROLASE_45_RXN;GLURS_45_RXN;RXN0_45_6482
HS11856,MTTP,1.277696171875,1.2776961718749995,1.0000000000000004,-4.440892098500626e-16,MINIMAL,optimal,4,PROLINE_45__45_TRNA_45_LIGASE_45_RXN;RXN0_45_6480;AMINOCYL_45_TRNA_45_HYDROLASE_45_RXN;RXN0_45_6482
HS11879,G_HS11879,1.277696171875,1.2776961718749995,1.0000000000000004,-4.440892098500626e-16,MINIMAL,optimal,4,VALINE_45__45_TRNA_45_LIGASE_45_RXN;RXN0_45_6480;AMINOCYL_45_TRNA_45_HYDROLASE_45_RXN;RXN0_45_6482
HS11889,G_HS11889,1.277696171875,1.2776961718749995,1.0000000000000004,-4.440892098500626e-16,MINIMAL,optimal,4,SERINE_45__45_TRNA_45_LIGASE_45_RXN;RXN0_45_6480;AMINOCYL_45_TRNA_45_HYDROLASE_45_RXN;RXN0_45_6482
HS11859,TRG1,1.277696171875,1.2776961718749995,1.0000000000000004,-4.440892098500626e-16,MINIMAL,optimal,4,GLYCINE_45__45_TRNA_45_LIGASE_45_RXN;RXN0_45_6480;AMINOCYL_45_TRNA_45_HYDROLASE_45_RXN;RXN0_45_6482
HS11876,TRV1,1.277696171875,1.2776961718749995,1.0000000000000004,-4.440892098500626e-16,MINIMAL,optimal,4,VALINE_45__45_TRNA_45_LIGASE_45_RXN;RXN0_45_6480;AMINOCYL_45_TRNA_45_HYDROLASE_45_RXN;RXN0_45_6482
HS11865,TRM1,1.277696171875,1.2776961718749995,1.0000000000000004,-4.440892098500626e-16,MINIMAL,optimal,4,METHIONINE_45__45_TRNA_45_LIGASE_45_RXN;RXN0_45_6480;AMINOCYL_45_TRNA_45_HYDROLASE_45_RXN;RXN0_45_6482
HS11888,G_HS11888,1.277696171875,1.2776961718749995,1.0000000000000004,-4.440892098500626e-16,MINIMAL,optimal,4,RXN0_45_6480;AMINOCYL_45_TRNA_45_HYDROLASE_45_RXN;TYROSINE_45__45_TRNA_45_LIGASE_45_RXN;RXN0_45_6482
HS11899,G_HS11899,1.277696171875,1.2776961718749995,1.0000000000000004,-4.440892098500626e-16,MINIMAL,optimal,4,PROLINE_45__45_TRNA_45_LIGASE_45_RXN;RXN0_45_6480;AMINOCYL_45_TRNA_45_HYDROLASE_45_RXN;RXN0_45_6482
HS11885,G_HS11885,1.277696171875,1.2776961718749995,1.0000000000000004,-4.440892098500626e-16,MINIMAL,optimal,4,ALANINE_45__45_TRNA_45_LIGASE_45_RXN;RXN0_45_6480;AMINOCYL_45_TRNA_45_HYDROLASE_45_RXN;RXN0_45_6482
HS12017,ELAC2,1.277696171875,1.2776961718749995,1.0000000000000004,-4.440892098500626e-16,MINIMAL,optimal,1,3_46_1_46_26_46_11_45_RXN
HS13902,ELAC1,1.277696171875,1.2776961718749995,1.0000000000000004,-4.440892098500626e-16,MINIMAL,optimal,1,3_46_1_46_26_46_11_45_RXN
HS01080,TRNT1,1.277696171875,1.2776961718749995,1.0000000000000004,-4.440892098500626e-16,MINIMAL,optimal,3,RXN0_45_6481;TRNA_45_CYTIDYLYLTRANSFERASE_45_RXN;RXN0_45_6482
HS09379,TPP1,1.277696171875,1.2776961718749995,1.0000000000000004,-4.440892098500626e-16,MINIMAL,optimal,2,3_46_4_46_14_46_10_45_RXN;3_46_4_46_14_46_9_45_RXN
HS05928,TPP2,1.277696171875,1.2776961718749995,1.0000000000000004,-4.440892098500626e-16,MINIMAL,optimal,2,3_46_4_46_14_46_10_45_RXN;3_46_4_46_14_46_9_45_RXN
HS07763,ADAM17,1.277696171875,1.2776961718749995,1.0000000000000004,-4.440892098500626e-16,MINIMAL,optimal,1,3_46_4_46_24_46_86_45_RXN
HS06327,TPMT,1.277696171875,1.2776961718749995,1.0000000000000004,-4.440892098500626e-16,MINIMAL,optimal,1,THIOPURINE_45_S_45_METHYLTRANSFERASE_45_RXN
HS09699,DHFR,1.277696171875,1.2776961718749995,1.0000000000000004,-4.440892098500626e-16,MINIMAL,optimal,1,DIHYDROFOLATEREDUCT_45_RXN
HS17108,DHFRL1,1.277696171875,1.2776961718749995,1.0000000000000004,-4.440892098500626e-16,MINIMAL,optimal,1,DIHYDROFOLATEREDUCT_45_RXN
HS04384,MTHFD1L,1.277696171875,1.2776961718749995,1.0000000000000004,-4.440892098500626e-16,MINIMAL,optimal,1,FORMATETHFLIG_45_RXN
HS01429,GSK3B,1.277696171875,1.2776961718749995,1.0000000000000004,-4.440892098500626e-16,MINIMAL,optimal,1,TAU_45_PROTEIN_45_KINASE_45_RXN
HS02806,GSK3A,1.277696171875,1.2776961718749995,1.0000000000000004,-4.440892098500626e-16,MINIMAL,optimal,1,TAU_45_PROTEIN_45_KINASE_45_RXN
HS13280,TTBK2,1.277696171875,1.2776961718749995,1.0000000000000004,-4.440892098500626e-16,MINIMAL,optimal,2,PROTEIN_45_KINASE_45_RXN;TAU_45_PROTEIN_45_KINASE_45_RXN
HS11080,CDK5R1,1.277696171875,1.2776961718749995,1.0000000000000004,-4.440892098500626e-16,MINIMAL,optimal,2,PROTEIN_45_KINASE_45_RXN;TAU_45_PROTEIN_45_KINASE_45_RXN
HS09152,CDK5,1.277696171875,1.2776961718749995,1.0000000000000004,-4.440892098500626e-16,MINIMAL,optimal,2,PROTEIN_45_KINASE_45_RXN;TAU_45_PROTEIN_45_KINASE_45_RXN
HS07332,TTBK1,1.277696171875,1.2776961718749995,1.0000000000000004,-4.440892098500626e-16,MINIMAL,optimal,2,PROTEIN_45_KINASE_45_RXN;TAU_45_PROTEIN_45_KINASE_45_RXN
HS13825,KIAA0847,1.277696171875,1.2776961718749995,1.0000000000000004,-4.440892098500626e-16,MINIMAL,optimal,1,TAU_45_PROTEIN_45_KINASE_45_RXN
HS13233,HELB,1.277696171875,1.2776961718749995,1.0000000000000004,-4.440892098500626e-16,MINIMAL,optimal,1,RXN_45_11135
HS08703,FUBP1,1.277696171875,1.2776961718749995,1.0000000000000004,-4.440892098500626e-16,MINIMAL,optimal,1,RXN_45_11135
HS09004,RAD54L2,1.277696171875,1.2776961718749995,1.0000000000000004,-4.440892098500626e-16,MINIMAL,optimal,1,RXN0_45_4261
HS08714,HFM1,1.277696171875,1.2776961718749995,1.0000000000000004,-4.440892098500626e-16,MINIMAL,optimal,1,RXN0_45_4261
HS08556,RECQL4,1.277696171875,1.2776961718749995,1.0000000000000004,-4.440892098500626e-16,MINIMAL,optimal,1,RXN0_45_4261
HS07300,G3BP1,1.277696171875,1.2776961718749995,1.0000000000000004,-4.440892098500626e-16,MINIMAL,optimal,1,RXN0_45_4261
HS06717,PIF1,1.277696171875,1.2776961718749995,1.0000000000000004,-4.440892098500626e-16,MINIMAL,optimal,1,RXN0_45_4261
HS03110,RECQL5,1.277696171875,1.2776961718749995,1.0000000000000004,-4.440892098500626e-16,MINIMAL,optimal,1,RXN0_45_4261
HS01316,XRCC5,1.277696171875,1.2776961718749995,1.0000000000000004,-4.440892098500626e-16,MINIMAL,optimal,1,RXN0_45_4261
HS00109,RECQL,1.277696171875,1.2776961718749995,1.0000000000000004,-4.440892098500626e-16,MINIMAL,optimal,1,RXN0_45_4261
HS10055,CHD3,1.277696171875,1.2776961718749995,1.0000000000000004,-4.440892098500626e-16,MINIMAL,optimal,1,RXN0_45_4261
HS03435,CHD4,1.277696171875,1.2776961718749995,1.0000000000000004,-4.440892098500626e-16,MINIMAL,optimal,1,RXN0_45_4261
HS10287,CHD7,1.277696171875,1.2776961718749995,1.0000000000000004,-4.440892098500626e-16,MINIMAL,optimal,1,RXN0_45_4261
HS04001,CHD5,1.277696171875,1.2776961718749995,1.0000000000000004,-4.440892098500626e-16,MINIMAL,optimal,1,RXN0_45_4261
HS10692,CHD2,1.277696171875,1.2776961718749995,1.0000000000000004,-4.440892098500626e-16,MINIMAL,optimal,1,RXN0_45_4261
HS16288,G_HS16288,1.277696171875,1.2776961718749995,1.0000000000000004,-4.440892098500626e-16,MINIMAL,optimal,1,RXN0_45_4261
HS16811,CHD9,1.277696171875,1.2776961718749995,1.0000000000000004,-4.440892098500626e-16,MINIMAL,optimal,1,RXN0_45_4261
HS04728,CHD6,1.277696171875,1.2776961718749995,1.0000000000000004,-4.440892098500626e-16,MINIMAL,optimal,1,RXN0_45_4261
HS05405,PRIC285,1.277696171875,1.2776961718749995,1.0000000000000004,-4.440892098500626e-16,MINIMAL,optimal,1,RXN0_45_4261
HS06171,BRIP1,1.277696171875,1.2776961718749995,1.0000000000000004,-4.440892098500626e-16,MINIMAL,optimal,2,RXN_45_11135;RXN0_45_4261
HS00123,UPF1,1.277696171875,1.2776961718749995,1.0000000000000004,-4.440892098500626e-16,MINIMAL,optimal,1,RXN0_45_4261
G66_46439,SKIV2L,1.277696171875,1.2776961718749995,1.0000000000000004,-4.440892098500626e-16,MINIMAL,optimal,1,RXN0_45_4261
G66_46815,GTF2F2,1.277696171875,1.2776961718749995,1.0000000000000004,-4.440892098500626e-16,MINIMAL,optimal,1,RXN0_45_4261
HS00539,SKIV2L2,1.277696171875,1.2776961718749995,1.0000000000000004,-4.440892098500626e-16,MINIMAL,optimal,1,RXN0_45_4261
HS07930,CHD1,1.277696171875,1.2776961718749995,1.0000000000000004,-4.440892098500626e-16,MINIMAL,optimal,1,RXN0_45_4261
G66_47031,ERCC6,1.277696171875,1.2776961718749995,1.0000000000000004,-4.440892098500626e-16,MINIMAL,optimal,1,RXN0_45_4261
HS01097,MOV10L1,1.277696171875,1.2776961718749995,1.0000000000000004,-4.440892098500626e-16,MINIMAL,optimal,1,RXN0_45_4261
HS01486,ATRX,1.277696171875,1.2776961718749995,1.0000000000000004,-4.440892098500626e-16,MINIMAL,optimal,1,RXN0_45_4261
HS08787,SMARCAD1,1.277696171875,1.2776961718749995,1.0000000000000004,-4.440892098500626e-16,MINIMAL,optimal,1,RXN0_45_4261
HS01825,BTAF1,1.277696171875,1.2776961718749995,1.0000000000000004,-4.440892098500626e-16,MINIMAL,optimal,1,RXN0_45_4261
HS02159,CHD8,1.277696171875,1.2776961718749995,1.0000000000000004,-4.440892098500626e-16,MINIMAL,optimal,1,RXN0_45_4261
HS02032,ARSA,1.277696171875,1.2776961718749995,1.0000000000000004,-4.440892098500626e-16,MINIMAL,optimal,1,CEREBROSIDE_45_SULFATASE_45_RXN
HS10190,CEL,1.277696171875,1.2776961718749995,1.0000000000000004,-4.440892098500626e-16,MINIMAL,optimal,3,STEROL_45_ESTERASE_45_RXN;RXN_45_15135;RXN_45_15133
HS03027,LIPA,1.277696171875,1.2776961718749995,1.0000000000000004,-4.440892098500626e-16,MINIMAL,optimal,3,STEROL_45_ESTERASE_45_RXN;RXN_45_15135;RXN_45_15133
HS02453,LCAT,1.277696171875,1.2776961718749995,1.0000000000000004,-4.440892098500626e-16,MINIMAL,optimal,1,2_46_3_46_1_46_43_45_RXN
HS02614,ASAH1,1.277696171875,1.2776961718749995,1.0000000000000004,-4.440892098500626e-16,MINIMAL,optimal,1,CERAMIDASE_45_RXN
HS01068,ASAH2C,1.277696171875,1.2776961718749995,1.0000000000000004,-4.440892098500626e-16,MINIMAL,optimal,1,CERAMIDASE_45_RXN
HS15598,ACER1,1.277696171875,1.2776961718749995,1.0000000000000004,-4.440892098500626e-16,MINIMAL,optimal,1,CERAMIDASE_45_RXN
HS16784,ACER2,1.277696171875,1.2776961718749995,1.0000000000000004,-4.440892098500626e-16,MINIMAL,optimal,1,CERAMIDASE_45_RXN
HS11945,SGMS1,1.277696171875,1.2776961718749995,1.0000000000000004,-4.440892098500626e-16,MINIMAL,optimal,1,RXN_45_15211
HS15139,SGMS2,1.277696171875,1.2776961718749995,1.0000000000000004,-4.440892098500626e-16,MINIMAL,optimal,1,RXN_45_15211
HS14629,SAMD8,1.277696171875,1.2776961718749995,1.0000000000000004,-4.440892098500626e-16,MINIMAL,optimal,1,RXN_45_15211
HS06031,SMPD2,1.277696171875,1.2776961718749995,1.0000000000000004,-4.440892098500626e-16,MINIMAL,optimal,2,RXN_45_15212;SPHINGOMYELIN_45_PHOSPHODIESTERASE_45_RXN
HS09373,SMPD1,1.277696171875,1.2776961718749995,1.0000000000000004,-4.440892098500626e-16,MINIMAL,optimal,2,RXN_45_15212;SPHINGOMYELIN_45_PHOSPHODIESTERASE_45_RXN
HS00039,LOC51190,1.277696171875,1.2776961718749995,1.0000000000000004,-4.440892098500626e-16,MINIMAL,optimal,2,RXN_45_15212;SPHINGOMYELIN_45_PHOSPHODIESTERASE_45_RXN
HS02449,SMPD3,1.277696171875,1.2776961718749995,1.0000000000000004,-4.440892098500626e-16,MINIMAL,optimal,2,RXN_45_15212;SPHINGOMYELIN_45_PHOSPHODIESTERASE_45_RXN
HS13634,SMPD4,1.277696171875,1.2776961718749995,1.0000000000000004,-4.440892098500626e-16,MINIMAL,optimal,2,RXN_45_15212;SPHINGOMYELIN_45_PHOSPHODIESTERASE_45_RXN
G66_32199,ENPP7,1.277696171875,1.2776961718749995,1.0000000000000004,-4.440892098500626e-16,MINIMAL,optimal,2,RXN_45_15212;SPHINGOMYELIN_45_PHOSPHODIESTERASE_45_RXN
HS06638,CERS5,1.277696171875,1.2776961718749995,1.0000000000000004,-4.440892098500626e-16,MINIMAL,optimal,1,RXN_45_20393
HS06440,PNPT1,1.277696171875,1.2776961718749995,1.0000000000000004,-4.440892098500626e-16,MINIMAL,optimal,1,RXN0_45_6481
HS07327,PRIM2,1.277696171875,1.2776961718749995,1.0000000000000004,-4.440892098500626e-16,MINIMAL,optimal,1,RXN0_45_5021
G66_46206,PRIM1,1.277696171875,1.2776961718749995,1.0000000000000004,-4.440892098500626e-16,MINIMAL,optimal,1,RXN0_45_5021
HS03898,NEU2,1.277696171875,1.2776961718749995,1.0000000000000004,-4.440892098500626e-16,MINIMAL,optimal,1,3_46_2_46_1_46_18_45_RXN
HS11296,NEU4,1.277696171875,1.2776961718749995,1.0000000000000004,-4.440892098500626e-16,MINIMAL,optimal,1,3_46_2_46_1_46_18_45_RXN
HS08646,NEU3,1.277696171875,1.2776961718749995,1.0000000000000004,-4.440892098500626e-16,MINIMAL,optimal,1,3_46_2_46_1_46_18_45_RXN
G66_46637,NEU1,1.277696171875,1.2776961718749995,1.0000000000000004,-4.440892098500626e-16,MINIMAL,optimal,1,3_46_2_46_1_46_18_45_RXN
HS10869,CHST2,1.277696171875,1.2776961718749995,1.0000000000000004,-4.440892098500626e-16,MINIMAL,optimal,2,CHONDROITIN_45_6_45_SULFOTRANSFERASE_45_RXN;RXN_45_18262
HS08379,CBR3,1.277696171875,1.2776961718749995,1.0000000000000004,-4.440892098500626e-16,MINIMAL,optimal,1,CARBONYL_45_REDUCTASE_45_NADPH_45_RXN
G66_32824,ERVK6,1.277696171875,1.2776961718749995,1.0000000000000004,-4.440892098500626e-16,MINIMAL,optimal,1,3_46_1_46_26_46_4_45_RXN
G66_30722,ERVK6,1.277696171875,1.2776961718749995,1.0000000000000004,-4.440892098500626e-16,MINIMAL,optimal,1,3_46_1_46_26_46_4_45_RXN
HS02645,RNASEH2A,1.277696171875,1.2776961718749995,1.0000000000000004,-4.440892098500626e-16,MINIMAL,optimal,1,3_46_1_46_26_46_4_45_RXN
HS13612,RNASEH2B,1.277696171875,1.2776961718749995,1.0000000000000004,-4.440892098500626e-16,MINIMAL,optimal,1,3_46_1_46_26_46_4_45_RXN
HS16149,RNASEH2C,1.277696171875,1.2776961718749995,1.0000000000000004,-4.440892098500626e-16,MINIMAL,optimal,1,3_46_1_46_26_46_4_45_RXN
G66_46278,ERVK-18,1.277696171875,1.2776961718749995,1.0000000000000004,-4.440892098500626e-16,MINIMAL,optimal,1,3_46_1_46_26_46_4_45_RXN
G66_46676,ERVK-11,1.277696171875,1.2776961718749995,1.0000000000000004,-4.440892098500626e-16,MINIMAL,optimal,1,3_46_1_46_26_46_4_45_RXN
HS05981,NT5E,1.277696171875,1.2776961718749995,1.0000000000000004,-4.440892098500626e-16,MINIMAL,optimal,1,5_45_NUCLEOTID_45_RXN
HS01216,NT5C2,1.277696171875,1.2776961718749995,1.0000000000000004,-4.440892098500626e-16,MINIMAL,optimal,1,5_45_NUCLEOTID_45_RXN
HS04585,NT5C3,1.277696171875,1.2776961718749995,1.0000000000000004,-4.440892098500626e-16,MINIMAL,optimal,1,5_45_NUCLEOTID_45_RXN
HS04074,NT5C1A,1.277696171875,1.2776961718749995,1.0000000000000004,-4.440892098500626e-16,MINIMAL,optimal,1,5_45_NUCLEOTID_45_RXN
HS15654,NT5DC2,1.277696171875,1.2776961718749995,1.0000000000000004,-4.440892098500626e-16,MINIMAL,optimal,1,5_45_NUCLEOTID_45_RXN
HS12747,NT5DC3,1.277696171875,1.2776961718749995,1.0000000000000004,-4.440892098500626e-16,MINIMAL,optimal,1,5_45_NUCLEOTID_45_RXN
HS17053,NT5DC1,1.277696171875,1.2776961718749995,1.0000000000000004,-4.440892098500626e-16,MINIMAL,optimal,1,5_45_NUCLEOTID_45_RXN
HS04890,NT5C,1.277696171875,1.2776961718749995,1.0000000000000004,-4.440892098500626e-16,MINIMAL,optimal,1,5_45_NUCLEOTID_45_RXN
HS03944,NT5C1B,1.277696171875,1.2776961718749995,1.0000000000000004,-4.440892098500626e-16,MINIMAL,optimal,1,5_45_NUCLEOTID_45_RXN
HS14007,NT5DC4,1.277696171875,1.2776961718749995,1.0000000000000004,-4.440892098500626e-16,MINIMAL,optimal,1,5_45_NUCLEOTID_45_RXN
G66_46749,NT5M,1.277696171875,1.2776961718749995,1.0000000000000004,-4.440892098500626e-16,MINIMAL,optimal,1,5_45_NUCLEOTID_45_RXN
HS10729,CNP,1.277696171875,1.2776961718749995,1.0000000000000004,-4.440892098500626e-16,MINIMAL,optimal,5,3_46_1_46_4_46_37_45_RXN;RXN_45_12059;RXN_45_12058;RXN_45_12060;RXN_45_12057
HS05292,RNASE1,1.277696171875,1.2776961718749995,1.0000000000000004,-4.440892098500626e-16,MINIMAL,optimal,7,RXN_45_19936;3_46_1_46_27_46_5_45_RXN;RXN_45_19932;RXN_45_19935;RXN_45_19934;RXN_45_19933;RXN_45_19937
HS09938,RNASE2,1.277696171875,1.2776961718749995,1.0000000000000004,-4.440892098500626e-16,MINIMAL,optimal,11,RXN_45_19936;3_46_1_46_27_46_5_45_RXN;3_46_1_46_26_46_4_45_RXN;RXN0_45_4701;RXN_45_19934;RXN_45_19933;RXN_45_19937;RXN_45_19932;RXN_45_19935;3_46_1_46_13_46_1_45_RXN
HS06069,RNASEL,1.277696171875,1.2776961718749995,1.0000000000000004,-4.440892098500626e-16,MINIMAL,optimal,5,3_46_1_46_27_46_5_45_RXN;3_46_1_46_26_46_4_45_RXN;RXN0_45_4701;3_46_1_46_13_46_1_45_RXN;RXN0_45_5509
HS09029,ABCE1,1.277696171875,1.2776961718749995,1.0000000000000004,-4.440892098500626e-16,MINIMAL,optimal,1,3_46_1_46_27_46_5_45_RXN
HS09939,RNASE3,1.277696171875,1.2776961718749995,1.0000000000000004,-4.440892098500626e-16,MINIMAL,optimal,11,RXN_45_19936;3_46_1_46_27_46_5_45_RXN;3_46_1_46_26_46_4_45_RXN;RXN0_45_4701;RXN_45_19934;RXN_45_19933;RXN_45_19937;RXN_45_19932;RXN_45_19935;3_46_1_46_13_46_1_45_RXN
HS09945,ANG,1.277696171875,1.2776961718749995,1.0000000000000004,-4.440892098500626e-16,MINIMAL,optimal,11,RXN_45_19936;3_46_1_46_27_46_5_45_RXN;3_46_1_46_26_46_4_45_RXN;RXN0_45_4701;RXN_45_19934;RXN_45_19933;RXN_45_19937;RXN_45_19932;RXN_45_19935;3_46_1_46_13_46_1_45_RXN
HS11659,RNASE4,1.277696171875,1.2776961718749995,1.0000000000000004,-4.440892098500626e-16,MINIMAL,optimal,7,RXN_45_19936;3_46_1_46_27_46_5_45_RXN;RXN_45_19932;RXN_45_19935;RXN_45_19934;RXN_45_19933;RXN_45_19937
HS12429,KIAA0391,1.277696171875,1.2776961718749995,1.0000000000000004,-4.440892098500626e-16,MINIMAL,optimal,3,RXN0_45_6480;3_46_1_46_26_46_5_45_RXN;3_46_1_46_27_46_5_45_RXN
HS16307,RG9MTD1,1.277696171875,1.2776961718749995,1.0000000000000004,-4.440892098500626e-16,MINIMAL,optimal,3,RXN0_45_6480;3_46_1_46_26_46_5_45_RXN;3_46_1_46_27_46_5_45_RXN
HS00449,RNASET2,1.277696171875,1.2776961718749995,1.0000000000000004,-4.440892098500626e-16,MINIMAL,optimal,1,3_46_1_46_27_46_5_45_RXN
HS09627,KLK13,1.277696171875,1.2776961718749995,1.0000000000000004,-4.440892098500626e-16,MINIMAL,optimal,1,3_46_4_46_21_46_119_45_RXN
HS05902,CYP2J2,1.277696171875,1.2776961718749995,1.0000000000000004,-4.440892098500626e-16,MINIMAL,optimal,7,UNSPECIFIC_45_MONOOXYGENASE_45_RXN;RXN_45_19052;RXN_45_19055;RXN_45_19041;RXN_45_19058;RXN_45_19057;RXN_45_19056
HS01815,PTGS1,1.277696171875,1.2776961718749995,1.0000000000000004,-4.440892098500626e-16,MINIMAL,optimal,1,PROSTAGLANDIN_45_ENDOPEROXIDE_45_SYNTHASE_45_RXN
HS04632,PRDX4,1.277696171875,1.2776961718749995,1.0000000000000004,-4.440892098500626e-16,MINIMAL,optimal,2,RXN0_45_267;1_46_11_46_1_46_15_45_RXN
HS05016,PRDX5,1.277696171875,1.2776961718749995,1.0000000000000004,-4.440892098500626e-16,MINIMAL,optimal,1,1_46_11_46_1_46_15_45_RXN
HS09265,PRDX3,1.277696171875,1.2776961718749995,1.0000000000000004,-4.440892098500626e-16,MINIMAL,optimal,2,RXN0_45_267;1_46_11_46_1_46_15_45_RXN
HS05177,MPST,1.277696171875,1.2776961718749995,1.0000000000000004,-4.440892098500626e-16,MINIMAL,optimal,2,MERCAPYSTRANS_45_RXN;RXN_45_18705
HS11915,TR2,1.277696171875,1.2776961718749995,1.0000000000000004,-4.440892098500626e-16,MINIMAL,optimal,1,THIOREDOXIN_45_REDUCT_45_NADPH_45_RXN
HS06102,TXNRD1,1.277696171875,1.2776961718749995,1.0000000000000004,-4.440892098500626e-16,MINIMAL,optimal,1,THIOREDOXIN_45_REDUCT_45_NADPH_45_RXN
HS00001,TXNRD2,1.277696171875,1.2776961718749995,1.0000000000000004,-4.440892098500626e-16,MINIMAL,optimal,1,THIOREDOXIN_45_REDUCT_45_NADPH_45_RXN
HS01590,TXNRD3,1.277696171875,1.2776961718749995,1.0000000000000004,-4.440892098500626e-16,MINIMAL,optimal,1,THIOREDOXIN_45_REDUCT_45_NADPH_45_RXN
HS10326,ETFDH,1.277696171875,1.2776961718749995,1.0000000000000004,-4.440892098500626e-16,MINIMAL,optimal,1,RXN66_45_550
HS09131,RAD21,1.277696171875,1.2776961718749995,1.0000000000000004,-4.440892098500626e-16,MINIMAL,optimal,1,RXN_45_11693
HS06016,ESPL1,1.277696171875,1.2776961718749995,1.0000000000000004,-4.440892098500626e-16,MINIMAL,optimal,1,RXN_45_11693
HS01075,TRHDE,1.277696171875,1.2776961718749995,1.0000000000000004,-4.440892098500626e-16,MINIMAL,optimal,3,RXN_45_19147;RXN_45_19149;RXN_45_19148
HS05000,F10,1.277696171875,1.2776961718749995,1.0000000000000004,-4.440892098500626e-16,MINIMAL,optimal,1,3_46_4_46_21_46_6_45_RXN
HS04145,F3,1.277696171875,1.2776961718749995,1.0000000000000004,-4.440892098500626e-16,MINIMAL,optimal,1,3_46_4_46_21_46_6_45_RXN
HS02660,IL4I1,1.277696171875,1.2776961718749995,1.0000000000000004,-4.440892098500626e-16,MINIMAL,optimal,3,RXN_45_10922;L_45_AMINO_45_ACID_45_OXIDASE_45_RXN;ARG_45_OXIDATION_45_RXN
HS15588,NXN,1.277696171875,1.2776961718749995,1.0000000000000004,-4.440892098500626e-16,MINIMAL,optimal,1,1_46_6_46_4_46_4_45_RXN
HS17580,G_HS17580,1.277696171875,1.2776961718749995,1.0000000000000004,-4.440892098500626e-16,MINIMAL,optimal,1,5_46_3_46_4_46_1_45_RXN
HS07121,PDIA6,1.277696171875,1.2776961718749995,1.0000000000000004,-4.440892098500626e-16,MINIMAL,optimal,1,5_46_3_46_4_46_1_45_RXN
HS00842,PDIA5,1.277696171875,1.2776961718749995,1.0000000000000004,-4.440892098500626e-16,MINIMAL,optimal,1,5_46_3_46_4_46_1_45_RXN
HS08062,PDIA4,1.277696171875,1.2776961718749995,1.0000000000000004,-4.440892098500626e-16,MINIMAL,optimal,1,5_46_3_46_4_46_1_45_RXN
HS09499,PDIA3,1.277696171875,1.2776961718749995,1.0000000000000004,-4.440892098500626e-16,MINIMAL,optimal,1,5_46_3_46_4_46_1_45_RXN
HS02458,PDIA2,1.277696171875,1.2776961718749995,1.0000000000000004,-4.440892098500626e-16,MINIMAL,optimal,1,5_46_3_46_4_46_1_45_RXN
HS06845,P4HB,1.277696171875,1.2776961718749995,1.0000000000000004,-4.440892098500626e-16,MINIMAL,optimal,2,1_46_14_46_11_46_2_45_RXN;5_46_3_46_4_46_1_45_RXN
HS09404,TMX3,1.277696171875,1.2776961718749995,1.0000000000000004,-4.440892098500626e-16,MINIMAL,optimal,1,5_46_3_46_4_46_1_45_RXN
HS10094,CRTAP,1.277696171875,1.2776961718749995,1.0000000000000004,-4.440892098500626e-16,MINIMAL,optimal,2,5_46_3_46_4_46_1_45_RXN;PROCOLLAGEN_45_PROLINE_45_3_45_DIOXYGENASE_45_RXN
HS15548,VKORC1,1.277696171875,1.2776961718749995,1.0000000000000004,-4.440892098500626e-16,MINIMAL,optimal,1,1_46_1_46_4_46_1_45_RXN
G66_30969,VKORC1L1,1.277696171875,1.2776961718749995,1.0000000000000004,-4.440892098500626e-16,MINIMAL,optimal,2,RXN_45_19672;1_46_1_46_4_46_1_45_RXN
HS04176,TXNDC12,1.277696171875,1.2776961718749995,1.0000000000000004,-4.440892098500626e-16,MINIMAL,optimal,1,PRODISULFREDUCT_45_RXN
HS03056,GLRX3,1.277696171875,1.2776961718749995,1.0000000000000004,-4.440892098500626e-16,MINIMAL,optimal,2,PRODISULFREDUCT_45_RXN;RXN0_45_7271
G66_31781,GLRX5,1.277696171875,1.2776961718749995,1.0000000000000004,-4.440892098500626e-16,MINIMAL,optimal,2,PRODISULFREDUCT_45_RXN;RXN0_45_7271
HS00427,GLRX2,1.277696171875,1.2776961718749995,1.0000000000000004,-4.440892098500626e-16,MINIMAL,optimal,2,PRODISULFREDUCT_45_RXN;RXN0_45_7271
HS04268,GLRX,1.277696171875,1.2776961718749995,1.0000000000000004,-4.440892098500626e-16,MINIMAL,optimal,3,PRODISULFREDUCT_45_RXN;RXN_45_982;RXN0_45_7271
HS04975,FNTB,1.277696171875,1.2776961718749995,1.0000000000000004,-4.440892098500626e-16,MINIMAL,optimal,1,RXN_45_17573
HS09779,FNTA,1.277696171875,1.2776961718749995,1.0000000000000004,-4.440892098500626e-16,MINIMAL,optimal,2,RXN_45_3701;RXN_45_17573
HS06741,FURIN,1.277696171875,1.2776961718749995,1.0000000000000004,-4.440892098500626e-16,MINIMAL,optimal,1,3_46_4_46_21_46_75_45_RXN
HS06724,PCSK6,1.277696171875,1.2776961718749995,1.0000000000000004,-4.440892098500626e-16,MINIMAL,optimal,1,3_46_4_46_21_46_75_45_RXN
HS00637,MAPK9,1.277696171875,1.2776961718749995,1.0000000000000004,-4.440892098500626e-16,MINIMAL,optimal,1,2_46_7_46_11_46_24_45_RXN
HS00975,MAPK6,1.277696171875,1.2776961718749995,1.0000000000000004,-4.440892098500626e-16,MINIMAL,optimal,1,2_46_7_46_11_46_24_45_RXN
HS01100,MAPK12,1.277696171875,1.2776961718749995,1.0000000000000004,-4.440892098500626e-16,MINIMAL,optimal,1,2_46_7_46_11_46_24_45_RXN
HS01956,MAPK1,1.277696171875,1.2776961718749995,1.0000000000000004,-4.440892098500626e-16,MINIMAL,optimal,1,2_46_7_46_11_46_24_45_RXN
HS02421,MAPK3,1.277696171875,1.2776961718749995,1.0000000000000004,-4.440892098500626e-16,MINIMAL,optimal,1,2_46_7_46_11_46_24_45_RXN
HS03015,MAPK8,1.277696171875,1.2776961718749995,1.0000000000000004,-4.440892098500626e-16,MINIMAL,optimal,1,2_46_7_46_11_46_24_45_RXN
HS06857,MAPK4,1.277696171875,1.2776961718749995,1.0000000000000004,-4.440892098500626e-16,MINIMAL,optimal,1,2_46_7_46_11_46_24_45_RXN
HS09407,MAPK7,1.277696171875,1.2776961718749995,1.0000000000000004,-4.440892098500626e-16,MINIMAL,optimal,1,2_46_7_46_11_46_24_45_RXN
HS03221,MAPK10,1.277696171875,1.2776961718749995,1.0000000000000004,-4.440892098500626e-16,MINIMAL,optimal,1,2_46_7_46_11_46_24_45_RXN
HS08149,MAPK13,1.277696171875,1.2776961718749995,1.0000000000000004,-4.440892098500626e-16,MINIMAL,optimal,1,2_46_7_46_11_46_24_45_RXN
HS01556,NLK,1.277696171875,1.2776961718749995,1.0000000000000004,-4.440892098500626e-16,MINIMAL,optimal,1,2_46_7_46_11_46_24_45_RXN
HS03507,MAPK14,1.277696171875,1.2776961718749995,1.0000000000000004,-4.440892098500626e-16,MINIMAL,optimal,1,2_46_7_46_11_46_24_45_RXN
HS11573,MAPK15,1.277696171875,1.2776961718749995,1.0000000000000004,-4.440892098500626e-16,MINIMAL,optimal,1,2_46_7_46_11_46_24_45_RXN
HS01788,MAPK11,1.277696171875,1.2776961718749995,1.0000000000000004,-4.440892098500626e-16,MINIMAL,optimal,1,2_46_7_46_11_46_24_45_RXN
HS01177,MARK3,1.277696171875,1.2776961718749995,1.0000000000000004,-4.440892098500626e-16,MINIMAL,optimal,2,2_46_7_46_11_46_24_45_RXN;PROTEIN_45_KINASE_45_RXN
HS02144,RPS6KA5,1.277696171875,1.2776961718749995,1.0000000000000004,-4.440892098500626e-16,MINIMAL,optimal,2,2_46_7_46_11_46_24_45_RXN;PROTEIN_45_KINASE_45_RXN
HS08656,RPS6KA4,1.277696171875,1.2776961718749995,1.0000000000000004,-4.440892098500626e-16,MINIMAL,optimal,2,2_46_7_46_11_46_24_45_RXN;PROTEIN_45_KINASE_45_RXN
HS10475,TPSAB1,1.277696171875,1.2776961718749995,1.0000000000000004,-4.440892098500626e-16,MINIMAL,optimal,1,3_46_4_46_21_46_59_45_RXN
HS01837,TPSD1,1.277696171875,1.2776961718749995,1.0000000000000004,-4.440892098500626e-16,MINIMAL,optimal,1,3_46_4_46_21_46_59_45_RXN
HS10433,THOP1,1.277696171875,1.2776961718749995,1.0000000000000004,-4.440892098500626e-16,MINIMAL,optimal,1,3_46_4_46_24_46_15_45_RXN
HS07609,ST14,1.277696171875,1.2776961718749995,1.0000000000000004,-4.440892098500626e-16,MINIMAL,optimal,1,3_46_4_46_21_46_109_45_RXN
HS16571,TMPRSS7,1.277696171875,1.2776961718749995,1.0000000000000004,-4.440892098500626e-16,MINIMAL,optimal,1,3_46_4_46_21_46_109_45_RXN
HS12406,TMPRSS6,1.277696171875,1.2776961718749995,1.0000000000000004,-4.440892098500626e-16,MINIMAL,optimal,1,3_46_4_46_21_46_109_45_RXN
HS06516,SPPL2A,1.277696171875,1.2776961718749995,1.0000000000000004,-4.440892098500626e-16,MINIMAL,optimal,1,3_46_4_46_24_46_55_45_RXN
HS08395,PSMB4,1.277696171875,1.2776961718749995,1.0000000000000004,-4.440892098500626e-16,MINIMAL,optimal,1,3_46_4_46_25_46_1_45_RXN
HS06984,PSMA5,1.277696171875,1.2776961718749995,1.0000000000000004,-4.440892098500626e-16,MINIMAL,optimal,1,3_46_4_46_25_46_1_45_RXN
HS04992,PSMB2,1.277696171875,1.2776961718749995,1.0000000000000004,-4.440892098500626e-16,MINIMAL,optimal,1,3_46_4_46_25_46_1_45_RXN
HS05243,PSMA1,1.277696171875,1.2776961718749995,1.0000000000000004,-4.440892098500626e-16,MINIMAL,optimal,1,3_46_4_46_25_46_1_45_RXN
HS17573,G_HS17573,1.277696171875,1.2776961718749995,1.0000000000000004,-4.440892098500626e-16,MINIMAL,optimal,1,3_46_4_46_25_46_1_45_RXN
HS02111,PSMA3,1.277696171875,1.2776961718749995,1.0000000000000004,-4.440892098500626e-16,MINIMAL,optimal,1,3_46_4_46_25_46_1_45_RXN
HS02161,PSMA6,1.277696171875,1.2776961718749995,1.0000000000000004,-4.440892098500626e-16,MINIMAL,optimal,1,3_46_4_46_25_46_1_45_RXN
HS13303,G_HS13303,1.277696171875,1.2776961718749995,1.0000000000000004,-4.440892098500626e-16,MINIMAL,optimal,1,3_46_4_46_25_46_1_45_RXN
HS02145,PSMB5,1.277696171875,1.2776961718749995,1.0000000000000004,-4.440892098500626e-16,MINIMAL,optimal,1,3_46_4_46_25_46_1_45_RXN
HS00553,PSMA4,1.277696171875,1.2776961718749995,1.0000000000000004,-4.440892098500626e-16,MINIMAL,optimal,1,3_46_4_46_25_46_1_45_RXN
HS03083,PSMB3,1.277696171875,1.2776961718749995,1.0000000000000004,-4.440892098500626e-16,MINIMAL,optimal,1,3_46_4_46_25_46_1_45_RXN
HS06927,PSMB6,1.277696171875,1.2776961718749995,1.0000000000000004,-4.440892098500626e-16,MINIMAL,optimal,1,3_46_4_46_25_46_1_45_RXN
HS07991,PSMA8,1.277696171875,1.2776961718749995,1.0000000000000004,-4.440892098500626e-16,MINIMAL,optimal,1,3_46_4_46_25_46_1_45_RXN
HS02209,PSMA7,1.277696171875,1.2776961718749995,1.0000000000000004,-4.440892098500626e-16,MINIMAL,optimal,1,3_46_4_46_25_46_1_45_RXN
HS00227,PSMB1,1.277696171875,1.2776961718749995,1.0000000000000004,-4.440892098500626e-16,MINIMAL,optimal,1,3_46_4_46_25_46_1_45_RXN
HS03512,PSMB9,1.277696171875,1.2776961718749995,1.0000000000000004,-4.440892098500626e-16,MINIMAL,optimal,1,3_46_4_46_25_46_1_45_RXN
HS09748,PSMB8,1.277696171875,1.2776961718749995,1.0000000000000004,-4.440892098500626e-16,MINIMAL,optimal,1,3_46_4_46_25_46_1_45_RXN
HS02926,PSMA2,1.277696171875,1.2776961718749995,1.0000000000000004,-4.440892098500626e-16,MINIMAL,optimal,1,3_46_4_46_25_46_1_45_RXN
HS06245,PSMB7,1.277696171875,1.2776961718749995,1.0000000000000004,-4.440892098500626e-16,MINIMAL,optimal,1,3_46_4_46_25_46_1_45_RXN
HS01562,PSMC5,1.277696171875,1.2776961718749995,1.0000000000000004,-4.440892098500626e-16,MINIMAL,optimal,1,3_46_4_46_25_46_1_45_RXN
HS02101,PSMC6,1.277696171875,1.2776961718749995,1.0000000000000004,-4.440892098500626e-16,MINIMAL,optimal,1,3_46_4_46_25_46_1_45_RXN
HS02444,PSMD7,1.277696171875,1.2776961718749995,1.0000000000000004,-4.440892098500626e-16,MINIMAL,optimal,1,3_46_4_46_25_46_1_45_RXN
HS03089,PSMD3,1.277696171875,1.2776961718749995,1.0000000000000004,-4.440892098500626e-16,MINIMAL,optimal,1,3_46_4_46_25_46_1_45_RXN
HS09302,PSMC3,1.277696171875,1.2776961718749995,1.0000000000000004,-4.440892098500626e-16,MINIMAL,optimal,1,3_46_4_46_25_46_1_45_RXN
G66_33596,PSMB11,1.277696171875,1.2776961718749995,1.0000000000000004,-4.440892098500626e-16,MINIMAL,optimal,1,3_46_4_46_25_46_1_45_RXN
HS08569,PSMC2,1.277696171875,1.2776961718749995,1.0000000000000004,-4.440892098500626e-16,MINIMAL,optimal,1,3_46_4_46_25_46_1_45_RXN
HS02142,PSMC1,1.277696171875,1.2776961718749995,1.0000000000000004,-4.440892098500626e-16,MINIMAL,optimal,1,3_46_4_46_25_46_1_45_RXN
G66_47562,PSMB10,1.277696171875,1.2776961718749995,1.0000000000000004,-4.440892098500626e-16,MINIMAL,optimal,1,3_46_4_46_25_46_1_45_RXN
HS05885,PRH2,1.277696171875,1.2776961718749995,1.0000000000000004,-4.440892098500626e-16,MINIMAL,optimal,1,3_46_4_46_21_46_87_45_RXN
HS01492,PREP,1.277696171875,1.2776961718749995,1.0000000000000004,-4.440892098500626e-16,MINIMAL,optimal,1,3_46_4_46_21_46_26_45_RXN
HS13456,POMP,1.277696171875,1.2776961718749995,1.0000000000000004,-4.440892098500626e-16,MINIMAL,optimal,1,3_46_4_46_21_46_97_45_RXN
HS10930,PCSK1,1.277696171875,1.2776961718749995,1.0000000000000004,-4.440892098500626e-16,MINIMAL,optimal,1,3_46_4_46_21_46_93_45_RXN
HS01293,NRD1,1.277696171875,1.2776961718749995,1.0000000000000004,-4.440892098500626e-16,MINIMAL,optimal,1,3_46_4_46_24_46_61_45_RXN
HS02175,MMP9,1.277696171875,1.2776961718749995,1.0000000000000004,-4.440892098500626e-16,MINIMAL,optimal,1,3_46_4_46_24_46_35_45_RXN
HS02439,MMP15,1.277696171875,1.2776961718749995,1.0000000000000004,-4.440892098500626e-16,MINIMAL,optimal,1,3_46_4_46_24_46_24_45_RXN
HS10866,MMP3,1.277696171875,1.2776961718749995,1.0000000000000004,-4.440892098500626e-16,MINIMAL,optimal,1,3_46_4_46_24_46_17_45_RXN
HS07652,MMP3,1.277696171875,1.2776961718749995,1.0000000000000004,-4.440892098500626e-16,MINIMAL,optimal,1,3_46_4_46_24_46_17_45_RXN
HS08096,MMP16,1.277696171875,1.2776961718749995,1.0000000000000004,-4.440892098500626e-16,MINIMAL,optimal,1,3_46_4_46_24_46_17_45_RXN
HS01935,MMP11,1.277696171875,1.2776961718749995,1.0000000000000004,-4.440892098500626e-16,MINIMAL,optimal,1,3_46_4_46_24_46_17_45_RXN
HS09434,MMP10,1.277696171875,1.2776961718749995,1.0000000000000004,-4.440892098500626e-16,MINIMAL,optimal,1,3_46_4_46_24_46_22_45_RXN
HS03802,MME,1.277696171875,1.2776961718749995,1.0000000000000004,-4.440892098500626e-16,MINIMAL,optimal,1,3_46_4_46_24_46_11_45_RXN
HS06941,MMEL1,1.277696171875,1.2776961718749995,1.0000000000000004,-4.440892098500626e-16,MINIMAL,optimal,1,3_46_4_46_24_46_11_45_RXN
HS00330,MBTPS2,1.277696171875,1.2776961718749995,1.0000000000000004,-4.440892098500626e-16,MINIMAL,optimal,1,RXN_45_11694
HS06777,MBTPS1,1.277696171875,1.2776961718749995,1.0000000000000004,-4.440892098500626e-16,MINIMAL,optimal,1,3_46_4_46_21_46_112_45_RXN
HS06371,MMP7,1.277696171875,1.2776961718749995,1.0000000000000004,-4.440892098500626e-16,MINIMAL,optimal,1,3_46_4_46_24_46_23_45_RXN
HS09544,MMP26,1.277696171875,1.2776961718749995,1.0000000000000004,-4.440892098500626e-16,MINIMAL,optimal,1,3_46_4_46_24_46_23_45_RXN
HS00369,MATR3,1.277696171875,1.2776961718749995,1.0000000000000004,-4.440892098500626e-16,MINIMAL,optimal,1,3_46_4_46_24_46_23_45_RXN
HS16871,G_HS16871,1.277696171875,1.2776961718749995,1.0000000000000004,-4.440892098500626e-16,MINIMAL,optimal,1,3_46_4_46_22_46_34_45_RXN
HS02119,LGMN,1.277696171875,1.2776961718749995,1.0000000000000004,-4.440892098500626e-16,MINIMAL,optimal,1,3_46_4_46_22_46_34_45_RXN
HS09620,KLK1,1.277696171875,1.2776961718749995,1.0000000000000004,-4.440892098500626e-16,MINIMAL,optimal,1,3_46_4_46_21_46_35_45_RXN
HS09622,KLK2,1.277696171875,1.2776961718749995,1.0000000000000004,-4.440892098500626e-16,MINIMAL,optimal,1,3_46_4_46_21_46_35_45_RXN
HS09067,KLKB1,1.277696171875,1.2776961718749995,1.0000000000000004,-4.440892098500626e-16,MINIMAL,optimal,2,3_46_4_46_21_46_35_45_RXN;3_46_4_46_21_46_34_45_RXN
HS06177,TRA2B,1.277696171875,1.2776961718749995,1.0000000000000004,-4.440892098500626e-16,MINIMAL,optimal,1,3_46_4_46_21_46_108_45_RXN
HS02428,LONP2,1.277696171875,1.2776961718749995,1.0000000000000004,-4.440892098500626e-16,MINIMAL,optimal,1,3_46_4_46_21_46_53_45_RXN
HS06887,LONP1,1.277696171875,1.2776961718749995,1.0000000000000004,-4.440892098500626e-16,MINIMAL,optimal,1,3_46_4_46_21_46_53_45_RXN
HS02090,GZMB,1.277696171875,1.2776961718749995,1.0000000000000004,-4.440892098500626e-16,MINIMAL,optimal,1,3_46_4_46_21_46_79_45_RXN
HS02089,GZMH,1.277696171875,1.2776961718749995,1.0000000000000004,-4.440892098500626e-16,MINIMAL,optimal,1,3_46_4_46_21_46_79_45_RXN
HS07268,GZMA,1.277696171875,1.2776961718749995,1.0000000000000004,-4.440892098500626e-16,MINIMAL,optimal,1,3_46_4_46_21_46_78_45_RXN
G66_47213,PRSS55,1.277696171875,1.2776961718749995,1.0000000000000004,-4.440892098500626e-16,MINIMAL,optimal,1,3_46_4_46_21_46_78_45_RXN
HS03902,GNLY,1.277696171875,1.2776961718749995,1.0000000000000004,-4.440892098500626e-16,MINIMAL,optimal,1,3_46_4_46_24_46_38_45_RXN
HS03993,PAPPA2,1.277696171875,1.2776961718749995,1.0000000000000004,-4.440892098500626e-16,MINIMAL,optimal,1,3_46_4_46_24_46_38_45_RXN
HS06372,MMP20,1.277696171875,1.2776961718749995,1.0000000000000004,-4.440892098500626e-16,MINIMAL,optimal,1,3_46_4_46_24_46_38_45_RXN
HS08791,CTSS,1.277696171875,1.2776961718749995,1.0000000000000004,-4.440892098500626e-16,MINIMAL,optimal,1,3_46_4_46_22_46_27_45_RXN
HS06256,CTSL2,1.277696171875,1.2776961718749995,1.0000000000000004,-4.440892098500626e-16,MINIMAL,optimal,1,3_46_4_46_22_46_43_45_RXN
HS05942,CTSL1,1.277696171875,1.2776961718749995,1.0000000000000004,-4.440892098500626e-16,MINIMAL,optimal,1,3_46_4_46_22_46_15_45_RXN
HS07044,CTSK,1.277696171875,1.2776961718749995,1.0000000000000004,-4.440892098500626e-16,MINIMAL,optimal,1,3_46_4_46_22_46_38_45_RXN
HS07772,CTSO,1.277696171875,1.2776961718749995,1.0000000000000004,-4.440892098500626e-16,MINIMAL,optimal,2,3_46_4_46_22_46_38_45_RXN;3_46_4_46_22_46_42_45_RXN
HS02534,CTSH,1.277696171875,1.2776961718749995,1.0000000000000004,-4.440892098500626e-16,MINIMAL,optimal,1,3_46_4_46_22_46_16_45_RXN
HS10762,CTSF,1.277696171875,1.2776961718749995,1.0000000000000004,-4.440892098500626e-16,MINIMAL,optimal,1,3_46_4_46_22_46_41_45_RXN
HS04183,CTSD,1.277696171875,1.2776961718749995,1.0000000000000004,-4.440892098500626e-16,MINIMAL,optimal,2,3_46_4_46_23_46_5_45_RXN;RXN_45_10474
HS09125,CTSB,1.277696171875,1.2776961718749995,1.0000000000000004,-4.440892098500626e-16,MINIMAL,optimal,1,3_46_4_46_22_46_1_45_RXN
HS09462,CLPX,1.277696171875,1.2776961718749995,1.0000000000000004,-4.440892098500626e-16,MINIMAL,optimal,1,RXN_45_11136
HS04911,CLPP,1.277696171875,1.2776961718749995,1.0000000000000004,-4.440892098500626e-16,MINIMAL,optimal,1,3_46_4_46_21_46_92_45_RXN
HS11406,CELA3B,1.277696171875,1.2776961718749995,1.0000000000000004,-4.440892098500626e-16,MINIMAL,optimal,3,3_46_4_46_21_46_92_45_RXN;3_46_4_46_24_46_55_45_RXN;3_46_4_46_21_46_87_45_RXN
HS07996,PRSS7,1.277696171875,1.2776961718749995,1.0000000000000004,-4.440892098500626e-16,MINIMAL,optimal,4,3_46_4_46_21_46_92_45_RXN;RXN0_45_3182;RXN0_45_5103;3_46_4_46_21_46_53_45_RXN
HS06963,CELA3A,1.277696171875,1.2776961718749995,1.0000000000000004,-4.440892098500626e-16,MINIMAL,optimal,3,3_46_4_46_21_46_92_45_RXN;3_46_4_46_24_46_55_45_RXN;3_46_4_46_21_46_87_45_RXN
HS03870,HTRA2,1.277696171875,1.2776961718749995,1.0000000000000004,-4.440892098500626e-16,MINIMAL,optimal,5,3_46_4_46_21_46_92_45_RXN;RXN0_45_3182;3_46_4_46_21_46_53_45_RXN;3_46_4_46_21_46_108_45_RXN;RXN0_45_5103
G66_33945,ERVK6,1.277696171875,1.2776961718749995,1.0000000000000004,-4.440892098500626e-16,MINIMAL,optimal,3,3_46_4_46_21_46_92_45_RXN;3_46_4_46_24_46_55_45_RXN;3_46_4_46_21_46_87_45_RXN
HS01559,TMPRSS11E,1.277696171875,1.2776961718749995,1.0000000000000004,-4.440892098500626e-16,MINIMAL,optimal,3,3_46_4_46_21_46_92_45_RXN;RXN0_45_5103;3_46_4_46_21_46_53_45_RXN
HS10182,HTRA3,1.277696171875,1.2776961718749995,1.0000000000000004,-4.440892098500626e-16,MINIMAL,optimal,4,3_46_4_46_21_46_92_45_RXN;RXN0_45_3182;RXN0_45_5103;3_46_4_46_21_46_53_45_RXN
HS09958,HTRA4,1.277696171875,1.2776961718749995,1.0000000000000004,-4.440892098500626e-16,MINIMAL,optimal,4,3_46_4_46_21_46_92_45_RXN;RXN0_45_3182;RXN0_45_5103;3_46_4_46_21_46_53_45_RXN
HS09624,KLK6,1.277696171875,1.2776961718749995,1.0000000000000004,-4.440892098500626e-16,MINIMAL,optimal,4,3_46_4_46_21_46_92_45_RXN;RXN0_45_3182;RXN0_45_5103;3_46_4_46_21_46_53_45_RXN
HS09322,HTRA1,1.277696171875,1.2776961718749995,1.0000000000000004,-4.440892098500626e-16,MINIMAL,optimal,4,3_46_4_46_21_46_92_45_RXN;RXN0_45_3182;RXN0_45_5103;3_46_4_46_21_46_53_45_RXN
HS05079,MASP1,1.277696171875,1.2776961718749995,1.0000000000000004,-4.440892098500626e-16,MINIMAL,optimal,4,3_46_4_46_21_46_92_45_RXN;RXN0_45_3182;RXN0_45_5103;3_46_4_46_21_46_53_45_RXN
HS00649,PRSS8,1.277696171875,1.2776961718749995,1.0000000000000004,-4.440892098500626e-16,MINIMAL,optimal,4,3_46_4_46_21_46_92_45_RXN;RXN0_45_3182;RXN0_45_5103;3_46_4_46_21_46_53_45_RXN
HS13989,G_HS13989,1.277696171875,1.2776961718749995,1.0000000000000004,-4.440892098500626e-16,MINIMAL,optimal,1,3_46_4_46_22_46_17_45_RXN
HS16019,G_HS16019,1.277696171875,1.2776961718749995,1.0000000000000004,-4.440892098500626e-16,MINIMAL,optimal,1,3_46_4_46_22_46_17_45_RXN
HS00006,CTSE,1.277696171875,1.2776961718749995,1.0000000000000004,-4.440892098500626e-16,MINIMAL,optimal,1,3_46_4_46_23_46_34_45_RXN
G66_30673,EML6,1.277696171875,1.2776961718749995,1.0000000000000004,-4.440892098500626e-16,MINIMAL,optimal,1,3_46_4_46_23_46_34_45_RXN
HS04926,EML2,1.277696171875,1.2776961718749995,1.0000000000000004,-4.440892098500626e-16,MINIMAL,optimal,1,3_46_4_46_23_46_34_45_RXN
HS07127,EML4,1.277696171875,1.2776961718749995,1.0000000000000004,-4.440892098500626e-16,MINIMAL,optimal,1,3_46_4_46_23_46_34_45_RXN
HS14284,EML3,1.277696171875,1.2776961718749995,1.0000000000000004,-4.440892098500626e-16,MINIMAL,optimal,1,3_46_4_46_23_46_34_45_RXN
HS00884,EML1,1.277696171875,1.2776961718749995,1.0000000000000004,-4.440892098500626e-16,MINIMAL,optimal,1,3_46_4_46_23_46_34_45_RXN
HS08981,AIMP1,1.277696171875,1.2776961718749995,1.0000000000000004,-4.440892098500626e-16,MINIMAL,optimal,1,3_46_4_46_23_46_34_45_RXN
HS15337,EML5,1.277696171875,1.2776961718749995,1.0000000000000004,-4.440892098500626e-16,MINIMAL,optimal,1,3_46_4_46_23_46_34_45_RXN
HS09793,ADAM9,1.277696171875,1.2776961718749995,1.0000000000000004,-4.440892098500626e-16,MINIMAL,optimal,1,RXN0_45_3221
HS03050,PITRM1,1.277696171875,1.2776961718749995,1.0000000000000004,-4.440892098500626e-16,MINIMAL,optimal,1,RXN0_45_3221
HS05948,ADAM19,1.277696171875,1.2776961718749995,1.0000000000000004,-4.440892098500626e-16,MINIMAL,optimal,1,RXN0_45_3221
HS06210,YME1L1,1.277696171875,1.2776961718749995,1.0000000000000004,-4.440892098500626e-16,MINIMAL,optimal,1,RXN0_45_3221
G66_47144,TRABD2B,1.277696171875,1.2776961718749995,1.0000000000000004,-4.440892098500626e-16,MINIMAL,optimal,1,RXN0_45_3221
HS08700,OMA1,1.277696171875,1.2776961718749995,1.0000000000000004,-4.440892098500626e-16,MINIMAL,optimal,1,RXN0_45_3221
HS06410,ADAM10,1.277696171875,1.2776961718749995,1.0000000000000004,-4.440892098500626e-16,MINIMAL,optimal,1,RXN_45_11699
HS11874,TRR3,1.277696171875,1.2776961718749995,1.0000000000000004,-4.440892098500626e-16,MINIMAL,optimal,9,RXN0_45_6482;RXN_45_17889;ARGINYLTRANSFERASE_45_RXN;RXN_45_17890;RXN_45_17888;RXN0_45_6480;ARGININE_45__45_TRNA_45_LIGASE_45_RXN;RXN_45_17891;AMINOCYL_45_TRNA_45_HYDROLASE_45_RXN
HS03017,ATE1,1.277696171875,1.2776961718749995,1.0000000000000004,-4.440892098500626e-16,MINIMAL,optimal,5,RXN_45_17890;RXN_45_17888;RXN_45_17889;ARGINYLTRANSFERASE_45_RXN;RXN_45_17891
HS11873,TRR1,1.277696171875,1.2776961718749995,1.0000000000000004,-4.440892098500626e-16,MINIMAL,optimal,9,RXN0_45_6482;RXN_45_17889;ARGINYLTRANSFERASE_45_RXN;RXN_45_17890;RXN_45_17888;RXN0_45_6480;ARGININE_45__45_TRNA_45_LIGASE_45_RXN;RXN_45_17891;AMINOCYL_45_TRNA_45_HYDROLASE_45_RXN
HS11893,G_HS11893,1.277696171875,1.2776961718749995,1.0000000000000004,-4.440892098500626e-16,MINIMAL,optimal,9,RXN0_45_6482;RXN_45_17889;ARGINYLTRANSFERASE_45_RXN;RXN_45_17890;RXN_45_17888;RXN0_45_6480;ARGININE_45__45_TRNA_45_LIGASE_45_RXN;RXN_45_17891;AMINOCYL_45_TRNA_45_HYDROLASE_45_RXN
HS01558,ADAMTS2,1.277696171875,1.2776961718749995,1.0000000000000004,-4.440892098500626e-16,MINIMAL,optimal,1,3_46_4_46_24_46_14_45_RXN
HS09771,BMP1,1.277696171875,1.2776961718749995,1.0000000000000004,-4.440892098500626e-16,MINIMAL,optimal,1,3_46_4_46_24_46_19_45_RXN
HS10201,TSEN34,1.277696171875,1.2776961718749995,1.0000000000000004,-4.440892098500626e-16,MINIMAL,optimal,1,3_46_1_46_27_46_9_45_RXN
HS13020,TSEN15,1.277696171875,1.2776961718749995,1.0000000000000004,-4.440892098500626e-16,MINIMAL,optimal,1,3_46_1_46_27_46_9_45_RXN
HS11953,TSEN54,1.277696171875,1.2776961718749995,1.0000000000000004,-4.440892098500626e-16,MINIMAL,optimal,1,3_46_1_46_27_46_9_45_RXN
HS08007,TSEN2,1.277696171875,1.2776961718749995,1.0000000000000004,-4.440892098500626e-16,MINIMAL,optimal,1,3_46_1_46_27_46_9_45_RXN
HS01604,NQO1,1.277696171875,1.2776961718749995,1.0000000000000004,-4.440892098500626e-16,MINIMAL,optimal,3,RXN_45_12303;NQOR_45_RXN;RXN_45_19671
HS04608,PLAU,1.277696171875,1.2776961718749995,1.0000000000000004,-4.440892098500626e-16,MINIMAL,optimal,1,3_46_4_46_21_46_73_45_RXN
HS02572,PLAT,1.277696171875,1.2776961718749995,1.0000000000000004,-4.440892098500626e-16,MINIMAL,optimal,1,3_46_4_46_21_46_68_45_RXN
HS16017,C20orf181,1.277696171875,1.2776961718749995,1.0000000000000004,-4.440892098500626e-16,MINIMAL,optimal,1,3_46_4_46_21_46_68_45_RXN
G66_30744,TMEM189,1.277696171875,1.2776961718749995,1.0000000000000004,-4.440892098500626e-16,MINIMAL,optimal,1,RXN_45_17732
HS02454,FA2H,1.277696171875,1.2776961718749995,1.0000000000000004,-4.440892098500626e-16,MINIMAL,optimal,1,RXN3O_45_4042
HS07128,CALM1,1.277696171875,1.2776961718749995,1.0000000000000004,-4.440892098500626e-16,MINIMAL,optimal,1,2_46_7_46_11_46_19_45_RXN
HS07068,ATP8B2,1.277696171875,1.2776961718749995,1.0000000000000004,-4.440892098500626e-16,MINIMAL,optimal,1,3_46_6_46_3_46_1_45_RXN
HS00939,ATP11A,1.277696171875,1.2776961718749995,1.0000000000000004,-4.440892098500626e-16,MINIMAL,optimal,1,3_46_6_46_3_46_1_45_RXN
HS05709,ATP8A2,1.277696171875,1.2776961718749995,1.0000000000000004,-4.440892098500626e-16,MINIMAL,optimal,1,3_46_6_46_3_46_1_45_RXN
HS02539,ATP8B4,1.277696171875,1.2776961718749995,1.0000000000000004,-4.440892098500626e-16,MINIMAL,optimal,1,3_46_6_46_3_46_1_45_RXN
HS03738,ATP10A,1.277696171875,1.2776961718749995,1.0000000000000004,-4.440892098500626e-16,MINIMAL,optimal,1,3_46_6_46_3_46_1_45_RXN
HS09386,ATP9B,1.277696171875,1.2776961718749995,1.0000000000000004,-4.440892098500626e-16,MINIMAL,optimal,1,3_46_6_46_3_46_1_45_RXN
HS01408,ATP8B1,1.277696171875,1.2776961718749995,1.0000000000000004,-4.440892098500626e-16,MINIMAL,optimal,1,3_46_6_46_3_46_1_45_RXN
HS05361,ATP8B3,1.277696171875,1.2776961718749995,1.0000000000000004,-4.440892098500626e-16,MINIMAL,optimal,1,3_46_6_46_3_46_1_45_RXN
HS00716,ATP11B,1.277696171875,1.2776961718749995,1.0000000000000004,-4.440892098500626e-16,MINIMAL,optimal,1,3_46_6_46_3_46_1_45_RXN
HS07239,ATP10D,1.277696171875,1.2776961718749995,1.0000000000000004,-4.440892098500626e-16,MINIMAL,optimal,1,3_46_6_46_3_46_1_45_RXN
HS04767,ATP8A1,1.277696171875,1.2776961718749995,1.0000000000000004,-4.440892098500626e-16,MINIMAL,optimal,1,3_46_6_46_3_46_1_45_RXN
HS04213,ATP10B,1.277696171875,1.2776961718749995,1.0000000000000004,-4.440892098500626e-16,MINIMAL,optimal,1,3_46_6_46_3_46_1_45_RXN
HS00675,ATP9A,1.277696171875,1.2776961718749995,1.0000000000000004,-4.440892098500626e-16,MINIMAL,optimal,1,3_46_6_46_3_46_1_45_RXN
HS02327,ATP11C,1.277696171875,1.2776961718749995,1.0000000000000004,-4.440892098500626e-16,MINIMAL,optimal,1,3_46_6_46_3_46_1_45_RXN
HS08129,PTDSS1,1.277696171875,1.2776961718749995,1.0000000000000004,-4.440892098500626e-16,MINIMAL,optimal,1,RXN_45_10638
HS10846,PTDSS2,1.277696171875,1.2776961718749995,1.0000000000000004,-4.440892098500626e-16,MINIMAL,optimal,2,RXN_45_1382;RXN_45_10638
HS08328,PLA2G2E,1.277696171875,1.2776961718749995,1.0000000000000004,-4.440892098500626e-16,MINIMAL,optimal,1,PHOSPHOLIPASE_45_A2_45_RXN
HS05100,PLA2G5,1.277696171875,1.2776961718749995,1.0000000000000004,-4.440892098500626e-16,MINIMAL,optimal,3,PHOSPHOLIPASE_45_A2_45_RXN;RXN_45_17736;PHOSPHOLIPASE_45_A1_45_RXN
HS04103,PLA2G2D,1.277696171875,1.2776961718749995,1.0000000000000004,-4.440892098500626e-16,MINIMAL,optimal,1,PHOSPHOLIPASE_45_A2_45_RXN
HS08329,PLA2G2F,1.277696171875,1.2776961718749995,1.0000000000000004,-4.440892098500626e-16,MINIMAL,optimal,1,PHOSPHOLIPASE_45_A2_45_RXN
HS04689,PLA2G12A,1.277696171875,1.2776961718749995,1.0000000000000004,-4.440892098500626e-16,MINIMAL,optimal,1,PHOSPHOLIPASE_45_A2_45_RXN
HS15725,PLA2G4F,1.277696171875,1.2776961718749995,1.0000000000000004,-4.440892098500626e-16,MINIMAL,optimal,1,PHOSPHOLIPASE_45_A2_45_RXN
HS00970,PLA2G10,1.277696171875,1.2776961718749995,1.0000000000000004,-4.440892098500626e-16,MINIMAL,optimal,1,PHOSPHOLIPASE_45_A2_45_RXN
HS01970,PLA2G3,1.277696171875,1.2776961718749995,1.0000000000000004,-4.440892098500626e-16,MINIMAL,optimal,1,PHOSPHOLIPASE_45_A2_45_RXN
HS11964,IPLA2(GAMMA),1.277696171875,1.2776961718749995,1.0000000000000004,-4.440892098500626e-16,MINIMAL,optimal,1,PHOSPHOLIPASE_45_A2_45_RXN
HS09860,PLA2G4B,1.277696171875,1.2776961718749995,1.0000000000000004,-4.440892098500626e-16,MINIMAL,optimal,1,PHOSPHOLIPASE_45_A2_45_RXN
HS02750,PLA2G4C,1.277696171875,1.2776961718749995,1.0000000000000004,-4.440892098500626e-16,MINIMAL,optimal,1,PHOSPHOLIPASE_45_A2_45_RXN
HS00055,PLA2G6,1.277696171875,1.2776961718749995,1.0000000000000004,-4.440892098500626e-16,MINIMAL,optimal,1,PHOSPHOLIPASE_45_A2_45_RXN
HS14755,PLA2G4D,1.277696171875,1.2776961718749995,1.0000000000000004,-4.440892098500626e-16,MINIMAL,optimal,1,PHOSPHOLIPASE_45_A2_45_RXN
G66_30720,PLA2G4E,1.277696171875,1.2776961718749995,1.0000000000000004,-4.440892098500626e-16,MINIMAL,optimal,1,PHOSPHOLIPASE_45_A2_45_RXN
HS08691,ALPL,1.277696171875,1.2776961718749995,1.0000000000000004,-4.440892098500626e-16,MINIMAL,optimal,1,ALKAPHOSPHA_45_RXN
HS08818,ALPP,1.277696171875,1.2776961718749995,1.0000000000000004,-4.440892098500626e-16,MINIMAL,optimal,1,ALKAPHOSPHA_45_RXN
HS08820,ALPPL2,1.277696171875,1.2776961718749995,1.0000000000000004,-4.440892098500626e-16,MINIMAL,optimal,1,ALKAPHOSPHA_45_RXN
HS08822,ALPI,1.277696171875,1.2776961718749995,1.0000000000000004,-4.440892098500626e-16,MINIMAL,optimal,1,ALKAPHOSPHA_45_RXN
HS07096,ACP1,1.277696171875,1.2776961718749995,1.0000000000000004,-4.440892098500626e-16,MINIMAL,optimal,2,ACID_45_PHOSPHATASE_45_RXN;PROTEIN_45_TYROSINE_45_PHOSPHATASE_45_RXN
HS00360,ACPP,1.277696171875,1.2776961718749995,1.0000000000000004,-4.440892098500626e-16,MINIMAL,optimal,1,ACID_45_PHOSPHATASE_45_RXN
HS05889,ACP2,1.277696171875,1.2776961718749995,1.0000000000000004,-4.440892098500626e-16,MINIMAL,optimal,1,ACID_45_PHOSPHATASE_45_RXN
HS02398,ACP5,1.277696171875,1.2776961718749995,1.0000000000000004,-4.440892098500626e-16,MINIMAL,optimal,1,ACID_45_PHOSPHATASE_45_RXN
HS06930,ACPT,1.277696171875,1.2776961718749995,1.0000000000000004,-4.440892098500626e-16,MINIMAL,optimal,1,ACID_45_PHOSPHATASE_45_RXN
HS08078,ACPL2,1.277696171875,1.2776961718749995,1.0000000000000004,-4.440892098500626e-16,MINIMAL,optimal,1,ACID_45_PHOSPHATASE_45_RXN
HS08744,ACP6,1.277696171875,1.2776961718749995,1.0000000000000004,-4.440892098500626e-16,MINIMAL,optimal,1,ACID_45_PHOSPHATASE_45_RXN
G66_33235,PAPL,1.277696171875,1.2776961718749995,1.0000000000000004,-4.440892098500626e-16,MINIMAL,optimal,1,ACID_45_PHOSPHATASE_45_RXN
HS08412,ACE,1.277696171875,1.2776961718749995,1.0000000000000004,-4.440892098500626e-16,MINIMAL,optimal,2,RXN_45_19946;3_46_4_46_15_46_1_45_RXN
HS05358,ACE2,1.277696171875,1.2776961718749995,1.0000000000000004,-4.440892098500626e-16,MINIMAL,optimal,2,RXN_45_19946;3_46_4_46_15_46_1_45_RXN
HS04409,LYZL1,1.277696171875,1.2776961718749995,1.0000000000000004,-4.440892098500626e-16,MINIMAL,optimal,1,3_46_2_46_1_46_17_45_RXN
HS01687,LYZ,1.277696171875,1.2776961718749995,1.0000000000000004,-4.440892098500626e-16,MINIMAL,optimal,1,3_46_2_46_1_46_17_45_RXN
HS15992,G_HS15992,1.277696171875,1.2776961718749995,1.0000000000000004,-4.440892098500626e-16,MINIMAL,optimal,1,3_46_2_46_1_46_17_45_RXN
HS08595,LYZL6,1.277696171875,1.2776961718749995,1.0000000000000004,-4.440892098500626e-16,MINIMAL,optimal,1,3_46_2_46_1_46_17_45_RXN
HS07703,LYZL2,1.277696171875,1.2776961718749995,1.0000000000000004,-4.440892098500626e-16,MINIMAL,optimal,1,3_46_2_46_1_46_17_45_RXN
G66_33019,SPACA5,1.277696171875,1.2776961718749995,1.0000000000000004,-4.440892098500626e-16,MINIMAL,optimal,1,3_46_2_46_1_46_17_45_RXN
HS08567,PGLYRP2,1.277696171875,1.2776961718749995,1.0000000000000004,-4.440892098500626e-16,MINIMAL,optimal,3,RXN_45_14267;RXN0_45_5225;3_46_4_46_24_46_32_45_RXN
HS00080,LAP3,1.277696171875,1.2776961718749995,1.0000000000000004,-4.440892098500626e-16,MINIMAL,optimal,2,3_46_4_46_11_46_5_45_RXN;3_46_4_46_11_46_1_45_RXN
HS16957,G_HS16957,1.277696171875,1.2776961718749995,1.0000000000000004,-4.440892098500626e-16,MINIMAL,optimal,2,3_46_4_46_11_46_5_45_RXN;3_46_4_46_11_46_1_45_RXN
HS16143,MAP1D,1.277696171875,1.2776961718749995,1.0000000000000004,-4.440892098500626e-16,MINIMAL,optimal,1,3_46_4_46_11_46_18_45_RXN
HS08982,METAP1,1.277696171875,1.2776961718749995,1.0000000000000004,-4.440892098500626e-16,MINIMAL,optimal,7,RXN_45_17875;RXN_45_17876;RXN_45_17878;RXN_45_17874;3_46_4_46_11_46_18_45_RXN;RXN_45_17877;RXN_45_17873
HS03371,METAP2,1.277696171875,1.2776961718749995,1.0000000000000004,-4.440892098500626e-16,MINIMAL,optimal,7,RXN_45_17875;RXN_45_17876;RXN_45_17878;RXN_45_17874;3_46_4_46_11_46_18_45_RXN;RXN_45_17877;RXN_45_17873
HS06918,RNPEPL1,1.277696171875,1.2776961718749995,1.0000000000000004,-4.440892098500626e-16,MINIMAL,optimal,7,RXN_45_17875;RXN_45_17876;RXN_45_17878;RXN_45_17874;3_46_4_46_11_46_18_45_RXN;RXN_45_17877;RXN_45_17873
HS03682,LNPEP,1.277696171875,1.2776961718749995,1.0000000000000004,-4.440892098500626e-16,MINIMAL,optimal,1,3_46_4_46_11_46_3_45_RXN
HS04704,DNPEP,1.277696171875,1.2776961718749995,1.0000000000000004,-4.440892098500626e-16,MINIMAL,optimal,1,3_46_4_46_11_46_21_45_RXN
HS06810,NPEPPS,1.277696171875,1.2776961718749995,1.0000000000000004,-4.440892098500626e-16,MINIMAL,optimal,1,3_46_4_46_11_46_2_45_RXN
HS09770,SFTPC,1.277696171875,1.2776961718749995,1.0000000000000004,-4.440892098500626e-16,MINIMAL,optimal,1,3_46_4_46_21_46_89_45_RXN
HS09422,SEC11C,1.277696171875,1.2776961718749995,1.0000000000000004,-4.440892098500626e-16,MINIMAL,optimal,1,3_46_4_46_21_46_89_45_RXN
HS03814,SPCS1,1.277696171875,1.2776961718749995,1.0000000000000004,-4.440892098500626e-16,MINIMAL,optimal,1,3_46_4_46_21_46_89_45_RXN
HS04214,SPCS2,1.277696171875,1.2776961718749995,1.0000000000000004,-4.440892098500626e-16,MINIMAL,optimal,1,3_46_4_46_21_46_89_45_RXN
HS05245,SPCS3,1.277696171875,1.2776961718749995,1.0000000000000004,-4.440892098500626e-16,MINIMAL,optimal,1,3_46_4_46_21_46_89_45_RXN
HS06745,SPC18,1.277696171875,1.2776961718749995,1.0000000000000004,-4.440892098500626e-16,MINIMAL,optimal,1,3_46_4_46_21_46_89_45_RXN
G66_46442,SEC11B,1.277696171875,1.2776961718749995,1.0000000000000004,-4.440892098500626e-16,MINIMAL,optimal,1,3_46_4_46_21_46_89_45_RXN
HS02068,XPNPEP3,1.277696171875,1.2776961718749995,1.0000000000000004,-4.440892098500626e-16,MINIMAL,optimal,1,3_46_4_46_11_46_1_45_RXN
HS03058,XPNPEP1,1.277696171875,1.2776961718749995,1.0000000000000004,-4.440892098500626e-16,MINIMAL,optimal,1,3_46_4_46_11_46_1_45_RXN
HS04545,XPNPEP2,1.277696171875,1.2776961718749995,1.0000000000000004,-4.440892098500626e-16,MINIMAL,optimal,1,3_46_4_46_11_46_1_45_RXN
HS07870,CPB1,1.277696171875,1.2776961718749995,1.0000000000000004,-4.440892098500626e-16,MINIMAL,optimal,2,3_46_4_46_17_46_12_45_RXN;RXN_45_19940
HS03128,CPD,1.277696171875,1.2776961718749995,1.0000000000000004,-4.440892098500626e-16,MINIMAL,optimal,2,3_46_4_46_17_46_12_45_RXN;RXN_45_19940
HS03231,CPE,1.277696171875,1.2776961718749995,1.0000000000000004,-4.440892098500626e-16,MINIMAL,optimal,2,3_46_4_46_17_46_12_45_RXN;RXN_45_19940
HS11046,RNPEP,1.277696171875,1.2776961718749995,1.0000000000000004,-4.440892098500626e-16,MINIMAL,optimal,3,RXN0_45_5204;3_46_4_46_11_46_6_45_RXN;RXN_45_18719
HS17340,G_HS17340,1.277696171875,1.2776961718749995,1.0000000000000004,-4.440892098500626e-16,MINIMAL,optimal,3,RXN0_45_5204;3_46_4_46_11_46_1_45_RXN;RXN0_45_5052
HS16295,G_HS16295,1.277696171875,1.2776961718749995,1.0000000000000004,-4.440892098500626e-16,MINIMAL,optimal,3,RXN0_45_5204;3_46_4_46_11_46_1_45_RXN;RXN0_45_5052
HS07492,ONPEP,1.277696171875,1.2776961718749995,1.0000000000000004,-4.440892098500626e-16,MINIMAL,optimal,3,RXN0_45_5204;3_46_4_46_11_46_1_45_RXN;RXN0_45_5052
HS05505,PPT1,1.277696171875,1.2776961718749995,1.0000000000000004,-4.440892098500626e-16,MINIMAL,optimal,1,3_46_1_46_2_46_22_45_RXN
HS09763,PPT2,1.277696171875,1.2776961718749995,1.0000000000000004,-4.440892098500626e-16,MINIMAL,optimal,1,3_46_1_46_2_46_22_45_RXN
HS06412,SLC28A2,1.277696171875,1.2776961718749995,1.0000000000000004,-4.440892098500626e-16,MINIMAL,optimal,1,TRANS_45_RXN66_45_1176
HS03616,SLC29A1,1.277696171875,1.2776961718749995,1.0000000000000004,-4.440892098500626e-16,MINIMAL,optimal,2,TRANS_45_RXN66_45_1167;TRANS_45_RXN66_45_1160
HS10818,SLC29A2,1.277696171875,1.2776961718749995,1.0000000000000004,-4.440892098500626e-16,MINIMAL,optimal,2,TRANS_45_RXN66_45_1167;TRANS_45_RXN66_45_1160
G66_33817,SLC29A3,1.277696171875,1.2776961718749995,1.0000000000000004,-4.440892098500626e-16,MINIMAL,optimal,2,TRANS_45_RXN66_45_1167;TRANS_45_RXN66_45_1160
HS00940,POLR1A,1.277696171875,1.2776961718749995,1.0000000000000004,-4.440892098500626e-16,MINIMAL,optimal,0,
HS04907,POLR1B,1.277696171875,1.2776961718749995,1.0000000000000004,-4.440892098500626e-16,MINIMAL,optimal,0,
HS07161,POLR2D,1.277696171875,1.2776961718749995,1.0000000000000004,-4.440892098500626e-16,MINIMAL,optimal,0,
HS08959,POLR2H,1.277696171875,1.2776961718749995,1.0000000000000004,-4.440892098500626e-16,MINIMAL,optimal,0,
HS00587,POLR2B,1.277696171875,1.2776961718749995,1.0000000000000004,-4.440892098500626e-16,MINIMAL,optimal,0,
HS10309,POLR1C,1.277696171875,1.2776961718749995,1.0000000000000004,-4.440892098500626e-16,MINIMAL,optimal,0,
HS15651,G_HS15651,1.277696171875,1.2776961718749995,1.0000000000000004,-4.440892098500626e-16,MINIMAL,optimal,0,
HS00127,POLR2J,1.277696171875,1.2776961718749995,1.0000000000000004,-4.440892098500626e-16,MINIMAL,optimal,0,
HS07463,POLR2K,1.277696171875,1.2776961718749995,1.0000000000000004,-4.440892098500626e-16,MINIMAL,optimal,0,
HS07543,POLR3A,1.277696171875,1.2776961718749995,1.0000000000000004,-4.440892098500626e-16,MINIMAL,optimal,0,
HS11206,POLR2L,1.277696171875,1.2776961718749995,1.0000000000000004,-4.440892098500626e-16,MINIMAL,optimal,0,
HS09678,POLR2G,1.277696171875,1.2776961718749995,1.0000000000000004,-4.440892098500626e-16,MINIMAL,optimal,0,
HS04544,POLR1D,1.277696171875,1.2776961718749995,1.0000000000000004,-4.440892098500626e-16,MINIMAL,optimal,0,
HS08632,POLR3K,1.277696171875,1.2776961718749995,1.0000000000000004,-4.440892098500626e-16,MINIMAL,optimal,0,
HS02437,POLR2C,1.277696171875,1.2776961718749995,1.0000000000000004,-4.440892098500626e-16,MINIMAL,optimal,0,
HS11591,POLR2A,1.277696171875,1.2776961718749995,1.0000000000000004,-4.440892098500626e-16,MINIMAL,optimal,0,
HS01915,POLRMT,1.277696171875,1.2776961718749995,1.0000000000000004,-4.440892098500626e-16,MINIMAL,optimal,0,
HS01914,POLR2E,1.277696171875,1.2776961718749995,1.0000000000000004,-4.440892098500626e-16,MINIMAL,optimal,0,
HS02703,POLR2I,1.277696171875,1.2776961718749995,1.0000000000000004,-4.440892098500626e-16,MINIMAL,optimal,0,
HS05669,POLR3F,1.277696171875,1.2776961718749995,1.0000000000000004,-4.440892098500626e-16,MINIMAL,optimal,0,
HS01986,POLR2F,1.277696171875,1.2776961718749995,1.0000000000000004,-4.440892098500626e-16,MINIMAL,optimal,0,
HS10712,POLR2J2,1.277696171875,1.2776961718749995,1.0000000000000004,-4.440892098500626e-16,MINIMAL,optimal,0,
HS11940,LOC246725,1.277696171875,1.2776961718749995,1.0000000000000004,-4.440892098500626e-16,MINIMAL,optimal,0,
HS11939,LOC246724,1.277696171875,1.2776961718749995,1.0000000000000004,-4.440892098500626e-16,MINIMAL,optimal,0,
HS02685,RMP,1.277696171875,1.2776961718749995,1.0000000000000004,-4.440892098500626e-16,MINIMAL,optimal,0,
HS12049,POLR3B,1.277696171875,1.2776961718749995,1.0000000000000004,-4.440892098500626e-16,MINIMAL,optimal,0,
HS12148,POLR3E,1.277696171875,1.2776961718749995,1.0000000000000004,-4.440892098500626e-16,MINIMAL,optimal,0,
HS00875,ZNRD1,1.277696171875,1.2776961718749995,1.0000000000000004,-4.440892098500626e-16,MINIMAL,optimal,0,
HS12408,POLR3H,1.277696171875,1.2776961718749995,1.0000000000000004,-4.440892098500626e-16,MINIMAL,optimal,0,
HS12611,TWISTNB,1.277696171875,1.2776961718749995,1.0000000000000004,-4.440892098500626e-16,MINIMAL,optimal,0,
HS03673,POLR3G,1.277696171875,1.2776961718749995,1.0000000000000004,-4.440892098500626e-16,MINIMAL,optimal,0,
HS04177,CD3EAP,1.277696171875,1.2776961718749995,1.0000000000000004,-4.440892098500626e-16,MINIMAL,optimal,0,
HS13028,POLR3GL,1.277696171875,1.2776961718749995,1.0000000000000004,-4.440892098500626e-16,MINIMAL,optimal,0,
HS13656,POLR1E,1.277696171875,1.2776961718749995,1.0000000000000004,-4.440892098500626e-16,MINIMAL,optimal,0,
HS09773,POLR3D,1.277696171875,1.2776961718749995,1.0000000000000004,-4.440892098500626e-16,MINIMAL,optimal,0,
HS05568,POLR3C,1.277696171875,1.2776961718749995,1.0000000000000004,-4.440892098500626e-16,MINIMAL,optimal,0,
HS13184,ITPA,1.277696171875,1.2776961718749995,1.0000000000000004,-4.440892098500626e-16,MINIMAL,optimal,1,NUCLEOTIDE_45_PYROPHOSPHATASE_45_RXN
HS00665,ENTPD2,1.277696171875,1.2776961718749995,1.0000000000000004,-4.440892098500626e-16,MINIMAL,optimal,1,RXN_45_14024
HS07472,AK3,1.277696171875,1.2776961718749995,1.0000000000000004,-4.440892098500626e-16,MINIMAL,optimal,1,2_46_7_46_4_46_10_45_RXN
HS10823,AK4,1.277696171875,1.2776961718749995,1.0000000000000004,-4.440892098500626e-16,MINIMAL,optimal,1,2_46_7_46_4_46_10_45_RXN
HS09501,ENTPD4,1.277696171875,1.2776961718749995,1.0000000000000004,-4.440892098500626e-16,MINIMAL,optimal,1,NUCLEOSIDE_45_DIPHOSPHATASE_45_RXN
HS06680,ENTPD5,1.277696171875,1.2776961718749995,1.0000000000000004,-4.440892098500626e-16,MINIMAL,optimal,1,NUCLEOSIDE_45_DIPHOSPHATASE_45_RXN
HS02177,ENTPD6,1.277696171875,1.2776961718749995,1.0000000000000004,-4.440892098500626e-16,MINIMAL,optimal,1,NUCLEOSIDE_45_DIPHOSPHATASE_45_RXN
HS06064,NTPCR,1.277696171875,1.2776961718749995,1.0000000000000004,-4.440892098500626e-16,MINIMAL,optimal,4,RXN_45_11109;RXN_45_14024;NUCLEOSIDE_45_DIPHOSPHATASE_45_RXN;NUCLEOSIDE_45_TRIPHOSPHATASE_45_RXN
HS09682,ENTPD3,1.277696171875,1.2776961718749995,1.0000000000000004,-4.440892098500626e-16,MINIMAL,optimal,3,RXN_45_14024;NUCLEOSIDE_45_DIPHOSPHATASE_45_RXN;NUCLEOSIDE_45_TRIPHOSPHATASE_45_RXN
HS06995,NME7,1.277696171875,1.2776961718749995,1.0000000000000004,-4.440892098500626e-16,MINIMAL,optimal,1,NUCLEOSIDE_45_DIP_45_KIN_45_RXN
HS10449,NME6,1.277696171875,1.2776961718749995,1.0000000000000004,-4.440892098500626e-16,MINIMAL,optimal,1,NUCLEOSIDE_45_DIP_45_KIN_45_RXN
HS04621,NME2P1,1.277696171875,1.2776961718749995,1.0000000000000004,-4.440892098500626e-16,MINIMAL,optimal,1,NUCLEOSIDE_45_DIP_45_KIN_45_RXN
HS02473,NME4,1.277696171875,1.2776961718749995,1.0000000000000004,-4.440892098500626e-16,MINIMAL,optimal,1,NUCLEOSIDE_45_DIP_45_KIN_45_RXN
HS02442,NME3,1.277696171875,1.2776961718749995,1.0000000000000004,-4.440892098500626e-16,MINIMAL,optimal,1,NUCLEOSIDE_45_DIP_45_KIN_45_RXN
HS04463,NME2,1.277696171875,1.2776961718749995,1.0000000000000004,-4.440892098500626e-16,MINIMAL,optimal,1,NUCLEOSIDE_45_DIP_45_KIN_45_RXN
HS00300,NME1,1.277696171875,1.2776961718749995,1.0000000000000004,-4.440892098500626e-16,MINIMAL,optimal,1,NUCLEOSIDE_45_DIP_45_KIN_45_RXN
HS03636,NME5,1.277696171875,1.2776961718749995,1.0000000000000004,-4.440892098500626e-16,MINIMAL,optimal,1,NUCLEOSIDE_45_DIP_45_KIN_45_RXN
HS00040,PDE4B,1.277696171875,1.2776961718749995,1.0000000000000004,-4.440892098500626e-16,MINIMAL,optimal,1,3_46_1_46_4_46_17_45_RXN
HS03856,PDE1A,1.277696171875,1.2776961718749995,1.0000000000000004,-4.440892098500626e-16,MINIMAL,optimal,1,3_46_1_46_4_46_17_45_RXN
HS06542,PDE5A,1.277696171875,1.2776961718749995,1.0000000000000004,-4.440892098500626e-16,MINIMAL,optimal,1,3_46_1_46_4_46_17_45_RXN
HS03683,PDE4D,1.277696171875,1.2776961718749995,1.0000000000000004,-4.440892098500626e-16,MINIMAL,optimal,1,3_46_1_46_4_46_17_45_RXN
HS03659,PDE8B,1.277696171875,1.2776961718749995,1.0000000000000004,-4.440892098500626e-16,MINIMAL,optimal,1,3_46_1_46_4_46_17_45_RXN
HS10299,PDE7B,1.277696171875,1.2776961718749995,1.0000000000000004,-4.440892098500626e-16,MINIMAL,optimal,1,3_46_1_46_4_46_17_45_RXN
HS03586,PDE10A,1.277696171875,1.2776961718749995,1.0000000000000004,-4.440892098500626e-16,MINIMAL,optimal,1,3_46_1_46_4_46_17_45_RXN
HS07999,PDE1C,1.277696171875,1.2776961718749995,1.0000000000000004,-4.440892098500626e-16,MINIMAL,optimal,1,3_46_1_46_4_46_17_45_RXN
HS14532,G_HS14532,1.277696171875,1.2776961718749995,1.0000000000000004,-4.440892098500626e-16,MINIMAL,optimal,1,3_46_1_46_4_46_17_45_RXN
HS02610,PDE7A,1.277696171875,1.2776961718749995,1.0000000000000004,-4.440892098500626e-16,MINIMAL,optimal,1,3_46_1_46_4_46_17_45_RXN
HS07803,PDE3B,1.277696171875,1.2776961718749995,1.0000000000000004,-4.440892098500626e-16,MINIMAL,optimal,1,3_46_1_46_4_46_17_45_RXN
HS10579,PDE2A,1.277696171875,1.2776961718749995,1.0000000000000004,-4.440892098500626e-16,MINIMAL,optimal,1,3_46_1_46_4_46_17_45_RXN
HS05752,PDE6B,1.277696171875,1.2776961718749995,1.0000000000000004,-4.440892098500626e-16,MINIMAL,optimal,1,3_46_1_46_4_46_17_45_RXN
HS05708,PDE6A,1.277696171875,1.2776961718749995,1.0000000000000004,-4.440892098500626e-16,MINIMAL,optimal,1,3_46_1_46_4_46_17_45_RXN
HS06576,PDE6H,1.277696171875,1.2776961718749995,1.0000000000000004,-4.440892098500626e-16,MINIMAL,optimal,1,3_46_1_46_4_46_17_45_RXN
HS10538,PDE3A,1.277696171875,1.2776961718749995,1.0000000000000004,-4.440892098500626e-16,MINIMAL,optimal,1,3_46_1_46_4_46_17_45_RXN
HS04651,PDE1B,1.277696171875,1.2776961718749995,1.0000000000000004,-4.440892098500626e-16,MINIMAL,optimal,1,3_46_1_46_4_46_17_45_RXN
HS01103,PDE8A,1.277696171875,1.2776961718749995,1.0000000000000004,-4.440892098500626e-16,MINIMAL,optimal,1,3_46_1_46_4_46_17_45_RXN
HS00862,PDE4A,1.277696171875,1.2776961718749995,1.0000000000000004,-4.440892098500626e-16,MINIMAL,optimal,1,3_46_1_46_4_46_17_45_RXN
HS02781,PDE4C,1.277696171875,1.2776961718749995,1.0000000000000004,-4.440892098500626e-16,MINIMAL,optimal,1,3_46_1_46_4_46_17_45_RXN
HS05213,PDE11A,1.277696171875,1.2776961718749995,1.0000000000000004,-4.440892098500626e-16,MINIMAL,optimal,1,3_46_1_46_4_46_17_45_RXN
HS11276,UGT2B17,1.277696171875,1.2776961718749995,1.0000000000000004,-4.440892098500626e-16,MINIMAL,optimal,1,UDP_45_GLUCURONOSYLTRANSFERASE_45_RXN
HS03208,UGT2B15,1.277696171875,1.2776961718749995,1.0000000000000004,-4.440892098500626e-16,MINIMAL,optimal,1,UDP_45_GLUCURONOSYLTRANSFERASE_45_RXN
HS12689,UGT2B10,1.277696171875,1.2776961718749995,1.0000000000000004,-4.440892098500626e-16,MINIMAL,optimal,1,UDP_45_GLUCURONOSYLTRANSFERASE_45_RXN
HS05968,UGT2A3,1.277696171875,1.2776961718749995,1.0000000000000004,-4.440892098500626e-16,MINIMAL,optimal,1,UDP_45_GLUCURONOSYLTRANSFERASE_45_RXN
HS10272,UGT2B7,1.277696171875,1.2776961718749995,1.0000000000000004,-4.440892098500626e-16,MINIMAL,optimal,1,UDP_45_GLUCURONOSYLTRANSFERASE_45_RXN
HS05971,UGT2B28,1.277696171875,1.2776961718749995,1.0000000000000004,-4.440892098500626e-16,MINIMAL,optimal,1,UDP_45_GLUCURONOSYLTRANSFERASE_45_RXN
HS08094,UGT2B4,1.277696171875,1.2776961718749995,1.0000000000000004,-4.440892098500626e-16,MINIMAL,optimal,1,UDP_45_GLUCURONOSYLTRANSFERASE_45_RXN
HS07266,UGT3A1,1.277696171875,1.2776961718749995,1.0000000000000004,-4.440892098500626e-16,MINIMAL,optimal,1,UDP_45_GLUCURONOSYLTRANSFERASE_45_RXN
HS09801,UGT3A2,1.277696171875,1.2776961718749995,1.0000000000000004,-4.440892098500626e-16,MINIMAL,optimal,1,UDP_45_GLUCURONOSYLTRANSFERASE_45_RXN
HS11968,UGT1A7,1.277696171875,1.2776961718749995,1.0000000000000004,-4.440892098500626e-16,MINIMAL,optimal,1,UDP_45_GLUCURONOSYLTRANSFERASE_45_RXN
HS11967,UGT1A10,1.277696171875,1.2776961718749995,1.0000000000000004,-4.440892098500626e-16,MINIMAL,optimal,1,UDP_45_GLUCURONOSYLTRANSFERASE_45_RXN
HS11531,G_HS11531,1.277696171875,1.2776961718749995,1.0000000000000004,-4.440892098500626e-16,MINIMAL,optimal,1,UDP_45_GLUCURONOSYLTRANSFERASE_45_RXN
HS10699,UGT2A1,1.277696171875,1.2776961718749995,1.0000000000000004,-4.440892098500626e-16,MINIMAL,optimal,1,UDP_45_GLUCURONOSYLTRANSFERASE_45_RXN
HS02705,SLC1A5,1.277696171875,1.2776961718749995,1.0000000000000004,-4.440892098500626e-16,MINIMAL,optimal,11,RXN66_45_455;RXN66_45_429;RXN66_45_431;RXN66_45_432;TRANS_45_RXN66_45_1255;TRANS_45_RXN66_45_1209;RXN66_45_433;TRANS_45_RXN66_45_564;RXN66_45_452;RXN66_45_453
HS05853,SLC38A2,1.277696171875,1.2776961718749995,1.0000000000000004,-4.440892098500626e-16,MINIMAL,optimal,12,RXN66_45_455;RXN66_45_429;RXN66_45_431;RXN66_45_432;TRANS_45_RXN66_45_1255;RXN66_45_457;TRANS_45_RXN66_45_1209;RXN66_45_433;TRANS_45_RXN66_45_564;RXN66_45_452
HS01585,SLC6A14,1.277696171875,1.2776961718749995,1.0000000000000004,-4.440892098500626e-16,MINIMAL,optimal,1,TRANS_45_RXN66_45_1037
HS10106,B3GNT2,1.277696171875,1.2776961718749995,1.0000000000000004,-4.440892098500626e-16,MINIMAL,optimal,3,2_46_4_46_1_46_163_45_RXN;2_46_4_46_1_46_149_45_RXN;RXN_45_18307
HS11917,TOP1MT,1.277696171875,1.2776961718749995,1.0000000000000004,-4.440892098500626e-16,MINIMAL,optimal,1,5_46_99_46_1_46_2_45_RXN
HS03184,TOP3A,1.277696171875,1.2776961718749995,1.0000000000000004,-4.440892098500626e-16,MINIMAL,optimal,1,5_46_99_46_1_46_2_45_RXN
HS04730,TOP1,1.277696171875,1.2776961718749995,1.0000000000000004,-4.440892098500626e-16,MINIMAL,optimal,1,5_46_99_46_1_46_2_45_RXN
HS01961,TOP3B,1.277696171875,1.2776961718749995,1.0000000000000004,-4.440892098500626e-16,MINIMAL,optimal,1,5_46_99_46_1_46_2_45_RXN
HS15788,G_HS15788,1.277696171875,1.2776961718749995,1.0000000000000004,-4.440892098500626e-16,MINIMAL,optimal,1,5_46_99_46_1_46_2_45_RXN
HS06015,PAN2,1.277696171875,1.2776961718749995,1.0000000000000004,-4.440892098500626e-16,MINIMAL,optimal,1,3_46_1_46_13_46_4_45_RXN
HS06752,PARN,1.277696171875,1.2776961718749995,1.0000000000000004,-4.440892098500626e-16,MINIMAL,optimal,1,3_46_1_46_13_46_4_45_RXN
HS01990,SLC16A8,1.277696171875,1.2776961718749995,1.0000000000000004,-4.440892098500626e-16,MINIMAL,optimal,2,TRANS_45_RXN66_45_1097;RXN66_45_440
HS08049,SLC16A1,1.277696171875,1.2776961718749995,1.0000000000000004,-4.440892098500626e-16,MINIMAL,optimal,2,TRANS_45_RXN66_45_1097;RXN66_45_440
HS04236,SLC16A7,1.277696171875,1.2776961718749995,1.0000000000000004,-4.440892098500626e-16,MINIMAL,optimal,2,TRANS_45_RXN66_45_1097;RXN66_45_440
HS17385,G_HS17385,1.277696171875,1.2776961718749995,1.0000000000000004,-4.440892098500626e-16,MINIMAL,optimal,1,3_46_4_46_24_46_64_45_RXN
HS02813,PMPCB,1.277696171875,1.2776961718749995,1.0000000000000004,-4.440892098500626e-16,MINIMAL,optimal,1,3_46_4_46_24_46_64_45_RXN
G66_47624,PMPCA,1.277696171875,1.2776961718749995,1.0000000000000004,-4.440892098500626e-16,MINIMAL,optimal,1,3_46_4_46_24_46_64_45_RXN
HS00411,SPAST,1.277696171875,1.2776961718749995,1.0000000000000004,-4.440892098500626e-16,MINIMAL,optimal,1,3_46_6_46_4_46_3_45_RXN
HS02412,KATNAL1,1.277696171875,1.2776961718749995,1.0000000000000004,-4.440892098500626e-16,MINIMAL,optimal,1,3_46_6_46_4_46_3_45_RXN
HS09527,KATNAL2,1.277696171875,1.2776961718749995,1.0000000000000004,-4.440892098500626e-16,MINIMAL,optimal,1,3_46_6_46_4_46_3_45_RXN
HS03490,KATNA1,1.277696171875,1.2776961718749995,1.0000000000000004,-4.440892098500626e-16,MINIMAL,optimal,1,3_46_6_46_4_46_3_45_RXN
G66_46473,ALKBH6,1.277696171875,1.2776961718749995,1.0000000000000004,-4.440892098500626e-16,MINIMAL,optimal,3,RXN_45_18738;RXN_45_18737;RXN_45_12353
G66_46859,ALKBH2,1.277696171875,1.2776961718749995,1.0000000000000004,-4.440892098500626e-16,MINIMAL,optimal,3,RXN_45_18738;RXN_45_18737;RXN_45_12353
HS03800,ACY1,1.277696171875,1.2776961718749995,1.0000000000000004,-4.440892098500626e-16,MINIMAL,optimal,2,AMINOACYLASE_45_RXN;RXN_45_13684
HS13441,ACY3,1.277696171875,1.2776961718749995,1.0000000000000004,-4.440892098500626e-16,MINIMAL,optimal,4,ASPARTOACYLASE_45_RXN;AMINOACYLASE_45_RXN;RXN_45_13684;RXN_45_13683
HS03841,GPD2,1.277696171875,1.2776961718749995,1.0000000000000004,-4.440892098500626e-16,MINIMAL,optimal,13,RXN_45_14451;TRANS_45_RXN0_45_234;RXN0_45_5244_45_yeast;RXN_45_15447;RXN0_45_5244;RXN_45_15745;TRANS_45_RXN0_45_237;SUCCINATE_45_DEHYDROGENASE_45_UBIQUINONE6_45_RXN;RXN_45_15378;RXN0_45_5254
HS01124,NSF,1.277696171875,1.2776961718749995,1.0000000000000004,-4.440892098500626e-16,MINIMAL,optimal,0,
HS04089,ACADM,1.277696171875,1.2776961718749995,1.0000000000000004,-4.440892098500626e-16,MINIMAL,optimal,3,RXN_45_11734;RXN_45_14278;RXN_45_13615
HS06356,PRCP,1.277696171875,1.2776961718749995,1.0000000000000004,-4.440892098500626e-16,MINIMAL,optimal,1,3_46_4_46_16_46_2_45_RXN
HS10142,ELOVL6,1.277696171875,1.2776961718749995,1.0000000000000004,-4.440892098500626e-16,MINIMAL,optimal,9,RXN_45_20348;RXN_45_7697;RXN_45_20344;RXN_45_9647;RXN_45_20336;RXN_45_13296;RXN_45_20332;RXN_45_20340;MYCOCEROSATE_45_SYNTHASE_45_RXN
HS01702,CERS4,1.277696171875,1.2776961718749995,1.0000000000000004,-4.440892098500626e-16,MINIMAL,optimal,4,RXN_45_20366;RXN_45_20402;RXN_45_20392;RXN_45_20370
HS16231,FAR1,1.277696171875,1.2776961718749995,1.0000000000000004,-4.440892098500626e-16,MINIMAL,optimal,2,RXN_45_14169;RXN_45_9344
HS12166,FAR2,1.277696171875,1.2776961718749995,1.0000000000000004,-4.440892098500626e-16,MINIMAL,optimal,2,RXN_45_14169;RXN_45_9344
HS04068,GNPAT,1.277696171875,1.2776961718749995,1.0000000000000004,-4.440892098500626e-16,MINIMAL,optimal,2,RXN_45_15044;2_46_3_46_1_46_42_45_RXN
HS02234,HM13,1.277696171875,1.2776961718749995,1.0000000000000004,-4.440892098500626e-16,MINIMAL,optimal,2,RXN0_45_3201;3_46_4_46_21_46_89_45_RXN
HS11482,PNPLA1,1.277696171875,1.2776961718749995,1.0000000000000004,-4.440892098500626e-16,MINIMAL,optimal,5,RXN_45_20359;RXN_45_20357;RXN_45_20388;RXN_45_20361;RXN_45_20362
HS04504,B4GALT4,1.277696171875,1.2776961718749995,1.0000000000000004,-4.440892098500626e-16,MINIMAL,optimal,2,RXN_45_18306;RXN_45_12229
HS10487,B3GALT1,1.277696171875,1.2776961718749995,1.0000000000000004,-4.440892098500626e-16,MINIMAL,optimal,2,RXN_45_18259;2_46_4_46_1_46_86_45_RXN
HS11104,FUT2,1.277696171875,1.2776961718749995,1.0000000000000004,-4.440892098500626e-16,MINIMAL,optimal,4,GALACTOSIDE_45_2_45_L_45_FUCOSYLTRANSFERASE_45_RXN;RXN_45_9463;RXN_45_18300;RXN_45_18234
HS01118,ST6GAL1,1.277696171875,1.2776961718749995,1.0000000000000004,-4.440892098500626e-16,MINIMAL,optimal,6,RXN_45_18310;RXN_45_18313;RXN_45_15271;RXN_45_19003;2_46_4_46_99_46_11_45_RXN;RXN_45_18268
HS07144,ST6GAL2,1.277696171875,1.2776961718749995,1.0000000000000004,-4.440892098500626e-16,MINIMAL,optimal,6,RXN_45_18310;RXN_45_18313;RXN_45_15271;RXN_45_19003;2_46_4_46_99_46_11_45_RXN;RXN_45_18268
HS03904,ST3GAL5,1.277696171875,1.2776961718749995,1.0000000000000004,-4.440892098500626e-16,MINIMAL,optimal,5,RXN_45_18309;RXN_45_18291;RXN_45_18292;2_46_4_46_99_46_9_45_RXN;RXN_45_18290
HS07235,SLC26A1,1.277696171875,1.2776961718749995,1.0000000000000004,-4.440892098500626e-16,MINIMAL,optimal,5,RXN_45_18309;RXN_45_18291;RXN_45_18292;2_46_4_46_99_46_9_45_RXN;RXN_45_18290
HS11063,B3GNT5,1.277696171875,1.2776961718749995,1.0000000000000004,-4.440892098500626e-16,MINIMAL,optimal,1,2_46_4_46_1_46_206_45_RXN
HS05171,A4GALT,1.277696171875,1.2776961718749995,1.0000000000000004,-4.440892098500626e-16,MINIMAL,optimal,1,2_46_4_46_1_46_228_45_RXN
HS04996,KNS2,1.277696171875,1.2776961718749995,1.0000000000000004,-4.440892098500626e-16,MINIMAL,optimal,0,
HS02646,KLC3,1.277696171875,1.2776961718749995,1.0000000000000004,-4.440892098500626e-16,MINIMAL,optimal,0,
HS09724,KIF5C,1.277696171875,1.2776961718749995,1.0000000000000004,-4.440892098500626e-16,MINIMAL,optimal,0,
HS10175,KIF5B,1.277696171875,1.2776961718749995,1.0000000000000004,-4.440892098500626e-16,MINIMAL,optimal,0,
HS10864,KLC2,1.277696171875,1.2776961718749995,1.0000000000000004,-4.440892098500626e-16,MINIMAL,optimal,0,
HS06282,KLC4,1.277696171875,1.2776961718749995,1.0000000000000004,-4.440892098500626e-16,MINIMAL,optimal,0,
HS08088,KIF5A,1.277696171875,1.2776961718749995,1.0000000000000004,-4.440892098500626e-16,MINIMAL,optimal,0,
HS00945,KIF2A,1.277696171875,1.2776961718749995,1.0000000000000004,-4.440892098500626e-16,MINIMAL,optimal,0,
HS01605,KIF9,1.277696171875,1.2776961718749995,1.0000000000000004,-4.440892098500626e-16,MINIMAL,optimal,0,
HS10902,CHST1,1.277696171875,1.2776961718749995,1.0000000000000004,-4.440892098500626e-16,MINIMAL,optimal,3,CHONDROITIN_45_6_45_SULFOTRANSFERASE_45_RXN;KERATAN_45_SULFOTRANSFERASE_45_RXN;RXN_45_18262
HS09562,GPX4,1.277696171875,1.2776961718749995,1.0000000000000004,-4.440892098500626e-16,MINIMAL,optimal,1,1_46_11_46_1_46_12_45_RXN
G66_30796,SLC48A1,1.277696171875,1.2776961718749995,1.0000000000000004,-4.440892098500626e-16,MINIMAL,optimal,1,TRANS_45_RXN66_45_1212
HS00526,METTL1,1.277696171875,1.2776961718749995,1.0000000000000004,-4.440892098500626e-16,MINIMAL,optimal,1,TRNA_45_GUANINE_45_N7_45__45_METHYLTRANSFERASE_45_RXN
HS08458,WDR4,1.277696171875,1.2776961718749995,1.0000000000000004,-4.440892098500626e-16,MINIMAL,optimal,1,TRNA_45_GUANINE_45_N7_45__45_METHYLTRANSFERASE_45_RXN
HS13218,TRMT5,1.277696171875,1.2776961718749995,1.0000000000000004,-4.440892098500626e-16,MINIMAL,optimal,3,RXN_45_14517;RXN_45_12459;RXN_45_12458
HS07747,QTRT2,1.277696171875,1.2776961718749995,1.0000000000000004,-4.440892098500626e-16,MINIMAL,optimal,1,QUEUOSINE_45_TRNA_45_RIBOSYLTRANSFERASE_45_RXN
HS05270,QTRT1,1.277696171875,1.2776961718749995,1.0000000000000004,-4.440892098500626e-16,MINIMAL,optimal,2,RXN0_45_1321;QUEUOSINE_45_TRNA_45_RIBOSYLTRANSFERASE_45_RXN
HS02653,TRMT1,1.277696171875,1.2776961718749995,1.0000000000000004,-4.440892098500626e-16,MINIMAL,optimal,4,RXN_45_12373;RXN_45_12369;RXN_45_12372;RXN_45_12377
HS09534,ENGASE,1.277696171875,1.2776961718749995,1.0000000000000004,-4.440892098500626e-16,MINIMAL,optimal,1,3_46_2_46_1_46_96_45_RXN
G_54966,B3GALT5,1.277696171875,1.2776961718749995,1.0000000000000004,-4.440892098500626e-16,MINIMAL,optimal,4,RXN_45_18298;RXN_45_18259;2_46_4_46_1_46_86_45_RXN;2_46_4_46_1_46_122_45_RXN
G66_33488,SND1,1.277696171875,1.2776961718749995,1.0000000000000004,-4.440892098500626e-16,MINIMAL,optimal,1,3_46_1_46_31_46_1_45_RXN
HS04994,ST3GAL3,1.277696171875,1.2776961718749995,1.0000000000000004,-4.440892098500626e-16,MINIMAL,optimal,7,RXN_45_19002;2_46_4_46_99_46_3_45_RXN;2_46_4_46_99_46_7_45_RXN;2_46_4_46_99_46_2_45_RXN;RXN_45_18296;2_46_4_46_99_46_6_45_RXN;RXN_45_18279
HS00059,B3GALT4,1.277696171875,1.2776961718749995,1.0000000000000004,-4.440892098500626e-16,MINIMAL,optimal,5,RXN_45_18270;GANGLIOSIDE_45_GALACTOSYLTRANSFERASE_45_RXN;RXN_45_18278;RXN_45_18295;2_46_4_46_1_46_122_45_RXN
HS08206,ST3GAL2,1.277696171875,1.2776961718749995,1.0000000000000004,-4.440892098500626e-16,MINIMAL,optimal,5,2_46_4_46_99_46_4_45_RXN;RXN_45_18287;2_46_4_46_99_46_2_45_RXN;RXN_45_18299;2_46_4_46_99_46_3_45_RXN
HS03742,GRK7,1.277696171875,1.2776961718749995,1.0000000000000004,-4.440892098500626e-16,MINIMAL,optimal,1,2_46_7_46_11_46_16_45_RXN
HS04880,GRK4,1.277696171875,1.2776961718749995,1.0000000000000004,-4.440892098500626e-16,MINIMAL,optimal,1,2_46_7_46_11_46_16_45_RXN
HS01823,GRK5,1.277696171875,1.2776961718749995,1.0000000000000004,-4.440892098500626e-16,MINIMAL,optimal,1,2_46_7_46_11_46_16_45_RXN
HS00600,GRK6,1.277696171875,1.2776961718749995,1.0000000000000004,-4.440892098500626e-16,MINIMAL,optimal,1,2_46_7_46_11_46_16_45_RXN
HS01965,MFNG,1.277696171875,1.2776961718749995,1.0000000000000004,-4.440892098500626e-16,MINIMAL,optimal,1,2_46_4_46_1_46_222_45_RXN
HS02845,LFNG,1.277696171875,1.2776961718749995,1.0000000000000004,-4.440892098500626e-16,MINIMAL,optimal,1,2_46_4_46_1_46_222_45_RXN
HS09998,RFNG,1.277696171875,1.2776961718749995,1.0000000000000004,-4.440892098500626e-16,MINIMAL,optimal,1,2_46_4_46_1_46_222_45_RXN
HS03945,LCT,1.277696171875,1.2776961718749995,1.0000000000000004,-4.440892098500626e-16,MINIMAL,optimal,3,BETAGALACTOSID_45_RXN;RXN66_45_586;GLYCOSYLCERAMIDASE_45_RXN
G66_32683,LCTL,1.277696171875,1.2776961718749995,1.0000000000000004,-4.440892098500626e-16,MINIMAL,optimal,3,BETAGALACTOSID_45_RXN;RXN66_45_586;GLYCOSYLCERAMIDASE_45_RXN
HS04553,PLG,1.277696171875,1.2776961718749995,1.0000000000000004,-4.440892098500626e-16,MINIMAL,optimal,3,3_46_4_46_21_46_68_45_RXN;3_46_4_46_21_46_73_45_RXN;3_46_4_46_21_46_7_45_RXN
HS10707,RCE1,1.277696171875,1.2776961718749995,1.0000000000000004,-4.440892098500626e-16,MINIMAL,optimal,1,RXN_45_11698
HS01464,ZMPSTE24,1.277696171875,1.2776961718749995,1.0000000000000004,-4.440892098500626e-16,MINIMAL,optimal,1,RXN_45_11698
HS05500,F12,1.277696171875,1.2776961718749995,1.0000000000000004,-4.440892098500626e-16,MINIMAL,optimal,2,RXN_45_10789;3_46_4_46_21_46_38_45_RXN
HS03931,PROC,1.277696171875,1.2776961718749995,1.0000000000000004,-4.440892098500626e-16,MINIMAL,optimal,2,3_46_4_46_21_46_69_45_RXN;RXN_45_10790
HS01197,REXO2,1.277696171875,1.2776961718749995,1.0000000000000004,-4.440892098500626e-16,MINIMAL,optimal,1,3_46_1_46_13_46_3_45_RXN
HS07969,ENPP3,1.277696171875,1.2776961718749995,1.0000000000000004,-4.440892098500626e-16,MINIMAL,optimal,1,NUCLEOTIDE_45_PYROPHOSPHATASE_45_RXN
HS03544,ENPP1,1.277696171875,1.2776961718749995,1.0000000000000004,-4.440892098500626e-16,MINIMAL,optimal,1,NUCLEOTIDE_45_PYROPHOSPHATASE_45_RXN
HS10792,EXO1,1.277696171875,1.2776961718749995,1.0000000000000004,-4.440892098500626e-16,MINIMAL,optimal,0,
HS05036,DNASE1,1.277696171875,1.2776961718749995,1.0000000000000004,-4.440892098500626e-16,MINIMAL,optimal,1,3_46_1_46_21_46_1_45_RXN
HS09774,FEN1,1.277696171875,1.2776961718749995,1.0000000000000004,-4.440892098500626e-16,MINIMAL,optimal,1,3_46_1_46_21_46_1_45_RXN
HS00350,DNASE1L1,1.277696171875,1.2776961718749995,1.0000000000000004,-4.440892098500626e-16,MINIMAL,optimal,1,3_46_1_46_21_46_1_45_RXN
HS08914,DNASE1L3,1.277696171875,1.2776961718749995,1.0000000000000004,-4.440892098500626e-16,MINIMAL,optimal,1,3_46_1_46_21_46_1_45_RXN
HS09666,DNASE1L2,1.277696171875,1.2776961718749995,1.0000000000000004,-4.440892098500626e-16,MINIMAL,optimal,1,3_46_1_46_21_46_1_45_RXN
HS02772,DNASE2,1.277696171875,1.2776961718749995,1.0000000000000004,-4.440892098500626e-16,MINIMAL,optimal,1,3_46_1_46_22_46_1_45_RXN
HS06431,DNASE2B,1.277696171875,1.2776961718749995,1.0000000000000004,-4.440892098500626e-16,MINIMAL,optimal,1,3_46_1_46_22_46_1_45_RXN
HS01229,TOP2B,1.277696171875,1.2776961718749995,1.0000000000000004,-4.440892098500626e-16,MINIMAL,optimal,2,5_46_99_46_1_46_2_45_RXN;5_46_99_46_1_46_3_45_RXN
HS05560,TOP2A,1.277696171875,1.2776961718749995,1.0000000000000004,-4.440892098500626e-16,MINIMAL,optimal,2,5_46_99_46_1_46_2_45_RXN;5_46_99_46_1_46_3_45_RXN
HS10481,DPAGT1,1.277696171875,1.2776961718749995,1.0000000000000004,-4.440892098500626e-16,MINIMAL,optimal,1,2_46_7_46_8_46_15_45_RXN
HS15525,DOLPP1,1.277696171875,1.2776961718749995,1.0000000000000004,-4.440892098500626e-16,MINIMAL,optimal,1,DOLICHYLDIPHOSPHATASE_45_RXN
HS05428,POMT1,1.277696171875,1.2776961718749995,1.0000000000000004,-4.440892098500626e-16,MINIMAL,optimal,1,2_46_4_46_1_46_109_45_RXN
HS00268,POMT2,1.277696171875,1.2776961718749995,1.0000000000000004,-4.440892098500626e-16,MINIMAL,optimal,1,2_46_4_46_1_46_109_45_RXN
HS10905,DOLK,1.277696171875,1.2776961718749995,1.0000000000000004,-4.440892098500626e-16,MINIMAL,optimal,1,DOLICHOL_45_KINASE_45_RXN
HS13249,SRD5A3,1.277696171875,1.2776961718749995,1.0000000000000004,-4.440892098500626e-16,MINIMAL,optimal,1,RXN_45_9971
G66_47007,TECRL,1.277696171875,1.2776961718749995,1.0000000000000004,-4.440892098500626e-16,MINIMAL,optimal,1,RXN_45_9971
HS06712,NEIL1,1.277696171875,1.2776961718749995,1.0000000000000004,-4.440892098500626e-16,MINIMAL,optimal,1,4_46_2_46_99_46_18_45_RXN
HS06615,TDG,1.277696171875,1.2776961718749995,1.0000000000000004,-4.440892098500626e-16,MINIMAL,optimal,1,RXN_45_11049
HS09964,DPP4,1.277696171875,1.2776961718749995,1.0000000000000004,-4.440892098500626e-16,MINIMAL,optimal,1,3_46_4_46_14_46_5_45_RXN
HS06888,DPP9,1.277696171875,1.2776961718749995,1.0000000000000004,-4.440892098500626e-16,MINIMAL,optimal,1,3_46_4_46_14_46_5_45_RXN
HS10939,DPP10,1.277696171875,1.2776961718749995,1.0000000000000004,-4.440892098500626e-16,MINIMAL,optimal,1,3_46_4_46_14_46_5_45_RXN
HS10803,DPP3,1.277696171875,1.2776961718749995,1.0000000000000004,-4.440892098500626e-16,MINIMAL,optimal,1,3_46_4_46_14_46_4_45_RXN
HS11115,DPP7,1.277696171875,1.2776961718749995,1.0000000000000004,-4.440892098500626e-16,MINIMAL,optimal,1,3_46_4_46_14_46_2_45_RXN
HS03265,CTSC,1.277696171875,1.2776961718749995,1.0000000000000004,-4.440892098500626e-16,MINIMAL,optimal,1,3_46_4_46_14_46_1_45_RXN
HS05356,DPP6,1.277696171875,1.2776961718749995,1.0000000000000004,-4.440892098500626e-16,MINIMAL,optimal,2,RXN_45_11200;3_46_4_46_14_46_1_45_RXN
HS04757,PEPD,1.277696171875,1.2776961718749995,1.0000000000000004,-4.440892098500626e-16,MINIMAL,optimal,1,3_46_4_46_13_46_9_45_RXN
HS06799,DPEP3,1.277696171875,1.2776961718749995,1.0000000000000004,-4.440892098500626e-16,MINIMAL,optimal,1,3_46_4_46_13_46_19_45_RXN
HS09532,DPEP2,1.277696171875,1.2776961718749995,1.0000000000000004,-4.440892098500626e-16,MINIMAL,optimal,2,3_46_4_46_13_46_19_45_RXN;RXN66_45_337
HS00367,DPEP1,1.277696171875,1.2776961718749995,1.0000000000000004,-4.440892098500626e-16,MINIMAL,optimal,2,3_46_4_46_13_46_19_45_RXN;RXN66_45_337
HS05755,CNDP2,1.277696171875,1.2776961718749995,1.0000000000000004,-4.440892098500626e-16,MINIMAL,optimal,5,3_46_4_46_13_46_18_45_RXN;RXN_45_6622;RXN0_45_6981;RXN0_45_6975;RXN0_45_6978
HS01144,DPP8,1.277696171875,1.2776961718749995,1.0000000000000004,-4.440892098500626e-16,MINIMAL,optimal,17,RXN0_45_6974;RXN0_45_6979;3_46_4_46_13_46_18_45_RXN;RXN0_45_6977;3_46_4_46_14_46_5_45_RXN;RXN0_45_6988;RXN0_45_6980;RXN0_45_6982;RXN0_45_6975;RXN_45_6622
HS10947,PNLIP,1.277696171875,1.2776961718749995,1.0000000000000004,-4.440892098500626e-16,MINIMAL,optimal,1,RXN_45_12579
HS09323,LIPC,1.277696171875,1.2776961718749995,1.0000000000000004,-4.440892098500626e-16,MINIMAL,optimal,2,RXN_45_12086;RXN_45_12579
HS00828,NTHL1,1.277696171875,1.2776961718749995,1.0000000000000004,-4.440892098500626e-16,MINIMAL,optimal,2,4_46_2_46_99_46_18_45_RXN;RXN0_45_2601
HS07973,NEIL2,1.277696171875,1.2776961718749995,1.0000000000000004,-4.440892098500626e-16,MINIMAL,optimal,2,4_46_2_46_99_46_18_45_RXN;RXN0_45_2601
HS09895,APEX2,1.277696171875,1.2776961718749995,1.0000000000000004,-4.440892098500626e-16,MINIMAL,optimal,2,4_46_2_46_99_46_18_45_RXN;RXN0_45_2601
HS15795,APLF,1.277696171875,1.2776961718749995,1.0000000000000004,-4.440892098500626e-16,MINIMAL,optimal,2,4_46_2_46_99_46_18_45_RXN;RXN0_45_2601
HS03734,OGG1,1.277696171875,1.2776961718749995,1.0000000000000004,-4.440892098500626e-16,MINIMAL,optimal,2,4_46_2_46_99_46_18_45_RXN;RXN0_45_2601
HS02149,APEX1,1.277696171875,1.2776961718749995,1.0000000000000004,-4.440892098500626e-16,MINIMAL,optimal,2,4_46_2_46_99_46_18_45_RXN;RXN0_45_2601
HS03247,NEIL3,1.277696171875,1.2776961718749995,1.0000000000000004,-4.440892098500626e-16,MINIMAL,optimal,1,RXN0_45_2601
HS08399,HK2,1.277696171875,1.2776961718749995,1.0000000000000004,-4.440892098500626e-16,MINIMAL,optimal,3,GLUCOKIN_45_RXN;MANNKIN_45_RXN;HEXOKINASE_45_RXN
HS08548,HK3,1.277696171875,1.2776961718749995,1.0000000000000004,-4.440892098500626e-16,MINIMAL,optimal,3,GLUCOKIN_45_RXN;MANNKIN_45_RXN;HEXOKINASE_45_RXN
HS08135,HKDC1,1.277696171875,1.2776961718749995,1.0000000000000004,-4.440892098500626e-16,MINIMAL,optimal,3,GLUCOKIN_45_RXN;MANNKIN_45_RXN;HEXOKINASE_45_RXN
HS08136,HK1,1.277696171875,1.2776961718749995,1.0000000000000004,-4.440892098500626e-16,MINIMAL,optimal,3,GLUCOKIN_45_RXN;MANNKIN_45_RXN;HEXOKINASE_45_RXN
HS02935,GCK,1.277696171875,1.2776961718749995,1.0000000000000004,-4.440892098500626e-16,MINIMAL,optimal,2,GLUCOKIN_45_RXN;HEXOKINASE_45_RXN
HS03011,TRDMT1,1.277696171875,1.2776961718749995,1.0000000000000004,-4.440892098500626e-16,MINIMAL,optimal,1,RXN_45_11855
HS12087,NSUN2,1.277696171875,1.2776961718749995,1.0000000000000004,-4.440892098500626e-16,MINIMAL,optimal,1,RXN_45_11856
HS03459,AICDA,1.277696171875,1.2776961718749995,1.0000000000000004,-4.440892098500626e-16,MINIMAL,optimal,1,RXN_45_13993
HS05448,DNMT1,1.277696171875,1.2776961718749995,1.0000000000000004,-4.440892098500626e-16,MINIMAL,optimal,1,DNA_45_CYTOSINE_45_5_45__45_METHYLTRANSFERASE_45_RXN
HS04338,DNMT3A,1.277696171875,1.2776961718749995,1.0000000000000004,-4.440892098500626e-16,MINIMAL,optimal,1,DNA_45_CYTOSINE_45_5_45__45_METHYLTRANSFERASE_45_RXN
HS01597,DNMT3B,1.277696171875,1.2776961718749995,1.0000000000000004,-4.440892098500626e-16,MINIMAL,optimal,1,DNA_45_CYTOSINE_45_5_45__45_METHYLTRANSFERASE_45_RXN
HS11457,BF,1.277696171875,1.2776961718749995,1.0000000000000004,-4.440892098500626e-16,MINIMAL,optimal,1,3_46_4_46_21_46_47_45_RXN
HS11458,C2,1.277696171875,1.2776961718749995,1.0000000000000004,-4.440892098500626e-16,MINIMAL,optimal,1,3_46_4_46_21_46_47_45_RXN
HS01565,MMP2,1.277696171875,1.2776961718749995,1.0000000000000004,-4.440892098500626e-16,MINIMAL,optimal,2,RXN_45_11700;3_46_4_46_24_46_24_45_RXN
HS08195,MMP14,1.277696171875,1.2776961718749995,1.0000000000000004,-4.440892098500626e-16,MINIMAL,optimal,1,RXN_45_11700
HS04978,MMP24,1.277696171875,1.2776961718749995,1.0000000000000004,-4.440892098500626e-16,MINIMAL,optimal,1,RXN_45_11700
HS00251,MMP25,1.277696171875,1.2776961718749995,1.0000000000000004,-4.440892098500626e-16,MINIMAL,optimal,1,RXN_45_11700
G66_46710,MMP17,1.277696171875,1.2776961718749995,1.0000000000000004,-4.440892098500626e-16,MINIMAL,optimal,1,RXN_45_11700
G66_33949,MMP1,1.277696171875,1.2776961718749995,1.0000000000000004,-4.440892098500626e-16,MINIMAL,optimal,2,3_46_4_46_24_46_3_45_RXN;3_46_4_46_24_46_7_45_RXN
HS06385,MMP13,1.277696171875,1.2776961718749995,1.0000000000000004,-4.440892098500626e-16,MINIMAL,optimal,1,3_46_4_46_24_46_3_45_RXN
HS08679,CTRC,1.277696171875,1.2776961718749995,1.0000000000000004,-4.440892098500626e-16,MINIMAL,optimal,1,3_46_4_46_21_46_2_45_RXN
HS11219,CHID1,1.277696171875,1.2776961718749995,1.0000000000000004,-4.440892098500626e-16,MINIMAL,optimal,2,3_46_2_46_1_46_14_45_RXN;RXN_45_12309
HS05727,CHIT1,1.277696171875,1.2776961718749995,1.0000000000000004,-4.440892098500626e-16,MINIMAL,optimal,2,3_46_2_46_1_46_14_45_RXN;RXN_45_12309
HS02080,CERK,1.277696171875,1.2776961718749995,1.0000000000000004,-4.440892098500626e-16,MINIMAL,optimal,2,RXN_45_7799;CERAMIDE_45_KINASE_45_RXN
HS01560,PGS1,1.277696171875,1.2776961718749995,1.0000000000000004,-4.440892098500626e-16,MINIMAL,optimal,1,PHOSPHAGLYPSYN_45_RXN
HS02513,CDIPT,1.277696171875,1.2776961718749995,1.0000000000000004,-4.440892098500626e-16,MINIMAL,optimal,2,RXN_45_20525;2_46_7_46_8_46_11_45_RXN
HS03142,ACCN1,1.277696171875,1.2776961718749995,1.0000000000000004,-4.440892098500626e-16,MINIMAL,optimal,14,TRANS_45_RXN66_45_1218;TRANS_45_RXN66_45_1159;TRANS_45_RXN66_45_922;TRANS_45_RXN66_45_557;TRANS_45_RXN66_45_1153;TRANS_45_RXN66_45_1180;TRANS_45_RXN66_45_980;TRANS_45_RXN66_45_1105;TRANS_45_RXN66_45_1214;RXN66_45_427
HS03350,ACCN2,1.277696171875,1.2776961718749995,1.0000000000000004,-4.440892098500626e-16,MINIMAL,optimal,14,TRANS_45_RXN66_45_1218;TRANS_45_RXN66_45_1159;TRANS_45_RXN66_45_922;TRANS_45_RXN66_45_557;TRANS_45_RXN66_45_1153;TRANS_45_RXN66_45_1180;TRANS_45_RXN66_45_980;TRANS_45_RXN66_45_1105;TRANS_45_RXN66_45_1214;RXN66_45_427
HS13501,CATSPERB,1.277696171875,1.2776961718749995,1.0000000000000004,-4.440892098500626e-16,MINIMAL,optimal,14,TRANS_45_RXN66_45_1218;TRANS_45_RXN66_45_1159;TRANS_45_RXN66_45_922;TRANS_45_RXN66_45_557;TRANS_45_RXN66_45_1153;TRANS_45_RXN66_45_1180;TRANS_45_RXN66_45_980;TRANS_45_RXN66_45_1105;TRANS_45_RXN66_45_1214;RXN66_45_427
HS07154,CNGA3,1.277696171875,1.2776961718749995,1.0000000000000004,-4.440892098500626e-16,MINIMAL,optimal,14,TRANS_45_RXN66_45_1218;TRANS_45_RXN66_45_1159;TRANS_45_RXN66_45_922;TRANS_45_RXN66_45_557;TRANS_45_RXN66_45_1153;TRANS_45_RXN66_45_1180;TRANS_45_RXN66_45_980;TRANS_45_RXN66_45_1105;TRANS_45_RXN66_45_1214;RXN66_45_427
HS09448,CATSPER2,1.277696171875,1.2776961718749995,1.0000000000000004,-4.440892098500626e-16,MINIMAL,optimal,14,TRANS_45_RXN66_45_1218;TRANS_45_RXN66_45_1159;TRANS_45_RXN66_45_922;TRANS_45_RXN66_45_557;TRANS_45_RXN66_45_1153;TRANS_45_RXN66_45_1180;TRANS_45_RXN66_45_980;TRANS_45_RXN66_45_1105;TRANS_45_RXN66_45_1214;RXN66_45_427
HS10096,CNGB3,1.277696171875,1.2776961718749995,1.0000000000000004,-4.440892098500626e-16,MINIMAL,optimal,14,TRANS_45_RXN66_45_1218;TRANS_45_RXN66_45_1159;TRANS_45_RXN66_45_922;TRANS_45_RXN66_45_557;TRANS_45_RXN66_45_1153;TRANS_45_RXN66_45_1180;TRANS_45_RXN66_45_980;TRANS_45_RXN66_45_1105;TRANS_45_RXN66_45_1214;RXN66_45_427
HS10906,CATSPER1,1.277696171875,1.2776961718749995,1.0000000000000004,-4.440892098500626e-16,MINIMAL,optimal,14,TRANS_45_RXN66_45_1218;TRANS_45_RXN66_45_1159;TRANS_45_RXN66_45_922;TRANS_45_RXN66_45_557;TRANS_45_RXN66_45_1153;TRANS_45_RXN66_45_1180;TRANS_45_RXN66_45_980;TRANS_45_RXN66_45_1105;TRANS_45_RXN66_45_1214;RXN66_45_427
G66_31009,CATSPER4,1.277696171875,1.2776961718749995,1.0000000000000004,-4.440892098500626e-16,MINIMAL,optimal,14,TRANS_45_RXN66_45_1218;TRANS_45_RXN66_45_1159;TRANS_45_RXN66_45_922;TRANS_45_RXN66_45_557;TRANS_45_RXN66_45_1153;TRANS_45_RXN66_45_1180;TRANS_45_RXN66_45_980;TRANS_45_RXN66_45_1105;TRANS_45_RXN66_45_1214;RXN66_45_427
G66_32073,ACCN3,1.277696171875,1.2776961718749995,1.0000000000000004,-4.440892098500626e-16,MINIMAL,optimal,14,TRANS_45_RXN66_45_1218;TRANS_45_RXN66_45_1159;TRANS_45_RXN66_45_922;TRANS_45_RXN66_45_557;TRANS_45_RXN66_45_1153;TRANS_45_RXN66_45_1180;TRANS_45_RXN66_45_980;TRANS_45_RXN66_45_1105;TRANS_45_RXN66_45_1214;RXN66_45_427
G66_33190,CNGA1,1.277696171875,1.2776961718749995,1.0000000000000004,-4.440892098500626e-16,MINIMAL,optimal,14,TRANS_45_RXN66_45_1218;TRANS_45_RXN66_45_1159;TRANS_45_RXN66_45_922;TRANS_45_RXN66_45_557;TRANS_45_RXN66_45_1153;TRANS_45_RXN66_45_1180;TRANS_45_RXN66_45_980;TRANS_45_RXN66_45_1105;TRANS_45_RXN66_45_1214;RXN66_45_427
HS02205,CTSZ,1.277696171875,1.2776961718749995,1.0000000000000004,-4.440892098500626e-16,MINIMAL,optimal,2,3_46_4_46_22_46_38_45_RXN;3_46_4_46_18_46_1_45_RXN
HS05705,CASP9,1.277696171875,1.2776961718749995,1.0000000000000004,-4.440892098500626e-16,MINIMAL,optimal,1,3_46_4_46_22_46_62_45_RXN
HS00790,CASP8,1.277696171875,1.2776961718749995,1.0000000000000004,-4.440892098500626e-16,MINIMAL,optimal,1,3_46_4_46_22_46_61_45_RXN
HS00094,CFLAR,1.277696171875,1.2776961718749995,1.0000000000000004,-4.440892098500626e-16,MINIMAL,optimal,1,3_46_4_46_22_46_61_45_RXN
HS09288,CASP7,1.277696171875,1.2776961718749995,1.0000000000000004,-4.440892098500626e-16,MINIMAL,optimal,1,3_46_4_46_22_46_60_45_RXN
HS06561,CASP6,1.277696171875,1.2776961718749995,1.0000000000000004,-4.440892098500626e-16,MINIMAL,optimal,1,3_46_4_46_22_46_59_45_RXN
HS07786,MCHR2,1.277696171875,1.2776961718749995,1.0000000000000004,-4.440892098500626e-16,MINIMAL,optimal,1,3_46_4_46_22_46_59_45_RXN
HS06389,CASP5,1.277696171875,1.2776961718749995,1.0000000000000004,-4.440892098500626e-16,MINIMAL,optimal,1,3_46_4_46_22_46_58_45_RXN
HS06388,CASP4,1.277696171875,1.2776961718749995,1.0000000000000004,-4.440892098500626e-16,MINIMAL,optimal,1,3_46_4_46_22_46_57_45_RXN
HS09058,CASP3,1.277696171875,1.2776961718749995,1.0000000000000004,-4.440892098500626e-16,MINIMAL,optimal,1,3_46_4_46_22_46_56_45_RXN
HS02869,CASP2,1.277696171875,1.2776961718749995,1.0000000000000004,-4.440892098500626e-16,MINIMAL,optimal,1,3_46_4_46_22_46_55_45_RXN
HS00093,CASP10,1.277696171875,1.2776961718749995,1.0000000000000004,-4.440892098500626e-16,MINIMAL,optimal,1,3_46_4_46_22_46_63_45_RXN
HS00808,CTSA,1.277696171875,1.2776961718749995,1.0000000000000004,-4.440892098500626e-16,MINIMAL,optimal,1,3_46_4_46_16_46_5_45_RXN
HS08930,CPA3,1.277696171875,1.2776961718749995,1.0000000000000004,-4.440892098500626e-16,MINIMAL,optimal,1,CARBOXYPEPTIDASE_45_A_45_RXN
HS01745,CPA1,1.277696171875,1.2776961718749995,1.0000000000000004,-4.440892098500626e-16,MINIMAL,optimal,1,CARBOXYPEPTIDASE_45_A_45_RXN
HS08305,CPA5,1.277696171875,1.2776961718749995,1.0000000000000004,-4.440892098500626e-16,MINIMAL,optimal,1,CARBOXYPEPTIDASE_45_A_45_RXN
HS09181,CPA6,1.277696171875,1.2776961718749995,1.0000000000000004,-4.440892098500626e-16,MINIMAL,optimal,3,3_46_4_46_17_46_12_45_RXN;CARBOXYPEPTIDASE_45_A_45_RXN;RXN_45_19940
HS16172,TRMT112,1.277696171875,1.2776961718749995,1.0000000000000004,-4.440892098500626e-16,MINIMAL,optimal,1,RXN_45_12461
HS06390,ALKBH8,1.277696171875,1.2776961718749995,1.0000000000000004,-4.440892098500626e-16,MINIMAL,optimal,1,RXN_45_12461
HS09033,MOCS2,1.277696171875,1.2776961718749995,1.0000000000000004,-4.440892098500626e-16,MINIMAL,optimal,4,RXN_45_18694;RXN_45_12473;RXN_45_8342;RXN_45_11361
HS04742,MOCS3,1.277696171875,1.2776961718749995,1.0000000000000004,-4.440892098500626e-16,MINIMAL,optimal,5,RXN_45_12473;RXN_45_18704;RXN_45_18700;RXN_45_18701;RXN_45_11361
HS01773,CAPN3,1.277696171875,1.2776961718749995,1.0000000000000004,-4.440892098500626e-16,MINIMAL,optimal,1,3_46_4_46_22_46_54_45_RXN
HS07597,CAPN5,1.277696171875,1.2776961718749995,1.0000000000000004,-4.440892098500626e-16,MINIMAL,optimal,1,3_46_4_46_22_46_54_45_RXN
HS08758,CAPN2,1.277696171875,1.2776961718749995,1.0000000000000004,-4.440892098500626e-16,MINIMAL,optimal,1,3_46_4_46_22_46_53_45_RXN
G66_31418,CAPN8,1.277696171875,1.2776961718749995,1.0000000000000004,-4.440892098500626e-16,MINIMAL,optimal,1,3_46_4_46_22_46_53_45_RXN
HS00359,CAPN1,1.277696171875,1.2776961718749995,1.0000000000000004,-4.440892098500626e-16,MINIMAL,optimal,2,3_46_4_46_22_46_52_45_RXN;3_46_4_46_22_46_17_45_RXN
HS07560,CYP17A1,1.277696171875,1.2776961718749995,1.0000000000000004,-4.440892098500626e-16,MINIMAL,optimal,3,RXN66_45_340;STEROID_45_17_45_ALPHA_45_MONOOXYGENASE_45_RXN;RXN66_45_355
HS07707,OXSM,1.277696171875,1.2776961718749995,1.0000000000000004,-4.440892098500626e-16,MINIMAL,optimal,8,RXN_45_9648;RXN_45_9651;2_46_3_46_1_46_41_45_RXN;RXN_45_9653;RXN_45_9652;RXN_45_9539;RXN_45_9650;3_45_OXOACYL_45_ACP_45_SYNTH_45_BASE_45_RXN
HS04010,MECR,1.277696171875,1.2776961718749995,1.0000000000000004,-4.440892098500626e-16,MINIMAL,optimal,7,RXN66_45_649;RXN_45_9534;RXN_45_9538;RXN_45_9530;RXN_45_9515;RXN_45_9526;RXN_45_9521
HS11696,BCKDHB,1.277696171875,1.2776961718749995,1.0000000000000004,-4.440892098500626e-16,MINIMAL,optimal,2,1_46_2_46_4_46_4_45_RXN;2_46_7_46_11_46_4_45_RXN
HS11695,BCKDHA,1.277696171875,1.2776961718749995,1.0000000000000004,-4.440892098500626e-16,MINIMAL,optimal,2,1_46_2_46_4_46_4_45_RXN;2_46_7_46_11_46_4_45_RXN
HS02514,BCKDK,1.277696171875,1.2776961718749995,1.0000000000000004,-4.440892098500626e-16,MINIMAL,optimal,1,2_46_7_46_11_46_4_45_RXN
HS04086,AKT3,1.277696171875,1.2776961718749995,1.0000000000000004,-4.440892098500626e-16,MINIMAL,optimal,2,PROTEIN_45_KINASE_45_RXN;2_46_7_46_11_46_4_45_RXN
HS03127,BLMH,1.277696171875,1.2776961718749995,1.0000000000000004,-4.440892098500626e-16,MINIMAL,optimal,1,3_46_4_46_22_46_40_45_RXN
HS01757,OSGEP,1.277696171875,1.2776961718749995,1.0000000000000004,-4.440892098500626e-16,MINIMAL,optimal,1,3_46_4_46_24_46_57_45_RXN
HS05216,OSGEPL1,1.277696171875,1.2776961718749995,1.0000000000000004,-4.440892098500626e-16,MINIMAL,optimal,1,3_46_4_46_24_46_57_45_RXN
HS02028,MCAT,1.277696171875,1.2776961718749995,1.0000000000000004,-4.440892098500626e-16,MINIMAL,optimal,5,RXN_45_20490;MALONYL_45_COA_45_ACP_45_TRANSACYL_45_RXN;RXN_45_20481;RXN_45_20482;RXN_45_20498
HS00120,HCCS,1.277696171875,1.2776961718749995,1.0000000000000004,-4.440892098500626e-16,MINIMAL,optimal,1,HOLOCYTOCHROME_45_C_45_SYNTHASE_45_RXN
HS10407,RNASEH1,1.277696171875,1.2776961718749995,1.0000000000000004,-4.440892098500626e-16,MINIMAL,optimal,12,3_46_1_46_27_46_5_45_RXN;RXN0_45_6522;3_46_1_46_26_46_4_45_RXN;RXN0_45_6521;RXN0_45_6524;RXN0_45_6523;3_46_1_46_26_46_3_45_RXN;RXN0_45_6480;3_46_1_46_26_46_5_45_RXN;3_46_1_46_26_46_12_45_RXN
HS10663,RNASE8,1.277696171875,1.2776961718749995,1.0000000000000004,-4.440892098500626e-16,MINIMAL,optimal,17,RXN_45_19936;3_46_1_46_27_46_5_45_RXN;RXN0_45_6522;RXN0_45_6524;RXN_45_19933;3_46_1_46_26_46_3_45_RXN;3_46_1_46_26_46_5_45_RXN;RXN_45_19935;3_46_1_46_26_46_12_45_RXN;RXN0_45_6521
HS09943,RNASE6,1.277696171875,1.2776961718749995,1.0000000000000004,-4.440892098500626e-16,MINIMAL,optimal,11,3_46_1_46_27_46_5_45_RXN;RXN0_45_6522;RXN0_45_6521;RXN0_45_6524;RXN0_45_6523;3_46_1_46_26_46_3_45_RXN;RXN0_45_6480;3_46_1_46_26_46_5_45_RXN;3_46_1_46_26_46_12_45_RXN;3_46_1_46_13_46_1_45_RXN
HS09286,RNASE7,1.277696171875,1.2776961718749995,1.0000000000000004,-4.440892098500626e-16,MINIMAL,optimal,17,RXN_45_19936;3_46_1_46_27_46_5_45_RXN;RXN0_45_6522;RXN0_45_6524;RXN_45_19933;3_46_1_46_26_46_3_45_RXN;3_46_1_46_26_46_5_45_RXN;RXN_45_19935;3_46_1_46_26_46_12_45_RXN;RXN0_45_6521
HS03111,PIGL,1.277696171875,1.2776961718749995,1.0000000000000004,-4.440892098500626e-16,MINIMAL,optimal,1,3_46_1_46_1_46_69_45_RXN
HS11117,MTHFR,1.277696171875,1.2776961718749995,1.0000000000000004,-4.440892098500626e-16,MINIMAL,optimal,1,1_46_5_46_1_46_20_45_RXN
HS05482,GGT7,1.277696171875,1.2776961718749995,1.0000000000000004,-4.440892098500626e-16,MINIMAL,optimal,5,RXN66_45_336;RXN_45_6601;RXN_45_18092;RXN_45_9157;GAMMA_45_GLUTAMYLTRANSFERASE_45_RXN
HS05767,GGT2,1.277696171875,1.2776961718749995,1.0000000000000004,-4.440892098500626e-16,MINIMAL,optimal,3,GAMMA_45_GLUTAMYLTRANSFERASE_45_RXN;RXN_45_6601;RXN_45_18092
HS09617,GGT6,1.277696171875,1.2776961718749995,1.0000000000000004,-4.440892098500626e-16,MINIMAL,optimal,5,RXN66_45_336;RXN_45_6601;RXN_45_18092;RXN_45_9157;GAMMA_45_GLUTAMYLTRANSFERASE_45_RXN
EG10374,ggt,1.277696171875,1.2776961718749995,1.0000000000000004,-4.440892098500626e-16,MINIMAL,optimal,1,GAMMA_45_GLUTAMYLTRANSFERASE_45_RXN
G66_32539,GGT3P,1.277696171875,1.2776961718749995,1.0000000000000004,-4.440892098500626e-16,MINIMAL,optimal,5,RXN66_45_336;RXN_45_6601;RXN_45_18092;RXN_45_9157;GAMMA_45_GLUTAMYLTRANSFERASE_45_RXN
G66_33327,GGTLC3,1.277696171875,1.2776961718749995,1.0000000000000004,-4.440892098500626e-16,MINIMAL,optimal,5,RXN66_45_336;RXN_45_6601;RXN_45_18092;RXN_45_9157;GAMMA_45_GLUTAMYLTRANSFERASE_45_RXN
HS07611,GGTLC1,1.277696171875,1.2776961718749995,1.0000000000000004,-4.440892098500626e-16,MINIMAL,optimal,5,RXN66_45_336;RXN_45_6601;RXN_45_18092;RXN_45_9157;GAMMA_45_GLUTAMYLTRANSFERASE_45_RXN
HS15524,URM1,1.277696171875,1.2776961718749995,1.0000000000000004,-4.440892098500626e-16,MINIMAL,optimal,3,RXN_45_18700;RXN_45_18701;RXN_45_18699
HS06936,CTU1,1.277696171875,1.2776961718749995,1.0000000000000004,-4.440892098500626e-16,MINIMAL,optimal,2,TRNA_45_CYTIDYLYLTRANSFERASE_45_RXN;RXN_45_18699
G_55129,CTU2,1.277696171875,1.2776961718749995,1.0000000000000004,-4.440892098500626e-16,MINIMAL,optimal,2,RXN_45_18693;RXN_45_18699
HS11096,TYMS,1.277696171875,1.2776961718749995,1.0000000000000004,-4.440892098500626e-16,MINIMAL,optimal,1,THYMIDYLATESYN_45_RXN
HS00858,MTHFD2,1.277696171875,1.2776961718749995,1.0000000000000004,-4.440892098500626e-16,MINIMAL,optimal,2,1_46_5_46_1_46_15_45_RXN;METHENYLTHFCYCLOHYDRO_45_RXN
HS02138,MTHFD1,1.277696171875,1.2776961718749995,1.0000000000000004,-4.440892098500626e-16,MINIMAL,optimal,3,METHYLENETHFDEHYDROG_45_NADP_45_RXN;FORMATETHFLIG_45_RXN;METHENYLTHFCYCLOHYDRO_45_RXN
HS08926,MTHFD2L,1.277696171875,1.2776961718749995,1.0000000000000004,-4.440892098500626e-16,MINIMAL,optimal,2,METHYLENETHFDEHYDROG_45_NADP_45_RXN;METHENYLTHFCYCLOHYDRO_45_RXN
HS03479,RNGTT,1.277696171875,1.2776961718749995,1.0000000000000004,-4.440892098500626e-16,MINIMAL,optimal,2,MRNA_45_GUANYLYLTRANSFERASE_45_RXN;POLYNUCLEOTIDE_45_5_45_PHOSPHATASE_45_RXN
HS01337,DDX1,1.277696171875,1.2776961718749995,1.0000000000000004,-4.440892098500626e-16,MINIMAL,optimal,2,RXN_45_17942;RXN_45_11109
HS15970,FAM98B,1.277696171875,1.2776961718749995,1.0000000000000004,-4.440892098500626e-16,MINIMAL,optimal,1,RXN_45_17942
HS12295,C14orf166,1.277696171875,1.2776961718749995,1.0000000000000004,-4.440892098500626e-16,MINIMAL,optimal,1,RXN_45_17942
HS13603,C2orf49,1.277696171875,1.2776961718749995,1.0000000000000004,-4.440892098500626e-16,MINIMAL,optimal,1,RXN_45_17942
HS02006,RTCB,1.277696171875,1.2776961718749995,1.0000000000000004,-4.440892098500626e-16,MINIMAL,optimal,1,RXN_45_17942
HS16618,ZBTB8OS,1.277696171875,1.2776961718749995,1.0000000000000004,-4.440892098500626e-16,MINIMAL,optimal,1,RXN_45_17942
HS10512,CLP1,1.277696171875,1.2776961718749995,1.0000000000000004,-4.440892098500626e-16,MINIMAL,optimal,1,POLYNUCLEOTIDE_45_5_45_HYDROXYL_45_KINASE_45_RXN
HS14106,DCP2,1.277696171875,1.2776961718749995,1.0000000000000004,-4.440892098500626e-16,MINIMAL,optimal,1,RXN_45_12817
G66_47107,NUDT16,1.277696171875,1.2776961718749995,1.0000000000000004,-4.440892098500626e-16,MINIMAL,optimal,1,RXN_45_12817
HS02296,RNMT,1.277696171875,1.2776961718749995,1.0000000000000004,-4.440892098500626e-16,MINIMAL,optimal,1,MRNA_45_GUANINE_45_N7_45__45_METHYLTRANSFERASE_45_RXN
HS01447,OXCT1,1.277696171875,1.2776961718749995,1.0000000000000004,-4.440892098500626e-16,MINIMAL,optimal,1,3_45_OXOACID_45_COA_45_TRANSFERASE_45_RXN
HS11579,OXCT2,1.277696171875,1.2776961718749995,1.0000000000000004,-4.440892098500626e-16,MINIMAL,optimal,1,3_45_OXOACID_45_COA_45_TRANSFERASE_45_RXN
HS10991,B3GALT6,1.277696171875,1.2776961718749995,1.0000000000000004,-4.440892098500626e-16,MINIMAL,optimal,1,2_46_4_46_1_46_134_45_RXN
HS03003,PHYH,1.277696171875,1.2776961718749995,1.0000000000000004,-4.440892098500626e-16,MINIMAL,optimal,2,1_46_14_46_11_46_18_45_RXN;RXN66_45_470
HS16453,PHYHD1,1.277696171875,1.2776961718749995,1.0000000000000004,-4.440892098500626e-16,MINIMAL,optimal,2,1_46_14_46_11_46_18_45_RXN;RXN66_45_470
HS01985,PISD,1.277696171875,1.2776961718749995,1.0000000000000004,-4.440892098500626e-16,MINIMAL,optimal,1,PHOSPHASERDECARB_45_RXN
G66_30734,POMK,1.277696171875,1.2776961718749995,1.0000000000000004,-4.440892098500626e-16,MINIMAL,optimal,1,RXN_45_19397
HS00333,EXTL3,1.277696171875,1.2776961718749995,1.0000000000000004,-4.440892098500626e-16,MINIMAL,optimal,1,2_46_4_46_1_46_223_45_RXN
HS08719,EXTL2,1.277696171875,1.2776961718749995,1.0000000000000004,-4.440892098500626e-16,MINIMAL,optimal,1,2_46_4_46_1_46_223_45_RXN
HS04186,A4GNT,1.277696171875,1.2776961718749995,1.0000000000000004,-4.440892098500626e-16,MINIMAL,optimal,1,2_46_4_46_1_46_223_45_RXN
HS08259,EXTL1,1.277696171875,1.2776961718749995,1.0000000000000004,-4.440892098500626e-16,MINIMAL,optimal,1,2_46_4_46_1_46_224_45_RXN
HS12080,CSGLCAT,1.277696171875,1.2776961718749995,1.0000000000000004,-4.440892098500626e-16,MINIMAL,optimal,1,RXN_45_16324
HS13103,CHPF,1.277696171875,1.2776961718749995,1.0000000000000004,-4.440892098500626e-16,MINIMAL,optimal,2,RXN_45_16325;RXN_45_16324
HS07624,B3GAT3,1.277696171875,1.2776961718749995,1.0000000000000004,-4.440892098500626e-16,MINIMAL,optimal,1,2_46_4_46_1_46_135_45_RXN
HS05762,LARGE,1.277696171875,1.2776961718749995,1.0000000000000004,-4.440892098500626e-16,MINIMAL,optimal,2,RXN_45_19404;RXN_45_19405
HS09299,LARGE2,1.277696171875,1.2776961718749995,1.0000000000000004,-4.440892098500626e-16,MINIMAL,optimal,2,RXN_45_19404;RXN_45_19405
HS00012,EXT1,1.277696171875,1.2776961718749995,1.0000000000000004,-4.440892098500626e-16,MINIMAL,optimal,2,2_46_4_46_1_46_224_45_RXN;2_46_4_46_1_46_225_45_RXN
HS07726,EXT2,1.277696171875,1.2776961718749995,1.0000000000000004,-4.440892098500626e-16,MINIMAL,optimal,2,2_46_4_46_1_46_224_45_RXN;2_46_4_46_1_46_225_45_RXN
HS00459,B4GALT7,1.277696171875,1.2776961718749995,1.0000000000000004,-4.440892098500626e-16,MINIMAL,optimal,1,2_46_4_46_1_46_133_45_RXN
HS14042,POMGNT2,1.277696171875,1.2776961718749995,1.0000000000000004,-4.440892098500626e-16,MINIMAL,optimal,1,RXN_45_19399
HS01515,POMGNT1,1.277696171875,1.2776961718749995,1.0000000000000004,-4.440892098500626e-16,MINIMAL,optimal,1,RXN_45_18948
HS06138,AOAH,1.277696171875,1.2776961718749995,1.0000000000000004,-4.440892098500626e-16,MINIMAL,optimal,1,3_46_1_46_1_46_77_45_RXN
HS00544,PNKP,1.277696171875,1.2776961718749995,1.0000000000000004,-4.440892098500626e-16,MINIMAL,optimal,2,POLYNUCLEOTIDE_45_5_45_HYDROXYL_45_KINASE_45_RXN;POLYNUCLEOTIDE_45_3_45_PHOSPHATASE_45_RXN
HS04148,DPH5,1.277696171875,1.2776961718749995,1.0000000000000004,-4.440892098500626e-16,MINIMAL,optimal,4,RXN_45_11374;RXN_45_11373;RXN_45_11370;RXN_45_14326
HS08258,PAFAH2,1.277696171875,1.2776961718749995,1.0000000000000004,-4.440892098500626e-16,MINIMAL,optimal,1,3_46_1_46_1_46_47_45_RXN
HS07320,PLA2G7,1.277696171875,1.2776961718749995,1.0000000000000004,-4.440892098500626e-16,MINIMAL,optimal,1,3_46_1_46_1_46_47_45_RXN
HS09693,PAFAH1B2,1.277696171875,1.2776961718749995,1.0000000000000004,-4.440892098500626e-16,MINIMAL,optimal,1,3_46_1_46_1_46_47_45_RXN
HS00204,PAFAH1B1,1.277696171875,1.2776961718749995,1.0000000000000004,-4.440892098500626e-16,MINIMAL,optimal,1,3_46_1_46_1_46_47_45_RXN
HS01330,PAFAH1B3,1.277696171875,1.2776961718749995,1.0000000000000004,-4.440892098500626e-16,MINIMAL,optimal,1,3_46_1_46_1_46_47_45_RXN
HS15413,ASPG,1.277696171875,1.2776961718749995,1.0000000000000004,-4.440892098500626e-16,MINIMAL,optimal,1,3_46_1_46_1_46_47_45_RXN
HS10812,UGT8,1.277696171875,1.2776961718749995,1.0000000000000004,-4.440892098500626e-16,MINIMAL,optimal,5,RXN_45_18316;RXN_45_18315;RXN_45_18317;2_46_4_46_1_46_45_45_RXN;2_46_4_46_1_46_47_45_RXN
HS03876,ACADL,1.277696171875,1.2776961718749995,1.0000000000000004,-4.440892098500626e-16,MINIMAL,optimal,3,ACYLCOADEHYDROG_45_RXN;LONG_45_CHAIN_45_ACYL_45_COA_45_DEHYDROGENASE_45_RXN;BUTYRYL_45_COA_45_DEHYDROGENASE_45_RXN
G66_47266,ACOT6,1.277696171875,1.2776961718749995,1.0000000000000004,-4.440892098500626e-16,MINIMAL,optimal,4,RXN_45_16395;THIOESTER_45_RXN;ACYL_45_COA_45_HYDROLASE_45_RXN;RXN_45_20355
HS04631,ACOT9,1.277696171875,1.2776961718749995,1.0000000000000004,-4.440892098500626e-16,MINIMAL,optimal,4,RXN_45_16395;THIOESTER_45_RXN;ACYL_45_COA_45_HYDROLASE_45_RXN;RXN_45_20355
HS07821,OLAH,1.277696171875,1.2776961718749995,1.0000000000000004,-4.440892098500626e-16,MINIMAL,optimal,5,3_46_1_46_2_46_14_45_RXN;RXN_45_16395;ACYL_45_COA_45_HYDROLASE_45_RXN;RXN_45_20355;THIOESTER_45_RXN
HS07639,TRPT1,1.277696171875,1.2776961718749995,1.0000000000000004,-4.440892098500626e-16,MINIMAL,optimal,1,2_46_7_46_1_46_160_45_RXN
HS00643,POLQ,1.277696171875,1.2776961718749995,1.0000000000000004,-4.440892098500626e-16,MINIMAL,optimal,1,RXN0_45_4961
HS00262,REV3L,1.277696171875,1.2776961718749995,1.0000000000000004,-4.440892098500626e-16,MINIMAL,optimal,1,RXN0_45_4961
HS04587,POLM,1.277696171875,1.2776961718749995,1.0000000000000004,-4.440892098500626e-16,MINIMAL,optimal,0,
HS02933,POLD2,1.277696171875,1.2776961718749995,1.0000000000000004,-4.440892098500626e-16,MINIMAL,optimal,1,RXN0_45_4961
HS00997,POLB,1.277696171875,1.2776961718749995,1.0000000000000004,-4.440892098500626e-16,MINIMAL,optimal,0,
HS09346,POLL,1.277696171875,1.2776961718749995,1.0000000000000004,-4.440892098500626e-16,MINIMAL,optimal,0,
HS11124,POLE,1.277696171875,1.2776961718749995,1.0000000000000004,-4.440892098500626e-16,MINIMAL,optimal,0,
HS02095,POLE2,1.277696171875,1.2776961718749995,1.0000000000000004,-4.440892098500626e-16,MINIMAL,optimal,1,RXN0_45_4961
HS06732,POLG,1.277696171875,1.2776961718749995,1.0000000000000004,-4.440892098500626e-16,MINIMAL,optimal,1,RXN0_45_4961
HS06166,POLG2,1.277696171875,1.2776961718749995,1.0000000000000004,-4.440892098500626e-16,MINIMAL,optimal,1,RXN0_45_4961
HS00772,POLD1,1.277696171875,1.2776961718749995,1.0000000000000004,-4.440892098500626e-16,MINIMAL,optimal,0,
HS02310,POLA1,1.277696171875,1.2776961718749995,1.0000000000000004,-4.440892098500626e-16,MINIMAL,optimal,0,
HS11942,PDIP1,1.277696171875,1.2776961718749995,1.0000000000000004,-4.440892098500626e-16,MINIMAL,optimal,0,
HS02300,POLI,1.277696171875,1.2776961718749995,1.0000000000000004,-4.440892098500626e-16,MINIMAL,optimal,1,RXN0_45_4961
HS03632,POLS,1.277696171875,1.2776961718749995,1.0000000000000004,-4.440892098500626e-16,MINIMAL,optimal,0,
HS03874,POLE4,1.277696171875,1.2776961718749995,1.0000000000000004,-4.440892098500626e-16,MINIMAL,optimal,1,RXN0_45_4961
HS04538,POLK,1.277696171875,1.2776961718749995,1.0000000000000004,-4.440892098500626e-16,MINIMAL,optimal,0,
HS05467,POLN,1.277696171875,1.2776961718749995,1.0000000000000004,-4.440892098500626e-16,MINIMAL,optimal,0,
HS07503,POLE3,1.277696171875,1.2776961718749995,1.0000000000000004,-4.440892098500626e-16,MINIMAL,optimal,1,RXN0_45_4961
HS10171,POLH,1.277696171875,1.2776961718749995,1.0000000000000004,-4.440892098500626e-16,MINIMAL,optimal,1,RXN0_45_4961
HS10936,POLD4,1.277696171875,1.2776961718749995,1.0000000000000004,-4.440892098500626e-16,MINIMAL,optimal,1,RXN0_45_4961
HS01249,POLD3,1.277696171875,1.2776961718749995,1.0000000000000004,-4.440892098500626e-16,MINIMAL,optimal,1,RXN0_45_4961
HS00357,POLA2,1.277696171875,1.2776961718749995,1.0000000000000004,-4.440892098500626e-16,MINIMAL,optimal,0,
HS16865,PTRF,1.277696171875,1.2776961718749995,1.0000000000000004,-4.440892098500626e-16,MINIMAL,optimal,0,
HS09541,RRM1,1.277696171875,1.2776961718749995,1.0000000000000004,-4.440892098500626e-16,MINIMAL,optimal,5,ADPREDUCT_45_RXN;RIBONUCLEOSIDE_45_DIP_45_REDUCTI_45_RXN;CDPREDUCT_45_RXN;UDPREDUCT_45_RXN;GDPREDUCT_45_RXN
HS00602,RRM2B,1.277696171875,1.2776961718749995,1.0000000000000004,-4.440892098500626e-16,MINIMAL,optimal,9,RIBONUCLEOSIDE_45_DIP_45_REDUCTII_45_RXN;CDPREDUCT_45_RXN;UDPREDUCT_45_RXN;RXN0_45_747;ADPREDUCT_45_RXN;RIBONUCLEOSIDE_45_DIP_45_REDUCTI_45_RXN;RXN0_45_722;RXN0_45_748;GDPREDUCT_45_RXN
HS10398,RRM2,1.277696171875,1.2776961718749995,1.0000000000000004,-4.440892098500626e-16,MINIMAL,optimal,9,RIBONUCLEOSIDE_45_DIP_45_REDUCTII_45_RXN;CDPREDUCT_45_RXN;UDPREDUCT_45_RXN;RXN0_45_747;ADPREDUCT_45_RXN;RIBONUCLEOSIDE_45_DIP_45_REDUCTI_45_RXN;RXN0_45_722;RXN0_45_748;GDPREDUCT_45_RXN
HS09478,PIP4K2C,1.277696171875,1.2776961718749995,1.0000000000000004,-4.440892098500626e-16,MINIMAL,optimal,1,2_46_7_46_1_46_149_45_RXN
HS07693,PIP4K2A,1.277696171875,1.2776961718749995,1.0000000000000004,-4.440892098500626e-16,MINIMAL,optimal,2,2_46_7_46_1_46_149_45_RXN;RXN_45_10957
HS03825,PIKFYVE,1.277696171875,1.2776961718749995,1.0000000000000004,-4.440892098500626e-16,MINIMAL,optimal,1,2_46_7_46_1_46_150_45_RXN
HS00551,INPP4A,1.277696171875,1.2776961718749995,1.0000000000000004,-4.440892098500626e-16,MINIMAL,optimal,1,3_46_1_46_3_46_66_45_RXN
HS03227,INPP4B,1.277696171875,1.2776961718749995,1.0000000000000004,-4.440892098500626e-16,MINIMAL,optimal,1,3_46_1_46_3_46_66_45_RXN
HS00315,PIK3C2A,1.277696171875,1.2776961718749995,1.0000000000000004,-4.440892098500626e-16,MINIMAL,optimal,1,2_46_7_46_1_46_154_45_RXN
HS05725,PIK3C2B,1.277696171875,1.2776961718749995,1.0000000000000004,-4.440892098500626e-16,MINIMAL,optimal,1,2_46_7_46_1_46_154_45_RXN
HS06583,PIK3C2G,1.277696171875,1.2776961718749995,1.0000000000000004,-4.440892098500626e-16,MINIMAL,optimal,1,2_46_7_46_1_46_154_45_RXN
HS14553,TMEM55A,1.277696171875,1.2776961718749995,1.0000000000000004,-4.440892098500626e-16,MINIMAL,optimal,1,RXN_45_9779
HS15363,TMEM55B,1.277696171875,1.2776961718749995,1.0000000000000004,-4.440892098500626e-16,MINIMAL,optimal,1,RXN_45_9779
HS07523,INPP5E,1.277696171875,1.2776961718749995,1.0000000000000004,-4.440892098500626e-16,MINIMAL,optimal,1,PHOSPHATIDYLINOSITOL_45_BISPHOSPHATASE_45_RXN
HS11950,INPP5J,1.277696171875,1.2776961718749995,1.0000000000000004,-4.440892098500626e-16,MINIMAL,optimal,1,PHOSPHATIDYLINOSITOL_45_BISPHOSPHATASE_45_RXN
HS02779,PIK3R2,1.277696171875,1.2776961718749995,1.0000000000000004,-4.440892098500626e-16,MINIMAL,optimal,1,2_46_7_46_1_46_153_45_RXN
HS07270,PIK3R1,1.277696171875,1.2776961718749995,1.0000000000000004,-4.440892098500626e-16,MINIMAL,optimal,1,2_46_7_46_1_46_153_45_RXN
HS00644,PIK3CB,1.277696171875,1.2776961718749995,1.0000000000000004,-4.440892098500626e-16,MINIMAL,optimal,1,2_46_7_46_1_46_153_45_RXN
HS04135,PIK3R3,1.277696171875,1.2776961718749995,1.0000000000000004,-4.440892098500626e-16,MINIMAL,optimal,1,2_46_7_46_1_46_153_45_RXN
HS13887,PIK3R5,1.277696171875,1.2776961718749995,1.0000000000000004,-4.440892098500626e-16,MINIMAL,optimal,2,2_46_7_46_1_46_154_45_RXN;2_46_7_46_1_46_153_45_RXN
HS16294,PIK3R6,1.277696171875,1.2776961718749995,1.0000000000000004,-4.440892098500626e-16,MINIMAL,optimal,2,2_46_7_46_1_46_154_45_RXN;2_46_7_46_1_46_153_45_RXN
HS10199,PLA2G1B,1.277696171875,1.2776961718749995,1.0000000000000004,-4.440892098500626e-16,MINIMAL,optimal,6,PHOSPHOLIPASE_45_A2_45_RXN;RXN_45_20546;RXN_45_17736;PHOSPHATIDYLINOSITOL_45_DEACYLASE_45_RXN;RXN0_45_6725;RXN_45_20558
HS02818,PIK3CG,1.277696171875,1.2776961718749995,1.0000000000000004,-4.440892098500626e-16,MINIMAL,optimal,2,1_45_PHOSPHATIDYLINOSITOL_45_3_45_KINASE_45_RXN;2_46_7_46_1_46_153_45_RXN
HS03788,PIK3R4,1.277696171875,1.2776961718749995,1.0000000000000004,-4.440892098500626e-16,MINIMAL,optimal,2,1_45_PHOSPHATIDYLINOSITOL_45_3_45_KINASE_45_RXN;PROTEIN_45_KINASE_45_RXN
HS01275,PIK3C3,1.277696171875,1.2776961718749995,1.0000000000000004,-4.440892098500626e-16,MINIMAL,optimal,1,1_45_PHOSPHATIDYLINOSITOL_45_3_45_KINASE_45_RXN
HS10353,PIK3CD,1.277696171875,1.2776961718749995,1.0000000000000004,-4.440892098500626e-16,MINIMAL,optimal,2,1_45_PHOSPHATIDYLINOSITOL_45_3_45_KINASE_45_RXN;2_46_7_46_1_46_153_45_RXN
HS04527,PIK3CA,1.277696171875,1.2776961718749995,1.0000000000000004,-4.440892098500626e-16,MINIMAL,optimal,2,1_45_PHOSPHATIDYLINOSITOL_45_3_45_KINASE_45_RXN;2_46_7_46_1_46_153_45_RXN
HS06072,PIGC,1.277696171875,1.2776961718749995,1.0000000000000004,-4.440892098500626e-16,MINIMAL,optimal,1,2_46_4_46_1_46_198_45_RXN
HS02109,PIGH,1.277696171875,1.2776961718749995,1.0000000000000004,-4.440892098500626e-16,MINIMAL,optimal,1,2_46_4_46_1_46_198_45_RXN
HS00218,PIGQ,1.277696171875,1.2776961718749995,1.0000000000000004,-4.440892098500626e-16,MINIMAL,optimal,1,2_46_4_46_1_46_198_45_RXN
HS09198,PIGA,1.277696171875,1.2776961718749995,1.0000000000000004,-4.440892098500626e-16,MINIMAL,optimal,1,2_46_4_46_1_46_198_45_RXN
HS11965,PIGP,1.277696171875,1.2776961718749995,1.0000000000000004,-4.440892098500626e-16,MINIMAL,optimal,1,2_46_4_46_1_46_198_45_RXN
G66_32032,PIGY,1.277696171875,1.2776961718749995,1.0000000000000004,-4.440892098500626e-16,MINIMAL,optimal,1,2_46_4_46_1_46_198_45_RXN
HS00389,AGPS,1.277696171875,1.2776961718749995,1.0000000000000004,-4.440892098500626e-16,MINIMAL,optimal,1,ALKYLGLYCERONE_45_PHOSPHATE_45_SYNTHASE_45_RXN
HS15623,PLA/AT5,1.277696171875,1.2776961718749995,1.0000000000000004,-4.440892098500626e-16,MINIMAL,optimal,3,RXN_45_20563;RXN_45_20503;PHOSPHOLIPASE_45_A1_45_RXN
HS05758,PLA/AT4,1.277696171875,1.2776961718749995,1.0000000000000004,-4.440892098500626e-16,MINIMAL,optimal,2,RXN_45_20563;PHOSPHOLIPASE_45_A1_45_RXN
HS11053,PLA/AT3,1.277696171875,1.2776961718749995,1.0000000000000004,-4.440892098500626e-16,MINIMAL,optimal,3,PHOSPHOLIPASE_45_A2_45_RXN;RXN_45_20563;PHOSPHOLIPASE_45_A1_45_RXN
HS13475,PLA/AT2,1.277696171875,1.2776961718749995,1.0000000000000004,-4.440892098500626e-16,MINIMAL,optimal,3,RXN_45_20563;RXN_45_20503;PHOSPHOLIPASE_45_A1_45_RXN
HS13232,PLA/AT1,1.277696171875,1.2776961718749995,1.0000000000000004,-4.440892098500626e-16,MINIMAL,optimal,3,RXN_45_20563;RXN_45_20503;PHOSPHOLIPASE_45_A1_45_RXN
HS02688,LGALS13,1.277696171875,1.2776961718749995,1.0000000000000004,-4.440892098500626e-16,MINIMAL,optimal,1,LYSOPHOSPHOLIPASE_45_RXN
HS02691,CLC,1.277696171875,1.2776961718749995,1.0000000000000004,-4.440892098500626e-16,MINIMAL,optimal,1,LYSOPHOSPHOLIPASE_45_RXN
HS05972,PNPLA8,1.277696171875,1.2776961718749995,1.0000000000000004,-4.440892098500626e-16,MINIMAL,optimal,2,PHOSPHOLIPASE_45_A2_45_RXN;LYSOPHOSPHOLIPASE_45_RXN
HS07209,PLA1A,1.277696171875,1.2776961718749995,1.0000000000000004,-4.440892098500626e-16,MINIMAL,optimal,2,RXN_45_20544;RXN_45_20542
HS07047,PIP5K1A,1.277696171875,1.2776961718749995,1.0000000000000004,-4.440892098500626e-16,MINIMAL,optimal,2,2_46_7_46_1_46_68_45_RXN;RXN_45_20527
HS02982,PIP5K1B,1.277696171875,1.2776961718749995,1.0000000000000004,-4.440892098500626e-16,MINIMAL,optimal,2,2_46_7_46_1_46_68_45_RXN;RXN_45_20527
HS02710,PIP5K1C,1.277696171875,1.2776961718749995,1.0000000000000004,-4.440892098500626e-16,MINIMAL,optimal,2,2_46_7_46_1_46_68_45_RXN;RXN_45_20527
HS15520,PIP5KL1,1.277696171875,1.2776961718749995,1.0000000000000004,-4.440892098500626e-16,MINIMAL,optimal,2,2_46_7_46_1_46_68_45_RXN;RXN_45_20527
HS10726,MGC26597,1.277696171875,1.2776961718749995,1.0000000000000004,-4.440892098500626e-16,MINIMAL,optimal,2,2_46_7_46_1_46_68_45_RXN;RXN_45_20527
HS06865,PIP4K2B,1.277696171875,1.2776961718749995,1.0000000000000004,-4.440892098500626e-16,MINIMAL,optimal,3,2_46_7_46_1_46_149_45_RXN;2_46_7_46_1_46_68_45_RXN;RXN_45_20527
HS07046,PI4KB,1.277696171875,1.2776961718749995,1.0000000000000004,-4.440892098500626e-16,MINIMAL,optimal,3,1_45_PHOSPHATIDYLINOSITOL_45_KINASE_45_RXN;RXN_45_20526;RXN_45_20527
HS00041,PI4KA,1.277696171875,1.2776961718749995,1.0000000000000004,-4.440892098500626e-16,MINIMAL,optimal,3,1_45_PHOSPHATIDYLINOSITOL_45_KINASE_45_RXN;RXN_45_20526;RXN_45_20527
HS00573,PI4KII,1.277696171875,1.2776961718749995,1.0000000000000004,-4.440892098500626e-16,MINIMAL,optimal,3,1_45_PHOSPHATIDYLINOSITOL_45_KINASE_45_RXN;RXN_45_20526;RXN_45_20527
HS00529,PI4K2B,1.277696171875,1.2776961718749995,1.0000000000000004,-4.440892098500626e-16,MINIMAL,optimal,3,1_45_PHOSPHATIDYLINOSITOL_45_KINASE_45_RXN;RXN_45_20526;RXN_45_20527
HS11396,PLD6,1.277696171875,1.2776961718749995,1.0000000000000004,-4.440892098500626e-16,MINIMAL,optimal,2,RXN_45_20531;PHOSCHOL_45_RXN
HS09396,PLD4,1.277696171875,1.2776961718749995,1.0000000000000004,-4.440892098500626e-16,MINIMAL,optimal,2,RXN_45_20531;PHOSCHOL_45_RXN
HS02695,PLD3,1.277696171875,1.2776961718749995,1.0000000000000004,-4.440892098500626e-16,MINIMAL,optimal,2,RXN_45_20531;PHOSCHOL_45_RXN
HS05256,PLD2,1.277696171875,1.2776961718749995,1.0000000000000004,-4.440892098500626e-16,MINIMAL,optimal,2,RXN_45_20531;PHOSCHOL_45_RXN
HS01185,PLD1,1.277696171875,1.2776961718749995,1.0000000000000004,-4.440892098500626e-16,MINIMAL,optimal,2,RXN_45_20531;PHOSCHOL_45_RXN
HS06258,ENPP2,1.277696171875,1.2776961718749995,1.0000000000000004,-4.440892098500626e-16,MINIMAL,optimal,6,RXN_45_20549;3_46_1_46_4_46_39_45_RXN;RXN_45_17741;RXN_45_20547;RXN_45_17740;RXN_45_20551
HS17432,TMEM86B,1.277696171875,1.2776961718749995,1.0000000000000004,-4.440892098500626e-16,MINIMAL,optimal,2,3_46_3_46_2_46_2_45_RXN;3_46_3_46_2_46_5_45_RXN
HS02232,CDS2,1.277696171875,1.2776961718749995,1.0000000000000004,-4.440892098500626e-16,MINIMAL,optimal,3,RXN_45_20524;RXN0_45_5515;CDPDIGLYSYN_45_RXN
HS08895,CDS1,1.277696171875,1.2776961718749995,1.0000000000000004,-4.440892098500626e-16,MINIMAL,optimal,3,RXN_45_20524;RXN0_45_5515;CDPDIGLYSYN_45_RXN
G66_47568,CDS2,1.277696171875,1.2776961718749995,1.0000000000000004,-4.440892098500626e-16,MINIMAL,optimal,3,RXN_45_20524;RXN0_45_5515;CDPDIGLYSYN_45_RXN
HS01328,LIPE,1.277696171875,1.2776961718749995,1.0000000000000004,-4.440892098500626e-16,MINIMAL,optimal,9,STEROL_45_ESTERASE_45_RXN;RXN_45_19280;RXN_45_19279;RXN_45_20522;TRIACYLGLYCEROL_45_LIPASE_45_RXN;RXN_45_12086;RXN_45_1602;RXN_45_19278;RXN_45_7952
HS00058,DGAT1,1.277696171875,1.2776961718749995,1.0000000000000004,-4.440892098500626e-16,MINIMAL,optimal,1,DIACYLGLYCEROL_45_O_45_ACYLTRANSFERASE_45_RXN
HS00766,DGAT2,1.277696171875,1.2776961718749995,1.0000000000000004,-4.440892098500626e-16,MINIMAL,optimal,1,DIACYLGLYCEROL_45_O_45_ACYLTRANSFERASE_45_RXN
HS05844,CEPT1,1.277696171875,1.2776961718749995,1.0000000000000004,-4.440892098500626e-16,MINIMAL,optimal,4,2_46_7_46_8_46_22_45_RXN;RXN_45_17731;ETHANOLAMINEPHOSPHOTRANSFERASE_45_RXN;RXN_45_17733
HS06434,EPT1,1.277696171875,1.2776961718749995,1.0000000000000004,-4.440892098500626e-16,MINIMAL,optimal,2,RXN_45_17731;ETHANOLAMINEPHOSPHOTRANSFERASE_45_RXN
HS01226,DGKD,1.277696171875,1.2776961718749995,1.0000000000000004,-4.440892098500626e-16,MINIMAL,optimal,1,DIACYLGLYKIN_45_RXN
HS00726,DGKG,1.277696171875,1.2776961718749995,1.0000000000000004,-4.440892098500626e-16,MINIMAL,optimal,1,DIACYLGLYKIN_45_RXN
HS07233,DGKQ,1.277696171875,1.2776961718749995,1.0000000000000004,-4.440892098500626e-16,MINIMAL,optimal,1,DIACYLGLYKIN_45_RXN
HS06141,DGKB,1.277696171875,1.2776961718749995,1.0000000000000004,-4.440892098500626e-16,MINIMAL,optimal,1,DIACYLGLYKIN_45_RXN
HS08234,DGKI,1.277696171875,1.2776961718749995,1.0000000000000004,-4.440892098500626e-16,MINIMAL,optimal,1,DIACYLGLYKIN_45_RXN
HS07583,DGKZ,1.277696171875,1.2776961718749995,1.0000000000000004,-4.440892098500626e-16,MINIMAL,optimal,1,DIACYLGLYKIN_45_RXN
HS17545,G_HS17545,1.277696171875,1.2776961718749995,1.0000000000000004,-4.440892098500626e-16,MINIMAL,optimal,1,DIACYLGLYKIN_45_RXN
HS00007,DGKA,1.277696171875,1.2776961718749995,1.0000000000000004,-4.440892098500626e-16,MINIMAL,optimal,1,DIACYLGLYKIN_45_RXN
HS12171,DGKA,1.277696171875,1.2776961718749995,1.0000000000000004,-4.440892098500626e-16,MINIMAL,optimal,1,DIACYLGLYKIN_45_RXN
HS02411,DGKH,1.277696171875,1.2776961718749995,1.0000000000000004,-4.440892098500626e-16,MINIMAL,optimal,1,DIACYLGLYKIN_45_RXN
HS17318,G_HS17318,1.277696171875,1.2776961718749995,1.0000000000000004,-4.440892098500626e-16,MINIMAL,optimal,1,DIACYLGLYKIN_45_RXN
HS07932,DGKE,1.277696171875,1.2776961718749995,1.0000000000000004,-4.440892098500626e-16,MINIMAL,optimal,1,DIACYLGLYKIN_45_RXN
HS14711,G_HS14711,1.277696171875,1.2776961718749995,1.0000000000000004,-4.440892098500626e-16,MINIMAL,optimal,1,DIACYLGLYKIN_45_RXN
HS00180,AGK,1.277696171875,1.2776961718749995,1.0000000000000004,-4.440892098500626e-16,MINIMAL,optimal,2,ACYLGLYCEROL_45_KINASE_45_RXN;DIACYLGLYKIN_45_RXN
G66_31341,DGKK,1.277696171875,1.2776961718749995,1.0000000000000004,-4.440892098500626e-16,MINIMAL,optimal,1,DIACYLGLYKIN_45_RXN
HS05516,HACL1,1.277696171875,1.2776961718749995,1.0000000000000004,-4.440892098500626e-16,MINIMAL,optimal,2,RXN66_45_471;RXN66_45_475
HS06152,MTHFS,1.277696171875,1.2776961718749995,1.0000000000000004,-4.440892098500626e-16,MINIMAL,optimal,1,5_45_FORMYL_45_THF_45_CYCLO_45_LIGASE_45_RXN
HS02479,MTHFSD,1.277696171875,1.2776961718749995,1.0000000000000004,-4.440892098500626e-16,MINIMAL,optimal,1,5_45_FORMYL_45_THF_45_CYCLO_45_LIGASE_45_RXN
HS03575,HSD17B8,1.277696171875,1.2776961718749995,1.0000000000000004,-4.440892098500626e-16,MINIMAL,optimal,7,RXN_45_9528;1_46_1_46_1_46_51_45_RXN;RXN_45_9514;RXN_45_9532;RXN_45_9518;RXN_45_9524;RXN_45_9536
HS07256,CBR4,1.277696171875,1.2776961718749995,1.0000000000000004,-4.440892098500626e-16,MINIMAL,optimal,9,NQOR_45_RXN;RXN_45_9528;RXN_45_12303;RXN_45_9514;RXN_45_9532;RXN_45_19671;RXN_45_9518;RXN_45_9524;RXN_45_9536
G66_33393,ASAH2,1.277696171875,1.2776961718749995,1.0000000000000004,-4.440892098500626e-16,MINIMAL,optimal,4,RXN_45_20504;RXN_45_11375;CERAMIDASE_45_RXN;CERAMIDASE_45_YEAST_45_RXN
HS00645,AMY2B,1.277696171875,1.2776961718749995,1.0000000000000004,-4.440892098500626e-16,MINIMAL,optimal,2,RXN_45_1823;RXN_45_1825
HS10841,AMY2A,1.277696171875,1.2776961718749995,1.0000000000000004,-4.440892098500626e-16,MINIMAL,optimal,2,RXN_45_1823;RXN_45_1825
HS10839,AMY1A,1.277696171875,1.2776961718749995,1.0000000000000004,-4.440892098500626e-16,MINIMAL,optimal,2,RXN_45_1823;RXN_45_1825
HS03772,GBE1,1.277696171875,1.2776961718749995,1.0000000000000004,-4.440892098500626e-16,MINIMAL,optimal,6,RXN_45_14371;RXN_45_7669;GLYCOGEN_45_BRANCH_45_RXN;RXN_45_7710;RXN_45_18777;RXN_45_14372
HS05944,AGTPBP1,1.277696171875,1.2776961718749995,1.0000000000000004,-4.440892098500626e-16,MINIMAL,optimal,2,RXN_45_20873;RXN_45_20874
HS03219,MANBA,1.277696171875,1.2776961718749995,1.0000000000000004,-4.440892098500626e-16,MINIMAL,optimal,1,3_46_2_46_1_46_25_45_RXN
HS17083,G_HS17083,1.277696171875,1.2776961718749995,1.0000000000000004,-4.440892098500626e-16,MINIMAL,optimal,3,RXN_45_15289;BETA_45_GLUCURONID_45_RXN;RXN_45_15291
HS17067,G_HS17067,1.277696171875,1.2776961718749995,1.0000000000000004,-4.440892098500626e-16,MINIMAL,optimal,3,RXN_45_15289;BETA_45_GLUCURONID_45_RXN;RXN_45_15291
HS16190,G_HS16190,1.277696171875,1.2776961718749995,1.0000000000000004,-4.440892098500626e-16,MINIMAL,optimal,3,RXN_45_15289;BETA_45_GLUCURONID_45_RXN;RXN_45_15291
HS14721,G_HS14721,1.277696171875,1.2776961718749995,1.0000000000000004,-4.440892098500626e-16,MINIMAL,optimal,3,RXN_45_15289;BETA_45_GLUCURONID_45_RXN;RXN_45_15291
HS15240,G_HS15240,1.277696171875,1.2776961718749995,1.0000000000000004,-4.440892098500626e-16,MINIMAL,optimal,3,RXN_45_15289;BETA_45_GLUCURONID_45_RXN;RXN_45_15291
HS16630,G_HS16630,1.277696171875,1.2776961718749995,1.0000000000000004,-4.440892098500626e-16,MINIMAL,optimal,3,RXN_45_15289;BETA_45_GLUCURONID_45_RXN;RXN_45_15291
HS10035,GUSB,1.277696171875,1.2776961718749995,1.0000000000000004,-4.440892098500626e-16,MINIMAL,optimal,3,RXN_45_15289;BETA_45_GLUCURONID_45_RXN;RXN_45_15291
HS15769,G_HS15769,1.277696171875,1.2776961718749995,1.0000000000000004,-4.440892098500626e-16,MINIMAL,optimal,3,RXN_45_15289;BETA_45_GLUCURONID_45_RXN;RXN_45_15291
HS10883,G_HS10883,1.277696171875,1.2776961718749995,1.0000000000000004,-4.440892098500626e-16,MINIMAL,optimal,1,BETA_45_GLUCURONID_45_RXN
HS05739,KL,1.277696171875,1.2776961718749995,1.0000000000000004,-4.440892098500626e-16,MINIMAL,optimal,1,BETA_45_GLUCURONID_45_RXN
HS08530,G_HS08530,1.277696171875,1.2776961718749995,1.0000000000000004,-4.440892098500626e-16,MINIMAL,optimal,1,GLUCOSYLCERAMIDASE_45_RXN
HS11195,GBA,1.277696171875,1.2776961718749995,1.0000000000000004,-4.440892098500626e-16,MINIMAL,optimal,1,GLUCOSYLCERAMIDASE_45_RXN
HS01000,GBA2,1.277696171875,1.2776961718749995,1.0000000000000004,-4.440892098500626e-16,MINIMAL,optimal,1,GLUCOSYLCERAMIDASE_45_RXN
HS04210,B4GALT6,1.277696171875,1.2776961718749995,1.0000000000000004,-4.440892098500626e-16,MINIMAL,optimal,1,RXN_45_12119
HS07099,DEGS1,1.277696171875,1.2776961718749995,1.0000000000000004,-4.440892098500626e-16,MINIMAL,optimal,2,RXN_45_11341;RXN_45_16332
HS09725,MGAT2,1.277696171875,1.2776961718749995,1.0000000000000004,-4.440892098500626e-16,MINIMAL,optimal,2,RXN_45_19008;2_46_4_46_1_46_143_45_RXN
HS00678,GALC,1.277696171875,1.2776961718749995,1.0000000000000004,-4.440892098500626e-16,MINIMAL,optimal,1,GALACTOSYLCERAMIDASE_45_RXN
HS09328,G_HS09328,1.277696171875,1.2776961718749995,1.0000000000000004,-4.440892098500626e-16,MINIMAL,optimal,2,BETAGALACTOSID_45_RXN;3_46_2_46_1_46_23_45_RXN
G66_33964,BACE2,1.277696171875,1.2776961718749995,1.0000000000000004,-4.440892098500626e-16,MINIMAL,optimal,1,RXN_45_11701
HS13920,APP,1.277696171875,1.2776961718749995,1.0000000000000004,-4.440892098500626e-16,MINIMAL,optimal,2,RXN_45_11697;RXN_45_11701
HS08510,BACE1,1.277696171875,1.2776961718749995,1.0000000000000004,-4.440892098500626e-16,MINIMAL,optimal,1,RXN_45_11697
HS01969,ADRBK2,1.277696171875,1.2776961718749995,1.0000000000000004,-4.440892098500626e-16,MINIMAL,optimal,1,2_46_7_46_11_46_15_45_RXN
HS10607,ADRBK1,1.277696171875,1.2776961718749995,1.0000000000000004,-4.440892098500626e-16,MINIMAL,optimal,1,2_46_7_46_11_46_15_45_RXN
HS08717,AGL,1.277696171875,1.2776961718749995,1.0000000000000004,-4.440892098500626e-16,MINIMAL,optimal,11,RXN_45_9023;RXN_45_14261;AMYLOMALT_45_RXN;RXN_45_14354;RXN_45_12391;RXN_45_19947;RXN_45_1828;RXN0_45_5146;3_46_2_46_1_46_33_45_RXN;RXN_45_14260
HS02592,PYCRL,1.277696171875,1.2776961718749995,1.0000000000000004,-4.440892098500626e-16,MINIMAL,optimal,2,RXN66_45_546;PYRROLINECARBREDUCT_45_RXN
HS07109,P5CR2,1.277696171875,1.2776961718749995,1.0000000000000004,-4.440892098500626e-16,MINIMAL,optimal,2,RXN66_45_546;PYRROLINECARBREDUCT_45_RXN
HS13217,L3HYPDH,1.277696171875,1.2776961718749995,1.0000000000000004,-4.440892098500626e-16,MINIMAL,optimal,1,TRANS_45_L_45_3_45_HYDROXYPROLINE_45_DEHYDRATASE_45_RXN
HS02422,GDPD3,1.277696171875,1.2776961718749995,1.0000000000000004,-4.440892098500626e-16,MINIMAL,optimal,6,3_46_1_46_4_46_38_45_RXN;RXN_45_20557;GLYCPDIESTER_45_RXN;RXN_45_20556;RXN_45_14136;RXN_45_14073
HS17131,GDPD4,1.277696171875,1.2776961718749995,1.0000000000000004,-4.440892098500626e-16,MINIMAL,optimal,6,3_46_1_46_4_46_38_45_RXN;RXN_45_20557;GLYCPDIESTER_45_RXN;RXN_45_20556;RXN_45_14136;RXN_45_14073
HS08308,GDPD5,1.277696171875,1.2776961718749995,1.0000000000000004,-4.440892098500626e-16,MINIMAL,optimal,6,3_46_1_46_4_46_38_45_RXN;RXN_45_20557;GLYCPDIESTER_45_RXN;RXN_45_20556;RXN_45_14136;RXN_45_14073
HS07938,GDPD1,1.277696171875,1.2776961718749995,1.0000000000000004,-4.440892098500626e-16,MINIMAL,optimal,6,3_46_1_46_4_46_38_45_RXN;RXN_45_20557;GLYCPDIESTER_45_RXN;RXN_45_20556;RXN_45_14136;RXN_45_14073
HS05338,GDPD2,1.277696171875,1.2776961718749995,1.0000000000000004,-4.440892098500626e-16,MINIMAL,optimal,6,3_46_1_46_4_46_38_45_RXN;RXN_45_20557;GLYCPDIESTER_45_RXN;RXN_45_20556;RXN_45_14136;RXN_45_14073
HS04929,GDE5,1.277696171875,1.2776961718749995,1.0000000000000004,-4.440892098500626e-16,MINIMAL,optimal,6,3_46_1_46_4_46_38_45_RXN;RXN_45_20557;GLYCPDIESTER_45_RXN;RXN_45_20556;RXN_45_14136;RXN_45_14073
HS00157,GDE1,1.277696171875,1.2776961718749995,1.0000000000000004,-4.440892098500626e-16,MINIMAL,optimal,7,3_46_1_46_4_46_38_45_RXN;RXN_45_20557;GLYCPDIESTER_45_RXN;RXN_45_20556;RXN_45_14136;RXN_45_14073;3_46_1_46_4_46_44_45_RXN
HS05179,TST,1.277696171875,1.2776961718749995,1.0000000000000004,-4.440892098500626e-16,MINIMAL,optimal,4,RXN0_45_6385;RXN0_45_6359;RXN_45_19040;THIOSULFATE_45_SULFURTRANSFERASE_45_RXN
G66_46901,TSTD1,1.277696171875,1.2776961718749995,1.0000000000000004,-4.440892098500626e-16,MINIMAL,optimal,4,RXN0_45_6385;RXN0_45_6359;RXN_45_19040;THIOSULFATE_45_SULFURTRANSFERASE_45_RXN
G66_46939,TSTD3,1.277696171875,1.2776961718749995,1.0000000000000004,-4.440892098500626e-16,MINIMAL,optimal,4,RXN0_45_6385;RXN0_45_6359;RXN_45_19040;THIOSULFATE_45_SULFURTRANSFERASE_45_RXN
HS12604,ETHE1,1.277696171875,1.2776961718749995,1.0000000000000004,-4.440892098500626e-16,MINIMAL,optimal,1,RXN_45_13161
HS09809,AHCYL1,1.277696171875,1.2776961718749995,1.0000000000000004,-4.440892098500626e-16,MINIMAL,optimal,1,ADENOSYLHOMOCYSTEINASE_45_RXN
HS08293,AHCYL2,1.277696171875,1.2776961718749995,1.0000000000000004,-4.440892098500626e-16,MINIMAL,optimal,1,ADENOSYLHOMOCYSTEINASE_45_RXN
HS02273,AHCY,1.277696171875,1.2776961718749995,1.0000000000000004,-4.440892098500626e-16,MINIMAL,optimal,1,ADENOSYLHOMOCYSTEINASE_45_RXN
HS10601,ADH5,1.277696171875,1.2776961718749995,1.0000000000000004,-4.440892098500626e-16,MINIMAL,optimal,2,RXN_45_2962;RXN_45_17884
HS09457,ANPEP,1.277696171875,1.2776961718749995,1.0000000000000004,-4.440892098500626e-16,MINIMAL,optimal,3,RXN_45_13677;RXN_45_6642;3_46_4_46_11_46_2_45_RXN
HS03967,PCYOX1,1.277696171875,1.2776961718749995,1.0000000000000004,-4.440892098500626e-16,MINIMAL,optimal,2,1_46_8_46_3_46_5_45_RXN;RXN_45_11623
HS00787,HAGH,1.277696171875,1.2776961718749995,1.0000000000000004,-4.440892098500626e-16,MINIMAL,optimal,1,RXN_45_7919
HS02389,GLA,1.277696171875,1.2776961718749995,1.0000000000000004,-4.440892098500626e-16,MINIMAL,optimal,4,RXN_45_11501;ALPHAGALACTOSID_45_RXN;RXN_45_17830;RXN_45_12088
HS07211,ADPRH,1.277696171875,1.2776961718749995,1.0000000000000004,-4.440892098500626e-16,MINIMAL,optimal,2,RXN_45_8732;ADP_45_RIBOSYLARGININE_45_HYDROLASE_45_RXN
HS00016,DDAH1,1.277696171875,1.2776961718749995,1.0000000000000004,-4.440892098500626e-16,MINIMAL,optimal,1,DIMETHYLARGININASE_45_RXN
HS03493,DDAH2,1.277696171875,1.2776961718749995,1.0000000000000004,-4.440892098500626e-16,MINIMAL,optimal,1,DIMETHYLARGININASE_45_RXN
HS08089,TMLHE,1.277696171875,1.2776961718749995,1.0000000000000004,-4.440892098500626e-16,MINIMAL,optimal,1,TRIMETHYLLYSINE_45_DIOXYGENASE_45_RXN
HS00528,AGA,1.277696171875,1.2776961718749995,1.0000000000000004,-4.440892098500626e-16,MINIMAL,optimal,1,3_46_5_46_1_46_26_45_RXN
HS11329,PFAS,1.277696171875,1.2776961718749995,1.0000000000000004,-4.440892098500626e-16,MINIMAL,optimal,1,FGAMSYN_45_RXN
HS15415,ALKBH3,1.277696171875,1.2776961718749995,1.0000000000000004,-4.440892098500626e-16,MINIMAL,optimal,5,RXN0_45_986;RXN0_45_984;RXN_45_12353;RXN_45_18737;RXN_45_18738
HS01609,SMOX,1.277696171875,1.2776961718749995,1.0000000000000004,-4.440892098500626e-16,MINIMAL,optimal,4,POLYAMINE_45_OXIDASE_45_RXN;RXN_45_6421;RXN_45_10464;RXN_45_9015
HS16666,G_HS16666,1.277696171875,1.2776961718749995,1.0000000000000004,-4.440892098500626e-16,MINIMAL,optimal,3,RXN_45_12091;AMINEOXID_45_RXN;RXN_45_9940
HS05537,AOC2,1.277696171875,1.2776961718749995,1.0000000000000004,-4.440892098500626e-16,MINIMAL,optimal,7,RXN_45_12091;RXN_45_11784;AMACETOXID_45_RXN;AMINEOXID_45_RXN;RXN_45_9597;AMINEPHEN_45_RXN;RXN_45_9940
HS07563,PAOX,1.277696171875,1.2776961718749995,1.0000000000000004,-4.440892098500626e-16,MINIMAL,optimal,3,RXN_45_12091;RXN_45_12089;RXN_45_9940
HS05534,AOC3,1.277696171875,1.2776961718749995,1.0000000000000004,-4.440892098500626e-16,MINIMAL,optimal,7,RXN_45_12091;AMACETOXID_45_RXN;RXN_45_10460;RXN_45_9597;RXN_45_9940;AMINEPHEN_45_RXN;AMINEOXID_45_RXN
HS05807,MBD2,1.277696171875,1.2776961718749995,1.0000000000000004,-4.440892098500626e-16,MINIMAL,optimal,2,N_45_METHYL_45_L_45_AMINO_45_ACID_45_OXIDASE_45_RXN;RXN0_45_301
HS08605,NAGS,1.277696171875,1.2776961718749995,1.0000000000000004,-4.440892098500626e-16,MINIMAL,optimal,2,GLUTAMATE_45_N_45_ACETYLTRANSFERASE_45_RXN;RXN0_45_6948
HS16807,RIMKLA,1.277696171875,1.2776961718749995,1.0000000000000004,-4.440892098500626e-16,MINIMAL,optimal,1,RXN_45_15265
HS01818,NANS,1.277696171875,1.2776961718749995,1.0000000000000004,-4.440892098500626e-16,MINIMAL,optimal,1,N_45_ACETYLNEURAMINATE_45_SYNTHASE_45_RXN
HS04130,B4GALT2,1.277696171875,1.2776961718749995,1.0000000000000004,-4.440892098500626e-16,MINIMAL,optimal,4,RXN_45_18306;LACTOSE_45_SYNTHASE_45_RXN;2_46_4_46_1_46_38_45_RXN;N_45_ACETYLLACTOSAMINE_45_SYNTHASE_45_RXN
HS08336,B4GALT3,1.277696171875,1.2776961718749995,1.0000000000000004,-4.440892098500626e-16,MINIMAL,optimal,3,2_46_4_46_1_46_38_45_RXN;N_45_ACETYLLACTOSAMINE_45_SYNTHASE_45_RXN;RXN_45_12229
HS08294,B4GALT5,1.277696171875,1.2776961718749995,1.0000000000000004,-4.440892098500626e-16,MINIMAL,optimal,1,N_45_ACETYLLACTOSAMINE_45_SYNTHASE_45_RXN
HS01519,B4GALT1,1.277696171875,1.2776961718749995,1.0000000000000004,-4.440892098500626e-16,MINIMAL,optimal,9,RXN_45_15276;RXN_45_19001;RXN_45_15278;RXN_45_18308;LACTOSE_45_SYNTHASE_45_RXN;2_46_4_46_1_46_38_45_RXN;N_45_ACETYLLACTOSAMINE_45_SYNTHASE_45_RXN;RXN_45_12229;RXN_45_18306
HS08639,AMDHD2,1.277696171875,1.2776961718749995,1.0000000000000004,-4.440892098500626e-16,MINIMAL,optimal,1,3_46_5_46_1_46_80_45_RXN
HS08161,GALK2,1.277696171875,1.2776961718749995,1.0000000000000004,-4.440892098500626e-16,MINIMAL,optimal,2,RXN_45_13547;2_46_7_46_1_46_157_45_RXN
HS10082,NANP,1.277696171875,1.2776961718749995,1.0000000000000004,-4.440892098500626e-16,MINIMAL,optimal,2,RXN_45_9989;N_45_ACYLNEURAMINATE_45_9_45_PHOSPHATASE_45_RXN
HS03454,CMAS,1.277696171875,1.2776961718749995,1.0000000000000004,-4.440892098500626e-16,MINIMAL,optimal,1,RXN_45_9990
HS13595,NPL,1.277696171875,1.2776961718749995,1.0000000000000004,-4.440892098500626e-16,MINIMAL,optimal,1,RXN_45_15313
HS02337,RENBP,1.277696171875,1.2776961718749995,1.0000000000000004,-4.440892098500626e-16,MINIMAL,optimal,3,R381_45_RXN;RXN_45_16006;N_45_ACYLGLUCOSAMINE_45_2_45_EPIMERASE_45_RXN
HS01993,NAGA,1.277696171875,1.2776961718749995,1.0000000000000004,-4.440892098500626e-16,MINIMAL,optimal,1,3_46_2_46_1_46_49_45_RXN
HS00487,ALG1,1.277696171875,1.2776961718749995,1.0000000000000004,-4.440892098500626e-16,MINIMAL,optimal,1,2_46_4_46_1_46_142_45_RXN
G66_31960,ALG13,1.277696171875,1.2776961718749995,1.0000000000000004,-4.440892098500626e-16,MINIMAL,optimal,1,2_46_4_46_1_46_141_45_RXN
HS05695,DMGDH,1.277696171875,1.2776961718749995,1.0000000000000004,-4.440892098500626e-16,MINIMAL,optimal,1,DIMETHYLGLYCINE_45_DEHYDROGENASE_45_RXN
HS06726,HEXA,1.277696171875,1.2776961718749995,1.0000000000000004,-4.440892098500626e-16,MINIMAL,optimal,4,RXN0_45_5226;3_46_2_46_1_46_52_45_RXN;RXN_45_12626;RXN_45_12625
HS00629,HEXB,1.277696171875,1.2776961718749995,1.0000000000000004,-4.440892098500626e-16,MINIMAL,optimal,4,RXN0_45_5226;3_46_2_46_1_46_52_45_RXN;RXN_45_12626;RXN_45_12625
HS15800,HEXDC,1.277696171875,1.2776961718749995,1.0000000000000004,-4.440892098500626e-16,MINIMAL,optimal,4,RXN0_45_5226;3_46_2_46_1_46_52_45_RXN;RXN_45_12626;RXN_45_12625
HS07716,SLC2A13,1.277696171875,1.2776961718749995,1.0000000000000004,-4.440892098500626e-16,MINIMAL,optimal,1,TRANS_45_RXN66_45_1182
HS02017,MIOX,1.277696171875,1.2776961718749995,1.0000000000000004,-4.440892098500626e-16,MINIMAL,optimal,1,MYO_45_INOSITOL_45_OXYGENASE_45_RXN
HS06800,GFOD2,1.277696171875,1.2776961718749995,1.0000000000000004,-4.440892098500626e-16,MINIMAL,optimal,1,1_46_1_46_99_46_28_45_RXN
HS07308,GFOD1,1.277696171875,1.2776961718749995,1.0000000000000004,-4.440892098500626e-16,MINIMAL,optimal,1,1_46_1_46_99_46_28_45_RXN
HS06474,RBP4,1.277696171875,1.2776961718749995,1.0000000000000004,-4.440892098500626e-16,MINIMAL,optimal,1,RXN_45_12549
HS03740,RBP1,1.277696171875,1.2776961718749995,1.0000000000000004,-4.440892098500626e-16,MINIMAL,optimal,1,RXN_45_12548
HS03739,RBP2,1.277696171875,1.2776961718749995,1.0000000000000004,-4.440892098500626e-16,MINIMAL,optimal,1,RXN_45_12548
HS06594,RBP5,1.277696171875,1.2776961718749995,1.0000000000000004,-4.440892098500626e-16,MINIMAL,optimal,1,RXN_45_12548
HS01050,RDH11,1.277696171875,1.2776961718749995,1.0000000000000004,-4.440892098500626e-16,MINIMAL,optimal,1,RXN_45_10841
HS08684,DHRS3,1.277696171875,1.2776961718749995,1.0000000000000004,-4.440892098500626e-16,MINIMAL,optimal,1,RXN_45_10841
HS06673,RDH12,1.277696171875,1.2776961718749995,1.0000000000000004,-4.440892098500626e-16,MINIMAL,optimal,1,RXN_45_10841
HS13010,RDH10,1.277696171875,1.2776961718749995,1.0000000000000004,-4.440892098500626e-16,MINIMAL,optimal,2,RXN_45_10841;RXN_45_12551
HS01358,RDH8,1.277696171875,1.2776961718749995,1.0000000000000004,-4.440892098500626e-16,MINIMAL,optimal,1,RXN_45_10841
HS08202,DHRS4,1.277696171875,1.2776961718749995,1.0000000000000004,-4.440892098500626e-16,MINIMAL,optimal,2,CARBONYL_45_REDUCTASE_45_NADPH_45_RXN;RXN_45_10841
G66_47639,RDH14,1.277696171875,1.2776961718749995,1.0000000000000004,-4.440892098500626e-16,MINIMAL,optimal,1,RXN_45_10841
HS00440,HSD17B6,1.277696171875,1.2776961718749995,1.0000000000000004,-4.440892098500626e-16,MINIMAL,optimal,2,RETINOL_45_DEHYDROGENASE_45_RXN;TESTOSTERONE_45_17_45_BETA_45_DEHYDROGENASE_45_RXN
HS10598,ADH7,1.277696171875,1.2776961718749995,1.0000000000000004,-4.440892098500626e-16,MINIMAL,optimal,6,ALCOHOL_45_DEHYDROG_45_RXN;RXN_45_161;RXN66_45_478;RETINOL_45_DEHYDROGENASE_45_RXN;RXN_45_13198;ALCOHOL_45_DEHYDROG_45_GENERIC_45_RXN
HS10180,SDR16C5,1.277696171875,1.2776961718749995,1.0000000000000004,-4.440892098500626e-16,MINIMAL,optimal,2,RETINOL_45_DEHYDROGENASE_45_RXN;RXN_45_12581
G66_31851,ABCA4,1.277696171875,1.2776961718749995,1.0000000000000004,-4.440892098500626e-16,MINIMAL,optimal,1,RXN66_45_423
HS10617,COQ2,1.277696171875,1.2776961718749995,1.0000000000000004,-4.440892098500626e-16,MINIMAL,optimal,6,RXN_45_9003;2_46_5_46_1_46_39_45_RXN;RXN_45_11368;RXN_45_9222;RXN_45_9230;4OHBENZOATE_45_OCTAPRENYLTRANSFER_45_RXN
HS00560,RETSAT,1.277696171875,1.2776961718749995,1.0000000000000004,-4.440892098500626e-16,MINIMAL,optimal,1,1_46_3_46_99_46_23_45_RXN
HS03347,COQ5,1.277696171875,1.2776961718749995,1.0000000000000004,-4.440892098500626e-16,MINIMAL,optimal,1,RXN_45_9235
HS06003,RDH5,1.277696171875,1.2776961718749995,1.0000000000000004,-4.440892098500626e-16,MINIMAL,optimal,2,RXN_45_12562;RXN_45_12551
HS13617,NUDT15,1.277696171875,1.2776961718749995,1.0000000000000004,-4.440892098500626e-16,MINIMAL,optimal,1,RXN_45_11396
HS16226,MTH3,1.277696171875,1.2776961718749995,1.0000000000000004,-4.440892098500626e-16,MINIMAL,optimal,3,RXN_45_14005;RXN_45_14002;RXN_45_12816
HS14943,TYW3,1.277696171875,1.2776961718749995,1.0000000000000004,-4.440892098500626e-16,MINIMAL,optimal,1,RXN_45_14519
HS14995,TYW5,1.277696171875,1.2776961718749995,1.0000000000000004,-4.440892098500626e-16,MINIMAL,optimal,1,RXN_45_14538
HS15714,TYW4,1.277696171875,1.2776961718749995,1.0000000000000004,-4.440892098500626e-16,MINIMAL,optimal,2,RXN_45_14528;RXN_45_14520
HS11936,FACL6,1.277696171875,1.2776961718749995,1.0000000000000004,-4.440892098500626e-16,MINIMAL,optimal,16,RXN_45_9673;RXN_45_19193;RXN_45_13614;RXN_45_19958;RXN66_45_483;RXN_45_19194;RXN66_45_474;PHYTANATE_45__45_COA_45_LIGASE_45_RXN;RXN66_45_469;RXN_45_12184
HS05140,POR,1.277696171875,1.2776961718749995,1.0000000000000004,-4.440892098500626e-16,MINIMAL,optimal,5,RXN_45_13220;CHOLESTEROL_45_7_45_ALPHA_45_MONOOXYGENASE_45_RXN;RXN_45_9829;RXN_45_11057;NADPH_45__45_FERRIHEMOPROTEIN_45_REDUCTASE_45_RXN
HS09659,CYP7A1,1.277696171875,1.2776961718749995,1.0000000000000004,-4.440892098500626e-16,MINIMAL,optimal,2,RXN_45_13220;CHOLESTEROL_45_7_45_ALPHA_45_MONOOXYGENASE_45_RXN
HS04276,GDA,1.277696171875,1.2776961718749995,1.0000000000000004,-4.440892098500626e-16,MINIMAL,optimal,3,GUANINE_45_DEAMINASE_45_RXN;RXN_45_8016;RXN_45_15261
HS07692,PTS,1.277696171875,1.2776961718749995,1.0000000000000004,-4.440892098500626e-16,MINIMAL,optimal,1,4_46_2_46_3_46_12_45_RXN
HS01893,HSD3B7,1.277696171875,1.2776961718749995,1.0000000000000004,-4.440892098500626e-16,MINIMAL,optimal,1,1_46_1_46_1_46_181_45_RXN
HS03549,GPLD1,1.277696171875,1.2776961718749995,1.0000000000000004,-4.440892098500626e-16,MINIMAL,optimal,1,GLYCOPROTEIN_45_PHOSPHOLIPASE_45_D_45_RXN
HS01798,MAOA,1.277696171875,1.2776961718749995,1.0000000000000004,-4.440892098500626e-16,MINIMAL,optimal,12,RXN_45_10908;RXN_45_5821;RXN_45_10817;RXN_45_10907;RXN_45_10910;RXN6666_45_4;RXN_45_9598;RXN_45_11067;RXN_45_10778;RXN_45_1
HS00966,MAOB,1.277696171875,1.2776961718749995,1.0000000000000004,-4.440892098500626e-16,MINIMAL,optimal,12,RXN_45_10908;RXN_45_5821;RXN_45_10817;RXN_45_10907;RXN_45_10910;RXN6666_45_4;RXN_45_9598;RXN_45_11067;RXN_45_10778;RXN_45_1
G66_46200,HYKK,1.277696171875,1.2776961718749995,1.0000000000000004,-4.440892098500626e-16,MINIMAL,optimal,1,HYDROXYLYSINE_45_KINASE_45_RXN
HS06629,RDH16,1.277696171875,1.2776961718749995,1.0000000000000004,-4.440892098500626e-16,MINIMAL,optimal,3,RXN_45_12264;RETINOL_45_DEHYDROGENASE_45_RXN;RXN_45_12581
HS01113,DHRS9,1.277696171875,1.2776961718749995,1.0000000000000004,-4.440892098500626e-16,MINIMAL,optimal,5,RXN_45_12264;RXN_45_11471;RXN_45_10841;BAIAEUBSP_45_RXN;RXN66_45_570
HS07460,DPYS,1.277696171875,1.2776961718749995,1.0000000000000004,-4.440892098500626e-16,MINIMAL,optimal,2,RXN_45_11211;RXN_45_11217
HS03707,DPYSL3,1.277696171875,1.2776961718749995,1.0000000000000004,-4.440892098500626e-16,MINIMAL,optimal,2,RXN_45_11211;RXN_45_11217
HS07755,DPYSL4,1.277696171875,1.2776961718749995,1.0000000000000004,-4.440892098500626e-16,MINIMAL,optimal,2,RXN_45_11211;RXN_45_11217
HS08246,DPYSL5,1.277696171875,1.2776961718749995,1.0000000000000004,-4.440892098500626e-16,MINIMAL,optimal,2,RXN_45_11211;RXN_45_11217
HS01085,CRMP1,1.277696171875,1.2776961718749995,1.0000000000000004,-4.440892098500626e-16,MINIMAL,optimal,2,RXN_45_11211;RXN_45_11217
HS01785,DPYSL2,1.277696171875,1.2776961718749995,1.0000000000000004,-4.440892098500626e-16,MINIMAL,optimal,2,RXN_45_11211;RXN_45_11217
HS06975,DPYD,1.277696171875,1.2776961718749995,1.0000000000000004,-4.440892098500626e-16,MINIMAL,optimal,2,1_46_3_46_1_46_2_45_RXN;RXN_45_11209
HS01913,MTAP,1.277696171875,1.2776961718749995,1.0000000000000004,-4.440892098500626e-16,MINIMAL,optimal,2,5_45_METHYLTHIOADENOSINE_45_PHOSPHORYLASE_45_RXN;RXN_45_14304
HS12789,THG1L,1.277696171875,1.2776961718749995,1.0000000000000004,-4.440892098500626e-16,MINIMAL,optimal,3,RXN_45_12503;RXN_45_12502;RXN_45_12504
HS06088,CYP27A1,1.277696171875,1.2776961718749995,1.0000000000000004,-4.440892098500626e-16,MINIMAL,optimal,4,CHOLESTANETRIOL_45_26_45_MONOOXYGENASE_45_RXN;RXN_45_13713;RXN_45_13690;RXN_45_9842
HS03271,SC5DL,1.277696171875,1.2776961718749995,1.0000000000000004,-4.440892098500626e-16,MINIMAL,optimal,7,RXN_45_13883;RXN_45_13892;RXN3O_45_218;RXN_45_16378;RXN_45_4209;1_46_14_46_21_46_6_45_RXN;RXN_45_11887
HS07402,EBP,1.277696171875,1.2776961718749995,1.0000000000000004,-4.440892098500626e-16,MINIMAL,optimal,2,RXN66_45_320;RXN66_45_25
HS02819,PON3,1.277696171875,1.2776961718749995,1.0000000000000004,-4.440892098500626e-16,MINIMAL,optimal,17,ARYLDIALKYL_45_PHOSPHATASE_45_RXN;AMINOPARATHION_45_PHOSPHATASE_45_RXN;RXN_45_8743;ARYLESTERASE_45_RXN;RXN_45_11152;RXN_45_20732;RXN_45_20733;RXN_45_20731;ARYLDIALKYLPHOSPHATASE_45_RXN;RXN_45_20738
HS00141,PON1,1.277696171875,1.2776961718749995,1.0000000000000004,-4.440892098500626e-16,MINIMAL,optimal,14,RXN_45_20733;ARYLDIALKYL_45_PHOSPHATASE_45_RXN;RXN_45_20738;AMINOPARATHION_45_PHOSPHATASE_45_RXN;RXN_45_8743;RXN_45_20743;RXN_45_20725;RXN_45_20734;ARYLESTERASE_45_RXN;RXN_45_20731
HS02820,PON2,1.277696171875,1.2776961718749995,1.0000000000000004,-4.440892098500626e-16,MINIMAL,optimal,14,RXN_45_20733;ARYLDIALKYL_45_PHOSPHATASE_45_RXN;RXN_45_20738;AMINOPARATHION_45_PHOSPHATASE_45_RXN;RXN_45_8743;RXN_45_20743;RXN_45_20725;RXN_45_20734;ARYLESTERASE_45_RXN;RXN_45_20731
HS06363,SULF1,1.277696171875,1.2776961718749995,1.0000000000000004,-4.440892098500626e-16,MINIMAL,optimal,2,RXN_45_20165;ARYLSULFAT_45_RXN
G66_33951,ESD,1.277696171875,1.2776961718749995,1.0000000000000004,-4.440892098500626e-16,MINIMAL,optimal,1,3_46_1_46_1_46_56_45_RXN
HS02114,GSTZ1,1.277696171875,1.2776961718749995,1.0000000000000004,-4.440892098500626e-16,MINIMAL,optimal,2,GSHTRAN_45_RXN;MALEYLACETOACETATE_45_ISOMERASE_45_RXN
HS06611,AMDHD1,1.277696171875,1.2776961718749995,1.0000000000000004,-4.440892098500626e-16,MINIMAL,optimal,1,IMIDAZOLONEPROPIONASE_45_RXN
HS00656,AKR7A2,1.277696171875,1.2776961718749995,1.0000000000000004,-4.440892098500626e-16,MINIMAL,optimal,1,RXN_45_11002
HS00286,IDS,1.277696171875,1.2776961718749995,1.0000000000000004,-4.440892098500626e-16,MINIMAL,optimal,3,RXN_45_11569;RXN_45_16483;3_46_1_46_6_46_13_45_RXN
HS00285,SLC6A13,1.277696171875,1.2776961718749995,1.0000000000000004,-4.440892098500626e-16,MINIMAL,optimal,1,TRANS_45_RXN66_45_561
HS05601,SLC6A11,1.277696171875,1.2776961718749995,1.0000000000000004,-4.440892098500626e-16,MINIMAL,optimal,1,TRANS_45_RXN66_45_561
HS08178,SLC6A1,1.277696171875,1.2776961718749995,1.0000000000000004,-4.440892098500626e-16,MINIMAL,optimal,1,TRANS_45_RXN66_45_561
HS03374,SLC6A12,1.277696171875,1.2776961718749995,1.0000000000000004,-4.440892098500626e-16,MINIMAL,optimal,2,TRANS_45_RXN66_45_1156;TRANS_45_RXN66_45_561
HS04603,AKR1D1,1.277696171875,1.2776961718749995,1.0000000000000004,-4.440892098500626e-16,MINIMAL,optimal,5,RXN_45_9840;CHOLESTENONE_45_5_45_BETA_45_REDUCTASE_45_RXN;3_45_OXO_45_5_45_BETA_45_STEROID_45_4_45_DEHYDROGENASE_45_RXN;RXN_45_9794;CORTISONE_45_BETA_45_REDUCTASE_45_RXN
HS07607,HMBS,1.277696171875,1.2776961718749995,1.0000000000000004,-4.440892098500626e-16,MINIMAL,optimal,1,OHMETHYLBILANESYN_45_RXN
HS00590,CP,1.277696171875,1.2776961718749995,1.0000000000000004,-4.440892098500626e-16,MINIMAL,optimal,1,RXN0_45_1483
HS09677,FTH1,1.277696171875,1.2776961718749995,1.0000000000000004,-4.440892098500626e-16,MINIMAL,optimal,1,RXN0_45_1483
HS11677,FTMT,1.277696171875,1.2776961718749995,1.0000000000000004,-4.440892098500626e-16,MINIMAL,optimal,1,RXN0_45_1483
HS09177,FXN,1.277696171875,1.2776961718749995,1.0000000000000004,-4.440892098500626e-16,MINIMAL,optimal,2,RXN_45_14387;RXN0_45_1483
HS01654,HEPH,1.277696171875,1.2776961718749995,1.0000000000000004,-4.440892098500626e-16,MINIMAL,optimal,1,RXN0_45_1483
G66_37868,CERS1,1.277696171875,1.2776961718749995,1.0000000000000004,-4.440892098500626e-16,MINIMAL,optimal,8,RXN_45_20369;RXN_45_20368;RXN_45_20366;RXN_45_20370;RXN_45_20371;RXN_45_20372;RXN_45_20392;RXN_45_20387
HS07961,CERS3,1.277696171875,1.2776961718749995,1.0000000000000004,-4.440892098500626e-16,MINIMAL,optimal,6,RXN_45_20356;RXN_45_20395;RXN_45_20360;RXN_45_20358;RXN_45_20365;RXN_45_20387
HS09515,SLC27A4,1.277696171875,1.2776961718749995,1.0000000000000004,-4.440892098500626e-16,MINIMAL,optimal,2,RXN_45_20354;RXN_45_20390
HS06642,CSAD,1.277696171875,1.2776961718749995,1.0000000000000004,-4.440892098500626e-16,MINIMAL,optimal,1,SULFINOALANINE_45_DECARBOXYLASE_45_RXN
G_9928,GOT1,1.277696171875,1.2776961718749995,1.0000000000000004,-4.440892098500626e-16,MINIMAL,optimal,2,3_45_SULFINOALANINE_45_AMINOTRANSFERASE_45_RXN;RXN_45_10814
HS03991,SCP2,1.277696171875,1.2776961718749995,1.0000000000000004,-4.440892098500626e-16,MINIMAL,optimal,4,RXN_45_12706;2_46_3_46_1_46_176_45_RXN;2_46_3_46_1_46_154_45_RXN;RXN_45_9850
HS13524,IAH1,1.277696171875,1.2776961718749995,1.0000000000000004,-4.440892098500626e-16,MINIMAL,optimal,2,RXN_45_19386;RXN_45_19385
HS03395,ALDH2,1.277696171875,1.2776961718749995,1.0000000000000004,-4.440892098500626e-16,MINIMAL,optimal,11,ALDHDEHYDROG_45_RXN;RXN66_45_479;LONG_45_CHAIN_45_ALDEHYDE_45_DEHYDROGENASE_45_RXN;RXN_45_10780;RXN66_45_476;RXN_45_4142;RXN_45_37;RXN66_45_472;RXN_45_8583;RXN_45_8582
HS06992,ALDH9A1,1.277696171875,1.2776961718749995,1.0000000000000004,-4.440892098500626e-16,MINIMAL,optimal,10,ALDHDEHYDROG_45_RXN;RXN66_45_479;LONG_45_CHAIN_45_ALDEHYDE_45_DEHYDROGENASE_45_RXN;RXN66_45_476;1_46_2_46_1_46_47_45_RXN;RXN_45_4142;RXN66_45_472;RXN_45_8583;RXN_45_8582;BENZALDEHYDE_45_DEHYDROGENASE_45_NAD_43__45_RXN
G66_46401,ADH1C,1.277696171875,1.2776961718749995,1.0000000000000004,-4.440892098500626e-16,MINIMAL,optimal,4,RXN_45_10781;RXN_45_7693;RXN_45_10915;ALCOHOL_45_DEHYDROG_45_RXN
G66_47139,ADH1A,1.277696171875,1.2776961718749995,1.0000000000000004,-4.440892098500626e-16,MINIMAL,optimal,4,RXN_45_10781;RXN_45_7693;RXN_45_10915;ALCOHOL_45_DEHYDROG_45_RXN
HS03883,HIBCH,1.277696171875,1.2776961718749995,1.0000000000000004,-4.440892098500626e-16,MINIMAL,optimal,1,RXN_45_6384
HS08749,HAAO,1.277696171875,1.2776961718749995,1.0000000000000004,-4.440892098500626e-16,MINIMAL,optimal,1,1_46_13_46_11_46_6_45_RXN
HS03952,KYNU,1.277696171875,1.2776961718749995,1.0000000000000004,-4.440892098500626e-16,MINIMAL,optimal,2,KYNURENINASE_45_RXN;3_45_HYDROXY_45_KYNURENINASE_45_RXN
HS06422,CCBL2,1.277696171875,1.2776961718749995,1.0000000000000004,-4.440892098500626e-16,MINIMAL,optimal,3,2_46_6_46_1_46_7_45_RXN;RXN_45_10721;RXN_45_6763
HS03239,AADAT,1.277696171875,1.2776961718749995,1.0000000000000004,-4.440892098500626e-16,MINIMAL,optimal,3,2_46_6_46_1_46_7_45_RXN;RXN_45_10721;2_45_AMINOADIPATE_45_AMINOTRANSFERASE_45_RXN
G_11453,CCBL1,1.277696171875,1.2776961718749995,1.0000000000000004,-4.440892098500626e-16,MINIMAL,optimal,5,2_46_6_46_1_46_64_45_RXN;RXN_45_6763;2_46_6_46_1_46_7_45_RXN;RXN_45_10721;RXN_45_15650
HS05686,ALDH3B2,1.277696171875,1.2776961718749995,1.0000000000000004,-4.440892098500626e-16,MINIMAL,optimal,18,RXN_45_12000;RXN66_45_479;BENZALDEHYDE_45_DEHYDROGENASE_45_NADP_43__45_RXN;3_45_OH_45_BENZALDEHYDE_45_DEHYDROG_45_NADP_43__45_RXN;RXN_45_16955;RXN66_45_472;RXN_45_16956;ALDHDEHYDROG_45_RXN;LONG_45_CHAIN_45_ALDEHYDE_45_DEHYDROGENASE_45_RXN;SUCCGLUALDDEHYD_45_RXN
HS03133,ALDH3A1,1.277696171875,1.2776961718749995,1.0000000000000004,-4.440892098500626e-16,MINIMAL,optimal,18,RXN_45_12000;RXN66_45_479;BENZALDEHYDE_45_DEHYDROGENASE_45_NADP_43__45_RXN;3_45_OH_45_BENZALDEHYDE_45_DEHYDROG_45_NADP_43__45_RXN;RXN_45_16955;RXN66_45_472;RXN_45_16956;ALDHDEHYDROG_45_RXN;LONG_45_CHAIN_45_ALDEHYDE_45_DEHYDROGENASE_45_RXN;SUCCGLUALDDEHYD_45_RXN
HS06276,ALDH1B1,1.277696171875,1.2776961718749995,1.0000000000000004,-4.440892098500626e-16,MINIMAL,optimal,17,RXN_45_12000;RXN66_45_479;BENZALDEHYDE_45_DEHYDROGENASE_45_NADP_43__45_RXN;3_45_OH_45_BENZALDEHYDE_45_DEHYDROG_45_NADP_43__45_RXN;RXN_45_16955;RXN66_45_472;RXN_45_16956;ALDHDEHYDROG_45_RXN;LONG_45_CHAIN_45_ALDEHYDE_45_DEHYDROGENASE_45_RXN;SUCCGLUALDDEHYD_45_RXN
HS04333,COQ6,1.277696171875,1.2776961718749995,1.0000000000000004,-4.440892098500626e-16,MINIMAL,optimal,1,RXN_45_9279
HS05303,AANAT,1.277696171875,1.2776961718749995,1.0000000000000004,-4.440892098500626e-16,MINIMAL,optimal,3,RXN_45_13871;RXN_45_13870;ARYLAMINE_45_N_45_ACETYLTRANSFERASE_45_RXN
HS08090,NAT2,1.277696171875,1.2776961718749995,1.0000000000000004,-4.440892098500626e-16,MINIMAL,optimal,4,2_46_3_46_1_46_118_45_RXN;RXN_45_13871;RXN_45_13870;ARYLAMINE_45_N_45_ACETYLTRANSFERASE_45_RXN
HS10301,NAT1,1.277696171875,1.2776961718749995,1.0000000000000004,-4.440892098500626e-16,MINIMAL,optimal,4,2_46_3_46_1_46_118_45_RXN;RXN_45_13871;RXN_45_13870;ARYLAMINE_45_N_45_ACETYLTRANSFERASE_45_RXN
HS01953,UPB1,1.277696171875,1.2776961718749995,1.0000000000000004,-4.440892098500626e-16,MINIMAL,optimal,1,RXN_45_11210
HS02306,STS,1.277696171875,1.2776961718749995,1.0000000000000004,-4.440892098500626e-16,MINIMAL,optimal,1,STERYL_45_SULFATASE_45_RXN
HS15671,G_HS15671,1.277696171875,1.2776961718749995,1.0000000000000004,-4.440892098500626e-16,MINIMAL,optimal,1,STERYL_45_SULFATASE_45_RXN
HS17567,ARSJ,1.277696171875,1.2776961718749995,1.0000000000000004,-4.440892098500626e-16,MINIMAL,optimal,2,ARYLSULFAT_45_RXN;STERYL_45_SULFATASE_45_RXN
HS09053,ARSK,1.277696171875,1.2776961718749995,1.0000000000000004,-4.440892098500626e-16,MINIMAL,optimal,2,ARYLSULFAT_45_RXN;STERYL_45_SULFATASE_45_RXN
HS08210,ARSE,1.277696171875,1.2776961718749995,1.0000000000000004,-4.440892098500626e-16,MINIMAL,optimal,2,ARYLSULFAT_45_RXN;STERYL_45_SULFATASE_45_RXN
HS06814,ARSG,1.277696171875,1.2776961718749995,1.0000000000000004,-4.440892098500626e-16,MINIMAL,optimal,2,ARYLSULFAT_45_RXN;STERYL_45_SULFATASE_45_RXN
HS00765,ARSF,1.277696171875,1.2776961718749995,1.0000000000000004,-4.440892098500626e-16,MINIMAL,optimal,2,ARYLSULFAT_45_RXN;STERYL_45_SULFATASE_45_RXN
HS00195,ARSD,1.277696171875,1.2776961718749995,1.0000000000000004,-4.440892098500626e-16,MINIMAL,optimal,2,ARYLSULFAT_45_RXN;STERYL_45_SULFATASE_45_RXN
HS02732,SULT2A1,1.277696171875,1.2776961718749995,1.0000000000000004,-4.440892098500626e-16,MINIMAL,optimal,7,BILE_45_SALT_45_SULFOTRANSFERASE_45_RXN;CORTISOL_45_SULFOTRANSFERASE_45_RXN;RXN_45_20216;RXN_45_8729;RXN_45_20215;RXN_45_20217;RXN_45_20214
HS01587,SULT2B1,1.277696171875,1.2776961718749995,1.0000000000000004,-4.440892098500626e-16,MINIMAL,optimal,4,ALCOHOL_45_SULFOTRANSFERASE_45_RXN;RXN66_45_602;RXN_45_20215;RXN_45_20214
HS00266,IYD,1.277696171875,1.2776961718749995,1.0000000000000004,-4.440892098500626e-16,MINIMAL,optimal,3,RXN_45_11330;RXN_45_11331;RXN_45_13402
HS10706,UGT1A8,1.277696171875,1.2776961718749995,1.0000000000000004,-4.440892098500626e-16,MINIMAL,optimal,1,RXN_45_10607
HS06569,ADH4,1.277696171875,1.2776961718749995,1.0000000000000004,-4.440892098500626e-16,MINIMAL,optimal,6,ALCOHOL_45_DEHYDROG_45_RXN;RXN_45_161;RXN66_45_478;RXN_45_13198;ALCOHOL_45_DEHYDROG_45_GENERIC_45_RXN;RXN_45_10911
HS09260,COMTD1,1.277696171875,1.2776961718749995,1.0000000000000004,-4.440892098500626e-16,MINIMAL,optimal,5,CATECHOL_45_O_45_METHYLTRANSFERASE_45_RXN;RXN_45_9017;RXN_45_10914;RXN_45_10870;RXN18C3_45_60
G66_31611,LRTOMT,1.277696171875,1.2776961718749995,1.0000000000000004,-4.440892098500626e-16,MINIMAL,optimal,5,CATECHOL_45_O_45_METHYLTRANSFERASE_45_RXN;RXN_45_9017;RXN_45_10914;RXN_45_10870;RXN18C3_45_60
HS01791,COMT,1.277696171875,1.2776961718749995,1.0000000000000004,-4.440892098500626e-16,MINIMAL,optimal,5,CATECHOL_45_O_45_METHYLTRANSFERASE_45_RXN;RXN_45_9017;RXN_45_10914;RXN_45_10870;RXN18C3_45_60
HS05632,COQ3,1.277696171875,1.2776961718749995,1.0000000000000004,-4.440892098500626e-16,MINIMAL,optimal,11,RXN_45_9287;RXN_45_11757;RXN_45_9233;2_45_OCTAPRENYL_45_6_45_OHPHENOL_45_METHY_45_RXN;RXN_45_20172;RXN_45_9281;RXN_45_12160;RXN_45_9225;RXN_45_9282;RXN_45_9280
HS11580,DIO1,1.277696171875,1.2776961718749995,1.0000000000000004,-4.440892098500626e-16,MINIMAL,optimal,5,RXN_45_12037;RXN_45_12046;RXN_45_12054;RXN_45_10604;THYROXINE_45_DEIODINASE_45_RXN
HS00008,DIO2,1.277696171875,1.2776961718749995,1.0000000000000004,-4.440892098500626e-16,MINIMAL,optimal,5,RXN_45_12037;RXN_45_12046;RXN_45_12054;RXN_45_10604;THYROXINE_45_DEIODINASE_45_RXN
HS07423,NSDHL,1.277696171875,1.2776961718749995,1.0000000000000004,-4.440892098500626e-16,MINIMAL,optimal,5,RXN66_45_313;RXN66_45_23;RXN66_45_318;1_46_1_46_1_46_170_45_RXN;RXN66_45_18
HS01647,NOS1,1.277696171875,1.2776961718749995,1.0000000000000004,-4.440892098500626e-16,MINIMAL,optimal,1,NITRIC_45_OXIDE_45_SYNTHASE_45_RXN
HS09149,NOS3,1.277696171875,1.2776961718749995,1.0000000000000004,-4.440892098500626e-16,MINIMAL,optimal,1,NITRIC_45_OXIDE_45_SYNTHASE_45_RXN
HS09992,FASN,1.277696171875,1.2776961718749995,1.0000000000000004,-4.440892098500626e-16,MINIMAL,optimal,34,RXN66_45_619;RXN66_45_645;RXN66_45_633;RXN66_45_620;RXN66_45_646;RXN66_45_635;RXN66_45_638;RXN66_45_617;RXN66_45_614;RXN66_45_625
HS10588,DHCR7,1.277696171875,1.2776961718749995,1.0000000000000004,-4.440892098500626e-16,MINIMAL,optimal,4,RXN66_45_27;RXN_45_707;RXN66_45_323;RXN_45_4210
HS00076,CYP51A1,1.277696171875,1.2776961718749995,1.0000000000000004,-4.440892098500626e-16,MINIMAL,optimal,17,RXN_45_13961;RXN66_45_304;RXN66_45_305;RXN_45_19828;RXN3O_45_130;RXN_45_13707;RXN66_45_303;RXN_45_20445;RXN66_45_11;RXN_45_19830
HS03985,DHCR24,1.277696171875,1.2776961718749995,1.0000000000000004,-4.440892098500626e-16,MINIMAL,optimal,3,RXN66_45_10;RXN66_45_321;RXN66_45_28
HS11585,DHTKD1,1.277696171875,1.2776961718749995,1.0000000000000004,-4.440892098500626e-16,MINIMAL,optimal,1,2_45_KETO_45_ADIPATE_45_DEHYDROG_45_RXN
HS02832,OGDH,1.277696171875,1.2776961718749995,1.0000000000000004,-4.440892098500626e-16,MINIMAL,optimal,2,2OXOGLUTDECARB_45_RXN;2_45_KETO_45_ADIPATE_45_DEHYDROG_45_RXN
HS04706,MOGAT1,1.277696171875,1.2776961718749995,1.0000000000000004,-4.440892098500626e-16,MINIMAL,optimal,4,RXN_45_15090;RXN_45_19427;2_45_ACYLGLYCEROL_45_O_45_ACYLTRANSFERASE_45_RXN;DIACYLGLYCEROL_45_O_45_ACYLTRANSFERASE_45_RXN
HS15437,MOGAT2,1.277696171875,1.2776961718749995,1.0000000000000004,-4.440892098500626e-16,MINIMAL,optimal,3,RXN_45_15090;RXN_45_19427;2_45_ACYLGLYCEROL_45_O_45_ACYLTRANSFERASE_45_RXN
HS12629,MOGAT3,1.277696171875,1.2776961718749995,1.0000000000000004,-4.440892098500626e-16,MINIMAL,optimal,4,RXN_45_15090;RXN_45_19427;2_45_ACYLGLYCEROL_45_O_45_ACYLTRANSFERASE_45_RXN;DIACYLGLYCEROL_45_O_45_ACYLTRANSFERASE_45_RXN
HS10600,ADH6,1.277696171875,1.2776961718749995,1.0000000000000004,-4.440892098500626e-16,MINIMAL,optimal,16,RXN_45_7693;RXN_45_10781;RXN_45_7700;RXN_45_13198;RXN_45_7694;ALCOHOL_45_DEHYDROG_45_RXN;RXN_45_5424;RXN_45_7657;RXN_45_161;RXN66_45_478
HS02879,NUDT1,1.277696171875,1.2776961718749995,1.0000000000000004,-4.440892098500626e-16,MINIMAL,optimal,2,RXN0_45_6957;RXN_45_11396
HS07242,ENOPH1,1.277696171875,1.2776961718749995,1.0000000000000004,-4.440892098500626e-16,MINIMAL,optimal,1,R83_45_RXN
HS02616,MAN2B1,1.277696171875,1.2776961718749995,1.0000000000000004,-4.440892098500626e-16,MINIMAL,optimal,2,RXN0_45_5216;3_46_2_46_1_46_24_45_RXN
HS16819,G_HS16819,1.277696171875,1.2776961718749995,1.0000000000000004,-4.440892098500626e-16,MINIMAL,optimal,2,RXN0_45_5216;3_46_2_46_1_46_24_45_RXN
HS09727,PDHB,1.277696171875,1.2776961718749995,1.0000000000000004,-4.440892098500626e-16,MINIMAL,optimal,4,RXN_45_12583;RXN_45_12508;RXN0_45_1134;RXN0_45_1133
HS09043,CMBL,1.277696171875,1.2776961718749995,1.0000000000000004,-4.440892098500626e-16,MINIMAL,optimal,6,RXN_45_9890;RXN_45_9868;RXN_45_9857;RXN_45_9887;CARBOXYMETHYLENEBUTENOLIDASE_45_RXN;DIENELACHYDRO_45_RXN
HS00053,UPP1,1.277696171875,1.2776961718749995,1.0000000000000004,-4.440892098500626e-16,MINIMAL,optimal,2,URA_45_PHOSPH_45_RXN;URPHOS_45_RXN
HS00442,TYMP,1.277696171875,1.2776961718749995,1.0000000000000004,-4.440892098500626e-16,MINIMAL,optimal,2,URA_45_PHOSPH_45_RXN;THYM_45_PHOSPH_45_RXN
HS00200,UPP2,1.277696171875,1.2776961718749995,1.0000000000000004,-4.440892098500626e-16,MINIMAL,optimal,2,URA_45_PHOSPH_45_RXN;URPHOS_45_RXN
HS08334,CDA,1.277696171875,1.2776961718749995,1.0000000000000004,-4.440892098500626e-16,MINIMAL,optimal,2,CYTIDEAM_45_RXN;CYTIDEAM2_45_RXN
G66_46830,APOBEC3G,1.277696171875,1.2776961718749995,1.0000000000000004,-4.440892098500626e-16,MINIMAL,optimal,2,CYTIDEAM_45_RXN;CYTIDEAM2_45_RXN
HS08100,DCK,1.277696171875,1.2776961718749995,1.0000000000000004,-4.440892098500626e-16,MINIMAL,optimal,1,DEOXYCYTIDINE_45_KINASE_45_RXN
HS02191,ADA,1.277696171875,1.2776961718749995,1.0000000000000004,-4.440892098500626e-16,MINIMAL,optimal,2,ADDALT_45_RXN;ADENODEAMIN_45_RXN
HS06780,ADAD2,1.277696171875,1.2776961718749995,1.0000000000000004,-4.440892098500626e-16,MINIMAL,optimal,2,ADDALT_45_RXN;ADENODEAMIN_45_RXN
HS09018,ADAD1,1.277696171875,1.2776961718749995,1.0000000000000004,-4.440892098500626e-16,MINIMAL,optimal,2,ADDALT_45_RXN;ADENODEAMIN_45_RXN
HS02151,PNP,1.277696171875,1.2776961718749995,1.0000000000000004,-4.440892098500626e-16,MINIMAL,optimal,13,RXN0_45_5199;INOPHOSPHOR_45_RXN;PNP_45_RXN;DEOXYADENPHOSPHOR_45_RXN;RXN_45_11715;RXN_45_7001;ADENPHOSPHOR_45_RXN;RXN_45_11743;DEOXYGUANPHOSPHOR_45_RXN;RXN_45_14029
HS01538,ERO1B,1.277696171875,1.2776961718749995,1.0000000000000004,-4.440892098500626e-16,MINIMAL,optimal,1,THIOL_45_OXIDASE_45_RXN
G66_46863,ERO1A,1.277696171875,1.2776961718749995,1.0000000000000004,-4.440892098500626e-16,MINIMAL,optimal,1,THIOL_45_OXIDASE_45_RXN
HS04002,QSOX1,1.277696171875,1.2776961718749995,1.0000000000000004,-4.440892098500626e-16,MINIMAL,optimal,2,RXN_45_15684;THIOL_45_OXIDASE_45_RXN
HS05112,GFER,1.277696171875,1.2776961718749995,1.0000000000000004,-4.440892098500626e-16,MINIMAL,optimal,1,THIOL_45_OXIDASE_45_RXN
HS15351,QSOX2,1.277696171875,1.2776961718749995,1.0000000000000004,-4.440892098500626e-16,MINIMAL,optimal,2,RXN_45_15684;THIOL_45_OXIDASE_45_RXN
HS10137,SLC23A1,1.277696171875,1.2776961718749995,1.0000000000000004,-4.440892098500626e-16,MINIMAL,optimal,1,RXN66_45_560
HS01629,SLC23A2,1.277696171875,1.2776961718749995,1.0000000000000004,-4.440892098500626e-16,MINIMAL,optimal,1,RXN66_45_560
HS00205,NOS2,1.277696171875,1.2776961718749995,1.0000000000000004,-4.440892098500626e-16,MINIMAL,optimal,3,RXN_45_13565;NITRIC_45_OXIDE_45_SYNTHASE_45_RXN;RXN_45_13564
HS04756,MTRR,1.277696171875,1.2776961718749995,1.0000000000000004,-4.440892098500626e-16,MINIMAL,optimal,1,2_46_1_46_1_46_135_45_RXN
HS04050,CTH,1.277696171875,1.2776961718749995,1.0000000000000004,-4.440892098500626e-16,MINIMAL,optimal,6,RXN_45_14632;LCYSDESULF_45_RXN;RXN_45_15130;HOMOCYSTEINE_45_DESULFHYDRASE_45_RXN;RXN66_45_534;RXN66_45_562
HS08461,CBS,1.277696171875,1.2776961718749995,1.0000000000000004,-4.440892098500626e-16,MINIMAL,optimal,4,RXN66_45_534;CYSTATHIONINE_45_BETA_45_SYNTHASE_45_RXN;RXN66_45_562;RXN_45_19038
G66_47166,CBSL,1.277696171875,1.2776961718749995,1.0000000000000004,-4.440892098500626e-16,MINIMAL,optimal,4,RXN66_45_534;CYSTATHIONINE_45_BETA_45_SYNTHASE_45_RXN;RXN66_45_562;RXN_45_19038
HS05675,ATP1A4,1.277696171875,1.2776961718749995,1.0000000000000004,-4.440892098500626e-16,MINIMAL,optimal,1,3_46_6_46_3_46_9_45_RXN
HS08843,ATP1A1,1.277696171875,1.2776961718749995,1.0000000000000004,-4.440892098500626e-16,MINIMAL,optimal,1,3_46_6_46_3_46_9_45_RXN
HS00391,ATP1A2,1.277696171875,1.2776961718749995,1.0000000000000004,-4.440892098500626e-16,MINIMAL,optimal,1,3_46_6_46_3_46_9_45_RXN
HS06994,ATP1B1,1.277696171875,1.2776961718749995,1.0000000000000004,-4.440892098500626e-16,MINIMAL,optimal,1,3_46_6_46_3_46_9_45_RXN
HS00972,ATP1B3,1.277696171875,1.2776961718749995,1.0000000000000004,-4.440892098500626e-16,MINIMAL,optimal,1,3_46_6_46_3_46_9_45_RXN
HS05260,ATP1B2,1.277696171875,1.2776961718749995,1.0000000000000004,-4.440892098500626e-16,MINIMAL,optimal,1,3_46_6_46_3_46_9_45_RXN
HS02735,ATP1A3,1.277696171875,1.2776961718749995,1.0000000000000004,-4.440892098500626e-16,MINIMAL,optimal,1,3_46_6_46_3_46_9_45_RXN
HS06384,FXYD2,1.277696171875,1.2776961718749995,1.0000000000000004,-4.440892098500626e-16,MINIMAL,optimal,1,3_46_6_46_3_46_9_45_RXN
HS12284,NKAIN1,1.277696171875,1.2776961718749995,1.0000000000000004,-4.440892098500626e-16,MINIMAL,optimal,1,3_46_6_46_3_46_9_45_RXN
HS12443,NKAIN4,1.277696171875,1.2776961718749995,1.0000000000000004,-4.440892098500626e-16,MINIMAL,optimal,1,3_46_6_46_3_46_9_45_RXN
HS16656,NKAIN2,1.277696171875,1.2776961718749995,1.0000000000000004,-4.440892098500626e-16,MINIMAL,optimal,1,3_46_6_46_3_46_9_45_RXN
HS11955,NKAIN3,1.277696171875,1.2776961718749995,1.0000000000000004,-4.440892098500626e-16,MINIMAL,optimal,1,3_46_6_46_3_46_9_45_RXN
HS04513,CAT,1.277696171875,1.2776961718749995,1.0000000000000004,-4.440892098500626e-16,MINIMAL,optimal,2,CATAL_45_RXN;RXN66_45_1
HS15974,CANT1,1.277696171875,1.2776961718749995,1.0000000000000004,-4.440892098500626e-16,MINIMAL,optimal,3,RXN_45_14024;NUCLEOSIDE_45_DIPHOSPHATASE_45_RXN;NUCLEOSIDE_45_TRIPHOSPHATASE_45_RXN
HS15658,MMADHC,1.277696171875,1.2776961718749995,1.0000000000000004,-4.440892098500626e-16,MINIMAL,optimal,5,RXN_45_19369;RXN_45_19363;RXN_45_19349;RXN_45_19368;RXN_45_19348
HS13442,MMACHC,1.277696171875,1.2776961718749995,1.0000000000000004,-4.440892098500626e-16,MINIMAL,optimal,5,RXN_45_19369;RXN_45_19363;RXN_45_19349;RXN_45_19368;1_46_6_46_99_46_12_45_RXN
HS13779,MMAB,1.277696171875,1.2776961718749995,1.0000000000000004,-4.440892098500626e-16,MINIMAL,optimal,15,RXN_45_19369;RXN_45_19339;RXN_45_19366;RXN_45_19344;RXN_45_19335;RXN_45_19365;RXN_45_19340;RXN_45_19368;BTUR2_45_RXN;RXN_45_19364
HS00029,MT-CYB,1.277696171875,1.2776961718749995,1.0000000000000004,-4.440892098500626e-16,MINIMAL,optimal,3,1_46_10_46_2_46_2_45_RXN;RXN_45_18584;RXN_45_15829
HS09867,UQCRFS1,1.277696171875,1.2776961718749995,1.0000000000000004,-4.440892098500626e-16,MINIMAL,optimal,3,1_46_10_46_2_46_2_45_RXN;RXN_45_18584;RXN_45_15829
HS00277,UQCRC1,1.277696171875,1.2776961718749995,1.0000000000000004,-4.440892098500626e-16,MINIMAL,optimal,3,1_46_10_46_2_46_2_45_RXN;RXN_45_18584;RXN_45_15829
HS06753,UQCRC2,1.277696171875,1.2776961718749995,1.0000000000000004,-4.440892098500626e-16,MINIMAL,optimal,3,1_46_10_46_2_46_2_45_RXN;RXN_45_18584;RXN_45_15829
HS10708,UQCRH,1.277696171875,1.2776961718749995,1.0000000000000004,-4.440892098500626e-16,MINIMAL,optimal,3,1_46_10_46_2_46_2_45_RXN;RXN_45_18584;RXN_45_15829
HS08128,UQCRB,1.277696171875,1.2776961718749995,1.0000000000000004,-4.440892098500626e-16,MINIMAL,optimal,3,1_46_10_46_2_46_2_45_RXN;RXN_45_18584;RXN_45_15829
HS09077,UQCRQ,1.277696171875,1.2776961718749995,1.0000000000000004,-4.440892098500626e-16,MINIMAL,optimal,3,1_46_10_46_2_46_2_45_RXN;RXN_45_18584;RXN_45_15829
HS15855,UQCR10,1.277696171875,1.2776961718749995,1.0000000000000004,-4.440892098500626e-16,MINIMAL,optimal,3,1_46_10_46_2_46_2_45_RXN;RXN_45_18584;RXN_45_15829
HS05111,UQCR11,1.277696171875,1.2776961718749995,1.0000000000000004,-4.440892098500626e-16,MINIMAL,optimal,3,1_46_10_46_2_46_2_45_RXN;RXN_45_18584;RXN_45_15829
HS11349,CYC1,1.277696171875,1.2776961718749995,1.0000000000000004,-4.440892098500626e-16,MINIMAL,optimal,6,RXN_45_14107;RXN_45_15829;RXN_45_18604;1_46_10_46_2_46_2_45_RXN;RXN_45_18584;RXN_45_15816
HS15490,LDHD,1.277696171875,1.2776961718749995,1.0000000000000004,-4.440892098500626e-16,MINIMAL,optimal,12,RXN_45_14451;TRANS_45_RXN0_45_234;RXN0_45_5244_45_yeast;RXN_45_15447;D_45_LACTATE_45_DEHYDROGENASE_45_CYTOCHROME_45_RXN;RXN0_45_5244;TRANS_45_RXN0_45_237;RXN0_45_5254;RXN0_45_5259;RXN_45_15451
HS01606,CRLS1,1.277696171875,1.2776961718749995,1.0000000000000004,-4.440892098500626e-16,MINIMAL,optimal,2,RXN_45_8141;CARDIOLIPSYN_45_RXN
HS03930,TPO,1.277696171875,1.2776961718749995,1.0000000000000004,-4.440892098500626e-16,MINIMAL,optimal,5,RXN_45_10471;RXN_45_10470;RXN_45_10468;IODIDE_45_PEROXIDASE_45_RXN;RXN_45_10469
HS01046,CYBRD1,1.277696171875,1.2776961718749995,1.0000000000000004,-4.440892098500626e-16,MINIMAL,optimal,1,FERRIC_45_CHELATE_45_REDUCTASE_45_RXN
HS14639,FRRS1,1.277696171875,1.2776961718749995,1.0000000000000004,-4.440892098500626e-16,MINIMAL,optimal,2,RXN_45_20768;FERRIC_45_CHELATE_45_REDUCTASE_45_RXN
HS08587,FDXR,1.277696171875,1.2776961718749995,1.0000000000000004,-4.440892098500626e-16,MINIMAL,optimal,2,FLAVONADPREDUCT_45_RXN;RXN_45_13685
HS04055,CRYZ,1.277696171875,1.2776961718749995,1.0000000000000004,-4.440892098500626e-16,MINIMAL,optimal,2,NQOR_45_RXN;QOR_45_RXN
HS03836,TP53I3,1.277696171875,1.2776961718749995,1.0000000000000004,-4.440892098500626e-16,MINIMAL,optimal,2,NQOR_45_RXN;QOR_45_RXN
HS04462,EPX,1.277696171875,1.2776961718749995,1.0000000000000004,-4.440892098500626e-16,MINIMAL,optimal,1,PEROXID_45_RXN
HS09558,LPO,1.277696171875,1.2776961718749995,1.0000000000000004,-4.440892098500626e-16,MINIMAL,optimal,6,RXN_45_14240;RXN_45_8635;RXN_45_19129;RXN_45_17352;RXN_45_15288;PEROXID_45_RXN
HS07441,PXDNL,1.277696171875,1.2776961718749995,1.0000000000000004,-4.440892098500626e-16,MINIMAL,optimal,1,PEROXID_45_RXN
HS05391,PXDN,1.277696171875,1.2776961718749995,1.0000000000000004,-4.440892098500626e-16,MINIMAL,optimal,1,PEROXID_45_RXN
HS09645,PRDX2,1.277696171875,1.2776961718749995,1.0000000000000004,-4.440892098500626e-16,MINIMAL,optimal,4,RXN0_45_267;RXN0_45_5468;1_46_11_46_1_46_15_45_RXN;PEROXID_45_RXN
HS04134,PRDX1,1.277696171875,1.2776961718749995,1.0000000000000004,-4.440892098500626e-16,MINIMAL,optimal,4,RXN0_45_267;RXN0_45_5468;1_46_11_46_1_46_15_45_RXN;PEROXID_45_RXN
HS16132,FADS6,1.277696171875,1.2776961718749995,1.0000000000000004,-4.440892098500626e-16,MINIMAL,optimal,2,1_46_14_46_19_46_1_45_RXN;RXN_45_11680
HS15665,DEGS2,1.277696171875,1.2776961718749995,1.0000000000000004,-4.440892098500626e-16,MINIMAL,optimal,3,RXN_45_20397;RXN3O_45_1380;RXN_45_14250
HS01878,SCD,1.277696171875,1.2776961718749995,1.0000000000000004,-4.440892098500626e-16,MINIMAL,optimal,2,RXN_45_10664;1_46_14_46_19_46_1_45_RXN
HS07241,SCD5,1.277696171875,1.2776961718749995,1.0000000000000004,-4.440892098500626e-16,MINIMAL,optimal,2,RXN_45_10664;1_46_14_46_19_46_1_45_RXN
HS08391,CYB5R1,1.277696171875,1.2776961718749995,1.0000000000000004,-4.440892098500626e-16,MINIMAL,optimal,2,CYTOCHROME_45_B5_45_REDUCTASE_45_RXN;RXN_45_11195
HS09388,CYB5R2,1.277696171875,1.2776961718749995,1.0000000000000004,-4.440892098500626e-16,MINIMAL,optimal,2,CYTOCHROME_45_B5_45_REDUCTASE_45_RXN;RXN_45_11195
HS00849,CYB5R4,1.277696171875,1.2776961718749995,1.0000000000000004,-4.440892098500626e-16,MINIMAL,optimal,2,CYTOCHROME_45_B5_45_REDUCTASE_45_RXN;RXN_45_11195
HS02015,CYB5R3,1.277696171875,1.2776961718749995,1.0000000000000004,-4.440892098500626e-16,MINIMAL,optimal,2,CYTOCHROME_45_B5_45_REDUCTASE_45_RXN;RXN_45_11195
G66_32347,CYB5RL,1.277696171875,1.2776961718749995,1.0000000000000004,-4.440892098500626e-16,MINIMAL,optimal,1,CYTOCHROME_45_B5_45_REDUCTASE_45_RXN
HS07501,ALAD,1.277696171875,1.2776961718749995,1.0000000000000004,-4.440892098500626e-16,MINIMAL,optimal,1,PORPHOBILSYNTH_45_RXN
HS05783,IMPA1,1.277696171875,1.2776961718749995,1.0000000000000004,-4.440892098500626e-16,MINIMAL,optimal,4,RXN_45_10953;RXN_45_10954;RXN_45_10952;RXN_45_10949
HS06822,IMPA2,1.277696171875,1.2776961718749995,1.0000000000000004,-4.440892098500626e-16,MINIMAL,optimal,4,RXN_45_10953;RXN_45_10954;RXN_45_10952;RXN_45_10949
HS02567,IMPAD1,1.277696171875,1.2776961718749995,1.0000000000000004,-4.440892098500626e-16,MINIMAL,optimal,5,RXN_45_10953;RXN_45_10949;RXN_45_7253;RXN_45_10952;RXN_45_10954
HS07278,HISPPD1,1.277696171875,1.2776961718749995,1.0000000000000004,-4.440892098500626e-16,MINIMAL,optimal,8,RXN_45_10979;RXN_45_10972;RXN_45_10971;RXN_45_4941;2_46_7_46_4_46_24_45_RXN;2_46_7_46_1_46_152_45_RXN;RXN_45_10974;RXN_45_10973
HS09822,HISPPD2A,1.277696171875,1.2776961718749995,1.0000000000000004,-4.440892098500626e-16,MINIMAL,optimal,8,RXN_45_10979;RXN_45_10972;RXN_45_10971;RXN_45_4941;2_46_7_46_4_46_24_45_RXN;2_46_7_46_1_46_152_45_RXN;RXN_45_10974;RXN_45_10973
HS00942,IP6K2,1.277696171875,1.2776961718749995,1.0000000000000004,-4.440892098500626e-16,MINIMAL,optimal,6,RXN_45_4941;RXN_45_10972;RXN_45_10974;2_46_7_46_1_46_152_45_RXN;RXN_45_10971;RXN_45_10973
HS08619,IP6K3,1.277696171875,1.2776961718749995,1.0000000000000004,-4.440892098500626e-16,MINIMAL,optimal,6,RXN_45_4941;RXN_45_10972;RXN_45_10974;2_46_7_46_1_46_152_45_RXN;RXN_45_10971;RXN_45_10973
HS10997,IP6K1,1.277696171875,1.2776961718749995,1.0000000000000004,-4.440892098500626e-16,MINIMAL,optimal,6,RXN_45_4941;RXN_45_10972;RXN_45_10974;2_46_7_46_1_46_152_45_RXN;RXN_45_10971;RXN_45_10973
HS05381,NUDT11,1.277696171875,1.2776961718749995,1.0000000000000004,-4.440892098500626e-16,MINIMAL,optimal,5,RXN_45_10774;RXN_45_10967;RXN_45_10965;RXN_45_10970;RXN_45_10964
HS10696,NUDT4,1.277696171875,1.2776961718749995,1.0000000000000004,-4.440892098500626e-16,MINIMAL,optimal,10,RXN_45_10774;RXN_45_10975;RXN_45_10977;RXN_45_10978;3_46_6_46_1_46_52_45_RXN;RXN_45_10964;RXN_45_10967;RXN_45_10965;RXN_45_10976;RXN_45_10963
HS04604,NUDT10,1.277696171875,1.2776961718749995,1.0000000000000004,-4.440892098500626e-16,MINIMAL,optimal,10,RXN_45_10774;RXN_45_10975;RXN_45_10977;RXN_45_10978;3_46_6_46_1_46_52_45_RXN;RXN_45_10964;RXN_45_10970;RXN_45_10967;RXN_45_10965;RXN_45_10976
HS03602,NUDT3,1.277696171875,1.2776961718749995,1.0000000000000004,-4.440892098500626e-16,MINIMAL,optimal,10,RXN_45_10774;RXN_45_10975;RXN_45_10977;RXN_45_10978;3_46_6_46_1_46_52_45_RXN;RXN_45_10964;RXN_45_10967;RXN_45_10965;RXN_45_10976;RXN_45_10963
HS06413,CYP19A1,1.277696171875,1.2776961718749995,1.0000000000000004,-4.440892098500626e-16,MINIMAL,optimal,3,RXN66_45_349;RXN66_45_346;UNSPECIFIC_45_MONOOXYGENASE_45_RXN
G66_32105,GPAT2,1.277696171875,1.2776961718749995,1.0000000000000004,-4.440892098500626e-16,MINIMAL,optimal,10,RXN_45_16024;RXN_45_16117;RXN_45_17018;RXN_45_1381;RXN_45_10462;RXN_45_15045;RXN_45_13805;RXN_45_17016;RXN_45_17017;RXN_45_20513
HS06534,AGPAT9,1.277696171875,1.2776961718749995,1.0000000000000004,-4.440892098500626e-16,MINIMAL,optimal,10,RXN_45_16024;RXN_45_16117;RXN_45_17018;RXN_45_1381;RXN_45_10462;RXN_45_15045;RXN_45_13805;RXN_45_17016;RXN_45_17017;RXN_45_20513
HS08315,AGPAT6,1.277696171875,1.2776961718749995,1.0000000000000004,-4.440892098500626e-16,MINIMAL,optimal,10,RXN_45_16024;RXN_45_16117;RXN_45_17018;RXN_45_1381;RXN_45_10462;RXN_45_15045;RXN_45_13805;RXN_45_17016;RXN_45_17017;RXN_45_20513
HS04350,GPAM,1.277696171875,1.2776961718749995,1.0000000000000004,-4.440892098500626e-16,MINIMAL,optimal,10,RXN_45_16024;RXN_45_16117;RXN_45_17018;RXN_45_1381;RXN_45_10462;RXN_45_15045;RXN_45_13805;RXN_45_17016;RXN_45_17017;RXN_45_20513
HS09762,AGPAT1,1.277696171875,1.2776961718749995,1.0000000000000004,-4.440892098500626e-16,MINIMAL,optimal,15,RXN_45_20528;RXN_45_17010;RXN_45_20565;RXN_45_17729;RXN_45_17021;RXN_45_15043;RXN_45_17009;RXN_45_16118;RXN_45_17023;RXN_45_17019
HS00619,SRD5A2,1.277696171875,1.2776961718749995,1.0000000000000004,-4.440892098500626e-16,MINIMAL,optimal,5,CORTISONE_45_ALPHA_45_REDUCTASE_45_RXN;RXN66_45_343;CHOLESTENONE_45_5_45_ALPHA_45_REDUCTASE_45_RXN;PROGESTERONE_45_5_45_ALPHA_45_REDUCTASE_45_RXN;1_46_3_46_99_46_5_45_RXN
HS07261,SRD5A1,1.277696171875,1.2776961718749995,1.0000000000000004,-4.440892098500626e-16,MINIMAL,optimal,5,CORTISONE_45_ALPHA_45_REDUCTASE_45_RXN;RXN66_45_343;CHOLESTENONE_45_5_45_ALPHA_45_REDUCTASE_45_RXN;PROGESTERONE_45_5_45_ALPHA_45_REDUCTASE_45_RXN;1_46_3_46_99_46_5_45_RXN
HS09769,CYP21A2,1.277696171875,1.2776961718749995,1.0000000000000004,-4.440892098500626e-16,MINIMAL,optimal,3,RXN66_45_356;RXN66_45_358;STEROID_45_21_45_MONOOXYGENASE_45_RXN
HS05604,HSD17B7,1.277696171875,1.2776961718749995,1.0000000000000004,-4.440892098500626e-16,MINIMAL,optimal,13,RXN_45_11929;ESTRADIOL_45_17_45_BETA_45_DEHYDROGENASE_45_RXN;RXN66_45_314;1_46_1_46_1_46_278_45_RXN;RXN_45_13686;RXN66_45_24;RXN_45_20442;1_46_1_46_1_46_51_45_RXN;RXN_45_20435;RXN66_45_319
HS11363,HSD17B11,1.277696171875,1.2776961718749995,1.0000000000000004,-4.440892098500626e-16,MINIMAL,optimal,2,TESTOSTERONE_45_17_45_BETA_45_DEHYDROGENASE_45_RXN;ESTRADIOL_45_17_45_BETA_45_DEHYDROGENASE_45_RXN
HS05377,ACSBG2,1.277696171875,1.2776961718749995,1.0000000000000004,-4.440892098500626e-16,MINIMAL,optimal,21,RXN_45_9673;RXN_45_19193;RXN_45_13614;RXN_45_19958;RXN66_45_483;RXN_45_19194;RXN66_45_474;PHYTANATE_45__45_COA_45_LIGASE_45_RXN;RXN_45_7904;RXN0_45_7238
HS02532,ACSBG1,1.277696171875,1.2776961718749995,1.0000000000000004,-4.440892098500626e-16,MINIMAL,optimal,21,RXN_45_9673;RXN_45_19193;RXN_45_13614;RXN_45_19958;RXN66_45_483;RXN_45_19194;RXN66_45_474;PHYTANATE_45__45_COA_45_LIGASE_45_RXN;RXN_45_7904;RXN0_45_7238
G66_33432,EFNA5,1.277696171875,1.2776961718749995,1.0000000000000004,-4.440892098500626e-16,MINIMAL,optimal,6,RXN_45_8022;RXN_45_12413;RXN_45_8024;RXN_45_11974;RXN_45_12412;RXN_45_8023
HS07643,TM7SF2,1.277696171875,1.2776961718749995,1.0000000000000004,-4.440892098500626e-16,MINIMAL,optimal,5,RXN_45_20446;RXN_45_20439;RXN66_45_306;RXN_45_4144;RXN66_45_14
HS07110,LBR,1.277696171875,1.2776961718749995,1.0000000000000004,-4.440892098500626e-16,MINIMAL,optimal,2,RXN66_45_306;RXN66_45_14
HS06237,FPGS,1.277696171875,1.2776961718749995,1.0000000000000004,-4.440892098500626e-16,MINIMAL,optimal,0,
HS14817,PPAPDC3,1.277696171875,1.2776961718749995,1.0000000000000004,-4.440892098500626e-16,MINIMAL,optimal,6,RXN_45_20566;RXN_45_20514;RXN_45_16030;RXN_45_20535;PHOSPHATIDATE_45_PHOSPHATASE_45_RXN;RXN_45_16121
G66_46240,PLPP6,1.277696171875,1.2776961718749995,1.0000000000000004,-4.440892098500626e-16,MINIMAL,optimal,6,RXN_45_20566;RXN_45_20514;RXN_45_16030;RXN_45_20535;PHOSPHATIDATE_45_PHOSPHATASE_45_RXN;RXN_45_16121
G66_31698,PLPP4,1.277696171875,1.2776961718749995,1.0000000000000004,-4.440892098500626e-16,MINIMAL,optimal,6,RXN_45_20566;RXN_45_20514;RXN_45_16030;RXN_45_20535;PHOSPHATIDATE_45_PHOSPHATASE_45_RXN;RXN_45_16121
HS06877,PPAP2C,1.277696171875,1.2776961718749995,1.0000000000000004,-4.440892098500626e-16,MINIMAL,optimal,7,RXN_45_20566;RXN_45_16030;RXN_45_20514;RXN_45_11277;RXN_45_20535;PHOSPHATIDATE_45_PHOSPHATASE_45_RXN;RXN_45_16121
HS00898,PPAP2A,1.277696171875,1.2776961718749995,1.0000000000000004,-4.440892098500626e-16,MINIMAL,optimal,6,RXN_45_20566;RXN_45_20514;RXN_45_16030;RXN_45_20535;PHOSPHATIDATE_45_PHOSPHATASE_45_RXN;RXN_45_16121
HS08670,PPAP2B,1.277696171875,1.2776961718749995,1.0000000000000004,-4.440892098500626e-16,MINIMAL,optimal,7,RXN_45_20566;RXN_45_16030;RXN_45_20514;RXN_45_11277;RXN_45_20535;PHOSPHATIDATE_45_PHOSPHATASE_45_RXN;RXN_45_16121
HS17073,G_HS17073,1.277696171875,1.2776961718749995,1.0000000000000004,-4.440892098500626e-16,MINIMAL,optimal,6,RXN_45_20519;RXN_45_13334;RXN_45_20523;RXN_45_20538;3_46_1_46_4_46_11_45_RXN;RXN_45_16261
HS14288,PLCH2,1.277696171875,1.2776961718749995,1.0000000000000004,-4.440892098500626e-16,MINIMAL,optimal,6,RXN_45_20519;RXN_45_13334;RXN_45_20523;RXN_45_20538;3_46_1_46_4_46_11_45_RXN;RXN_45_16261
HS07640,PLCB3,1.277696171875,1.2776961718749995,1.0000000000000004,-4.440892098500626e-16,MINIMAL,optimal,6,RXN_45_20519;RXN_45_13334;RXN_45_20523;RXN_45_20538;3_46_1_46_4_46_11_45_RXN;RXN_45_16261
HS06584,PLCZ1,1.277696171875,1.2776961718749995,1.0000000000000004,-4.440892098500626e-16,MINIMAL,optimal,6,RXN_45_20519;RXN_45_13334;RXN_45_20523;RXN_45_20538;3_46_1_46_4_46_11_45_RXN;RXN_45_16261
HS04729,PLCG1,1.277696171875,1.2776961718749995,1.0000000000000004,-4.440892098500626e-16,MINIMAL,optimal,6,RXN_45_20519;RXN_45_13334;RXN_45_20523;RXN_45_20538;3_46_1_46_4_46_11_45_RXN;RXN_45_16261
HS03803,PLCH1,1.277696171875,1.2776961718749995,1.0000000000000004,-4.440892098500626e-16,MINIMAL,optimal,6,RXN_45_20519;RXN_45_13334;RXN_45_20523;RXN_45_20538;3_46_1_46_4_46_11_45_RXN;RXN_45_16261
HS02244,PLCB4,1.277696171875,1.2776961718749995,1.0000000000000004,-4.440892098500626e-16,MINIMAL,optimal,6,RXN_45_20519;RXN_45_13334;RXN_45_20523;RXN_45_20538;3_46_1_46_4_46_11_45_RXN;RXN_45_16261
G66_32249,PLCXD1,1.277696171875,1.2776961718749995,1.0000000000000004,-4.440892098500626e-16,MINIMAL,optimal,6,RXN_45_20519;RXN_45_13334;RXN_45_20523;RXN_45_20538;3_46_1_46_4_46_11_45_RXN;RXN_45_16261
G66_31377,PLCXD2,1.277696171875,1.2776961718749995,1.0000000000000004,-4.440892098500626e-16,MINIMAL,optimal,6,RXN_45_20519;RXN_45_13334;RXN_45_20523;RXN_45_20538;3_46_1_46_4_46_11_45_RXN;RXN_45_16261
G66_30825,PLCXD3,1.277696171875,1.2776961718749995,1.0000000000000004,-4.440892098500626e-16,MINIMAL,optimal,6,RXN_45_20519;RXN_45_13334;RXN_45_20523;RXN_45_20538;3_46_1_46_4_46_11_45_RXN;RXN_45_16261
HS07195,PLCD1,1.277696171875,1.2776961718749995,1.0000000000000004,-4.440892098500626e-16,MINIMAL,optimal,3,RXN_45_20523;RXN_45_20538;3_46_1_46_4_46_11_45_RXN
HS06773,PLCG2,1.277696171875,1.2776961718749995,1.0000000000000004,-4.440892098500626e-16,MINIMAL,optimal,3,RXN_45_20523;RXN_45_20538;3_46_1_46_4_46_11_45_RXN
HS06473,PLCE1,1.277696171875,1.2776961718749995,1.0000000000000004,-4.440892098500626e-16,MINIMAL,optimal,3,RXN_45_20523;RXN_45_20538;3_46_1_46_4_46_11_45_RXN
HS06408,PLCB2,1.277696171875,1.2776961718749995,1.0000000000000004,-4.440892098500626e-16,MINIMAL,optimal,4,RXN_45_20519;RXN_45_20523;RXN_45_20538;3_46_1_46_4_46_11_45_RXN
HS08609,PLCD3,1.277696171875,1.2776961718749995,1.0000000000000004,-4.440892098500626e-16,MINIMAL,optimal,3,RXN_45_20523;RXN_45_20538;3_46_1_46_4_46_11_45_RXN
HS03908,PLCD4,1.277696171875,1.2776961718749995,1.0000000000000004,-4.440892098500626e-16,MINIMAL,optimal,3,RXN_45_20523;RXN_45_20538;3_46_1_46_4_46_11_45_RXN
HS11935,PLCB1,1.277696171875,1.2776961718749995,1.0000000000000004,-4.440892098500626e-16,MINIMAL,optimal,5,RXN_45_20519;RXN_45_13334;RXN_45_20523;RXN_45_20538;3_46_1_46_4_46_11_45_RXN
HS02103,DDHD1,1.277696171875,1.2776961718749995,1.0000000000000004,-4.440892098500626e-16,MINIMAL,optimal,6,RXN_45_20540;RXN_45_20520;RXN_45_20521;RXN_45_20530;RXN_45_20541;RXN_45_20539
HS09093,DAGLB,1.277696171875,1.2776961718749995,1.0000000000000004,-4.440892098500626e-16,MINIMAL,optimal,2,RXN_45_20522;RXN_45_20537
HS06848,PYCR1,1.277696171875,1.2776961718749995,1.0000000000000004,-4.440892098500626e-16,MINIMAL,optimal,3,RXN_45_16267;RXN66_45_546;PYRROLINECARBREDUCT_45_RXN
HS02045,MTMR3,1.277696171875,1.2776961718749995,1.0000000000000004,-4.440892098500626e-16,MINIMAL,optimal,3,RXN_45_10958;PROTEIN_45_TYROSINE_45_PHOSPHATASE_45_RXN;PHOSPHATIDYLINOSITOL_45_3_45_PHOSPHATASE_45_RXN
HS08920,MTMR14,1.277696171875,1.2776961718749995,1.0000000000000004,-4.440892098500626e-16,MINIMAL,optimal,2,RXN_45_10958;PHOSPHATIDYLINOSITOL_45_3_45_PHOSPHATASE_45_RXN
HS12771,FIG4,1.277696171875,1.2776961718749995,1.0000000000000004,-4.440892098500626e-16,MINIMAL,optimal,1,RXN_45_10938
HS11932,SACM1L,1.277696171875,1.2776961718749995,1.0000000000000004,-4.440892098500626e-16,MINIMAL,optimal,3,RXN_45_10961;PHOSPHATIDYLINOSITOL_45_3_45_PHOSPHATASE_45_RXN;RXN_45_10938
HS09849,INPP5D,1.277696171875,1.2776961718749995,1.0000000000000004,-4.440892098500626e-16,MINIMAL,optimal,1,RXN_45_10036
HS01279,SYNJ2,1.277696171875,1.2776961718749995,1.0000000000000004,-4.440892098500626e-16,MINIMAL,optimal,2,PHOSPHATIDYLINOSITOL_45_BISPHOSPHATASE_45_RXN;RXN_45_10036
HS12255,INPP5F,1.277696171875,1.2776961718749995,1.0000000000000004,-4.440892098500626e-16,MINIMAL,optimal,2,PHOSPHATIDYLINOSITOL_45_BISPHOSPHATASE_45_RXN;RXN_45_10036
HS04546,OCRL,1.277696171875,1.2776961718749995,1.0000000000000004,-4.440892098500626e-16,MINIMAL,optimal,2,PHOSPHATIDYLINOSITOL_45_BISPHOSPHATASE_45_RXN;RXN_45_10036
HS05626,INPP5K,1.277696171875,1.2776961718749995,1.0000000000000004,-4.440892098500626e-16,MINIMAL,optimal,2,PHOSPHATIDYLINOSITOL_45_BISPHOSPHATASE_45_RXN;RXN_45_10036
HS05898,INPP5B,1.277696171875,1.2776961718749995,1.0000000000000004,-4.440892098500626e-16,MINIMAL,optimal,2,PHOSPHATIDYLINOSITOL_45_BISPHOSPHATASE_45_RXN;RXN_45_10036
HS08354,SYNJ1,1.277696171875,1.2776961718749995,1.0000000000000004,-4.440892098500626e-16,MINIMAL,optimal,2,PHOSPHATIDYLINOSITOL_45_BISPHOSPHATASE_45_RXN;RXN_45_10036
HS09233,INPPL1,1.277696171875,1.2776961718749995,1.0000000000000004,-4.440892098500626e-16,MINIMAL,optimal,1,RXN_45_10036
HS09270,INPP5E,1.277696171875,1.2776961718749995,1.0000000000000004,-4.440892098500626e-16,MINIMAL,optimal,2,PHOSPHATIDYLINOSITOL_45_BISPHOSPHATASE_45_RXN;RXN_45_10036
HS10404,PTEN,1.277696171875,1.2776961718749995,1.0000000000000004,-4.440892098500626e-16,MINIMAL,optimal,5,PHOSPHATIDYLINOSITOL_45_3_45_PHOSPHATASE_45_RXN;3_46_1_46_3_46_16_45_RXN;3_46_1_46_3_46_67_45_RXN;RXN_45_10947;PROTEIN_45_TYROSINE_45_PHOSPHATASE_45_RXN
HS05712,TPTE2,1.277696171875,1.2776961718749995,1.0000000000000004,-4.440892098500626e-16,MINIMAL,optimal,3,3_46_1_46_3_46_67_45_RXN;RXN_45_10947;PROTEIN_45_TYROSINE_45_PHOSPHATASE_45_RXN
G66_47074,TPTE2P1,1.277696171875,1.2776961718749995,1.0000000000000004,-4.440892098500626e-16,MINIMAL,optimal,2,3_46_1_46_3_46_67_45_RXN;RXN_45_10947
HS00112,NDUFAB1,1.277696171875,1.2776961718749995,1.0000000000000004,-4.440892098500626e-16,MINIMAL,optimal,34,1_45_ACYLGLYCEROL_45_3_45_P_45_ACYLTRANSFER_45_RXN;RXN_45_16024;RXN_45_16067;RXN_45_16077;RXN_45_16076;2_46_3_46_1_46_41_45_RXN;3_46_1_46_2_46_14_45_RXN;RXN_45_17155;RXN_45_17016;RXN_45_9518
HS10599,LCLAT1,1.277696171875,1.2776961718749995,1.0000000000000004,-4.440892098500626e-16,MINIMAL,optimal,18,1_45_ACYLGLYCEROL_45_3_45_P_45_ACYLTRANSFER_45_RXN;RXN_45_16077;RXN_45_17022;RXN_45_17729;RXN_45_16076;RXN_45_16025;RXN0_45_5514;RXN0_45_6705;RXN_45_20512;RXN_45_17013
HS13986,MBOAT2,1.277696171875,1.2776961718749995,1.0000000000000004,-4.440892098500626e-16,MINIMAL,optimal,29,1_45_ACYLGLYCEROL_45_3_45_P_45_ACYLTRANSFER_45_RXN;RXN_45_16067;RXN_45_16077;RXN_45_17021;RXN_45_17022;RXN_45_17009;RXN_45_17729;RXN_45_16076;RXN_45_15043;RXN_45_17023
HS00306,ABHD5,1.277696171875,1.2776961718749995,1.0000000000000004,-4.440892098500626e-16,MINIMAL,optimal,18,1_45_ACYLGLYCEROL_45_3_45_P_45_ACYLTRANSFER_45_RXN;RXN_45_16077;RXN_45_17022;RXN_45_17729;RXN_45_16076;RXN_45_16025;RXN0_45_5514;RXN0_45_6705;RXN_45_20512;RXN_45_17013
HS01140,MGLL,1.277696171875,1.2776961718749995,1.0000000000000004,-4.440892098500626e-16,MINIMAL,optimal,4,RXN_45_18935;RXN_45_15089;RXN_45_7952;RXN_45_15088
HS02179,ABHD12,1.277696171875,1.2776961718749995,1.0000000000000004,-4.440892098500626e-16,MINIMAL,optimal,4,RXN_45_18935;RXN_45_15089;RXN_45_7952;RXN_45_15088
HS08913,ABHD6,1.277696171875,1.2776961718749995,1.0000000000000004,-4.440892098500626e-16,MINIMAL,optimal,4,RXN_45_18935;RXN_45_15089;RXN_45_7952;RXN_45_15088
HS13172,ALKBH7,1.277696171875,1.2776961718749995,1.0000000000000004,-4.440892098500626e-16,MINIMAL,optimal,7,RXN_45_12353;RXN0_45_7280;RXN0_45_986;RXN0_45_984;RXN_45_18739;RXN_45_18737;RXN_45_18738
HS14842,ALKBH4,1.277696171875,1.2776961718749995,1.0000000000000004,-4.440892098500626e-16,MINIMAL,optimal,7,RXN_45_12353;RXN0_45_7280;RXN0_45_986;RXN0_45_984;RXN_45_18739;RXN_45_18737;RXN_45_18738
HS12338,ALKBH5,1.277696171875,1.2776961718749995,1.0000000000000004,-4.440892098500626e-16,MINIMAL,optimal,7,RXN_45_12353;RXN0_45_7280;RXN0_45_986;RXN0_45_984;RXN_45_18739;RXN_45_18737;RXN_45_18738
HS02120,ALKBH1,1.277696171875,1.2776961718749995,1.0000000000000004,-4.440892098500626e-16,MINIMAL,optimal,7,RXN_45_12353;RXN0_45_7280;RXN0_45_986;RXN0_45_984;RXN_45_18739;RXN_45_18737;RXN_45_18738
HS06489,AOX1,1.277696171875,1.2776961718749995,1.0000000000000004,-4.440892098500626e-16,MINIMAL,optimal,3,RXN_45_8094;RXN66_45_62;ALDEHYDE_45_OXIDASE_45_RXN
HS11927,AOX2,1.277696171875,1.2776961718749995,1.0000000000000004,-4.440892098500626e-16,MINIMAL,optimal,10,RXN66_45_479;ALDEHYDE_45_OXIDASE_45_RXN;LONG_45_CHAIN_45_ALDEHYDE_45_DEHYDROGENASE_45_RXN;RXN66_45_476;RXN_45_8094;RXN_45_4142;RXN66_45_472;RXN_45_8583;RXN_45_8582;BENZALDEHYDE_45_DEHYDROGENASE_45_NAD_43__45_RXN
HS05827,GSTM1,1.277696171875,1.2776961718749995,1.0000000000000004,-4.440892098500626e-16,MINIMAL,optimal,2,GSHTRAN_45_RXN;GST_45_RXN
HS05832,GSTM5,1.277696171875,1.2776961718749995,1.0000000000000004,-4.440892098500626e-16,MINIMAL,optimal,2,GSHTRAN_45_RXN;GST_45_RXN
HS05833,GSTM3,1.277696171875,1.2776961718749995,1.0000000000000004,-4.440892098500626e-16,MINIMAL,optimal,2,GSHTRAN_45_RXN;GST_45_RXN
HS07329,GSTA3,1.277696171875,1.2776961718749995,1.0000000000000004,-4.440892098500626e-16,MINIMAL,optimal,3,GSHTRAN_45_RXN;RXN_45_13673;GST_45_RXN
HS09817,GSTM4,1.277696171875,1.2776961718749995,1.0000000000000004,-4.440892098500626e-16,MINIMAL,optimal,2,GSHTRAN_45_RXN;GST_45_RXN
HS09818,GSTM2,1.277696171875,1.2776961718749995,1.0000000000000004,-4.440892098500626e-16,MINIMAL,optimal,2,GSHTRAN_45_RXN;GST_45_RXN
HS10203,GSTA4,1.277696171875,1.2776961718749995,1.0000000000000004,-4.440892098500626e-16,MINIMAL,optimal,3,GSHTRAN_45_RXN;RXN_45_13673;GST_45_RXN
HS00851,GSTO2,1.277696171875,1.2776961718749995,1.0000000000000004,-4.440892098500626e-16,MINIMAL,optimal,2,GSHTRAN_45_RXN;GST_45_RXN
HS07564,GSTO1,1.277696171875,1.2776961718749995,1.0000000000000004,-4.440892098500626e-16,MINIMAL,optimal,4,RXN_45_6981;RXN_45_982;1_46_20_46_4_46_2_45_RXN;GST_45_RXN
HS10772,GSTA3,1.277696171875,1.2776961718749995,1.0000000000000004,-4.440892098500626e-16,MINIMAL,optimal,3,GSHTRAN_45_RXN;RXN_45_13673;GST_45_RXN
G66_31783,GSTA5,1.277696171875,1.2776961718749995,1.0000000000000004,-4.440892098500626e-16,MINIMAL,optimal,3,GSHTRAN_45_RXN;RXN_45_13673;GST_45_RXN
HS13017,PLBD1,1.277696171875,1.2776961718749995,1.0000000000000004,-4.440892098500626e-16,MINIMAL,optimal,3,RXN_45_15035;RXN_45_19312;LYSOPHOSPHOLIPASE_45_RXN
HS00297,LYPLA2,1.277696171875,1.2776961718749995,1.0000000000000004,-4.440892098500626e-16,MINIMAL,optimal,3,RXN_45_15035;RXN_45_19312;LYSOPHOSPHOLIPASE_45_RXN
HS00485,PNPLA6,1.277696171875,1.2776961718749995,1.0000000000000004,-4.440892098500626e-16,MINIMAL,optimal,3,RXN_45_15035;RXN_45_19312;LYSOPHOSPHOLIPASE_45_RXN
HS02451,PLA2G15,1.277696171875,1.2776961718749995,1.0000000000000004,-4.440892098500626e-16,MINIMAL,optimal,3,RXN_45_15035;RXN_45_19312;LYSOPHOSPHOLIPASE_45_RXN
HS04039,PLA2G4A,1.277696171875,1.2776961718749995,1.0000000000000004,-4.440892098500626e-16,MINIMAL,optimal,4,RXN_45_15035;PHOSPHOLIPASE_45_A2_45_RXN;RXN_45_19312;LYSOPHOSPHOLIPASE_45_RXN
HS04458,LYPLA1,1.277696171875,1.2776961718749995,1.0000000000000004,-4.440892098500626e-16,MINIMAL,optimal,3,RXN_45_15035;RXN_45_19312;LYSOPHOSPHOLIPASE_45_RXN
HS08939,PLB1,1.277696171875,1.2776961718749995,1.0000000000000004,-4.440892098500626e-16,MINIMAL,optimal,4,RXN_45_15035;PHOSPHOLIPASE_45_A2_45_RXN;RXN_45_19312;LYSOPHOSPHOLIPASE_45_RXN
HS14357,PLBD2,1.277696171875,1.2776961718749995,1.0000000000000004,-4.440892098500626e-16,MINIMAL,optimal,3,RXN_45_15035;RXN_45_19312;LYSOPHOSPHOLIPASE_45_RXN
HS03319,PTPMT1,1.277696171875,1.2776961718749995,1.0000000000000004,-4.440892098500626e-16,MINIMAL,optimal,4,3_46_1_46_3_46_16_45_RXN;PROTEIN_45_TYROSINE_45_PHOSPHATASE_45_RXN;PGPPHOSPHA_45_RXN;RXN_45_13313
HS04802,NQO2,1.277696171875,1.2776961718749995,1.0000000000000004,-4.440892098500626e-16,MINIMAL,optimal,2,NQOR_45_RXN;1_46_10_46_99_46_2_45_RXN
HS15341,AKR1E2,1.277696171875,1.2776961718749995,1.0000000000000004,-4.440892098500626e-16,MINIMAL,optimal,1,1_46_1_46_1_46_263_45_RXN
HS03439,CHPT1,1.277696171875,1.2776961718749995,1.0000000000000004,-4.440892098500626e-16,MINIMAL,optimal,6,RXN_45_20511;RXN_45_20567;RXN_45_19426;RXN66_45_578;RXN_45_17733;RXN_45_20533
HS05099,PLA2G2A,1.277696171875,1.2776961718749995,1.0000000000000004,-4.440892098500626e-16,MINIMAL,optimal,20,PHOSPHOLIPASE_45_A2_45_RXN;RXN_45_16138;PHOSPHATIDYLINOSITOL_45_DEACYLASE_45_RXN;RXN_45_20561;PHOSPHOLIPASE_45_A1_45_RXN;RXN_45_20546;RXN_45_20552;RXN_45_15068;RXN0_45_6725;RXN_45_16139
HS05614,OC90,1.277696171875,1.2776961718749995,1.0000000000000004,-4.440892098500626e-16,MINIMAL,optimal,19,PHOSPHOLIPASE_45_A2_45_RXN;RXN_45_16138;PHOSPHATIDYLINOSITOL_45_DEACYLASE_45_RXN;RXN_45_20561;RXN_45_20546;RXN_45_20552;RXN_45_15068;RXN0_45_6725;RXN_45_16139;RXN_45_20558
HS13847,G_HS13847,1.277696171875,1.2776961718749995,1.0000000000000004,-4.440892098500626e-16,MINIMAL,optimal,19,PHOSPHOLIPASE_45_A2_45_RXN;RXN_45_16138;PHOSPHATIDYLINOSITOL_45_DEACYLASE_45_RXN;RXN_45_20561;RXN_45_20546;RXN_45_20552;RXN_45_15068;RXN0_45_6725;RXN_45_16139;RXN_45_20558
HS17140,G_HS17140,1.277696171875,1.2776961718749995,1.0000000000000004,-4.440892098500626e-16,MINIMAL,optimal,19,PHOSPHOLIPASE_45_A2_45_RXN;RXN_45_16138;PHOSPHATIDYLINOSITOL_45_DEACYLASE_45_RXN;RXN_45_20561;RXN_45_20546;RXN_45_20552;RXN_45_15068;RXN0_45_6725;RXN_45_16139;RXN_45_20558
HS17690,G_HS17690,1.277696171875,1.2776961718749995,1.0000000000000004,-4.440892098500626e-16,MINIMAL,optimal,19,PHOSPHOLIPASE_45_A2_45_RXN;RXN_45_16138;PHOSPHATIDYLINOSITOL_45_DEACYLASE_45_RXN;RXN_45_20561;RXN_45_20546;RXN_45_20552;RXN_45_15068;RXN0_45_6725;RXN_45_16139;RXN_45_20558
HS16031,ADI1,1.277696171875,1.2776961718749995,1.0000000000000004,-4.440892098500626e-16,MINIMAL,optimal,1,R146_45_RXN
G66_32717,RNLS,1.277696171875,1.2776961718749995,1.0000000000000004,-4.440892098500626e-16,MINIMAL,optimal,4,RXN_45_16774;RXN_45_16775;RXN_45_15116;RXN_45_16773
HS01481,HADHA,1.277696171875,1.2776961718749995,1.0000000000000004,-4.440892098500626e-16,MINIMAL,optimal,3,RXN_45_14393;RXN_45_17777;1_46_1_46_1_46_211_45_RXN
HS02477,ABAT,1.277696171875,1.2776961718749995,1.0000000000000004,-4.440892098500626e-16,MINIMAL,optimal,1,2_46_6_46_1_46_22_45_RXN
HS00434,GCLM,1.277696171875,1.2776961718749995,1.0000000000000004,-4.440892098500626e-16,MINIMAL,optimal,1,RXN_45_20400
HS00071,GCLC,1.277696171875,1.2776961718749995,1.0000000000000004,-4.440892098500626e-16,MINIMAL,optimal,2,RXN_45_20400;RXN_45_20406
G66_33844,AFMID,1.277696171875,1.2776961718749995,1.0000000000000004,-4.440892098500626e-16,MINIMAL,optimal,2,RXN_45_17150;ARYLFORMAMIDASE_45_RXN
HS00233,NADK,1.277696171875,1.2776961718749995,1.0000000000000004,-4.440892098500626e-16,MINIMAL,optimal,0,
HS03733,NIT2,1.277696171875,1.2776961718749995,1.0000000000000004,-4.440892098500626e-16,MINIMAL,optimal,4,3_46_5_46_5_46_1_45_RXN;RXN_45_1404;RXN_45_17607;RXN_45_18229
HS08330,NIT1,1.277696171875,1.2776961718749995,1.0000000000000004,-4.440892098500626e-16,MINIMAL,optimal,4,3_46_5_46_5_46_1_45_RXN;RXN_45_1404;RXN_45_17607;RXN_45_18229
HS11629,SGSH,1.277696171875,1.2776961718749995,1.0000000000000004,-4.440892098500626e-16,MINIMAL,optimal,7,GUANIDINOBUTANAMIDE_45_NH3_45_RXN;RXN_45_14727;RXN_45_17608;RXNN_45_404;R311_45_RXN;PYRAZIN_45_RXN;AMIDASE_45_RXN
HS00182,ALDH3B1,1.277696171875,1.2776961718749995,1.0000000000000004,-4.440892098500626e-16,MINIMAL,optimal,19,RXN_45_12000;RXN66_45_479;BENZALDEHYDE_45_DEHYDROGENASE_45_NADP_43__45_RXN;3_45_OH_45_BENZALDEHYDE_45_DEHYDROG_45_NADP_43__45_RXN;RXN_45_16955;RXN66_45_472;RXN_45_16956;ALDHDEHYDROG_45_RXN;LONG_45_CHAIN_45_ALDEHYDE_45_DEHYDROGENASE_45_RXN;SUCCGLUALDDEHYD_45_RXN
HS01061,ALDH3A2,1.277696171875,1.2776961718749995,1.0000000000000004,-4.440892098500626e-16,MINIMAL,optimal,12,RXN_45_10715;ALDHDEHYDROG_45_RXN;LONG_45_CHAIN_45_ALDEHYDE_45_DEHYDROGENASE_45_RXN;RXN66_45_479;RXN_45_10780;RXN66_45_476;RXN_45_4142;RXN_45_37;RXN66_45_472;RXN_45_8583
HS01957,GGT1,1.277696171875,1.2776961718749995,1.0000000000000004,-4.440892098500626e-16,MINIMAL,optimal,4,RXN_45_6641;RXN_45_6601;RXN_45_13675;RXN_45_12825
HS01949,GGT5,1.277696171875,1.2776961718749995,1.0000000000000004,-4.440892098500626e-16,MINIMAL,optimal,8,RXN66_45_336;RXN_45_6641;RXN_45_12825;RXN_45_6601;RXN_45_18092;RXN_45_9157;GAMMA_45_GLUTAMYLTRANSFERASE_45_RXN;RXN_45_13675
HS03684,RAD1,1.277696171875,1.2776961718749995,1.0000000000000004,-4.440892098500626e-16,MINIMAL,optimal,0,
HS10543,RAD9A,1.277696171875,1.2776961718749995,1.0000000000000004,-4.440892098500626e-16,MINIMAL,optimal,0,
HS00004,TREX2,1.277696171875,1.2776961718749995,1.0000000000000004,-4.440892098500626e-16,MINIMAL,optimal,0,
G66_31197,TREX1,1.277696171875,1.2776961718749995,1.0000000000000004,-4.440892098500626e-16,MINIMAL,optimal,1,3_46_1_46_21_46_1_45_RXN
HS01502,AKR1B1,1.277696171875,1.2776961718749995,1.0000000000000004,-4.440892098500626e-16,MINIMAL,optimal,7,RXN_45_14102;RXN0_45_4281;RXN_45_8632;RXN_45_13040;ALDEHYDE_45_REDUCTASE_45_RXN;RXN_45_8772;RXN_45_12078
HS02925,AKR1B10,1.277696171875,1.2776961718749995,1.0000000000000004,-4.440892098500626e-16,MINIMAL,optimal,7,RXN_45_14102;RXN0_45_4281;RXN_45_8632;RXN_45_13040;ALDEHYDE_45_REDUCTASE_45_RXN;RXN_45_8772;RXN_45_12078
HS04143,FMO6,1.277696171875,1.2776961718749995,1.0000000000000004,-4.440892098500626e-16,MINIMAL,optimal,6,RXN_45_19394;1_46_14_46_13_46_8_45_RXN;RXN_45_19391;RXN66_45_81;RXN_45_19393;RXN_45_19392
HS00295,FMO1,1.277696171875,1.2776961718749995,1.0000000000000004,-4.440892098500626e-16,MINIMAL,optimal,6,RXN_45_19394;1_46_14_46_13_46_8_45_RXN;RXN_45_19391;RXN66_45_81;RXN_45_19393;RXN_45_19392
HS01205,FMO4,1.277696171875,1.2776961718749995,1.0000000000000004,-4.440892098500626e-16,MINIMAL,optimal,6,RXN_45_19394;1_46_14_46_13_46_8_45_RXN;RXN_45_19391;RXN66_45_81;RXN_45_19393;RXN_45_19392
HS01807,FMO2,1.277696171875,1.2776961718749995,1.0000000000000004,-4.440892098500626e-16,MINIMAL,optimal,6,RXN_45_19394;1_46_14_46_13_46_8_45_RXN;RXN_45_19391;RXN66_45_81;RXN_45_19393;RXN_45_19392
HS00223,FMO3,1.277696171875,1.2776961718749995,1.0000000000000004,-4.440892098500626e-16,MINIMAL,optimal,7,RXN_45_19394;1_46_14_46_13_46_8_45_RXN;RXN_45_19391;RXN66_45_81;RXN_45_19393;RXN_45_12900;RXN_45_19392
HS05567,FMO5,1.277696171875,1.2776961718749995,1.0000000000000004,-4.440892098500626e-16,MINIMAL,optimal,6,RXN_45_19394;1_46_14_46_13_46_8_45_RXN;RXN_45_19391;RXN66_45_81;RXN_45_19393;RXN_45_19392
HS10336,CYP2G1P,1.277696171875,1.2776961718749995,1.0000000000000004,-4.440892098500626e-16,MINIMAL,optimal,7,UNSPECIFIC_45_MONOOXYGENASE_45_RXN;RXN66_45_161;RXN66_45_146;RXN66_45_169;RXN66_45_2;RXN66_45_163;RXN66_45_61
HS08023,CYP2U1,1.277696171875,1.2776961718749995,1.0000000000000004,-4.440892098500626e-16,MINIMAL,optimal,11,RXN66_45_146;RXN66_45_169;RXN66_45_170;RXN_45_11057;RXN66_45_61;UNSPECIFIC_45_MONOOXYGENASE_45_RXN;RXN_45_8630;RXN66_45_161;RXN66_45_181;RXN66_45_163
HS09588,CYP2S1,1.277696171875,1.2776961718749995,1.0000000000000004,-4.440892098500626e-16,MINIMAL,optimal,11,RXN66_45_146;RXN66_45_169;RXN66_45_170;RXN_45_11057;RXN66_45_61;UNSPECIFIC_45_MONOOXYGENASE_45_RXN;RXN_45_8630;RXN66_45_161;RXN66_45_181;RXN66_45_163
HS11946,CYP4X1,1.277696171875,1.2776961718749995,1.0000000000000004,-4.440892098500626e-16,MINIMAL,optimal,11,RXN66_45_146;RXN66_45_169;RXN66_45_170;RXN_45_11057;RXN66_45_61;UNSPECIFIC_45_MONOOXYGENASE_45_RXN;RXN_45_8630;RXN66_45_161;RXN66_45_181;RXN66_45_163
HS10343,CYP2A6,1.277696171875,1.2776961718749995,1.0000000000000004,-4.440892098500626e-16,MINIMAL,optimal,24,RXN66_45_598;RXN_45_11057;RXN_45_13064;RXN66_45_181;RXN_45_11056;RXN66_45_163;RXN66_45_589;RXN66_45_597;RXN66_45_146;RXN66_45_596
HS05414,CYP2E1,1.277696171875,1.2776961718749995,1.0000000000000004,-4.440892098500626e-16,MINIMAL,optimal,24,RXN66_45_598;RXN_45_11057;RXN_45_14713;RXN_45_13064;RXN66_45_181;RXN_45_11056;RXN66_45_163;RXN66_45_589;RXN0_45_4281;RXN66_45_597
HS11970,UGT1A4,1.277696171875,1.2776961718749995,1.0000000000000004,-4.440892098500626e-16,MINIMAL,optimal,20,RXN_45_10617;RXN_45_10607;RXN_45_10608;RXN_45_11060;RXN_45_13608;RXN_45_10616;RXN_45_10606;RXN66_45_168;RXN_45_9000;RXN66_45_83
HS10271,UGT2B11,1.277696171875,1.2776961718749995,1.0000000000000004,-4.440892098500626e-16,MINIMAL,optimal,17,RXN_45_10617;RXN_45_10607;RXN_45_10608;RXN_45_11060;RXN_45_13608;RXN_45_10616;RXN_45_10606;RXN66_45_168;RXN_45_9000;RXN66_45_83
HS03272,B3GAT1,1.277696171875,1.2776961718749995,1.0000000000000004,-4.440892098500626e-16,MINIMAL,optimal,21,RXN_45_10617;RXN_45_10607;RXN_45_10608;RXN_45_11060;RXN_45_13608;RXN_45_10616;RXN_45_10606;RXN66_45_168;RXN_45_9000;RXN66_45_83
HS03557,B3GAT2,1.277696171875,1.2776961718749995,1.0000000000000004,-4.440892098500626e-16,MINIMAL,optimal,21,RXN_45_10617;RXN_45_10607;RXN_45_10608;RXN_45_11060;RXN_45_13608;RXN_45_10616;RXN_45_10606;RXN66_45_168;RXN_45_9000;RXN66_45_83
HS09519,UGT1A5,1.277696171875,1.2776961718749995,1.0000000000000004,-4.440892098500626e-16,MINIMAL,optimal,20,RXN_45_10617;RXN_45_10607;RXN_45_10608;RXN_45_11060;RXN_45_13608;RXN_45_10616;RXN_45_10606;RXN66_45_168;RXN_45_9000;RXN66_45_83
HS16233,G_HS16233,1.277696171875,1.2776961718749995,1.0000000000000004,-4.440892098500626e-16,MINIMAL,optimal,20,RXN_45_10617;RXN_45_10607;RXN_45_10608;RXN_45_11060;RXN_45_13608;RXN_45_10616;RXN_45_10606;RXN66_45_168;RXN_45_9000;RXN66_45_83
HS17724,G_HS17724,1.277696171875,1.2776961718749995,1.0000000000000004,-4.440892098500626e-16,MINIMAL,optimal,20,RXN_45_10617;RXN_45_10607;RXN_45_10608;RXN_45_11060;RXN_45_13608;RXN_45_10616;RXN_45_10606;RXN66_45_168;RXN_45_9000;RXN66_45_83
G66_47559,UGT1A3,1.277696171875,1.2776961718749995,1.0000000000000004,-4.440892098500626e-16,MINIMAL,optimal,20,RXN_45_10617;RXN_45_10607;RXN_45_10608;RXN_45_11060;RXN_45_13608;RXN_45_10616;RXN_45_10606;RXN66_45_168;RXN_45_9000;RXN66_45_83
G66_47591,UGT1A6,1.277696171875,1.2776961718749995,1.0000000000000004,-4.440892098500626e-16,MINIMAL,optimal,20,RXN_45_10617;RXN_45_10607;RXN_45_10608;RXN_45_11060;RXN_45_13608;RXN_45_10616;RXN_45_10606;RXN66_45_168;RXN_45_9000;RXN66_45_83
G66_47652,UGT1A1,1.277696171875,1.2776961718749995,1.0000000000000004,-4.440892098500626e-16,MINIMAL,optimal,20,RXN_45_10617;RXN_45_10607;RXN_45_10608;RXN_45_11060;RXN_45_13608;RXN_45_10616;RXN_45_10606;RXN66_45_168;RXN_45_9000;RXN66_45_83
HS07908,CARKD,1.277696171875,1.2776961718749995,1.0000000000000004,-4.440892098500626e-16,MINIMAL,optimal,1,RXN_45_13139
HS09898,SULT1A1,1.277696171875,1.2776961718749995,1.0000000000000004,-4.440892098500626e-16,MINIMAL,optimal,9,RXN_45_15589;RXN_45_15588;RXN_45_11058;ARYL_45_SULFOTRANSFERASE_45_RXN;RXN_45_10777;RXN_45_15587;RXN_45_10782;RXN_45_11059;RXN_45_10614
HS11091,SULT1A2,1.277696171875,1.2776961718749995,1.0000000000000004,-4.440892098500626e-16,MINIMAL,optimal,9,RXN_45_15589;RXN_45_15588;RXN_45_11058;ARYL_45_SULFOTRANSFERASE_45_RXN;RXN_45_10777;RXN_45_15587;RXN_45_10782;RXN_45_11059;RXN_45_10614
HS07450,ADHFE1,1.277696171875,1.2776961718749995,1.0000000000000004,-4.440892098500626e-16,MINIMAL,optimal,2,HYDROXYACID_45_OXOACID_45_TRANSHYDROGENASE_45_RXN;RXN_45_14300
HS02854,HIBADH,1.277696171875,1.2776961718749995,1.0000000000000004,-4.440892098500626e-16,MINIMAL,optimal,1,3_45_HYDROXYISOBUTYRATE_45_DEHYDROGENASE_45_RXN
HS12294,L2HGDH,1.277696171875,1.2776961718749995,1.0000000000000004,-4.440892098500626e-16,MINIMAL,optimal,1,2_45_HYDROXYGLUTARATE_45_DEHYDROGENASE_45_RXN
HS09157,ALDH7A1,1.277696171875,1.2776961718749995,1.0000000000000004,-4.440892098500626e-16,MINIMAL,optimal,3,RXN_45_10855;BADH_45_RXN;1_46_2_46_1_46_31_45_RXN
HS14278,AASDHPPT,1.277696171875,1.2776961718749995,1.0000000000000004,-4.440892098500626e-16,MINIMAL,optimal,5,ALLYSINE_45_DEHYDROG_45_RXN;RXN_45_10855;RXN_45_8162;1_46_2_46_1_46_31_45_RXN;HOLO_45_ACP_45_SYNTH_45_RXN
HS01958,PRODH,1.277696171875,1.2776961718749995,1.0000000000000004,-4.440892098500626e-16,MINIMAL,optimal,4,RXN_45_14903;RXN0_45_7005;RXN0_45_5244_45_yeast;RXN0_45_5244
HS00305,INMT,1.277696171875,1.2776961718749995,1.0000000000000004,-4.440892098500626e-16,MINIMAL,optimal,2,RXN66_45_82;AMINE_45_N_45_METHYLTRANSFERASE_45_RXN
HS08839,APOA1BP,1.277696171875,1.2776961718749995,1.0000000000000004,-4.440892098500626e-16,MINIMAL,optimal,1,RXN_45_12752
HS07153,LIPT1,1.277696171875,1.2776961718749995,1.0000000000000004,-4.440892098500626e-16,MINIMAL,optimal,5,RXN0_45_5098;RXN_45_8654;RXN_45_13037;RXN_45_8655;RXN0_45_947
HS06275,GRHPR,1.277696171875,1.2776961718749995,1.0000000000000004,-4.440892098500626e-16,MINIMAL,optimal,3,HYDROXYPYRUVATE_45_REDUCTASE_45_RXN;GLYCERATE_45_DEHYDROGENASE_45_RXN;RXN0_45_300
HS11546,D2HGDH,1.277696171875,1.2776961718749995,1.0000000000000004,-4.440892098500626e-16,MINIMAL,optimal,1,RXN_45_14932
HS02769,GCDH,1.277696171875,1.2776961718749995,1.0000000000000004,-4.440892098500626e-16,MINIMAL,optimal,3,GLUTARYL_45_COA_45_DEHYDROGENASE_45_RXN;GLUTACONYL_45_COA_45_DECARBOXYLASE_45_RXN;GLUTARYL_45_COA_45_DEHYDROG_45_RXN
HS05918,FADS2,1.277696171875,1.2776961718749995,1.0000000000000004,-4.440892098500626e-16,MINIMAL,optimal,5,RXN_45_16132;1_46_14_46_19_46_3_45_RXN;RXN_45_13426;RXN_45_17112;RXN_45_16065
HS12900,LPPR5,1.277696171875,1.2776961718749995,1.0000000000000004,-4.440892098500626e-16,MINIMAL,optimal,1,3_46_1_46_3_46_76_45_RXN
HS12592,LPPR2,1.277696171875,1.2776961718749995,1.0000000000000004,-4.440892098500626e-16,MINIMAL,optimal,7,RXN_45_20566;RXN_45_16030;RXN_45_20514;RXN_45_20535;PHOSPHATIDATE_45_PHOSPHATASE_45_RXN;3_46_1_46_3_46_76_45_RXN;RXN_45_16121
HS12901,LPPR4,1.277696171875,1.2776961718749995,1.0000000000000004,-4.440892098500626e-16,MINIMAL,optimal,7,RXN_45_20566;RXN_45_16030;RXN_45_20514;RXN_45_20535;PHOSPHATIDATE_45_PHOSPHATASE_45_RXN;3_46_1_46_3_46_76_45_RXN;RXN_45_16121
HS13315,LPPR3,1.277696171875,1.2776961718749995,1.0000000000000004,-4.440892098500626e-16,MINIMAL,optimal,7,RXN_45_20566;RXN_45_16030;RXN_45_20514;RXN_45_20535;PHOSPHATIDATE_45_PHOSPHATASE_45_RXN;3_46_1_46_3_46_76_45_RXN;RXN_45_16121
HS14231,LPPR1,1.277696171875,1.2776961718749995,1.0000000000000004,-4.440892098500626e-16,MINIMAL,optimal,1,3_46_1_46_3_46_76_45_RXN
HS07617,FADS1,1.277696171875,1.2776961718749995,1.0000000000000004,-4.440892098500626e-16,MINIMAL,optimal,2,RXN_45_13429;RXN_45_16064
HS04808,MOCS1,1.277696171875,1.2776961718749995,1.0000000000000004,-4.440892098500626e-16,MINIMAL,optimal,2,RXN_45_17809;RXN_45_8340
HS03372,LTA4H,1.277696171875,1.2776961718749995,1.0000000000000004,-4.440892098500626e-16,MINIMAL,optimal,2,LEUKOTRIENE_45_A4_45_HYDROLASE_45_RXN;RXN66_45_496
HS13433,PCBD2,1.277696171875,1.2776961718749995,1.0000000000000004,-4.440892098500626e-16,MINIMAL,optimal,2,RXN_45_7908;RXN_45_14206
HS09360,PCBD1,1.277696171875,1.2776961718749995,1.0000000000000004,-4.440892098500626e-16,MINIMAL,optimal,3,RXN_45_7908;RXN_45_14206;RXN_45_13908
HS07746,QDPR,1.277696171875,1.2776961718749995,1.0000000000000004,-4.440892098500626e-16,MINIMAL,optimal,4,1_46_5_46_1_46_34_45_RXN;RXN_45_7909;RXN_45_13909;RXN_45_14245
HS03979,SPR,1.277696171875,1.2776961718749995,1.0000000000000004,-4.440892098500626e-16,MINIMAL,optimal,4,SEPIAPTERIN_45_REDUCTASE_45_RXN;RXN_45_13222;RXN_45_8854;RXN_45_8853
HS11440,ZADH2,1.277696171875,1.2776961718749995,1.0000000000000004,-4.440892098500626e-16,MINIMAL,optimal,16,ALCOHOL_45_DEHYDROGENASE_45_NADPORNOP_43__45_RXN;RXN_45_9370;RXN_45_13198;RXN_45_12299;ALCOHOL_45_DEHYDROG_45_RXN;RXN_45_12484;RXN_45_161;FARNESOL_45_DEHYDROGENASE_45_RXN;RXN66_45_478;RXN_45_8772
HS08983,ADH1B,1.277696171875,1.2776961718749995,1.0000000000000004,-4.440892098500626e-16,MINIMAL,optimal,30,RXN_45_7693;RXN_45_10781;ALCOHOL_45_DEHYDROGENASE_45_NADPORNOP_43__45_RXN;RXN_45_7700;RXN_45_11335;RXN_45_9370;RXN_45_13198;RXN_45_7694;RXN_45_12299;RXN_45_11333
HS04133,AKR1A1,1.277696171875,1.2776961718749995,1.0000000000000004,-4.440892098500626e-16,MINIMAL,optimal,13,ALCOHOL_45_DEHYDROGENASE_45_NADPORNOP_43__45_RXN;FARNESOL_45_DEHYDROGENASE_45_RXN;RXN_45_9370;RXN_45_8772;ALDEHYDE_45_REDUCTASE_45_RXN;RXN_45_12078;ENZRXN_45_201_45_RXN;RXN_45_12299;RXN_45_12297;ALCOHOL_45_DEHYDROGENASE_45_NADP_43__45_RXN
HS00335,ELOVL5,1.277696171875,1.2776961718749995,1.0000000000000004,-4.440892098500626e-16,MINIMAL,optimal,2,RXN_45_13442;RXN_45_16019
ENSG00000096256,ELOVL2,1.277696171875,1.2776961718749995,1.0000000000000004,-4.440892098500626e-16,MINIMAL,optimal,1,RXN_45_13442
HS02959,PTGR1,1.277696171875,1.2776961718749995,1.0000000000000004,-4.440892098500626e-16,MINIMAL,optimal,2,2_45_HEXADECENAL_45_REDUCTASE_45_RXN;15_45_OXOPROSTAGLANDIN_45_13_45_REDUCTASE_45_RXN
HS06681,PTGR2,1.277696171875,1.2776961718749995,1.0000000000000004,-4.440892098500626e-16,MINIMAL,optimal,17,ALCOHOL_45_DEHYDROGENASE_45_NADPORNOP_43__45_RXN;RXN_45_9370;RXN_45_13198;RXN_45_12299;ALCOHOL_45_DEHYDROG_45_RXN;RXN_45_12484;RXN_45_161;FARNESOL_45_DEHYDROGENASE_45_RXN;RXN66_45_478;RXN_45_8772
HS09357,SGPL1,1.277696171875,1.2776961718749995,1.0000000000000004,-4.440892098500626e-16,MINIMAL,optimal,2,RXN_45_11051;SPHINGANINE_45_1_45_PHOSPHATE_45_ALDOLASE_45_RXN
G66_47646,CYP4F3,1.277696171875,1.2776961718749995,1.0000000000000004,-4.440892098500626e-16,MINIMAL,optimal,1,RXN_45_15675
HS01115,PTGS2,1.277696171875,1.2776961718749995,1.0000000000000004,-4.440892098500626e-16,MINIMAL,optimal,4,RXN66_45_494;RXN66_45_487;PROSTAGLANDIN_45_ENDOPEROXIDE_45_SYNTHASE_45_RXN;RXN66_45_498
HS09293,CYP2C19,1.277696171875,1.2776961718749995,1.0000000000000004,-4.440892098500626e-16,MINIMAL,optimal,3,R-45_LIMONENE_45_7_45_MONOOXYGENASE_45_RXN;RXN_45_11057;RXN_45_18735
HS06458,CYP2C9,1.277696171875,1.2776961718749995,1.0000000000000004,-4.440892098500626e-16,MINIMAL,optimal,7,R-45_LIMONENE_45_7_45_MONOOXYGENASE_45_RXN;RXN66_45_596;RXN66_45_595;RXN66_45_599;RXN_45_18735;RXN66_45_589;UNSPECIFIC_45_MONOOXYGENASE_45_RXN
HS01940,MIF,1.277696171875,1.2776961718749995,1.0000000000000004,-4.440892098500626e-16,MINIMAL,optimal,2,RXN_45_19491;PHENYLPYRUVATE_45_TAUTOMERASE_45_RXN
G_10221,GSTA1,1.277696171875,1.2776961718749995,1.0000000000000004,-4.440892098500626e-16,MINIMAL,optimal,14,RXNQT_45_4363;GST_45_RXN;RXN_45_11663;RXN_45_18405;RXN_45_19626;RXN_45_13673;RXN_45_19600;RXN_45_19601;RXN_45_19573;RXN_45_15680
HS00245,MGST1,1.277696171875,1.2776961718749995,1.0000000000000004,-4.440892098500626e-16,MINIMAL,optimal,14,RXNQT_45_4363;GST_45_RXN;RXN_45_11663;RXN_45_18405;RXN_45_19626;RXN_45_13673;RXN_45_19600;RXN_45_19601;RXN_45_19573;RXN_45_15680
HS01468,GSTP1,1.277696171875,1.2776961718749995,1.0000000000000004,-4.440892098500626e-16,MINIMAL,optimal,14,RXNQT_45_4363;GST_45_RXN;RXN_45_11663;RXN_45_18405;RXN_45_19626;RXN_45_13673;RXN_45_19600;RXN_45_19601;RXN_45_19573;RXN_45_15680
HS01512,MGST2,1.277696171875,1.2776961718749995,1.0000000000000004,-4.440892098500626e-16,MINIMAL,optimal,14,RXNQT_45_4363;GST_45_RXN;RXN_45_11663;RXN_45_18405;RXN_45_19626;RXN_45_13673;RXN_45_19600;RXN_45_19601;RXN_45_19573;RXN_45_15680
HS01846,GSTA2,1.277696171875,1.2776961718749995,1.0000000000000004,-4.440892098500626e-16,MINIMAL,optimal,14,RXNQT_45_4363;GST_45_RXN;RXN_45_11663;RXN_45_18405;RXN_45_19626;RXN_45_13673;RXN_45_19600;RXN_45_19601;RXN_45_19573;RXN_45_15680
HS02868,GSTK1,1.277696171875,1.2776961718749995,1.0000000000000004,-4.440892098500626e-16,MINIMAL,optimal,14,RXNQT_45_4363;GST_45_RXN;RXN_45_11663;RXN_45_18405;RXN_45_19626;RXN_45_13673;RXN_45_19600;RXN_45_19601;RXN_45_19573;RXN_45_15680
HS07009,MGST3,1.277696171875,1.2776961718749995,1.0000000000000004,-4.440892098500626e-16,MINIMAL,optimal,14,RXNQT_45_4363;GST_45_RXN;RXN_45_11663;RXN_45_18405;RXN_45_19626;RXN_45_13673;RXN_45_19600;RXN_45_19601;RXN_45_19573;RXN_45_15680
HS03720,EHHADH,1.277696171875,1.2776961718749995,1.0000000000000004,-4.440892098500626e-16,MINIMAL,optimal,2,RXN_45_16135;RXN_45_16136
HS05132,ECHS1,1.277696171875,1.2776961718749995,1.0000000000000004,-4.440892098500626e-16,MINIMAL,optimal,5,RXN_45_10704;RXN_45_11244;RXN_45_10705;RXN_45_10697;RXN_45_2425
HS04481,ECHDC2,1.277696171875,1.2776961718749995,1.0000000000000004,-4.440892098500626e-16,MINIMAL,optimal,2,RXN_45_16135;RXN_45_2425
HS05946,PSAT1,1.277696171875,1.2776961718749995,1.0000000000000004,-4.440892098500626e-16,MINIMAL,optimal,1,PSERTRANSAMPYR_45_RXN
HS08480,LSS,1.277696171875,1.2776961718749995,1.0000000000000004,-4.440892098500626e-16,MINIMAL,optimal,1,LANOSTEROL_45_SYNTHASE_45_RXN
HS05792,HSD17B4,1.277696171875,1.2776961718749995,1.0000000000000004,-4.440892098500626e-16,MINIMAL,optimal,16,RXN_45_20342;RXN_45_20334;ESTRADIOL_45_17_45_BETA_45_DEHYDROGENASE_45_RXN;RXN_45_20338;RXN_45_16096;3_45_HYDROXBUTYRYL_45_COA_45_DEHYDRATASE_45_RXN;RXN_45_16130;RXN_45_20350;RXN_45_11750;RXN_45_13302
HS06563,HADH,1.277696171875,1.2776961718749995,1.0000000000000004,-4.440892098500626e-16,MINIMAL,optimal,20,RXN_45_13279;RXN_45_16129;RXN_45_20349;RXN_45_9544;RXN_45_5901;RXN_45_12560;RXN_45_20380;RXN_45_13298;RXN_45_13301;RXN_45_13300
HS07581,HSD17B12,1.277696171875,1.2776961718749995,1.0000000000000004,-4.440892098500626e-16,MINIMAL,optimal,24,RXN_45_16095;RXN_45_16129;RXN_45_20349;RXN_45_9544;RXN_45_20376;RXN_45_12994;RXN_45_20380;RXN_45_13298;RXN_45_13301;RXN_45_14484
HS01875,ACOT7,1.277696171875,1.2776961718749995,1.0000000000000004,-4.440892098500626e-16,MINIMAL,optimal,5,RXN_45_16395;RXN0_45_5390;ACYL_45_COA_45_HYDROLASE_45_RXN;RXN_45_20355;THIOESTER_45_RXN
HS02625,ECH1,1.277696171875,1.2776961718749995,1.0000000000000004,-4.440892098500626e-16,MINIMAL,optimal,2,RXN_45_14714;RXN_45_12520
HS04229,ALDH8A1,1.277696171875,1.2776961718749995,1.0000000000000004,-4.440892098500626e-16,MINIMAL,optimal,3,1_46_2_46_1_46_32_45_RXN;RXN_45_8837;RXN_45_8831
HS01912,GZMM,1.277696171875,1.2776961718749995,1.0000000000000004,-4.440892098500626e-16,MINIMAL,optimal,1,RXN_45_7648
HS03615,ECI2,1.277696171875,1.2776961718749995,1.0000000000000004,-4.440892098500626e-16,MINIMAL,optimal,5,RXN_45_7931;RXN0_45_5391;RXN_45_7836;ENOYL_45_COA_45_DELTA_45_ISOM_45_RXN;RXN_45_12519
HS09667,ECI1,1.277696171875,1.2776961718749995,1.0000000000000004,-4.440892098500626e-16,MINIMAL,optimal,5,RXN_45_7931;RXN0_45_5391;RXN_45_7836;ENOYL_45_COA_45_DELTA_45_ISOM_45_RXN;RXN_45_12519
HS02565,DECR1,1.277696171875,1.2776961718749995,1.0000000000000004,-4.440892098500626e-16,MINIMAL,optimal,2,DIENOYLCOAREDUCT_45_RXN;RXN_45_7835
HS02474,DECR2,1.277696171875,1.2776961718749995,1.0000000000000004,-4.440892098500626e-16,MINIMAL,optimal,2,DIENOYLCOAREDUCT_45_RXN;RXN_45_7835
HS13124,MCEE,1.277696171875,1.2776961718749995,1.0000000000000004,-4.440892098500626e-16,MINIMAL,optimal,1,RXN_45_16391
HS01794,ECHDC1,1.277696171875,1.2776961718749995,1.0000000000000004,-4.440892098500626e-16,MINIMAL,optimal,1,RXN_45_13029
HS07708,UEVLD,1.277696171875,1.2776961718749995,1.0000000000000004,-4.440892098500626e-16,MINIMAL,optimal,3,RXN_45_15632;RXN_45_15670;RXN_45_15556
HS01416,AMACR,1.277696171875,1.2776961718749995,1.0000000000000004,-4.440892098500626e-16,MINIMAL,optimal,4,RXN_45_9845;RXN_45_9797;5_46_1_46_99_46_4_45_RXN;RXN_45_17645
HS09732,ACOX2,1.277696171875,1.2776961718749995,1.0000000000000004,-4.440892098500626e-16,MINIMAL,optimal,3,RXN_45_9798;RXN_45_11026;1_46_17_46_99_46_3_45_RXN
HS01547,ACOX3,1.277696171875,1.2776961718749995,1.0000000000000004,-4.440892098500626e-16,MINIMAL,optimal,3,RXN_45_9798;RXN_45_11026;1_46_17_46_99_46_3_45_RXN
HS08589,ACOX1,1.277696171875,1.2776961718749995,1.0000000000000004,-4.440892098500626e-16,MINIMAL,optimal,3,RXN_45_9798;RXN_45_11026;1_46_17_46_99_46_3_45_RXN
HS01451,SLC27A5,1.277696171875,1.2776961718749995,1.0000000000000004,-4.440892098500626e-16,MINIMAL,optimal,2,6_46_2_46_1_46_29_45_RXN;CHOLATE_45__45_COA_45_LIGASE_45_RXN
HS06695,SLC27A2,1.277696171875,1.2776961718749995,1.0000000000000004,-4.440892098500626e-16,MINIMAL,optimal,23,RXN_45_9673;RXN_45_19193;CHOLATE_45__45_COA_45_LIGASE_45_RXN;RXN_45_19958;RXN_45_13614;RXN66_45_483;RXN_45_19194;RXN66_45_474;PHYTANATE_45__45_COA_45_LIGASE_45_RXN;RXN_45_7904
HS03679,SLC27A6,1.277696171875,1.2776961718749995,1.0000000000000004,-4.440892098500626e-16,MINIMAL,optimal,10,RXN_45_9673;CHOLATE_45__45_COA_45_LIGASE_45_RXN;6_46_2_46_1_46_29_45_RXN;RXN_45_7904;RXN0_45_7238;RXN_45_16401;RXN0_45_7248;RXN_45_16389;RXN_45_19960;RXN_45_16402
HS13326,SLC27A1,1.277696171875,1.2776961718749995,1.0000000000000004,-4.440892098500626e-16,MINIMAL,optimal,10,RXN_45_9673;CHOLATE_45__45_COA_45_LIGASE_45_RXN;6_46_2_46_1_46_29_45_RXN;RXN_45_7904;RXN0_45_7238;RXN_45_16401;RXN0_45_7248;RXN_45_16389;RXN_45_19960;RXN_45_16402
HS07077,SLC27A3,1.277696171875,1.2776961718749995,1.0000000000000004,-4.440892098500626e-16,MINIMAL,optimal,10,RXN_45_9673;CHOLATE_45__45_COA_45_LIGASE_45_RXN;6_46_2_46_1_46_29_45_RXN;RXN_45_7904;RXN0_45_7238;RXN_45_16401;RXN0_45_7248;RXN_45_16389;RXN_45_19960;RXN_45_16402
HS10572,CYP7B1,1.277696171875,1.2776961718749995,1.0000000000000004,-4.440892098500626e-16,MINIMAL,optimal,2,RXN_45_7981;RXN_45_7980
HS07335,CYP39A1,1.277696171875,1.2776961718749995,1.0000000000000004,-4.440892098500626e-16,MINIMAL,optimal,1,1_46_14_46_13_46_99_45_RXN
HS03155,HSD17B1,1.277696171875,1.2776961718749995,1.0000000000000004,-4.440892098500626e-16,MINIMAL,optimal,2,1_46_1_46_1_46_149_45_RXN;ESTRADIOL_45_17_45_BETA_45_DEHYDROGENASE_45_RXN
HS10741,AKR1C1,1.277696171875,1.2776961718749995,1.0000000000000004,-4.440892098500626e-16,MINIMAL,optimal,4,1_46_3_46_1_46_20_45_RXN;RXN66_45_567;1_46_1_46_1_46_149_45_RXN;INDANOL_45_DEHYDROGENASE_45_RXN
HS07754,AKR1C2,1.277696171875,1.2776961718749995,1.0000000000000004,-4.440892098500626e-16,MINIMAL,optimal,6,1_46_3_46_1_46_20_45_RXN;RXN_45_12264;RXN_45_11471;RXN66_45_567;1_46_1_46_1_46_209_45_RXN;BAIAEUBSP_45_RXN
HS03054,AKR1C3,1.277696171875,1.2776961718749995,1.0000000000000004,-4.440892098500626e-16,MINIMAL,optimal,6,1_46_3_46_1_46_20_45_RXN;RXN66_45_567;1_46_1_46_1_46_209_45_RXN;1_46_1_46_1_46_64_45_RXN;TESTOSTERONE_45_17_45_BETA_45_DEHYDROGENASE_45_RXN;INDANOL_45_DEHYDROGENASE_45_RXN
HS02621,DHDH,1.277696171875,1.2776961718749995,1.0000000000000004,-4.440892098500626e-16,MINIMAL,optimal,2,1_46_3_46_1_46_20_45_RXN;D_45_XYLOSE_45_1_45_DEHYDROGENASE_45_NADP_43__45_RXN
HS10739,AKR1C4,1.277696171875,1.2776961718749995,1.0000000000000004,-4.440892098500626e-16,MINIMAL,optimal,3,1_46_3_46_1_46_20_45_RXN;RXN66_45_567;1_46_1_46_1_46_209_45_RXN
HS15193,ACSL6,1.277696171875,1.2776961718749995,1.0000000000000004,-4.440892098500626e-16,MINIMAL,optimal,25,RXN_45_9673;RXN_45_19193;RXN_45_13614;RXN_45_19958;RXN66_45_483;RXN_45_19194;RXN66_45_474;PHYTANATE_45__45_COA_45_LIGASE_45_RXN;RXN_45_7904;RXN_45_16401
HS04703,ACSL3,1.277696171875,1.2776961718749995,1.0000000000000004,-4.440892098500626e-16,MINIMAL,optimal,25,RXN_45_9673;RXN_45_19193;RXN_45_13614;RXN_45_19958;RXN66_45_483;RXN_45_19194;RXN66_45_474;PHYTANATE_45__45_COA_45_LIGASE_45_RXN;RXN_45_7904;RXN_45_16401
HS01349,ACSL5,1.277696171875,1.2776961718749995,1.0000000000000004,-4.440892098500626e-16,MINIMAL,optimal,25,RXN_45_9673;RXN_45_19193;RXN_45_13614;RXN_45_19958;RXN66_45_483;RXN_45_19194;RXN66_45_474;PHYTANATE_45__45_COA_45_LIGASE_45_RXN;RXN_45_7904;RXN_45_16401
HS00935,ACSL4,1.277696171875,1.2776961718749995,1.0000000000000004,-4.440892098500626e-16,MINIMAL,optimal,25,RXN_45_9673;RXN_45_19193;RXN_45_13614;RXN_45_19958;RXN66_45_483;RXN_45_19194;RXN66_45_474;PHYTANATE_45__45_COA_45_LIGASE_45_RXN;RXN_45_7904;RXN_45_16401
HS08621,ALOX15,1.277696171875,1.2776961718749995,1.0000000000000004,-4.440892098500626e-16,MINIMAL,optimal,4,RXN_45_20575;RXN66_45_490;RXN66_45_510;ARACHIDONATE_45_15_45_LIPOXYGENASE_45_RXN
HS00336,ALOX5,1.277696171875,1.2776961718749995,1.0000000000000004,-4.440892098500626e-16,MINIMAL,optimal,20,RXN66_45_514;RXN_45_20571;RXN66_45_513;RXN_45_8647;RXN_45_20580;RXN66_45_503;RXN66_45_488;RXN66_45_499;RXN66_45_491;RXN_45_20582
HS08378,CBR1,1.277696171875,1.2776961718749995,1.0000000000000004,-4.440892098500626e-16,MINIMAL,optimal,2,1_46_1_46_1_46_197_45_RXN;CARBONYL_45_REDUCTASE_45_NADPH_45_RXN
HS09636,SOAT2,1.277696171875,1.2776961718749995,1.0000000000000004,-4.440892098500626e-16,MINIMAL,optimal,19,RXN_45_20233;STEROL_45_O_45_ACYLTRANSFERASE_45_RXN;RXN_45_20231;RXN_45_20224;RXN_45_20219;RXN_45_20220;RXN_45_20228;RXN_45_20221;RXN_45_20225;RXN_45_20218
HS00706,SOAT1,1.277696171875,1.2776961718749995,1.0000000000000004,-4.440892098500626e-16,MINIMAL,optimal,19,RXN_45_20233;STEROL_45_O_45_ACYLTRANSFERASE_45_RXN;RXN_45_20231;RXN_45_20224;RXN_45_20219;RXN_45_20220;RXN_45_20228;RXN_45_20221;RXN_45_20225;RXN_45_20218
HS07112,EPHX1,1.277696171875,1.2776961718749995,1.0000000000000004,-4.440892098500626e-16,MINIMAL,optimal,5,RXN_45_12141;RXN_45_12140;3_46_3_46_2_46_9_45_RXN;RXN_45_12142;RXN_45_12134
HS04452,EPHX2,1.277696171875,1.2776961718749995,1.0000000000000004,-4.440892098500626e-16,MINIMAL,optimal,5,RXN_45_12141;RXN_45_12140;3_46_3_46_2_46_10_45_RXN;RXN_45_12142;RXN_45_12134
HS11908,EPHX4,1.277696171875,1.2776961718749995,1.0000000000000004,-4.440892098500626e-16,MINIMAL,optimal,4,RXN_45_12141;RXN_45_12134;RXN_45_12142;RXN_45_12140
HS11902,EPHX3,1.277696171875,1.2776961718749995,1.0000000000000004,-4.440892098500626e-16,MINIMAL,optimal,4,RXN_45_12141;RXN_45_12134;RXN_45_12142;RXN_45_12140
HS01909,TECR,1.277696171875,1.2776961718749995,1.0000000000000004,-4.440892098500626e-16,MINIMAL,optimal,23,RXN_45_12997;RXN_45_12971;RXN_45_16131;RXN_45_16156;RXN_45_16114;RXN_45_16022;RXN_45_20347;RXN_45_13309;RXN_45_20343;RXN_45_20382
HS01567,LPCAT2,1.277696171875,1.2776961718749995,1.0000000000000004,-4.440892098500626e-16,MINIMAL,optimal,17,RXN_45_16044;RXN_45_15036;RXN_45_16042;RXN_45_19425;2_46_3_46_1_46_67_45_RXN;RXN_45_17688;RXN_45_16151;RXN_45_16157;RXN_45_9670;RXN_45_16150
HS07906,LPCAT1,1.277696171875,1.2776961718749995,1.0000000000000004,-4.440892098500626e-16,MINIMAL,optimal,17,RXN_45_16044;RXN_45_15036;RXN_45_16042;RXN_45_19425;2_46_3_46_1_46_67_45_RXN;RXN_45_17688;RXN_45_16151;RXN_45_16157;RXN_45_9670;RXN_45_16150
HS12746,LPCAT3,1.277696171875,1.2776961718749995,1.0000000000000004,-4.440892098500626e-16,MINIMAL,optimal,17,RXN_45_16044;RXN_45_15036;RXN_45_16042;RXN_45_19425;RXN_45_17688;RXN_45_16151;RXN_45_16157;RXN_45_9670;RXN_45_16150;RXN_45_16152
HS16664,LPCAT4,1.277696171875,1.2776961718749995,1.0000000000000004,-4.440892098500626e-16,MINIMAL,optimal,30,1_45_ACYLGLYCEROL_45_3_45_P_45_ACYLTRANSFER_45_RXN;RXN_45_16044;RXN_45_15036;RXN_45_16042;RXN_45_16077;RXN_45_19425;RXN_45_17022;RXN_45_16076;RXN_45_17688;RXN_45_16151
HS11348,MGAM,1.277696171875,1.2776961718749995,1.0000000000000004,-4.440892098500626e-16,MINIMAL,optimal,1,RXN_45_9024
HS10282,GAA,1.277696171875,1.2776961718749995,1.0000000000000004,-4.440892098500626e-16,MINIMAL,optimal,1,RXN_45_9024
HS14744,G_HS14744,1.277696171875,1.2776961718749995,1.0000000000000004,-4.440892098500626e-16,MINIMAL,optimal,5,RXN_45_15910;RXN0_45_5183;RXN_45_14283;RXN_45_14282;RXN_45_14281
HS08394,GANC,1.277696171875,1.2776961718749995,1.0000000000000004,-4.440892098500626e-16,MINIMAL,optimal,2,RXN_45_15910;RXN0_45_5183
HS01658,GANAB,1.277696171875,1.2776961718749995,1.0000000000000004,-4.440892098500626e-16,MINIMAL,optimal,7,RXN_45_15910;RXN0_45_5183;RXN_45_14283;RXN_45_14282;RXN_45_14281;RXN_45_18907;RXN_45_18908
G66_47002,MGAM2,1.277696171875,1.2776961718749995,1.0000000000000004,-4.440892098500626e-16,MINIMAL,optimal,5,RXN_45_15910;RXN0_45_5183;RXN_45_14283;RXN_45_14282;RXN_45_14281
HS00949,PYGM,1.277696171875,1.2776961718749995,1.0000000000000004,-4.440892098500626e-16,MINIMAL,optimal,7,RXN_45_14285;RXN_45_14284;RXN_45_9025;GLYCOPHOSPHORYL_45_RXN;RXN_45_14286;RXN0_45_5182;GLYMALTOPHOSPHORYL_45_RXN
HS02099,PYGL,1.277696171875,1.2776961718749995,1.0000000000000004,-4.440892098500626e-16,MINIMAL,optimal,7,RXN_45_14285;RXN_45_14284;RXN_45_9025;GLYCOPHOSPHORYL_45_RXN;RXN_45_14286;RXN0_45_5182;GLYMALTOPHOSPHORYL_45_RXN
HS02178,PYGB,1.277696171875,1.2776961718749995,1.0000000000000004,-4.440892098500626e-16,MINIMAL,optimal,3,RXN_45_9025;GLYCOPHOSPHORYL_45_RXN;GLYMALTOPHOSPHORYL_45_RXN
HS00901,PHKA1,1.277696171875,1.2776961718749995,1.0000000000000004,-4.440892098500626e-16,MINIMAL,optimal,1,2_46_7_46_11_46_19_45_RXN
HS00576,PHKA2,1.277696171875,1.2776961718749995,1.0000000000000004,-4.440892098500626e-16,MINIMAL,optimal,1,2_46_7_46_11_46_19_45_RXN
HS02424,PHKB,1.277696171875,1.2776961718749995,1.0000000000000004,-4.440892098500626e-16,MINIMAL,optimal,1,2_46_7_46_11_46_19_45_RXN
HS08155,PHKG2,1.277696171875,1.2776961718749995,1.0000000000000004,-4.440892098500626e-16,MINIMAL,optimal,1,2_46_7_46_11_46_19_45_RXN
HS09136,PHKG1,1.277696171875,1.2776961718749995,1.0000000000000004,-4.440892098500626e-16,MINIMAL,optimal,1,2_46_7_46_11_46_19_45_RXN
HS08398,CES7,1.277696171875,1.2776961718749995,1.0000000000000004,-4.440892098500626e-16,MINIMAL,optimal,10,RXN_45_10711;3_46_1_46_1_46_64_45_RXN;RXN_45_10767;RETINYL_45_PALMITATE_45_ESTERASE_45_RXN;RXN_45_12575;RXN_45_12253;RXN_45_12252;RXNQT_45_4366;CARBOXYLESTERASE_45_RXN;RXN18C3_45_61
HS10576,CES3,1.277696171875,1.2776961718749995,1.0000000000000004,-4.440892098500626e-16,MINIMAL,optimal,9,RXN_45_10711;3_46_1_46_1_46_64_45_RXN;RXN_45_10767;RETINYL_45_PALMITATE_45_ESTERASE_45_RXN;RXN_45_12575;RXN_45_12252;RXNQT_45_4366;CARBOXYLESTERASE_45_RXN;RXN18C3_45_61
HS11616,CES1,1.277696171875,1.2776961718749995,1.0000000000000004,-4.440892098500626e-16,MINIMAL,optimal,12,RXN_45_10711;STEROL_45_ESTERASE_45_RXN;3_46_1_46_1_46_64_45_RXN;RXN_45_15133;RXN_45_10767;RETINYL_45_PALMITATE_45_ESTERASE_45_RXN;RXN_45_12575;RXN_45_12253;RXN_45_12252;RXNQT_45_4366
HS10578,CES2,1.277696171875,1.2776961718749995,1.0000000000000004,-4.440892098500626e-16,MINIMAL,optimal,10,RXN_45_10711;3_46_1_46_1_46_64_45_RXN;RXN_45_10767;RETINYL_45_PALMITATE_45_ESTERASE_45_RXN;RXN_45_12575;RXN_45_12253;RXN_45_12252;RXNQT_45_4366;CARBOXYLESTERASE_45_RXN;RXN18C3_45_61
HS10575,CES8,1.277696171875,1.2776961718749995,1.0000000000000004,-4.440892098500626e-16,MINIMAL,optimal,10,RXN_45_10711;3_46_1_46_1_46_64_45_RXN;RXN_45_10767;RETINYL_45_PALMITATE_45_ESTERASE_45_RXN;RXN_45_12575;RXN_45_12253;RXN_45_12252;RXNQT_45_4366;CARBOXYLESTERASE_45_RXN;RXN18C3_45_61
HS09539,ACAA2,1.277696171875,1.2776961718749995,1.0000000000000004,-4.440892098500626e-16,MINIMAL,optimal,16,RXN_45_11246;RXN_45_10701;RXN_45_10700;RXN_45_17795;RXN_45_17778;RXN_45_9850;RXN_45_10699;RXN_45_14274;RXN_45_17782;RXN0_45_6512
HS06436,HADHB,1.277696171875,1.2776961718749995,1.0000000000000004,-4.440892098500626e-16,MINIMAL,optimal,12,RXN_45_11246;RXN_45_10701;RXN_45_10700;RXN_45_12710;RXN_45_17795;RXN_45_17778;RXN_45_14277;RXN_45_10699;RXN_45_14274;RXN_45_17782
HS00752,ACAA1,1.277696171875,1.2776961718749995,1.0000000000000004,-4.440892098500626e-16,MINIMAL,optimal,6,RXN_45_10699;RXN_45_11246;RXN_45_10701;RXN_45_10700;RXN_45_12710;RXN0_45_6512
HS00065,DPM1,1.277696171875,1.2776961718749995,1.0000000000000004,-4.440892098500626e-16,MINIMAL,optimal,2,2_46_4_46_1_46_83_45_RXN;RXN_45_16602
HS11347,DPM3,1.277696171875,1.2776961718749995,1.0000000000000004,-4.440892098500626e-16,MINIMAL,optimal,2,2_46_4_46_1_46_83_45_RXN;RXN_45_16602
HS13646,DPM2,1.277696171875,1.2776961718749995,1.0000000000000004,-4.440892098500626e-16,MINIMAL,optimal,2,2_46_4_46_1_46_83_45_RXN;RXN_45_16602
HS05246,BBOX1,1.277696171875,1.2776961718749995,1.0000000000000004,-4.440892098500626e-16,MINIMAL,optimal,1,1_46_14_46_11_46_1_45_RXN
HS04052,FPGT,1.277696171875,1.2776961718749995,1.0000000000000004,-4.440892098500626e-16,MINIMAL,optimal,1,2_46_7_46_7_46_30_45_RXN
HS10220,HAS2,1.277696171875,1.2776961718749995,1.0000000000000004,-4.440892098500626e-16,MINIMAL,optimal,2,2_46_4_46_1_46_212_45_RXN;RXN_45_11627
HS02753,HAS1,1.277696171875,1.2776961718749995,1.0000000000000004,-4.440892098500626e-16,MINIMAL,optimal,2,2_46_4_46_1_46_212_45_RXN;RXN_45_11627
HS02447,HAS3,1.277696171875,1.2776961718749995,1.0000000000000004,-4.440892098500626e-16,MINIMAL,optimal,2,2_46_4_46_1_46_212_45_RXN;RXN_45_11627
G66_31784,SLC2A7,1.277696171875,1.2776961718749995,1.0000000000000004,-4.440892098500626e-16,MINIMAL,optimal,2,TRANS_45_RXN66_45_920;TRANS_45_RXN66_45_1155
HS11675,SLC2A4,1.277696171875,1.2776961718749995,1.0000000000000004,-4.440892098500626e-16,MINIMAL,optimal,2,TRANS_45_RXN66_45_920;TRANS_45_RXN66_45_1155
HS10639,SLC2A14,1.277696171875,1.2776961718749995,1.0000000000000004,-4.440892098500626e-16,MINIMAL,optimal,2,TRANS_45_RXN66_45_920;TRANS_45_RXN66_45_1155
HS08885,SLC2A2,1.277696171875,1.2776961718749995,1.0000000000000004,-4.440892098500626e-16,MINIMAL,optimal,2,TRANS_45_RXN66_45_920;TRANS_45_RXN66_45_1155
HS08490,SLC2A6,1.277696171875,1.2776961718749995,1.0000000000000004,-4.440892098500626e-16,MINIMAL,optimal,2,TRANS_45_RXN66_45_920;TRANS_45_RXN66_45_1155
HS07348,SLC2A12,1.277696171875,1.2776961718749995,1.0000000000000004,-4.440892098500626e-16,MINIMAL,optimal,2,TRANS_45_RXN66_45_920;TRANS_45_RXN66_45_1155
HS06226,SLC2A8,1.277696171875,1.2776961718749995,1.0000000000000004,-4.440892098500626e-16,MINIMAL,optimal,2,TRANS_45_RXN66_45_920;TRANS_45_RXN66_45_1155
HS04123,SLC2A1,1.277696171875,1.2776961718749995,1.0000000000000004,-4.440892098500626e-16,MINIMAL,optimal,2,TRANS_45_RXN66_45_920;TRANS_45_RXN66_45_1155
HS03246,SLC2A9,1.277696171875,1.2776961718749995,1.0000000000000004,-4.440892098500626e-16,MINIMAL,optimal,2,TRANS_45_RXN66_45_920;TRANS_45_RXN66_45_1155
HS00736,SLC2A3,1.277696171875,1.2776961718749995,1.0000000000000004,-4.440892098500626e-16,MINIMAL,optimal,1,TRANS_45_RXN66_45_920
HS03200,ALDOC,1.277696171875,1.2776961718749995,1.0000000000000004,-4.440892098500626e-16,MINIMAL,optimal,1,RXN_45_8631
HS07647,ALDOA,1.277696171875,1.2776961718749995,1.0000000000000004,-4.440892098500626e-16,MINIMAL,optimal,2,RXN_45_19916;RXN_45_8631
HS06234,ALDOB,1.277696171875,1.2776961718749995,1.0000000000000004,-4.440892098500626e-16,MINIMAL,optimal,2,RXN_45_19916;RXN_45_8631
HS06437,KHK,1.277696171875,1.2776961718749995,1.0000000000000004,-4.440892098500626e-16,MINIMAL,optimal,1,KETOHEXOKINASE_45_RXN
G66_33846,BCO2,1.277696171875,1.2776961718749995,1.0000000000000004,-4.440892098500626e-16,MINIMAL,optimal,1,RXN_45_10741
HS06050,BCMO1,1.277696171875,1.2776961718749995,1.0000000000000004,-4.440892098500626e-16,MINIMAL,optimal,2,RXN_45_13374;RXN_45_7883
G66_37895,CARNS1,1.277696171875,1.2776961718749995,1.0000000000000004,-4.440892098500626e-16,MINIMAL,optimal,2,CARNOSINE_45_SYNTHASE_45_RXN;RXN_45_11222
HS10092,GLB1,1.277696171875,1.2776961718749995,1.0000000000000004,-4.440892098500626e-16,MINIMAL,optimal,7,RXN_45_12398;RXN0_45_5363;3_46_2_46_1_46_23_45_RXN;RXN_45_12399;BETAGALACTOSID_45_RXN;RXN_45_12400;KETOLACTOSE_45_RXN
HS11358,FUCA1,1.277696171875,1.2776961718749995,1.0000000000000004,-4.440892098500626e-16,MINIMAL,optimal,3,3_46_2_46_1_46_127_45_RXN;3_46_2_46_1_46_44_45_RXN;ALPHA_45_L_45_FUCOSIDASE_45_RXN
HS00070,FUCA2,1.277696171875,1.2776961718749995,1.0000000000000004,-4.440892098500626e-16,MINIMAL,optimal,3,3_46_2_46_1_46_127_45_RXN;3_46_2_46_1_46_44_45_RXN;ALPHA_45_L_45_FUCOSIDASE_45_RXN
HS06747,PMM2,1.277696171875,1.2776961718749995,1.0000000000000004,-4.440892098500626e-16,MINIMAL,optimal,1,PHOSMANMUT_45_RXN
HS02079,PMM1,1.277696171875,1.2776961718749995,1.0000000000000004,-4.440892098500626e-16,MINIMAL,optimal,1,PHOSMANMUT_45_RXN
HS07182,GMPPA,1.277696171875,1.2776961718749995,1.0000000000000004,-4.440892098500626e-16,MINIMAL,optimal,2,2_46_7_46_7_46_13_45_RXN;MANNPGUANYLTRANGDP_45_RXN
HS10686,GMPPB,1.277696171875,1.2776961718749995,1.0000000000000004,-4.440892098500626e-16,MINIMAL,optimal,2,2_46_7_46_7_46_13_45_RXN;MANNPGUANYLTRANGDP_45_RXN
G66_37899,ALG11,1.277696171875,1.2776961718749995,1.0000000000000004,-4.440892098500626e-16,MINIMAL,optimal,1,RXN_45_5464
HS04304,ALG2,1.277696171875,1.2776961718749995,1.0000000000000004,-4.440892098500626e-16,MINIMAL,optimal,2,RXN_45_5463;RXN_45_5462
HS10885,ALG3,1.277696171875,1.2776961718749995,1.0000000000000004,-4.440892098500626e-16,MINIMAL,optimal,1,RXN_45_5466
HS12291,ALG9,1.277696171875,1.2776961718749995,1.0000000000000004,-4.440892098500626e-16,MINIMAL,optimal,2,RXN_45_5469;RXN_45_5467
HS01588,ALG6,1.277696171875,1.2776961718749995,1.0000000000000004,-4.440892098500626e-16,MINIMAL,optimal,1,RXN_45_5470
G66_37900,ALG12,1.277696171875,1.2776961718749995,1.0000000000000004,-4.440892098500626e-16,MINIMAL,optimal,1,RXN_45_5468
HS14422,G6PC2,1.277696171875,1.2776961718749995,1.0000000000000004,-4.440892098500626e-16,MINIMAL,optimal,2,RXN66_45_526;RXN_45_15312
HS13873,G6PC3,1.277696171875,1.2776961718749995,1.0000000000000004,-4.440892098500626e-16,MINIMAL,optimal,2,RXN66_45_526;RXN_45_15312
HS05538,G6PC,1.277696171875,1.2776961718749995,1.0000000000000004,-4.440892098500626e-16,MINIMAL,optimal,2,RXN66_45_526;RXN_45_15312
HS15282,HGSNAT,1.277696171875,1.2776961718749995,1.0000000000000004,-4.440892098500626e-16,MINIMAL,optimal,1,2_46_3_46_1_46_78_45_RXN
HS10006,UGP2,1.277696171875,1.2776961718749995,1.0000000000000004,-4.440892098500626e-16,MINIMAL,optimal,1,GLUC1PURIDYLTRANS_45_RXN
HS09231,PGM2L1,1.277696171875,1.2776961718749995,1.0000000000000004,-4.440892098500626e-16,MINIMAL,optimal,1,GLUCOSE_45_16_45_BISPHOSPHATE_45_SYNTHASE_45_RXN
HS01335,PGM1,1.277696171875,1.2776961718749995,1.0000000000000004,-4.440892098500626e-16,MINIMAL,optimal,1,PHOSPHOGLUCMUT_45_RXN
HS09924,PGM2,1.277696171875,1.2776961718749995,1.0000000000000004,-4.440892098500626e-16,MINIMAL,optimal,1,PHOSPHOGLUCMUT_45_RXN
HS07974,PGM5,1.277696171875,1.2776961718749995,1.0000000000000004,-4.440892098500626e-16,MINIMAL,optimal,3,PHOSPHOGLUCMUT_45_RXN;RXN_45_16998;RXN_45_16997
HS07125,GALM,1.277696171875,1.2776961718749995,1.0000000000000004,-4.440892098500626e-16,MINIMAL,optimal,2,ALDOSE1EPIM_45_RXN;ALDOSE_45_1_45_EPIMERASE_45_RXN
HS08352,ALG8,1.277696171875,1.2776961718749995,1.0000000000000004,-4.440892098500626e-16,MINIMAL,optimal,1,RXN_45_5471
HS13757,ALG10,1.277696171875,1.2776961718749995,1.0000000000000004,-4.440892098500626e-16,MINIMAL,optimal,1,RXN_45_5472
HS04108,DDOST,1.277696171875,1.2776961718749995,1.0000000000000004,-4.440892098500626e-16,MINIMAL,optimal,2,RXN_45_16761;2_46_4_46_1_46_119_45_RXN
HS08962,RPN1,1.277696171875,1.2776961718749995,1.0000000000000004,-4.440892098500626e-16,MINIMAL,optimal,2,RXN_45_16761;2_46_4_46_1_46_119_45_RXN
HS04244,RPN2,1.277696171875,1.2776961718749995,1.0000000000000004,-4.440892098500626e-16,MINIMAL,optimal,2,RXN_45_16761;2_46_4_46_1_46_119_45_RXN
HS05294,DAD1,1.277696171875,1.2776961718749995,1.0000000000000004,-4.440892098500626e-16,MINIMAL,optimal,2,RXN_45_16761;2_46_4_46_1_46_119_45_RXN
HS05930,STT3A,1.277696171875,1.2776961718749995,1.0000000000000004,-4.440892098500626e-16,MINIMAL,optimal,2,RXN_45_16761;2_46_4_46_1_46_119_45_RXN
HS08872,STT3B,1.277696171875,1.2776961718749995,1.0000000000000004,-4.440892098500626e-16,MINIMAL,optimal,2,RXN_45_16761;2_46_4_46_1_46_119_45_RXN
G66_31373,OST4,1.277696171875,1.2776961718749995,1.0000000000000004,-4.440892098500626e-16,MINIMAL,optimal,2,RXN_45_16761;2_46_4_46_1_46_119_45_RXN
G66_31311,ACSM4,1.277696171875,1.2776961718749995,1.0000000000000004,-4.440892098500626e-16,MINIMAL,optimal,32,RXN_45_9673;RXN_45_19193;RXN_45_19958;RXN66_45_483;RXN66_45_474;PHYTANATE_45__45_COA_45_LIGASE_45_RXN;RXN_45_16401;RXN0_45_7238;RXN66_45_469;RXN_45_20354
HS00131,ACSM3,1.277696171875,1.2776961718749995,1.0000000000000004,-4.440892098500626e-16,MINIMAL,optimal,32,RXN_45_9673;RXN_45_19193;RXN_45_19958;RXN66_45_483;RXN66_45_474;PHYTANATE_45__45_COA_45_LIGASE_45_RXN;RXN_45_16401;RXN0_45_7238;RXN66_45_469;RXN_45_20354
HS00888,ACSM2B,1.277696171875,1.2776961718749995,1.0000000000000004,-4.440892098500626e-16,MINIMAL,optimal,30,RXN_45_9673;RXN_45_19193;RXN_45_13614;RXN_45_19958;RXN66_45_483;RXN_45_19194;RXN_45_16418;RXN66_45_474;PHYTANATE_45__45_COA_45_LIGASE_45_RXN;RXN_45_7904
HS07766,ACSL1,1.277696171875,1.2776961718749995,1.0000000000000004,-4.440892098500626e-16,MINIMAL,optimal,26,RXN_45_9673;RXN_45_19193;RXN_45_13614;RXN_45_19958;RXN66_45_483;RXN_45_19194;RXN_45_16418;RXN66_45_474;PHYTANATE_45__45_COA_45_LIGASE_45_RXN;RXN_45_7904
HS09445,ACSM1,1.277696171875,1.2776961718749995,1.0000000000000004,-4.440892098500626e-16,MINIMAL,optimal,32,RXN_45_9673;RXN_45_19193;RXN_45_19958;RXN66_45_483;RXN66_45_474;PHYTANATE_45__45_COA_45_LIGASE_45_RXN;RXN_45_16401;RXN0_45_7238;RXN66_45_469;RXN_45_20354
HS11921,ACSM2A,1.277696171875,1.2776961718749995,1.0000000000000004,-4.440892098500626e-16,MINIMAL,optimal,30,RXN_45_9673;RXN_45_19193;RXN_45_13614;RXN_45_19958;RXN66_45_483;RXN_45_19194;RXN_45_16418;RXN66_45_474;PHYTANATE_45__45_COA_45_LIGASE_45_RXN;RXN_45_7904
HS11973,ACSM5,1.277696171875,1.2776961718749995,1.0000000000000004,-4.440892098500626e-16,MINIMAL,optimal,32,RXN_45_9673;RXN_45_19193;RXN_45_19958;RXN66_45_483;RXN66_45_474;PHYTANATE_45__45_COA_45_LIGASE_45_RXN;RXN_45_16401;RXN0_45_7238;RXN66_45_469;RXN_45_20354
HS16174,ACSM6,1.277696171875,1.2776961718749995,1.0000000000000004,-4.440892098500626e-16,MINIMAL,optimal,32,RXN_45_9673;RXN_45_19193;RXN_45_19958;RXN66_45_483;RXN66_45_474;PHYTANATE_45__45_COA_45_LIGASE_45_RXN;RXN_45_16401;RXN0_45_7238;RXN66_45_469;RXN_45_20354
314_AT2,AOC2,1.277696171875,1.2776961718749995,1.0000000000000004,-4.440892098500626e-16,MINIMAL,optimal,4,MAOX;13DAMPPOX;MHISOR;PEAMNO
8639_AT1,AOC3,1.277696171875,1.2776961718749995,1.0000000000000004,-4.440892098500626e-16,MINIMAL,optimal,3,MAOX;13DAMPPOX;MHISOR
314_AT1,AOC2,1.277696171875,1.2776961718749995,1.0000000000000004,-4.440892098500626e-16,MINIMAL,optimal,4,MAOX;13DAMPPOX;MHISOR;PEAMNO
26_AT1,AOC1,1.277696171875,1.2776961718749995,1.0000000000000004,-4.440892098500626e-16,MINIMAL,optimal,4,MAOX;13DAMPPOX;MHISOR;PEAMNO
3939_AT1,LDHA,1.277696171875,1.2776961718749995,1.0000000000000004,-4.440892098500626e-16,MINIMAL,optimal,5,GLXO1;LDH_Lm;MCLOR;LDH_L;2HBO
3948_AT2,LDHC,1.277696171875,1.2776961718749995,1.0000000000000004,-4.440892098500626e-16,MINIMAL,optimal,4,LDH_L;GLXO1;2HBO;MCLOR
92483_AT1,LDHAL6B,1.277696171875,1.2776961718749995,1.0000000000000004,-4.440892098500626e-16,MINIMAL,optimal,4,LDH_L;GLXO1;2HBO;MCLOR
3948_AT1,LDHC,1.277696171875,1.2776961718749995,1.0000000000000004,-4.440892098500626e-16,MINIMAL,optimal,4,LDH_L;GLXO1;2HBO;MCLOR
160287_AT1,LDHAL6A,1.277696171875,1.2776961718749995,1.0000000000000004,-4.440892098500626e-16,MINIMAL,optimal,4,LDH_L;GLXO1;2HBO;MCLOR
3945_AT1,LDHB,1.277696171875,1.2776961718749995,1.0000000000000004,-4.440892098500626e-16,MINIMAL,optimal,4,LDH_L;GLXO1;2HBO;MCLOR
55293_AT1,UEVLD,1.277696171875,1.2776961718749995,1.0000000000000004,-4.440892098500626e-16,MINIMAL,optimal,4,LDH_L;GLXO1;2HBO;MCLOR
6566_AT1,SLC16A1,1.277696171875,1.2776961718749995,1.0000000000000004,-4.440892098500626e-16,MINIMAL,optimal,6,D_LACt2;ACETONEt2;2HBt2;L_LACt2r;PYRt2r;ACETONEt2m
9123_AT1,SLC16A3,1.277696171875,1.2776961718749995,1.0000000000000004,-4.440892098500626e-16,MINIMAL,optimal,5,D_LACt2;ACETONEt2;2HBt2;L_LACt2r;PYRt2r
9194_AT1,SLC16A7,1.277696171875,1.2776961718749995,1.0000000000000004,-4.440892098500626e-16,MINIMAL,optimal,5,D_LACt2;ACETONEt2;2HBt2;L_LACt2r;PYRt2r
57835_AT1,SLC4A5,1.277696171875,1.2776961718749995,1.0000000000000004,-4.440892098500626e-16,MINIMAL,optimal,2,2HCO3_NAt;3HCO3_NAt
57835_AT4,SLC4A5,1.277696171875,1.2776961718749995,1.0000000000000004,-4.440892098500626e-16,MINIMAL,optimal,2,2HCO3_NAt;3HCO3_NAt
57835_AT2,SLC4A5,1.277696171875,1.2776961718749995,1.0000000000000004,-4.440892098500626e-16,MINIMAL,optimal,2,2HCO3_NAt;3HCO3_NAt
8671_AT1,SLC4A4,1.277696171875,1.2776961718749995,1.0000000000000004,-4.440892098500626e-16,MINIMAL,optimal,2,2HCO3_NAt;3HCO3_NAt
57835_AT3,SLC4A5,1.277696171875,1.2776961718749995,1.0000000000000004,-4.440892098500626e-16,MINIMAL,optimal,2,2HCO3_NAt;3HCO3_NAt
125_AT1,ADH1B,1.277696171875,1.2776961718749995,1.0000000000000004,-4.440892098500626e-16,MINIMAL,optimal,6,ALCD2if;ALCD21_D;ALCD22_L;ALCD1;ALCD22_D;34DHOXPEGOX
124_AT1,ADH1A,1.277696171875,1.2776961718749995,1.0000000000000004,-4.440892098500626e-16,MINIMAL,optimal,6,ALCD2if;ALCD21_D;ALCD22_L;ALCD1;ALCD22_D;34DHOXPEGOX
127_AT1,ADH4,1.277696171875,1.2776961718749995,1.0000000000000004,-4.440892098500626e-16,MINIMAL,optimal,6,ALCD2if;ALCD21_D;ALCD22_L;ALCD1;ALCD22_D;34DHOXPEGOX
126_AT1,ADH1C,1.277696171875,1.2776961718749995,1.0000000000000004,-4.440892098500626e-16,MINIMAL,optimal,6,ALCD2if;ALCD21_D;ALCD22_L;ALCD1;ALCD22_D;34DHOXPEGOX
128_AT1,ADH5,1.277696171875,1.2776961718749995,1.0000000000000004,-4.440892098500626e-16,MINIMAL,optimal,8,ALCD21_D;ALCD22_L;FALDH;ALCD2if;LALDO;ALCD1;ALCD22_D;34DHOXPEGOX
137872_AT1,ADHFE1,1.277696171875,1.2776961718749995,1.0000000000000004,-4.440892098500626e-16,MINIMAL,optimal,6,ALCD2if;ALCD21_D;ALCD22_L;ALCD1;ALCD22_D;34DHOXPEGOX
130_AT1,ADH6,1.277696171875,1.2776961718749995,1.0000000000000004,-4.440892098500626e-16,MINIMAL,optimal,6,ALCD2if;ALCD21_D;ALCD22_L;ALCD1;ALCD22_D;34DHOXPEGOX
131_AT1,ADH7,1.277696171875,1.2776961718749995,1.0000000000000004,-4.440892098500626e-16,MINIMAL,optimal,6,ALCD2if;ALCD21_D;ALCD22_L;ALCD1;ALCD22_D;34DHOXPEGOX
220_AT1,ALDH1A3,1.277696171875,1.2776961718749995,1.0000000000000004,-4.440892098500626e-16,MINIMAL,optimal,12,4HOXPACDOX_LPAREN_NADP_RPAREN_;LCADi_D;ALDD19x;34DHXMANDACOX;3MOX4HOXPGALDOX;GCALDD;34DHPLACOX;ALDD19x_LPAREN_P_RPAREN_;3MOX4HOXPGALDOX_LPAREN_NADP_RPAREN_;LCADi
222_AT1,ALDH3B2,1.277696171875,1.2776961718749995,1.0000000000000004,-4.440892098500626e-16,MINIMAL,optimal,14,ALDD2x;4HOXPACDOX_LPAREN_NADP_RPAREN_;LCADi_D;ALDD19x;3MOX4HOXPGALDOX;GCALDD;34DHPLACOX;34DHXMANDACOX_LPAREN_NADP_RPAREN_;ALDD19x_LPAREN_P_RPAREN_;ALDD2y
221_AT1,ALDH3B1,1.277696171875,1.2776961718749995,1.0000000000000004,-4.440892098500626e-16,MINIMAL,optimal,15,ALDD2x;4HOXPACDOX_LPAREN_NADP_RPAREN_;LCADi_D;ALDD19x;34DHXMANDACOX;3MOX4HOXPGALDOX;GCALDD;34DHPLACOX;34DHXMANDACOX_LPAREN_NADP_RPAREN_;ALDD19x_LPAREN_P_RPAREN_
218_AT1,ALDH3A1,1.277696171875,1.2776961718749995,1.0000000000000004,-4.440892098500626e-16,MINIMAL,optimal,14,ALDD2x;4HOXPACDOX_LPAREN_NADP_RPAREN_;LCADi_D;ALDD19x;34DHXMANDACOX;3MOX4HOXPGALDOX;GCALDD;34DHPLACOX;ALDD19x_LPAREN_P_RPAREN_;ALDD2y
18_AT2,ABAT,1.277696171875,1.2776961718749995,1.0000000000000004,-4.440892098500626e-16,MINIMAL,optimal,3,3AIBTm;APAT2rm;ABTArm
18_AT1,ABAT,1.277696171875,1.2776961718749995,1.0000000000000004,-4.440892098500626e-16,MINIMAL,optimal,3,3AIBTm;APAT2rm;ABTArm
7296_AT4,TXNRD1,1.277696171875,1.2776961718749995,1.0000000000000004,-4.440892098500626e-16,MINIMAL,optimal,1,TRDR
4128_AT1,MAOA,1.277696171875,1.2776961718749995,1.0000000000000004,-4.440892098500626e-16,MINIMAL,optimal,4,PEAMNO;41R1H2MAE12BOOX;41R2A1H12BOOX;TYROXDAc
4129_AT1,MAOB,1.277696171875,1.2776961718749995,1.0000000000000004,-4.440892098500626e-16,MINIMAL,optimal,5,TYROXDAc;41R1H2MAE12BOOX;MACOXO;PEAMNO;41R2A1H12BOOX
6817_AT2,SULT1A1,1.277696171875,1.2776961718749995,1.0000000000000004,-4.440892098500626e-16,MINIMAL,optimal,5,TRIODTHYSULT;DOPASULT;TYMSULT;ESTSULT;4NPHSULT
6817_AT1,SULT1A1,1.277696171875,1.2776961718749995,1.0000000000000004,-4.440892098500626e-16,MINIMAL,optimal,5,TRIODTHYSULT;DOPASULT;TYMSULT;ESTSULT;4NPHSULT
6817_AT3,SULT1A1,1.277696171875,1.2776961718749995,1.0000000000000004,-4.440892098500626e-16,MINIMAL,optimal,5,TRIODTHYSULT;DOPASULT;TYMSULT;ESTSULT;4NPHSULT
6818_AT1,SULT1A3,1.277696171875,1.2776961718749995,1.0000000000000004,-4.440892098500626e-16,MINIMAL,optimal,4,TYMSULT;DOPASULT;4NPHSULT;NRPPHRSULT
6817_AT4,SULT1A1,1.277696171875,1.2776961718749995,1.0000000000000004,-4.440892098500626e-16,MINIMAL,optimal,5,TRIODTHYSULT;DOPASULT;TYMSULT;ESTSULT;4NPHSULT
6799_AT2,SULT1A2,1.277696171875,1.2776961718749995,1.0000000000000004,-4.440892098500626e-16,MINIMAL,optimal,2,DOPASULT;4NPHSULT
6799_AT1,SULT1A2,1.277696171875,1.2776961718749995,1.0000000000000004,-4.440892098500626e-16,MINIMAL,optimal,2,DOPASULT;4NPHSULT
6818_AT2,SULT1A3,1.277696171875,1.2776961718749995,1.0000000000000004,-4.440892098500626e-16,MINIMAL,optimal,4,TYMSULT;DOPASULT;4NPHSULT;NRPPHRSULT
6817_AT5,SULT1A1,1.277696171875,1.2776961718749995,1.0000000000000004,-4.440892098500626e-16,MINIMAL,optimal,5,TRIODTHYSULT;DOPASULT;TYMSULT;ESTSULT;4NPHSULT
6818_AT3,SULT1A3,1.277696171875,1.2776961718749995,1.0000000000000004,-4.440892098500626e-16,MINIMAL,optimal,4,TYMSULT;DOPASULT;4NPHSULT;NRPPHRSULT
65985_AT1,AACS,1.277696171875,1.2776961718749995,1.0000000000000004,-4.440892098500626e-16,MINIMAL,optimal,2,AACOAT;ACS
223_AT1,ALDH9A1,1.277696171875,1.2776961718749995,1.0000000000000004,-4.440892098500626e-16,MINIMAL,optimal,7,GCALDD;ALDD2y;BAMPPALDOX;LCADi_D;ABUTD;LCADi;ALDD2x
39_AT1,ACAT2,1.277696171875,1.2776961718749995,1.0000000000000004,-4.440892098500626e-16,MINIMAL,optimal,1,ACACT1
38_AT1,ACAT1,1.277696171875,1.2776961718749995,1.0000000000000004,-4.440892098500626e-16,MINIMAL,optimal,2,ACACT10m;ACACT1rm
3030_AT1,HADHA,1.277696171875,1.2776961718749995,1.0000000000000004,-4.440892098500626e-16,MINIMAL,optimal,3,ECOAH9m;ECOAH12m;ACACT1rm
3032_AT1,HADHB,1.277696171875,1.2776961718749995,1.0000000000000004,-4.440892098500626e-16,MINIMAL,optimal,3,ECOAH9m;ECOAH12m;ACACT1rm
31_AT2,ACACA,1.277696171875,1.2776961718749995,1.0000000000000004,-4.440892098500626e-16,MINIMAL,optimal,1,ACCOAC
31_AT4,ACACA,1.277696171875,1.2776961718749995,1.0000000000000004,-4.440892098500626e-16,MINIMAL,optimal,1,ACCOAC
31_AT5,ACACA,1.277696171875,1.2776961718749995,1.0000000000000004,-4.440892098500626e-16,MINIMAL,optimal,1,ACCOAC
31_AT3,ACACA,1.277696171875,1.2776961718749995,1.0000000000000004,-4.440892098500626e-16,MINIMAL,optimal,1,ACCOAC
31_AT1,ACACA,1.277696171875,1.2776961718749995,1.0000000000000004,-4.440892098500626e-16,MINIMAL,optimal,1,ACCOAC
32_AT1,ACACB,1.277696171875,1.2776961718749995,1.0000000000000004,-4.440892098500626e-16,MINIMAL,optimal,1,ACCOAC
64841_AT1,GNPNAT1,1.277696171875,1.2776961718749995,1.0000000000000004,-4.440892098500626e-16,MINIMAL,optimal,1,ACGAM6PSi
55577_AT1,NAGK,1.277696171875,1.2776961718749995,1.0000000000000004,-4.440892098500626e-16,MINIMAL,optimal,2,AMANK;ACGAMK
5238_AT1,PGM3,1.277696171875,1.2776961718749995,1.0000000000000004,-4.440892098500626e-16,MINIMAL,optimal,1,ACGAMPM
47_AT1,ACLY,1.277696171875,1.2776961718749995,1.0000000000000004,-4.440892098500626e-16,MINIMAL,optimal,1,ACITL
47_AT2,ACLY,1.277696171875,1.2776961718749995,1.0000000000000004,-4.440892098500626e-16,MINIMAL,optimal,1,ACITL
54187_AT1,NANS,1.277696171875,1.2776961718749995,1.0000000000000004,-4.440892098500626e-16,MINIMAL,optimal,2,ACNAM9PL;ACNAM9PL2
26503_AT1,SLC17A5,1.277696171875,1.2776961718749995,1.0000000000000004,-4.440892098500626e-16,MINIMAL,optimal,2,GLCURtly;ACNAMlt
36_AT1,ACADSB,1.277696171875,1.2776961718749995,1.0000000000000004,-4.440892098500626e-16,MINIMAL,optimal,1,ACOAD10m
34_AT1,ACADM,1.277696171875,1.2776961718749995,1.0000000000000004,-4.440892098500626e-16,MINIMAL,optimal,29,FAOXC161802m;FAOXC1811602m;FAOXC183806m;FAOXC204184m;FAOXC226;FAOXC16180m;FAOXC1811603m;ACOAD9m;FAOXC18480m;FAOXC2051843m
3712_AT1,IVD,1.277696171875,1.2776961718749995,1.0000000000000004,-4.440892098500626e-16,MINIMAL,optimal,1,ACOAD8m
27034_AT1,ACAD8,1.277696171875,1.2776961718749995,1.0000000000000004,-4.440892098500626e-16,MINIMAL,optimal,1,ACOAD9m
51_AT2,ACOX1,1.277696171875,1.2776961718749995,1.0000000000000004,-4.440892098500626e-16,MINIMAL,optimal,11,FAOXC2452253x;FAOXC260240x;FAOXC200180x;FAOXC2242046x;FAOXC241181x;FAOXC2452256x;FAOXC180x;FAOXC2442246x;FAOXC246226x;ACOAO7p
51_AT1,ACOX1,1.277696171875,1.2776961718749995,1.0000000000000004,-4.440892098500626e-16,MINIMAL,optimal,11,FAOXC2452253x;FAOXC260240x;FAOXC200180x;FAOXC2242046x;FAOXC241181x;FAOXC2452256x;FAOXC180x;FAOXC2442246x;FAOXC246226x;ACOAO7p
48_AT1,ACO1,1.277696171875,1.2776961718749995,1.0000000000000004,-4.440892098500626e-16,MINIMAL,optimal,1,ACONT
3658_AT1,IREB2,1.277696171875,1.2776961718749995,1.0000000000000004,-4.440892098500626e-16,MINIMAL,optimal,1,ACONT
50_AT1,ACO2,1.277696171875,1.2776961718749995,1.0000000000000004,-4.440892098500626e-16,MINIMAL,optimal,1,ACONTm
52_AT1,ACP1,1.277696171875,1.2776961718749995,1.0000000000000004,-4.440892098500626e-16,MINIMAL,optimal,1,ACP1_FMN
52_AT3,ACP1,1.277696171875,1.2776961718749995,1.0000000000000004,-4.440892098500626e-16,MINIMAL,optimal,1,ACP1_FMN
52_AT2,ACP1,1.277696171875,1.2776961718749995,1.0000000000000004,-4.440892098500626e-16,MINIMAL,optimal,1,ACP1_FMN
55902_AT1,ACSS2,1.277696171875,1.2776961718749995,1.0000000000000004,-4.440892098500626e-16,MINIMAL,optimal,1,ACS
55902_AT2,ACSS2,1.277696171875,1.2776961718749995,1.0000000000000004,-4.440892098500626e-16,MINIMAL,optimal,1,ACS
112611_AT1,RWDD2A,1.277696171875,1.2776961718749995,1.0000000000000004,-4.440892098500626e-16,MINIMAL,optimal,1,ACYP
98_AT1,ACYP2,1.277696171875,1.2776961718749995,1.0000000000000004,-4.440892098500626e-16,MINIMAL,optimal,1,ACYP
97_AT2,ACYP1,1.277696171875,1.2776961718749995,1.0000000000000004,-4.440892098500626e-16,MINIMAL,optimal,1,ACYP
97_AT1,ACYP1,1.277696171875,1.2776961718749995,1.0000000000000004,-4.440892098500626e-16,MINIMAL,optimal,1,ACYP
26289_AT1,AK5,1.277696171875,1.2776961718749995,1.0000000000000004,-4.440892098500626e-16,MINIMAL,optimal,1,ADK1
203_AT1,AK1,1.277696171875,1.2776961718749995,1.0000000000000004,-4.440892098500626e-16,MINIMAL,optimal,1,ADK1
26289_AT2,AK5,1.277696171875,1.2776961718749995,1.0000000000000004,-4.440892098500626e-16,MINIMAL,optimal,1,ADK1
122481_AT1,AK7,1.277696171875,1.2776961718749995,1.0000000000000004,-4.440892098500626e-16,MINIMAL,optimal,1,ADK1
205_AT2,AK4,1.277696171875,1.2776961718749995,1.0000000000000004,-4.440892098500626e-16,MINIMAL,optimal,1,ADK1m
204_AT2,AK2,1.277696171875,1.2776961718749995,1.0000000000000004,-4.440892098500626e-16,MINIMAL,optimal,1,ADK1m
204_AT1,AK2,1.277696171875,1.2776961718749995,1.0000000000000004,-4.440892098500626e-16,MINIMAL,optimal,1,ADK1m
204_AT3,AK2,1.277696171875,1.2776961718749995,1.0000000000000004,-4.440892098500626e-16,MINIMAL,optimal,1,ADK1m
205_AT1,AK4,1.277696171875,1.2776961718749995,1.0000000000000004,-4.440892098500626e-16,MINIMAL,optimal,1,ADK1m
205_AT3,AK4,1.277696171875,1.2776961718749995,1.0000000000000004,-4.440892098500626e-16,MINIMAL,optimal,1,ADK1m
50808_AT1,AK3,1.277696171875,1.2776961718749995,1.0000000000000004,-4.440892098500626e-16,MINIMAL,optimal,1,ADK3m
262_AT1,AMD1,1.277696171875,1.2776961718749995,1.0000000000000004,-4.440892098500626e-16,MINIMAL,optimal,1,ADMDC
114_AT1,ADCY8,1.277696171875,1.2776961718749995,1.0000000000000004,-4.440892098500626e-16,MINIMAL,optimal,1,ADNCYC
112_AT2,ADCY6,1.277696171875,1.2776961718749995,1.0000000000000004,-4.440892098500626e-16,MINIMAL,optimal,1,ADNCYC
107_AT1,ADCY1,1.277696171875,1.2776961718749995,1.0000000000000004,-4.440892098500626e-16,MINIMAL,optimal,1,ADNCYC
115_AT1,ADCY9,1.277696171875,1.2776961718749995,1.0000000000000004,-4.440892098500626e-16,MINIMAL,optimal,1,ADNCYC
109_AT1,ADCY3,1.277696171875,1.2776961718749995,1.0000000000000004,-4.440892098500626e-16,MINIMAL,optimal,1,ADNCYC
108_AT1,ADCY2,1.277696171875,1.2776961718749995,1.0000000000000004,-4.440892098500626e-16,MINIMAL,optimal,1,ADNCYC
196883_AT1,ADCY4,1.277696171875,1.2776961718749995,1.0000000000000004,-4.440892098500626e-16,MINIMAL,optimal,1,ADNCYC
113_AT1,ADCY7,1.277696171875,1.2776961718749995,1.0000000000000004,-4.440892098500626e-16,MINIMAL,optimal,1,ADNCYC
112_AT1,ADCY6,1.277696171875,1.2776961718749995,1.0000000000000004,-4.440892098500626e-16,MINIMAL,optimal,1,ADNCYC
111_AT1,ADCY5,1.277696171875,1.2776961718749995,1.0000000000000004,-4.440892098500626e-16,MINIMAL,optimal,1,ADNCYC
55811_AT1,ADCY10,1.277696171875,1.2776961718749995,1.0000000000000004,-4.440892098500626e-16,MINIMAL,optimal,1,ADNCYC
64078_AT1,SLC28A3,1.277696171875,1.2776961718749995,1.0000000000000004,-4.440892098500626e-16,MINIMAL,optimal,5,GSNt5;URIt5;THMDt5;ADNt5;CYTDt5
11164_AT1,NUDT5,1.277696171875,1.2776961718749995,1.0000000000000004,-4.440892098500626e-16,MINIMAL,optimal,1,ADPRDP
952_AT1,CD38,1.277696171875,1.2776961718749995,1.0000000000000004,-4.440892098500626e-16,MINIMAL,optimal,3,NADNe;NADPNe;ADPRIBt
353_AT1,APRT,1.277696171875,1.2776961718749995,1.0000000000000004,-4.440892098500626e-16,MINIMAL,optimal,1,ADPT
1375_AT2,CPT1B,1.277696171875,1.2776961718749995,1.0000000000000004,-4.440892098500626e-16,MINIMAL,optimal,26,C161CPT1;LNLNCACPT1;C180CPT1;ARACHCPT1;C161CPT12;DLNLCGCPT1;RTOTALCRNCPT1;C204CPT1;EICOSTETCPT1;STRDNCCPT1
1374_AT1,CPT1A,1.277696171875,1.2776961718749995,1.0000000000000004,-4.440892098500626e-16,MINIMAL,optimal,26,C161CPT1;LNLNCACPT1;C180CPT1;ARACHCPT1;C161CPT12;DLNLCGCPT1;RTOTALCRNCPT1;C204CPT1;EICOSTETCPT1;STRDNCCPT1
1375_AT1,CPT1B,1.277696171875,1.2776961718749995,1.0000000000000004,-4.440892098500626e-16,MINIMAL,optimal,26,C161CPT1;LNLNCACPT1;C180CPT1;ARACHCPT1;C161CPT12;DLNLCGCPT1;RTOTALCRNCPT1;C204CPT1;EICOSTETCPT1;STRDNCCPT1
1375_AT3,CPT1B,1.277696171875,1.2776961718749995,1.0000000000000004,-4.440892098500626e-16,MINIMAL,optimal,25,C161CPT1;LNLNCACPT1;C180CPT1;ARACHCPT1;C161CPT12;DLNLCGCPT1;RTOTALCRNCPT1;C204CPT1;EICOSTETCPT1;STRDNCCPT1
126129_AT1,CPT1C,1.277696171875,1.2776961718749995,1.0000000000000004,-4.440892098500626e-16,MINIMAL,optimal,26,C161CPT1;LNLNCACPT1;C180CPT1;ARACHCPT1;C161CPT12;DLNLCGCPT1;RTOTALCRNCPT1;C204CPT1;EICOSTETCPT1;STRDNCCPT1
1375_AT4,CPT1B,1.277696171875,1.2776961718749995,1.0000000000000004,-4.440892098500626e-16,MINIMAL,optimal,25,C161CPT1;LNLNCACPT1;C180CPT1;ARACHCPT1;C161CPT12;DLNLCGCPT1;RTOTALCRNCPT1;C204CPT1;EICOSTETCPT1;STRDNCCPT1
1376_AT1,CPT2,1.277696171875,1.2776961718749995,1.0000000000000004,-4.440892098500626e-16,MINIMAL,optimal,26,RTOTAL3CRNCPT2;TMNDNCCPT2;ELAIDCPT2;C226CPT2;TTDCPT2;LNLNCACPT2;C180CPT2;ARACHCPT2;C161CPT2;DLNLCGCPT2
788_AT1,SLC25A20,1.277696171875,1.2776961718749995,1.0000000000000004,-4.440892098500626e-16,MINIMAL,optimal,21,LNELDCCRNt;VACCCRNt;LNLNCGCRNt;C181CRNt;DCSPTN1CRNt;HPDCACRNt;PTDCACRNt;TMNDNCCRNt;ELAIDCRNt;TTDCRNt
9061_AT1,PAPSS1,1.277696171875,1.2776961718749995,1.0000000000000004,-4.440892098500626e-16,MINIMAL,optimal,2,ADSK;SADT
9060_AT1,PAPSS2,1.277696171875,1.2776961718749995,1.0000000000000004,-4.440892098500626e-16,MINIMAL,optimal,2,ADSK;SADT
158_AT1,ADSL,1.277696171875,1.2776961718749995,1.0000000000000004,-4.440892098500626e-16,MINIMAL,optimal,2,ADSL1;ADSL2
158_AT2,ADSL,1.277696171875,1.2776961718749995,1.0000000000000004,-4.440892098500626e-16,MINIMAL,optimal,2,ADSL1;ADSL2
122622_AT1,ADSSL1,1.277696171875,1.2776961718749995,1.0000000000000004,-4.440892098500626e-16,MINIMAL,optimal,1,ADSS
159_AT1,ADSS,1.277696171875,1.2776961718749995,1.0000000000000004,-4.440892098500626e-16,MINIMAL,optimal,1,ADSS
122622_AT2,ADSSL1,1.277696171875,1.2776961718749995,1.0000000000000004,-4.440892098500626e-16,MINIMAL,optimal,1,ADSS
10554_AT1,AGPAT1,1.277696171875,1.2776961718749995,1.0000000000000004,-4.440892098500626e-16,MINIMAL,optimal,1,AGPAT1
56895_AT1,AGPAT4,1.277696171875,1.2776961718749995,1.0000000000000004,-4.440892098500626e-16,MINIMAL,optimal,1,AGPAT1
56894_AT1,AGPAT3,1.277696171875,1.2776961718749995,1.0000000000000004,-4.440892098500626e-16,MINIMAL,optimal,1,AGPAT1
55326_AT1,AGPAT5,1.277696171875,1.2776961718749995,1.0000000000000004,-4.440892098500626e-16,MINIMAL,optimal,1,AGPAT1
137964_AT1,GPAT4,1.277696171875,1.2776961718749995,1.0000000000000004,-4.440892098500626e-16,MINIMAL,optimal,1,AGPAT1
10555_AT1,AGPAT2,1.277696171875,1.2776961718749995,1.0000000000000004,-4.440892098500626e-16,MINIMAL,optimal,1,AGPAT1
56894_AT2,AGPAT3,1.277696171875,1.2776961718749995,1.0000000000000004,-4.440892098500626e-16,MINIMAL,optimal,1,AGPAT1
3073_AT1,HEXA,1.277696171875,1.2776961718749995,1.0000000000000004,-4.440892098500626e-16,MINIMAL,optimal,3,AHEXASEly;NACHEX27ly;AHEXASE2ly
3074_AT1,HEXB,1.277696171875,1.2776961718749995,1.0000000000000004,-4.440892098500626e-16,MINIMAL,optimal,3,AHEXASEly;NACHEX27ly;AHEXASE2ly
471_AT1,ATIC,1.277696171875,1.2776961718749995,1.0000000000000004,-4.440892098500626e-16,MINIMAL,optimal,2,IMPC;AICART
10606_AT1,PAICS,1.277696171875,1.2776961718749995,1.0000000000000004,-4.440892098500626e-16,MINIMAL,optimal,2,AIRCr;PRASCS
6510_AT1,SLC1A5,1.277696171875,1.2776961718749995,1.0000000000000004,-4.440892098500626e-16,MINIMAL,optimal,13,THRALANaEx;ALAASNNaEx;SERCYSNaEx;SERTHRNaEx;CYSALANaEx;THRCYSNaEx;ALACYSNaEx;ALATHRNaEx;THRSERNaEx;CYSSERNaEx
6509_AT1,SLC1A4,1.277696171875,1.2776961718749995,1.0000000000000004,-4.440892098500626e-16,MINIMAL,optimal,12,THRALANaEx;SERCYSNaEx;SERTHRNaEx;CYSALANaEx;THRCYSNaEx;ALACYSNaEx;ALATHRNaEx;THRSERNaEx;CYSSERNaEx;CYSTHRNaEx
6520_AT1,SLC3A2,1.277696171875,1.2776961718749995,1.0000000000000004,-4.440892098500626e-16,MINIMAL,optimal,3,AMY2e;AMY1e;ALADGLNexR
56301_AT1,SLC7A10,1.277696171875,1.2776961718749995,1.0000000000000004,-4.440892098500626e-16,MINIMAL,optimal,1,ALADGLNexR
11212_AT1,PROSC,1.277696171875,1.2776961718749995,1.0000000000000004,-4.440892098500626e-16,MINIMAL,optimal,1,ALAR
84706_AT1,GPT2,1.277696171875,1.2776961718749995,1.0000000000000004,-4.440892098500626e-16,MINIMAL,optimal,1,ALATA_L
2875_AT1,GPT,1.277696171875,1.2776961718749995,1.0000000000000004,-4.440892098500626e-16,MINIMAL,optimal,1,ALATA_L
284273_AT1,ZADH2,1.277696171875,1.2776961718749995,1.0000000000000004,-4.440892098500626e-16,MINIMAL,optimal,5,ALCD2if;ALCD21_D;ALCD22_L;ALCD1;ALCD22_D
284273_AT2,ZADH2,1.277696171875,1.2776961718749995,1.0000000000000004,-4.440892098500626e-16,MINIMAL,optimal,5,ALCD2if;ALCD21_D;ALCD22_L;ALCD1;ALCD22_D
10327_AT1,AKR1A1,1.277696171875,1.2776961718749995,1.0000000000000004,-4.440892098500626e-16,MINIMAL,optimal,7,PPDOy;SBTR;LALDO2;ALR3;ALCD2yf;ALR2;ARABR
10327_AT2,AKR1A1,1.277696171875,1.2776961718749995,1.0000000000000004,-4.440892098500626e-16,MINIMAL,optimal,7,PPDOy;SBTR;LALDO2;ALR3;ALCD2yf;ALR2;ARABR
8854_AT2,ALDH1A2,1.277696171875,1.2776961718749995,1.0000000000000004,-4.440892098500626e-16,MINIMAL,optimal,6,GCALDD;ALDD2y;BAMPPALDOX;LCADi_D;LCADi;ALDD2x
216_AT1,ALDH1A1,1.277696171875,1.2776961718749995,1.0000000000000004,-4.440892098500626e-16,MINIMAL,optimal,5,GCALDD;BAMPPALDOX;LCADi_D;LCADi;ALDD2x
8854_AT3,ALDH1A2,1.277696171875,1.2776961718749995,1.0000000000000004,-4.440892098500626e-16,MINIMAL,optimal,6,GCALDD;ALDD2y;BAMPPALDOX;LCADi_D;LCADi;ALDD2x
501_AT1,ALDH7A1,1.277696171875,1.2776961718749995,1.0000000000000004,-4.440892098500626e-16,MINIMAL,optimal,5,GCALDD;BAMPPALDOX;LCADi_D;LCADi;ALDD2x
224_AT1,ALDH3A2,1.277696171875,1.2776961718749995,1.0000000000000004,-4.440892098500626e-16,MINIMAL,optimal,6,GCALDD;ALDD2y;BAMPPALDOX;LCADi_D;LCADi;ALDD2x
8854_AT1,ALDH1A2,1.277696171875,1.2776961718749995,1.0000000000000004,-4.440892098500626e-16,MINIMAL,optimal,6,GCALDD;ALDD2y;BAMPPALDOX;LCADi_D;LCADi;ALDD2x
219_AT1,ALDH1B1,1.277696171875,1.2776961718749995,1.0000000000000004,-4.440892098500626e-16,MINIMAL,optimal,1,ALDD2xm
217_AT1,ALDH2,1.277696171875,1.2776961718749995,1.0000000000000004,-4.440892098500626e-16,MINIMAL,optimal,1,ALDD2xm
231_AT1,AKR1B1,1.277696171875,1.2776961718749995,1.0000000000000004,-4.440892098500626e-16,MINIMAL,optimal,7,ALR;PPDOy;SBTR;LALDO2;ALR3;ALR2;ARABR
8574_AT1,AKR7A2,1.277696171875,1.2776961718749995,1.0000000000000004,-4.440892098500626e-16,MINIMAL,optimal,8,PPDOy;LALDO2;ALR2;ARABR;LALDO2x;SBTR;ALR3;PPDOx
10020_AT1,GNE,1.277696171875,1.2776961718749995,1.0000000000000004,-4.440892098500626e-16,MINIMAL,optimal,2,AMANK;UAG2EMAi
115286_AT2,SLC25A26,1.277696171875,1.2776961718749995,1.0000000000000004,-4.440892098500626e-16,MINIMAL,optimal,1,AMETt2m
115286_AT3,SLC25A26,1.277696171875,1.2776961718749995,1.0000000000000004,-4.440892098500626e-16,MINIMAL,optimal,1,AMETt2m
115286_AT1,SLC25A26,1.277696171875,1.2776961718749995,1.0000000000000004,-4.440892098500626e-16,MINIMAL,optimal,1,AMETt2m
272_AT1,AMPD3,1.277696171875,1.2776961718749995,1.0000000000000004,-4.440892098500626e-16,MINIMAL,optimal,1,AMPDA
271_AT1,AMPD2,1.277696171875,1.2776961718749995,1.0000000000000004,-4.440892098500626e-16,MINIMAL,optimal,1,AMPDA
271_AT3,AMPD2,1.277696171875,1.2776961718749995,1.0000000000000004,-4.440892098500626e-16,MINIMAL,optimal,1,AMPDA
271_AT2,AMPD2,1.277696171875,1.2776961718749995,1.0000000000000004,-4.440892098500626e-16,MINIMAL,optimal,1,AMPDA
270_AT1,AMPD1,1.277696171875,1.2776961718749995,1.0000000000000004,-4.440892098500626e-16,MINIMAL,optimal,1,AMPDA
290_AT1,ANPEP,1.277696171875,1.2776961718749995,1.0000000000000004,-4.440892098500626e-16,MINIMAL,optimal,1,AMPTASECG
280_AT1,AMY2B,1.277696171875,1.2776961718749995,1.0000000000000004,-4.440892098500626e-16,MINIMAL,optimal,2,AMY2e;AMY1e
11136_AT1,SLC7A9,1.277696171875,1.2776961718749995,1.0000000000000004,-4.440892098500626e-16,MINIMAL,optimal,2,AMY2e;AMY1e
279_AT1,AMY2A,1.277696171875,1.2776961718749995,1.0000000000000004,-4.440892098500626e-16,MINIMAL,optimal,2,AMY2e;AMY1e
278_AT1,AMY1C,1.277696171875,1.2776961718749995,1.0000000000000004,-4.440892098500626e-16,MINIMAL,optimal,2,AMY2e;AMY1e
6519_AT1,SLC3A1,1.277696171875,1.2776961718749995,1.0000000000000004,-4.440892098500626e-16,MINIMAL,optimal,3,AMY2e;SERLYSNaex;AMY1e
277_AT1,AMY1B,1.277696171875,1.2776961718749995,1.0000000000000004,-4.440892098500626e-16,MINIMAL,optimal,2,AMY2e;AMY1e
276_AT1,AMY1A,1.277696171875,1.2776961718749995,1.0000000000000004,-4.440892098500626e-16,MINIMAL,optimal,2,AMY2e;AMY1e
276_AT2,AMY1A,1.277696171875,1.2776961718749995,1.0000000000000004,-4.440892098500626e-16,MINIMAL,optimal,2,AMY2e;AMY1e
435_AT1,ASL,1.277696171875,1.2776961718749995,1.0000000000000004,-4.440892098500626e-16,MINIMAL,optimal,1,ARGSL
445_AT1,ASS1,1.277696171875,1.2776961718749995,1.0000000000000004,-4.440892098500626e-16,MINIMAL,optimal,1,ARGSS
445_AT2,ASS1,1.277696171875,1.2776961718749995,1.0000000000000004,-4.440892098500626e-16,MINIMAL,optimal,1,ARGSS
7167_AT1,TPI1,1.277696171875,1.2776961718749995,1.0000000000000004,-4.440892098500626e-16,MINIMAL,optimal,1,TPI
55089_AT1,SLC38A4,1.277696171875,1.2776961718749995,1.0000000000000004,-4.440892098500626e-16,MINIMAL,optimal,3,PHEt4;ARGtiDF;LYStiDF
84889_AT1,SLC7A3,1.277696171875,1.2776961718749995,1.0000000000000004,-4.440892098500626e-16,MINIMAL,optimal,4,ORNtiDF;PHEt4;ARGtiDF;LYStiDF
6542_AT1,SLC7A2,1.277696171875,1.2776961718749995,1.0000000000000004,-4.440892098500626e-16,MINIMAL,optimal,4,ORNtiDF;PHEt4;ARGtiDF;LYStiDF
6541_AT1,SLC7A1,1.277696171875,1.2776961718749995,1.0000000000000004,-4.440892098500626e-16,MINIMAL,optimal,4,ORNtiDF;PHEt4;ARGtiDF;LYStiDF
9962_AT2,SLC23A2,1.277696171875,1.2776961718749995,1.0000000000000004,-4.440892098500626e-16,MINIMAL,optimal,1,ASCBt4
9963_AT1,SLC23A1,1.277696171875,1.2776961718749995,1.0000000000000004,-4.440892098500626e-16,MINIMAL,optimal,1,ASCBt4
9963_AT2,SLC23A1,1.277696171875,1.2776961718749995,1.0000000000000004,-4.440892098500626e-16,MINIMAL,optimal,1,ASCBt4
9962_AT1,SLC23A2,1.277696171875,1.2776961718749995,1.0000000000000004,-4.440892098500626e-16,MINIMAL,optimal,1,ASCBt4
440_AT3,ASNS,1.277696171875,1.2776961718749995,1.0000000000000004,-4.440892098500626e-16,MINIMAL,optimal,1,ASNS1
440_AT1,ASNS,1.277696171875,1.2776961718749995,1.0000000000000004,-4.440892098500626e-16,MINIMAL,optimal,1,ASNS1
440_AT2,ASNS,1.277696171875,1.2776961718749995,1.0000000000000004,-4.440892098500626e-16,MINIMAL,optimal,1,ASNS1
790_AT1,CAD,1.277696171875,1.2776961718749995,1.0000000000000004,-4.440892098500626e-16,MINIMAL,optimal,3,CBPS;DHORTS;ASPCTr
8604_AT1,SLC25A12,1.277696171875,1.2776961718749995,1.0000000000000004,-4.440892098500626e-16,MINIMAL,optimal,2,ASPGLUm;GLUt2m
10165_AT1,SLC25A13,1.277696171875,1.2776961718749995,1.0000000000000004,-4.440892098500626e-16,MINIMAL,optimal,2,ASPGLUm;GLUt2m
2805_AT1,GOT1,1.277696171875,1.2776961718749995,1.0000000000000004,-4.440892098500626e-16,MINIMAL,optimal,3,CYSTA;LCYSTAT;ASPTA
2806_AT1,GOT2,1.277696171875,1.2776961718749995,1.0000000000000004,-4.440892098500626e-16,MINIMAL,optimal,1,ASPTAm
6512_AT1,SLC1A7,1.277696171875,1.2776961718749995,1.0000000000000004,-4.440892098500626e-16,MINIMAL,optimal,2,ASPt6;GLUt6
6505_AT1,SLC1A1,1.277696171875,1.2776961718749995,1.0000000000000004,-4.440892098500626e-16,MINIMAL,optimal,2,ASPt6;GLUt6
6511_AT1,SLC1A6,1.277696171875,1.2776961718749995,1.0000000000000004,-4.440892098500626e-16,MINIMAL,optimal,2,ASPt6;GLUt6
6507_AT1,SLC1A3,1.277696171875,1.2776961718749995,1.0000000000000004,-4.440892098500626e-16,MINIMAL,optimal,2,ASPt6;GLUt6
6506_AT1,SLC1A2,1.277696171875,1.2776961718749995,1.0000000000000004,-4.440892098500626e-16,MINIMAL,optimal,2,ASPt6;GLUt6
954_AT2,ENTPD2,1.277696171875,1.2776961718749995,1.0000000000000004,-4.440892098500626e-16,MINIMAL,optimal,2,ATPH2e;ATPH1e
956_AT1,ENTPD3,1.277696171875,1.2776961718749995,1.0000000000000004,-4.440892098500626e-16,MINIMAL,optimal,2,ATPH2e;ATPH1e
957_AT1,ENTPD5,1.277696171875,1.2776961718749995,1.0000000000000004,-4.440892098500626e-16,MINIMAL,optimal,2,ATPH2e;ATPH1e
954_AT1,ENTPD2,1.277696171875,1.2776961718749995,1.0000000000000004,-4.440892098500626e-16,MINIMAL,optimal,2,ATPH2e;ATPH1e
955_AT1,ENTPD6,1.277696171875,1.2776961718749995,1.0000000000000004,-4.440892098500626e-16,MINIMAL,optimal,2,ATPH2e;ATPH1e
953_AT1,ENTPD1,1.277696171875,1.2776961718749995,1.0000000000000004,-4.440892098500626e-16,MINIMAL,optimal,2,ATPH2e;ATPH1e
10476_AT1,ATP5H,1.277696171875,1.2776961718749995,1.0000000000000004,-4.440892098500626e-16,MINIMAL,optimal,1,ATPS4m
515_AT2,ATP5F1,1.277696171875,1.2776961718749995,1.0000000000000004,-4.440892098500626e-16,MINIMAL,optimal,1,ATPS4m
498_AT3,ATP5A1,1.277696171875,1.2776961718749995,1.0000000000000004,-4.440892098500626e-16,MINIMAL,optimal,1,ATPS4m
515_AT1,ATP5F1,1.277696171875,1.2776961718749995,1.0000000000000004,-4.440892098500626e-16,MINIMAL,optimal,1,ATPS4m
498_AT1,ATP5A1,1.277696171875,1.2776961718749995,1.0000000000000004,-4.440892098500626e-16,MINIMAL,optimal,1,ATPS4m
509_AT1,ATP5C1,1.277696171875,1.2776961718749995,1.0000000000000004,-4.440892098500626e-16,MINIMAL,optimal,1,ATPS4m
10632_AT1,ATP5L,1.277696171875,1.2776961718749995,1.0000000000000004,-4.440892098500626e-16,MINIMAL,optimal,1,ATPS4m
518_AT1,ATP5G3,1.277696171875,1.2776961718749995,1.0000000000000004,-4.440892098500626e-16,MINIMAL,optimal,1,ATPS4m
516_AT2,ATP5G1,1.277696171875,1.2776961718749995,1.0000000000000004,-4.440892098500626e-16,MINIMAL,optimal,1,ATPS4m
515_AT3,ATP5F1,1.277696171875,1.2776961718749995,1.0000000000000004,-4.440892098500626e-16,MINIMAL,optimal,1,ATPS4m
509_AT2,ATP5C1,1.277696171875,1.2776961718749995,1.0000000000000004,-4.440892098500626e-16,MINIMAL,optimal,1,ATPS4m
517_AT2,ATP5G2,1.277696171875,1.2776961718749995,1.0000000000000004,-4.440892098500626e-16,MINIMAL,optimal,1,ATPS4m
516_AT1,ATP5G1,1.277696171875,1.2776961718749995,1.0000000000000004,-4.440892098500626e-16,MINIMAL,optimal,1,ATPS4m
9551_AT1,ATP5J2,1.277696171875,1.2776961718749995,1.0000000000000004,-4.440892098500626e-16,MINIMAL,optimal,1,ATPS4m
9551_AT2,ATP5J2,1.277696171875,1.2776961718749995,1.0000000000000004,-4.440892098500626e-16,MINIMAL,optimal,1,ATPS4m
513_AT2,ATP5D,1.277696171875,1.2776961718749995,1.0000000000000004,-4.440892098500626e-16,MINIMAL,optimal,1,ATPS4m
10476_AT2,ATP5H,1.277696171875,1.2776961718749995,1.0000000000000004,-4.440892098500626e-16,MINIMAL,optimal,1,ATPS4m
517_AT1,ATP5G2,1.277696171875,1.2776961718749995,1.0000000000000004,-4.440892098500626e-16,MINIMAL,optimal,1,ATPS4m
513_AT1,ATP5D,1.277696171875,1.2776961718749995,1.0000000000000004,-4.440892098500626e-16,MINIMAL,optimal,1,ATPS4m
522_AT5,ATP5J,1.277696171875,1.2776961718749995,1.0000000000000004,-4.440892098500626e-16,MINIMAL,optimal,1,ATPS4m
518_AT3,ATP5G3,1.277696171875,1.2776961718749995,1.0000000000000004,-4.440892098500626e-16,MINIMAL,optimal,1,ATPS4m
514_AT2,ATP5E,1.277696171875,1.2776961718749995,1.0000000000000004,-4.440892098500626e-16,MINIMAL,optimal,1,ATPS4m
498_AT2,ATP5A1,1.277696171875,1.2776961718749995,1.0000000000000004,-4.440892098500626e-16,MINIMAL,optimal,1,ATPS4m
514_AT1,ATP5E,1.277696171875,1.2776961718749995,1.0000000000000004,-4.440892098500626e-16,MINIMAL,optimal,1,ATPS4m
518_AT2,ATP5G3,1.277696171875,1.2776961718749995,1.0000000000000004,-4.440892098500626e-16,MINIMAL,optimal,1,ATPS4m
9551_AT3,ATP5J2,1.277696171875,1.2776961718749995,1.0000000000000004,-4.440892098500626e-16,MINIMAL,optimal,1,ATPS4m
4905_AT1,NSF,1.277696171875,1.2776961718749995,1.0000000000000004,-4.440892098500626e-16,MINIMAL,optimal,1,ATPS4m
521_AT1,ATP5I,1.277696171875,1.2776961718749995,1.0000000000000004,-4.440892098500626e-16,MINIMAL,optimal,1,ATPS4m
506_AT1,ATP5B,1.277696171875,1.2776961718749995,1.0000000000000004,-4.440892098500626e-16,MINIMAL,optimal,1,ATPS4m
522_AT2,ATP5J,1.277696171875,1.2776961718749995,1.0000000000000004,-4.440892098500626e-16,MINIMAL,optimal,1,ATPS4m
522_AT4,ATP5J,1.277696171875,1.2776961718749995,1.0000000000000004,-4.440892098500626e-16,MINIMAL,optimal,1,ATPS4m
522_AT3,ATP5J,1.277696171875,1.2776961718749995,1.0000000000000004,-4.440892098500626e-16,MINIMAL,optimal,1,ATPS4m
522_AT1,ATP5J,1.277696171875,1.2776961718749995,1.0000000000000004,-4.440892098500626e-16,MINIMAL,optimal,1,ATPS4m
8992_AT1,ATP6V0E1,1.277696171875,1.2776961718749995,1.0000000000000004,-4.440892098500626e-16,MINIMAL,optimal,1,ATPasel
127124_AT1,ATP6V1G3,1.277696171875,1.2776961718749995,1.0000000000000004,-4.440892098500626e-16,MINIMAL,optimal,1,ATPasel
525_AT1,ATP6V1B1,1.277696171875,1.2776961718749995,1.0000000000000004,-4.440892098500626e-16,MINIMAL,optimal,1,ATPasel
534_AT1,ATP6V1G2,1.277696171875,1.2776961718749995,1.0000000000000004,-4.440892098500626e-16,MINIMAL,optimal,1,ATPasel
10312_AT2,TCIRG1,1.277696171875,1.2776961718749995,1.0000000000000004,-4.440892098500626e-16,MINIMAL,optimal,1,ATPasel
529_AT1,ATP6V1E1,1.277696171875,1.2776961718749995,1.0000000000000004,-4.440892098500626e-16,MINIMAL,optimal,1,ATPasel
51382_AT1,ATP6V1D,1.277696171875,1.2776961718749995,1.0000000000000004,-4.440892098500626e-16,MINIMAL,optimal,1,ATPasel
90423_AT1,ATP6V1E2,1.277696171875,1.2776961718749995,1.0000000000000004,-4.440892098500626e-16,MINIMAL,optimal,1,ATPasel
50617_AT2,ATP6V0A4,1.277696171875,1.2776961718749995,1.0000000000000004,-4.440892098500626e-16,MINIMAL,optimal,1,ATPasel
245973_AT1,ATP6V1C2,1.277696171875,1.2776961718749995,1.0000000000000004,-4.440892098500626e-16,MINIMAL,optimal,1,ATPasel
535_AT1,ATP6V0A1,1.277696171875,1.2776961718749995,1.0000000000000004,-4.440892098500626e-16,MINIMAL,optimal,1,ATPasel
523_AT1,ATP6V1A,1.277696171875,1.2776961718749995,1.0000000000000004,-4.440892098500626e-16,MINIMAL,optimal,1,ATPasel
533_AT1,ATP6V0B,1.277696171875,1.2776961718749995,1.0000000000000004,-4.440892098500626e-16,MINIMAL,optimal,1,ATPasel
50617_AT3,ATP6V0A4,1.277696171875,1.2776961718749995,1.0000000000000004,-4.440892098500626e-16,MINIMAL,optimal,1,ATPasel
51606_AT2,ATP6V1H,1.277696171875,1.2776961718749995,1.0000000000000004,-4.440892098500626e-16,MINIMAL,optimal,1,ATPasel
527_AT1,ATP6V0C,1.277696171875,1.2776961718749995,1.0000000000000004,-4.440892098500626e-16,MINIMAL,optimal,1,ATPasel
526_AT1,ATP6V1B2,1.277696171875,1.2776961718749995,1.0000000000000004,-4.440892098500626e-16,MINIMAL,optimal,1,ATPasel
51606_AT3,ATP6V1H,1.277696171875,1.2776961718749995,1.0000000000000004,-4.440892098500626e-16,MINIMAL,optimal,1,ATPasel
245972_AT1,ATP6V0D2,1.277696171875,1.2776961718749995,1.0000000000000004,-4.440892098500626e-16,MINIMAL,optimal,1,ATPasel
127124_AT2,ATP6V1G3,1.277696171875,1.2776961718749995,1.0000000000000004,-4.440892098500626e-16,MINIMAL,optimal,1,ATPasel
9114_AT1,ATP6V0D1,1.277696171875,1.2776961718749995,1.0000000000000004,-4.440892098500626e-16,MINIMAL,optimal,1,ATPasel
9296_AT1,ATP6V1F,1.277696171875,1.2776961718749995,1.0000000000000004,-4.440892098500626e-16,MINIMAL,optimal,1,ATPasel
528_AT1,ATP6V1C1,1.277696171875,1.2776961718749995,1.0000000000000004,-4.440892098500626e-16,MINIMAL,optimal,1,ATPasel
528_AT2,ATP6V1C1,1.277696171875,1.2776961718749995,1.0000000000000004,-4.440892098500626e-16,MINIMAL,optimal,1,ATPasel
9550_AT1,ATP6V1G1,1.277696171875,1.2776961718749995,1.0000000000000004,-4.440892098500626e-16,MINIMAL,optimal,1,ATPasel
51606_AT1,ATP6V1H,1.277696171875,1.2776961718749995,1.0000000000000004,-4.440892098500626e-16,MINIMAL,optimal,1,ATPasel
534_AT2,ATP6V1G2,1.277696171875,1.2776961718749995,1.0000000000000004,-4.440892098500626e-16,MINIMAL,optimal,1,ATPasel
23545_AT1,ATP6V0A2,1.277696171875,1.2776961718749995,1.0000000000000004,-4.440892098500626e-16,MINIMAL,optimal,1,ATPasel
50617_AT1,ATP6V0A4,1.277696171875,1.2776961718749995,1.0000000000000004,-4.440892098500626e-16,MINIMAL,optimal,1,ATPasel
10312_AT1,TCIRG1,1.277696171875,1.2776961718749995,1.0000000000000004,-4.440892098500626e-16,MINIMAL,optimal,1,ATPasel
292_AT1,SLC25A5,1.277696171875,1.2776961718749995,1.0000000000000004,-4.440892098500626e-16,MINIMAL,optimal,1,ATPtm
293_AT1,SLC25A6,1.277696171875,1.2776961718749995,1.0000000000000004,-4.440892098500626e-16,MINIMAL,optimal,1,ATPtm
291_AT1,SLC25A4,1.277696171875,1.2776961718749995,1.0000000000000004,-4.440892098500626e-16,MINIMAL,optimal,1,ATPtm
HS00469,SLC39A9,1.277696171875,1.2776961718749995,1.0000000000000004,-4.440892098500626e-16,MINIMAL,optimal,1,TRANS_45_RXN66_45_565
622_AT3,BDH1,1.277696171875,1.2776961718749995,1.0000000000000004,-4.440892098500626e-16,MINIMAL,optimal,1,BDHm
622_AT2,BDH1,1.277696171875,1.2776961718749995,1.0000000000000004,-4.440892098500626e-16,MINIMAL,optimal,1,BDHm
622_AT1,BDH1,1.277696171875,1.2776961718749995,1.0000000000000004,-4.440892098500626e-16,MINIMAL,optimal,1,BDHm
4363_AT1,ABCC1,1.277696171875,1.2776961718749995,1.0000000000000004,-4.440892098500626e-16,MINIMAL,optimal,2,BILGLCURte;BILDGLCURte
10380_AT1,BPNT1,1.277696171875,1.2776961718749995,1.0000000000000004,-4.440892098500626e-16,MINIMAL,optimal,1,BPNT
51181_AT1,DCXR,1.277696171875,1.2776961718749995,1.0000000000000004,-4.440892098500626e-16,MINIMAL,optimal,1,XYLUR
7108_AT1,TM7SF2,1.277696171875,1.2776961718749995,1.0000000000000004,-4.440892098500626e-16,MINIMAL,optimal,1,C14STRr
50814_AT1,NSDHL,1.277696171875,1.2776961718749995,1.0000000000000004,-4.440892098500626e-16,MINIMAL,optimal,2,C3STDH1r;C4STMO2r
3295_AT1,HSD17B4,1.277696171875,1.2776961718749995,1.0000000000000004,-4.440892098500626e-16,MINIMAL,optimal,11,FAOXC2452253x;FAOXC260240x;FAOXC200180x;C3STKR2r;FAOXC2242046x;FAOXC241181x;FAOXC2452256x;FAOXC180x;FAOXC2442246x;FAOXC246226x
6307_AT1,MSMO1,1.277696171875,1.2776961718749995,1.0000000000000004,-4.440892098500626e-16,MINIMAL,optimal,2,C4STMO1r;C4STMO2r
490_AT1,ATP2B1,1.277696171875,1.2776961718749995,1.0000000000000004,-4.440892098500626e-16,MINIMAL,optimal,1,CAATPS
491_AT1,ATP2B2,1.277696171875,1.2776961718749995,1.0000000000000004,-4.440892098500626e-16,MINIMAL,optimal,1,CAATPS
493_AT1,ATP2B4,1.277696171875,1.2776961718749995,1.0000000000000004,-4.440892098500626e-16,MINIMAL,optimal,1,CAATPS
492_AT1,ATP2B3,1.277696171875,1.2776961718749995,1.0000000000000004,-4.440892098500626e-16,MINIMAL,optimal,1,CAATPS
10257_AT1,ABCC4,1.277696171875,1.2776961718749995,1.0000000000000004,-4.440892098500626e-16,MINIMAL,optimal,3,CGMPt;ESTRADIOLGLCt2;CAMPt
10057_AT2,ABCC5,1.277696171875,1.2776961718749995,1.0000000000000004,-4.440892098500626e-16,MINIMAL,optimal,2,CGMPt;CAMPt
10057_AT1,ABCC5,1.277696171875,1.2776961718749995,1.0000000000000004,-4.440892098500626e-16,MINIMAL,optimal,2,CGMPt;CAMPt
847_AT1,CAT,1.277696171875,1.2776961718749995,1.0000000000000004,-4.440892098500626e-16,MINIMAL,optimal,1,CATm
1373_AT1,CPS1,1.277696171875,1.2776961718749995,1.0000000000000004,-4.440892098500626e-16,MINIMAL,optimal,1,CBPSam
1373_AT2,CPS1,1.277696171875,1.2776961718749995,1.0000000000000004,-4.440892098500626e-16,MINIMAL,optimal,1,CBPSam
873_AT1,CBR1,1.277696171875,1.2776961718749995,1.0000000000000004,-4.440892098500626e-16,MINIMAL,optimal,1,CBR2
10423_AT1,CDIPT,1.277696171875,1.2776961718749995,1.0000000000000004,-4.440892098500626e-16,MINIMAL,optimal,1,CDIPTr
10423_AT2,CDIPT,1.277696171875,1.2776961718749995,1.0000000000000004,-4.440892098500626e-16,MINIMAL,optimal,1,CDIPTr
1040_AT1,CDS1,1.277696171875,1.2776961718749995,1.0000000000000004,-4.440892098500626e-16,MINIMAL,optimal,1,CDS
56994_AT1,CHPT1,1.277696171875,1.2776961718749995,1.0000000000000004,-4.440892098500626e-16,MINIMAL,optimal,1,CEPTC
10390_AT1,CEPT1,1.277696171875,1.2776961718749995,1.0000000000000004,-4.440892098500626e-16,MINIMAL,optimal,2,CEPTC;CEPTE
10087_AT1,COL4A3BP,1.277696171875,1.2776961718749995,1.0000000000000004,-4.440892098500626e-16,MINIMAL,optimal,2,CERT2rt;CERT1rt
6565_AT1,SLC15A2,1.277696171875,1.2776961718749995,1.0000000000000004,-4.440892098500626e-16,MINIMAL,optimal,1,CGLYt3_LPAREN_2_RPAREN_
9023_AT1,CH25H,1.277696171875,1.2776961718749995,1.0000000000000004,-4.440892098500626e-16,MINIMAL,optimal,1,CH25H
9468_AT1,PCYT1B,1.277696171875,1.2776961718749995,1.0000000000000004,-4.440892098500626e-16,MINIMAL,optimal,1,CHLPCTD
5130_AT1,PCYT1A,1.277696171875,1.2776961718749995,1.0000000000000004,-4.440892098500626e-16,MINIMAL,optimal,1,CHLPCTD
1120_AT1,CHKB,1.277696171875,1.2776961718749995,1.0000000000000004,-4.440892098500626e-16,MINIMAL,optimal,1,CHOLK
1120_AT2,CHKB,1.277696171875,1.2776961718749995,1.0000000000000004,-4.440892098500626e-16,MINIMAL,optimal,1,CHOLK
1119_AT2,CHKA,1.277696171875,1.2776961718749995,1.0000000000000004,-4.440892098500626e-16,MINIMAL,optimal,2,CHOLK;ETHAK
1119_AT1,CHKA,1.277696171875,1.2776961718749995,1.0000000000000004,-4.440892098500626e-16,MINIMAL,optimal,2,CHOLK;ETHAK
10166_AT1,SLC25A15,1.277696171875,1.2776961718749995,1.0000000000000004,-4.440892098500626e-16,MINIMAL,optimal,1,CITRtm
83884_AT1,SLC25A2,1.277696171875,1.2776961718749995,1.0000000000000004,-4.440892098500626e-16,MINIMAL,optimal,1,CITRtm
6576_AT1,SLC25A1,1.277696171875,1.2776961718749995,1.0000000000000004,-4.440892098500626e-16,MINIMAL,optimal,1,CITtam
1160_AT1,CKMT2,1.277696171875,1.2776961718749995,1.0000000000000004,-4.440892098500626e-16,MINIMAL,optimal,1,CK
1159_AT1,CKMT1B,1.277696171875,1.2776961718749995,1.0000000000000004,-4.440892098500626e-16,MINIMAL,optimal,1,CK
1152_AT1,CKB,1.277696171875,1.2776961718749995,1.0000000000000004,-4.440892098500626e-16,MINIMAL,optimal,1,CKc
1158_AT1,CKM,1.277696171875,1.2776961718749995,1.0000000000000004,-4.440892098500626e-16,MINIMAL,optimal,1,CKc
116369_AT1,SLC26A8,1.277696171875,1.2776961718749995,1.0000000000000004,-4.440892098500626e-16,MINIMAL,optimal,2,SO4HCOtex;CLHCOtex
115111_AT1,SLC26A7,1.277696171875,1.2776961718749995,1.0000000000000004,-4.440892098500626e-16,MINIMAL,optimal,2,SO4HCOtex;CLHCOtex
5172_AT1,SLC26A4,1.277696171875,1.2776961718749995,1.0000000000000004,-4.440892098500626e-16,MINIMAL,optimal,1,CLHCOtex
115019_AT2,SLC26A9,1.277696171875,1.2776961718749995,1.0000000000000004,-4.440892098500626e-16,MINIMAL,optimal,2,SO4HCOtex;CLHCOtex
115111_AT2,SLC26A7,1.277696171875,1.2776961718749995,1.0000000000000004,-4.440892098500626e-16,MINIMAL,optimal,2,SO4HCOtex;CLHCOtex
116369_AT2,SLC26A8,1.277696171875,1.2776961718749995,1.0000000000000004,-4.440892098500626e-16,MINIMAL,optimal,2,SO4HCOtex;CLHCOtex
1836_AT1,SLC26A2,1.277696171875,1.2776961718749995,1.0000000000000004,-4.440892098500626e-16,MINIMAL,optimal,3,OXAHCOtex;SO4HCOtex;CLHCOtex
1811_AT1,SLC26A3,1.277696171875,1.2776961718749995,1.0000000000000004,-4.440892098500626e-16,MINIMAL,optimal,3,OXAHCOtex;SO4HCOtex;CLHCOtex
115019_AT1,SLC26A9,1.277696171875,1.2776961718749995,1.0000000000000004,-4.440892098500626e-16,MINIMAL,optimal,2,SO4HCOtex;CLHCOtex
65010_AT3,SLC26A6,1.277696171875,1.2776961718749995,1.0000000000000004,-4.440892098500626e-16,MINIMAL,optimal,1,CLOXAtex2
65010_AT1,SLC26A6,1.277696171875,1.2776961718749995,1.0000000000000004,-4.440892098500626e-16,MINIMAL,optimal,1,CLOXAtex2
65010_AT2,SLC26A6,1.277696171875,1.2776961718749995,1.0000000000000004,-4.440892098500626e-16,MINIMAL,optimal,1,CLOXAtex2
8034_AT1,SLC25A16,1.277696171875,1.2776961718749995,1.0000000000000004,-4.440892098500626e-16,MINIMAL,optimal,1,COAtm
6537_AT1,6537_AT1,1.277696171875,1.2776961718749995,1.0000000000000004,-4.440892098500626e-16,MINIMAL,optimal,1,CREATt4_LPAREN_2_RPAREN_r
6535_AT1,SLC6A8,1.277696171875,1.2776961718749995,1.0000000000000004,-4.440892098500626e-16,MINIMAL,optimal,1,CREATt4_LPAREN_2_RPAREN_r
6583_AT1,SLC22A4,1.277696171875,1.2776961718749995,1.0000000000000004,-4.440892098500626e-16,MINIMAL,optimal,1,CRNtHa
1384_AT2,CRAT,1.277696171875,1.2776961718749995,1.0000000000000004,-4.440892098500626e-16,MINIMAL,optimal,1,CSNATp
1431_AT1,CS,1.277696171875,1.2776961718749995,1.0000000000000004,-4.440892098500626e-16,MINIMAL,optimal,1,CSm
1431_AT2,CS,1.277696171875,1.2776961718749995,1.0000000000000004,-4.440892098500626e-16,MINIMAL,optimal,1,CSm
56474_AT2,CTPS2,1.277696171875,1.2776961718749995,1.0000000000000004,-4.440892098500626e-16,MINIMAL,optimal,1,CTPS2
56474_AT1,CTPS2,1.277696171875,1.2776961718749995,1.0000000000000004,-4.440892098500626e-16,MINIMAL,optimal,1,CTPS2
4514_AT1,COX3,1.277696171875,1.2776961718749995,1.0000000000000004,-4.440892098500626e-16,MINIMAL,optimal,1,CYOOm3
1345_AT1,COX6C,1.277696171875,1.2776961718749995,1.0000000000000004,-4.440892098500626e-16,MINIMAL,optimal,1,CYOOm3
1349_AT1,COX7B,1.277696171875,1.2776961718749995,1.0000000000000004,-4.440892098500626e-16,MINIMAL,optimal,1,CYOOm3
1347_AT1,COX7A2,1.277696171875,1.2776961718749995,1.0000000000000004,-4.440892098500626e-16,MINIMAL,optimal,1,CYOOm3
125965_AT1,COX6B2,1.277696171875,1.2776961718749995,1.0000000000000004,-4.440892098500626e-16,MINIMAL,optimal,1,CYOOm3
170712_AT1,COX7B2,1.277696171875,1.2776961718749995,1.0000000000000004,-4.440892098500626e-16,MINIMAL,optimal,1,CYOOm3
4513_AT1,COX2,1.277696171875,1.2776961718749995,1.0000000000000004,-4.440892098500626e-16,MINIMAL,optimal,1,CYOOm3
1327_AT1,COX4I1,1.277696171875,1.2776961718749995,1.0000000000000004,-4.440892098500626e-16,MINIMAL,optimal,1,CYOOm3
9167_AT1,COX7A2L,1.277696171875,1.2776961718749995,1.0000000000000004,-4.440892098500626e-16,MINIMAL,optimal,1,CYOOm3
1329_AT1,COX5B,1.277696171875,1.2776961718749995,1.0000000000000004,-4.440892098500626e-16,MINIMAL,optimal,1,CYOOm3
1350_AT1,COX7C,1.277696171875,1.2776961718749995,1.0000000000000004,-4.440892098500626e-16,MINIMAL,optimal,1,CYOOm3
1340_AT1,COX6B1,1.277696171875,1.2776961718749995,1.0000000000000004,-4.440892098500626e-16,MINIMAL,optimal,1,CYOOm3
84701_AT1,COX4I2,1.277696171875,1.2776961718749995,1.0000000000000004,-4.440892098500626e-16,MINIMAL,optimal,1,CYOOm3
1351_AT1,COX8A,1.277696171875,1.2776961718749995,1.0000000000000004,-4.440892098500626e-16,MINIMAL,optimal,1,CYOOm3
1337_AT1,COX6A1,1.277696171875,1.2776961718749995,1.0000000000000004,-4.440892098500626e-16,MINIMAL,optimal,1,CYOOm3
9377_AT1,COX5A,1.277696171875,1.2776961718749995,1.0000000000000004,-4.440892098500626e-16,MINIMAL,optimal,1,CYOOm3
341947_AT1,COX8C,1.277696171875,1.2776961718749995,1.0000000000000004,-4.440892098500626e-16,MINIMAL,optimal,1,CYOOm3
1346_AT1,COX7A1,1.277696171875,1.2776961718749995,1.0000000000000004,-4.440892098500626e-16,MINIMAL,optimal,1,CYOOm3
4512_AT1,COX1,1.277696171875,1.2776961718749995,1.0000000000000004,-4.440892098500626e-16,MINIMAL,optimal,1,CYOOm3
1339_AT1,COX6A2,1.277696171875,1.2776961718749995,1.0000000000000004,-4.440892098500626e-16,MINIMAL,optimal,1,CYOOm3
29796_AT1,UQCR10,1.277696171875,1.2776961718749995,1.0000000000000004,-4.440892098500626e-16,MINIMAL,optimal,1,CYOR_u10m
7386_AT1,UQCRFS1,1.277696171875,1.2776961718749995,1.0000000000000004,-4.440892098500626e-16,MINIMAL,optimal,1,CYOR_u10m
4519_AT1,CYTB,1.277696171875,1.2776961718749995,1.0000000000000004,-4.440892098500626e-16,MINIMAL,optimal,1,CYOR_u10m
7388_AT1,UQCRH,1.277696171875,1.2776961718749995,1.0000000000000004,-4.440892098500626e-16,MINIMAL,optimal,1,CYOR_u10m
7384_AT1,UQCRC1,1.277696171875,1.2776961718749995,1.0000000000000004,-4.440892098500626e-16,MINIMAL,optimal,1,CYOR_u10m
1537_AT1,CYC1,1.277696171875,1.2776961718749995,1.0000000000000004,-4.440892098500626e-16,MINIMAL,optimal,1,CYOR_u10m
7381_AT1,UQCRB,1.277696171875,1.2776961718749995,1.0000000000000004,-4.440892098500626e-16,MINIMAL,optimal,1,CYOR_u10m
7385_AT1,UQCRC2,1.277696171875,1.2776961718749995,1.0000000000000004,-4.440892098500626e-16,MINIMAL,optimal,1,CYOR_u10m
27089_AT1,UQCRQ,1.277696171875,1.2776961718749995,1.0000000000000004,-4.440892098500626e-16,MINIMAL,optimal,1,CYOR_u10m
29796_AT2,UQCR10,1.277696171875,1.2776961718749995,1.0000000000000004,-4.440892098500626e-16,MINIMAL,optimal,1,CYOR_u10m
10975_AT1,UQCR11,1.277696171875,1.2776961718749995,1.0000000000000004,-4.440892098500626e-16,MINIMAL,optimal,1,CYOR_u10m
1491_AT1,CTH,1.277696171875,1.2776961718749995,1.0000000000000004,-4.440892098500626e-16,MINIMAL,optimal,1,CYSTGL
1491_AT2,CTH,1.277696171875,1.2776961718749995,1.0000000000000004,-4.440892098500626e-16,MINIMAL,optimal,1,CYSTGL
7371_AT1,UCK2,1.277696171875,1.2776961718749995,1.0000000000000004,-4.440892098500626e-16,MINIMAL,optimal,2,CYTDK1;URIK1
83549_AT1,UCK1,1.277696171875,1.2776961718749995,1.0000000000000004,-4.440892098500626e-16,MINIMAL,optimal,2,CYTDK1;URIK1
7915_AT2,ALDH5A1,1.277696171875,1.2776961718749995,1.0000000000000004,-4.440892098500626e-16,MINIMAL,optimal,1,SSALxm
HS02549,SLC30A4,1.277696171875,1.2776961718749995,1.0000000000000004,-4.440892098500626e-16,MINIMAL,optimal,1,TRANS_45_RXN66_45_565
2745_AT1,GLRX,1.277696171875,1.2776961718749995,1.0000000000000004,-4.440892098500626e-16,MINIMAL,optimal,1,DASCBR
51022_AT2,GLRX2,1.277696171875,1.2776961718749995,1.0000000000000004,-4.440892098500626e-16,MINIMAL,optimal,1,DASCBR
1635_AT1,DCTD,1.277696171875,1.2776961718749995,1.0000000000000004,-4.440892098500626e-16,MINIMAL,optimal,1,DCMPDA
6319_AT1,SCD,1.277696171875,1.2776961718749995,1.0000000000000004,-4.440892098500626e-16,MINIMAL,optimal,4,DESAT18_3;DESAT18_4;DESAT16_2;DESAT18_5
84649_AT1,DGAT2,1.277696171875,1.2776961718749995,1.0000000000000004,-4.440892098500626e-16,MINIMAL,optimal,1,DGAT
8694_AT1,DGAT1,1.277696171875,1.2776961718749995,1.0000000000000004,-4.440892098500626e-16,MINIMAL,optimal,1,DGAT
HS02598,SLC39A14,1.277696171875,1.2776961718749995,1.0000000000000004,-4.440892098500626e-16,MINIMAL,optimal,1,TRANS_45_RXN66_45_565
1718_AT1,DHCR24,1.2776961718750002,1.2776961718749995,1.0000000000000004,-4.440892098500626e-16,MINIMAL,optimal,3,DHCR242r;DHCR243r;DHCR241r
1717_AT1,DHCR7,1.277696171875,1.2776961718749995,1.0000000000000004,-4.440892098500626e-16,MINIMAL,optimal,1,DHCR71r
8560_AT1,DEGS1,1.277696171875,1.2776961718749995,1.0000000000000004,-4.440892098500626e-16,MINIMAL,optimal,2,DHCRD1;DHCRD2
8560_AT2,DEGS1,1.277696171875,1.2776961718749995,1.0000000000000004,-4.440892098500626e-16,MINIMAL,optimal,2,DHCRD1;DHCRD2
1723_AT1,DHODH,1.277696171875,1.2776961718749995,1.0000000000000004,-4.440892098500626e-16,MINIMAL,optimal,1,DHORD9
1807_AT1,DPYS,1.277696171875,1.2776961718749995,1.0000000000000004,-4.440892098500626e-16,MINIMAL,optimal,1,DHPM1
1808_AT1,DPYSL2,1.277696171875,1.2776961718749995,1.0000000000000004,-4.440892098500626e-16,MINIMAL,optimal,1,DHPM1
1809_AT1,DPYSL3,1.277696171875,1.2776961718749995,1.0000000000000004,-4.440892098500626e-16,MINIMAL,optimal,1,DHPM1
5860_AT1,QDPR,1.277696171875,1.2776961718749995,1.0000000000000004,-4.440892098500626e-16,MINIMAL,optimal,1,DHPR
2224_AT1,FDPS,1.277696171875,1.2776961718749995,1.0000000000000004,-4.440892098500626e-16,MINIMAL,optimal,2,DMATTx;GRTTx
5168_AT1,ENPP2,1.277696171875,1.2776961718749995,1.0000000000000004,-4.440892098500626e-16,MINIMAL,optimal,3,DNADDP;UDPGP;NNAT
5167_AT1,ENPP1,1.277696171875,1.2776961718749995,1.0000000000000004,-4.440892098500626e-16,MINIMAL,optimal,3,DNADDP;UDPGP;NNAT
5169_AT1,ENPP3,1.277696171875,1.2776961718749995,1.0000000000000004,-4.440892098500626e-16,MINIMAL,optimal,3,DNADDP;UDPGP;NNAT
60386_AT1,SLC25A19,1.277696171875,1.2776961718749995,1.0000000000000004,-4.440892098500626e-16,MINIMAL,optimal,2,DNDPt41m;DNDPt26m
6581_AT1,SLC22A3,1.277696171875,1.2776961718749995,1.0000000000000004,-4.440892098500626e-16,MINIMAL,optimal,3,NRPPHRtu;DOPAtu;HISTAtu
6582_AT1,SLC22A2,1.277696171875,1.2776961718749995,1.0000000000000004,-4.440892098500626e-16,MINIMAL,optimal,4,PROSTGF2t;NRPPHRtu;DOPAtu;HISTAtu
6582_AT2,SLC22A2,1.277696171875,1.2776961718749995,1.0000000000000004,-4.440892098500626e-16,MINIMAL,optimal,4,PROSTGF2t;NRPPHRtu;DOPAtu;HISTAtu
80347_AT1,COASY,1.277696171875,1.2776961718749995,1.0000000000000004,-4.440892098500626e-16,MINIMAL,optimal,2,PTPAT;DPCOAK
669_AT1,BPGM,1.277696171875,1.2776961718749995,1.0000000000000004,-4.440892098500626e-16,MINIMAL,optimal,3,DPGM;PGM;DPGase
5224_AT1,PGAM2,1.277696171875,1.2776961718749995,1.0000000000000004,-4.440892098500626e-16,MINIMAL,optimal,3,DPGM;PGM;DPGase
5224_AT2,PGAM2,1.277696171875,1.2776961718749995,1.0000000000000004,-4.440892098500626e-16,MINIMAL,optimal,3,DPGM;PGM;DPGase
669_AT2,BPGM,1.277696171875,1.2776961718749995,1.0000000000000004,-4.440892098500626e-16,MINIMAL,optimal,3,DPGM;PGM;DPGase
5223_AT1,PGAM1,1.277696171875,1.2776961718749995,1.0000000000000004,-4.440892098500626e-16,MINIMAL,optimal,3,DPGM;PGM;DPGase
4597_AT1,MVD,1.277696171875,1.2776961718749995,1.0000000000000004,-4.440892098500626e-16,MINIMAL,optimal,1,DPMVDx
64080_AT1,RBKS,1.277696171875,1.2776961718749995,1.0000000000000004,-4.440892098500626e-16,MINIMAL,optimal,2,RBK;DRBK
1806_AT1,DPYD,1.277696171875,1.2776961718749995,1.0000000000000004,-4.440892098500626e-16,MINIMAL,optimal,1,DURAD
4860_AT1,PNP,1.277696171875,1.2776961718749995,1.0000000000000004,-4.440892098500626e-16,MINIMAL,optimal,7,PUNP3;PUNP7;DURIPP;PUNP1;PUNP5;PNP;PUNP4
151531_AT1,UPP2,1.277696171875,1.2776961718749995,1.0000000000000004,-4.440892098500626e-16,MINIMAL,optimal,1,DURIPP
1854_AT1,DUT,1.277696171875,1.2776961718749995,1.0000000000000004,-4.440892098500626e-16,MINIMAL,optimal,2,DUTPDPn;DUTPDPm
23539_AT1,SLC16A8,1.277696171875,1.2776961718749995,1.0000000000000004,-4.440892098500626e-16,MINIMAL,optimal,2,D_LACt2;L_LACt2r
10682_AT1,EBP,1.277696171875,1.2776961718749995,1.0000000000000004,-4.440892098500626e-16,MINIMAL,optimal,1,EBP1r
1892_AT1,ECHS1,1.277696171875,1.2776961718749995,1.0000000000000004,-4.440892098500626e-16,MINIMAL,optimal,2,ECOAH12m;ECOAH9m
2026_AT1,ENO2,1.277696171875,1.2776961718749995,1.0000000000000004,-4.440892098500626e-16,MINIMAL,optimal,1,ENO
2027_AT1,ENO3,1.277696171875,1.2776961718749995,1.0000000000000004,-4.440892098500626e-16,MINIMAL,optimal,1,ENO
2027_AT2,ENO3,1.277696171875,1.2776961718749995,1.0000000000000004,-4.440892098500626e-16,MINIMAL,optimal,1,ENO
26237_AT1,26237_AT1,1.277696171875,1.2776961718749995,1.0000000000000004,-4.440892098500626e-16,MINIMAL,optimal,1,ENO
2023_AT1,ENO1,1.277696171875,1.2776961718749995,1.0000000000000004,-4.440892098500626e-16,MINIMAL,optimal,1,ENO
8714_AT1,ABCC3,1.277696171875,1.2776961718749995,1.0000000000000004,-4.440892098500626e-16,MINIMAL,optimal,1,ESTRONEGLCt
8714_AT2,ABCC3,1.277696171875,1.2776961718749995,1.0000000000000004,-4.440892098500626e-16,MINIMAL,optimal,1,ESTRONEGLCt
8714_AT3,ABCC3,1.277696171875,1.2776961718749995,1.0000000000000004,-4.440892098500626e-16,MINIMAL,optimal,1,ESTRONEGLCt
53919_AT1,SLCO1C1,1.277696171875,1.2776961718749995,1.0000000000000004,-4.440892098500626e-16,MINIMAL,optimal,2,TRIODTHYt;ESTRONESt
28234_AT1,SLCO1B3,1.277696171875,1.2776961718749995,1.0000000000000004,-4.440892098500626e-16,MINIMAL,optimal,2,TRIODTHYt;ESTRONESt
28231_AT1,SLCO4A1,1.277696171875,1.2776961718749995,1.0000000000000004,-4.440892098500626e-16,MINIMAL,optimal,3,PROSTGE2t;TRIODTHYt;ESTRONESt
10599_AT1,SLCO1B1,1.277696171875,1.2776961718749995,1.0000000000000004,-4.440892098500626e-16,MINIMAL,optimal,2,TRIODTHYt;ESTRONESt
28232_AT1,SLCO3A1,1.277696171875,1.2776961718749995,1.0000000000000004,-4.440892098500626e-16,MINIMAL,optimal,2,PROSTGE2t;ESTRONESt
6579_AT1,SLCO1A2,1.277696171875,1.2776961718749995,1.0000000000000004,-4.440892098500626e-16,MINIMAL,optimal,3,PROSTGE2t;TRIODTHYt;ESTRONESt
11309_AT1,SLCO2B1,1.277696171875,1.2776961718749995,1.0000000000000004,-4.440892098500626e-16,MINIMAL,optimal,1,ESTRONESt
6783_AT1,SULT1E1,1.277696171875,1.2776961718749995,1.0000000000000004,-4.440892098500626e-16,MINIMAL,optimal,1,ESTSULT
2108_AT1,ETFA,1.277696171875,1.2776961718749995,1.0000000000000004,-4.440892098500626e-16,MINIMAL,optimal,1,ETF
2109_AT2,ETFB,1.277696171875,1.2776961718749995,1.0000000000000004,-4.440892098500626e-16,MINIMAL,optimal,1,ETF
2109_AT1,ETFB,1.277696171875,1.2776961718749995,1.0000000000000004,-4.440892098500626e-16,MINIMAL,optimal,1,ETF
2110_AT1,ETFDH,1.277696171875,1.2776961718749995,1.0000000000000004,-4.440892098500626e-16,MINIMAL,optimal,1,ETFQO
55224_AT1,ETNK2,1.277696171875,1.2776961718749995,1.0000000000000004,-4.440892098500626e-16,MINIMAL,optimal,1,ETHAK
55500_AT1,ETNK1,1.277696171875,1.2776961718749995,1.0000000000000004,-4.440892098500626e-16,MINIMAL,optimal,1,ETHAK
2181_AT1,ACSL3,1.277696171875,1.2776961718749995,1.0000000000000004,-4.440892098500626e-16,MINIMAL,optimal,8,FACOAL181i;FACOAL140i;FACOAL80i;FACOAL150;FACOAL170;FACOAL204i;FACOAL160i;FACOAL180i
22305_AT2,22305_AT2,1.277696171875,1.2776961718749995,1.0000000000000004,-4.440892098500626e-16,MINIMAL,optimal,5,FACOAL150;FACOAL170;FACOAL204i;FACOAL160i;FACOAL180i
2182_AT1,ACSL4,1.277696171875,1.2776961718749995,1.0000000000000004,-4.440892098500626e-16,MINIMAL,optimal,3,FACOAL204i;FACOAL150;FACOAL170
2180_AT1,ACSL1,1.277696171875,1.2776961718749995,1.0000000000000004,-4.440892098500626e-16,MINIMAL,optimal,30,FACOAL1831;FACOAL204;FACOAL2252;FACOAL245_2;FACOAL1812;FACOAL1832;FACOAL2042;FACOAL226;FACOAL246_1;FACOAL150
2181_AT2,ACSL3,1.277696171875,1.2776961718749995,1.0000000000000004,-4.440892098500626e-16,MINIMAL,optimal,7,FACOAL181i;FACOAL150;FACOAL170;FACOAL80i;FACOAL204i;FACOAL160i;FACOAL180i
22305_AT1,22305_AT1,1.277696171875,1.2776961718749995,1.0000000000000004,-4.440892098500626e-16,MINIMAL,optimal,5,FACOAL150;FACOAL170;FACOAL204i;FACOAL160i;FACOAL180i
51703_AT1,ACSL5,1.277696171875,1.2776961718749995,1.0000000000000004,-4.440892098500626e-16,MINIMAL,optimal,2,FACOAL160i;FACOAL180i
11001_AT1,SLC27A2,1.277696171875,1.2776961718749995,1.0000000000000004,-4.440892098500626e-16,MINIMAL,optimal,5,FACOAL191;FATP6t;FATP9t;FATP8t;FATP7t
2182_AT2,ACSL4,1.277696171875,1.2776961718749995,1.0000000000000004,-4.440892098500626e-16,MINIMAL,optimal,1,FACOAL204i
35_AT1,ACADS,1.277696171875,1.2776961718749995,1.0000000000000004,-4.440892098500626e-16,MINIMAL,optimal,26,FAOXC161802m;FAOXC1811602m;FAOXC183806m;FAOXC204184m;FAOXC226;FAOXC16180m;FAOXC1811603m;FAOXC18480m;FAOXC2051843m;FAOXC226205m
1962_AT1,EHHADH,1.277696171875,1.2776961718749995,1.0000000000000004,-4.440892098500626e-16,MINIMAL,optimal,10,FAOXC2452253x;FAOXC260240x;FAOXC200180x;FAOXC2242046x;FAOXC241181x;FAOXC2452256x;FAOXC180x;FAOXC2442246x;FAOXC246226x;FAOXC240200x
30_AT1,ACAA1,1.277696171875,1.2776961718749995,1.0000000000000004,-4.440892098500626e-16,MINIMAL,optimal,10,FAOXC2452253x;FAOXC260240x;FAOXC200180x;FAOXC2242046x;FAOXC241181x;FAOXC2452256x;FAOXC180x;FAOXC2442246x;FAOXC246226x;FAOXC240200x
2194_AT1,FASN,1.277696171875,1.2776961718749995,1.0000000000000004,-4.440892098500626e-16,MINIMAL,optimal,5,FAS120COA;FAS80COA_L;FAS100COA;FAS180COA;FAS140COA
376497_AT1,SLC27A1,1.277696171875,1.2776961718749995,1.0000000000000004,-4.440892098500626e-16,MINIMAL,optimal,2,FATP3t;FATP2t
376497_AT2,SLC27A1,1.277696171875,1.2776961718749995,1.0000000000000004,-4.440892098500626e-16,MINIMAL,optimal,2,FATP3t;FATP2t
10998_AT1,SLC27A5,1.277696171875,1.2776961718749995,1.0000000000000004,-4.440892098500626e-16,MINIMAL,optimal,4,FATP8t;FATP6t;FATP9t;FATP7t
226_AT3,ALDOA,1.277696171875,1.2776961718749995,1.0000000000000004,-4.440892098500626e-16,MINIMAL,optimal,3,FBA;FBA2;FBA4
226_AT2,ALDOA,1.277696171875,1.2776961718749995,1.0000000000000004,-4.440892098500626e-16,MINIMAL,optimal,3,FBA;FBA2;FBA4
230_AT1,ALDOC,1.277696171875,1.2776961718749995,1.0000000000000004,-4.440892098500626e-16,MINIMAL,optimal,3,FBA;FBA2;FBA4
226_AT1,ALDOA,1.277696171875,1.2776961718749995,1.0000000000000004,-4.440892098500626e-16,MINIMAL,optimal,3,FBA;FBA2;FBA4
229_AT1,ALDOB,1.277696171875,1.2776961718749995,1.0000000000000004,-4.440892098500626e-16,MINIMAL,optimal,3,FBA;FBA2;FBA4
2203_AT1,FBP1,1.277696171875,1.2776961718749995,1.0000000000000004,-4.440892098500626e-16,MINIMAL,optimal,2,FBP;FBP26
8789_AT1,FBP2,1.277696171875,1.2776961718749995,1.0000000000000004,-4.440892098500626e-16,MINIMAL,optimal,2,FBP;FBP26
5208_AT1,PFKFB2,1.277696171875,1.2776961718749995,1.0000000000000004,-4.440892098500626e-16,MINIMAL,optimal,2,FBP26;PFK26
5210_AT1,PFKFB4,1.277696171875,1.2776961718749995,1.0000000000000004,-4.440892098500626e-16,MINIMAL,optimal,2,FBP26;PFK26
5209_AT1,PFKFB3,1.277696171875,1.2776961718749995,1.0000000000000004,-4.440892098500626e-16,MINIMAL,optimal,2,FBP26;PFK26
5207_AT1,PFKFB1,1.277696171875,1.2776961718749995,1.0000000000000004,-4.440892098500626e-16,MINIMAL,optimal,2,FBP26;PFK26
10840_AT1,ALDH1L1,1.277696171875,1.2776961718749995,1.0000000000000004,-4.440892098500626e-16,MINIMAL,optimal,2,FTHFDH;FDH
155184_AT1,SLC2A7,1.277696171875,1.2776961718749995,1.0000000000000004,-4.440892098500626e-16,MINIMAL,optimal,2,FRUt1r;GLCt1r
66035_AT1,SLC2A11,1.277696171875,1.2776961718749995,1.0000000000000004,-4.440892098500626e-16,MINIMAL,optimal,2,FRUt1r;GLCt1r
6514_AT1,SLC2A2,1.277696171875,1.2776961718749995,1.0000000000000004,-4.440892098500626e-16,MINIMAL,optimal,4,FRUt1r;GALt1r;GLCt1r;GAMt1r
29988_AT1,SLC2A8,1.277696171875,1.2776961718749995,1.0000000000000004,-4.440892098500626e-16,MINIMAL,optimal,3,FRUt1r;GALt1r;GLCt1r
6518_AT1,SLC2A5,1.277696171875,1.2776961718749995,1.0000000000000004,-4.440892098500626e-16,MINIMAL,optimal,1,FRUt1r
286297_AT1,286297_AT1,1.277696171875,1.2776961718749995,1.0000000000000004,-4.440892098500626e-16,MINIMAL,optimal,1,FTHFL
4522_AT1,MTHFD1,1.277696171875,1.2776961718749995,1.0000000000000004,-4.440892098500626e-16,MINIMAL,optimal,2,MTHFC;FTHFL
2519_AT1,FUCA2,1.277696171875,1.2776961718749995,1.0000000000000004,-4.440892098500626e-16,MINIMAL,optimal,2,FUCASE2e;FUCASEe
2271_AT1,FH,1.277696171875,1.2776961718749995,1.0000000000000004,-4.440892098500626e-16,MINIMAL,optimal,2,FUMm;FUM
2819_AT1,GPD1,1.277696171875,1.2776961718749995,1.0000000000000004,-4.440892098500626e-16,MINIMAL,optimal,1,G3PD1
2820_AT1,GPD2,1.277696171875,1.2776961718749995,1.0000000000000004,-4.440892098500626e-16,MINIMAL,optimal,1,G3PD2m
5832_AT1,ALDH18A1,1.277696171875,1.2776961718749995,1.0000000000000004,-4.440892098500626e-16,MINIMAL,optimal,2,GLU5Km;G5SDym
2539_AT1,G6PD,1.277696171875,1.2776961718749995,1.0000000000000004,-4.440892098500626e-16,MINIMAL,optimal,1,G6PDH2r
92579_AT1,G6PC3,1.277696171875,1.2776961718749995,1.0000000000000004,-4.440892098500626e-16,MINIMAL,optimal,2,G6PPer;PPAer
2538_AT1,G6PC,1.277696171875,1.2776961718749995,1.0000000000000004,-4.440892098500626e-16,MINIMAL,optimal,2,G6PPer;PPAer
57818_AT1,G6PC2,1.277696171875,1.2776961718749995,1.0000000000000004,-4.440892098500626e-16,MINIMAL,optimal,2,G6PPer;PPAer
2542_AT1,SLC37A4,1.277696171875,1.2776961718749995,1.0000000000000004,-4.440892098500626e-16,MINIMAL,optimal,1,G6Pter
2593_AT2,GAMT,1.277696171875,1.2776961718749995,1.0000000000000004,-4.440892098500626e-16,MINIMAL,optimal,1,GACMTRc
2593_AT1,GAMT,1.277696171875,1.2776961718749995,1.0000000000000004,-4.440892098500626e-16,MINIMAL,optimal,1,GACMTRc
2588_AT1,GALNS,1.277696171875,1.2776961718749995,1.0000000000000004,-4.440892098500626e-16,MINIMAL,optimal,2,SIAASEly;GALASE1ly
4758_AT1,NEU1,1.277696171875,1.2776961718749995,1.0000000000000004,-4.440892098500626e-16,MINIMAL,optimal,2,SIAASEly;GALASE1ly
5476_AT1,CTSA,1.277696171875,1.2776961718749995,1.0000000000000004,-4.440892098500626e-16,MINIMAL,optimal,2,SIAASEly;GALASE1ly
2720_AT1,GLB1,1.277696171875,1.2776961718749995,1.0000000000000004,-4.440892098500626e-16,MINIMAL,optimal,2,SIAASEly;GALASE1ly
2585_AT2,GALK2,1.277696171875,1.2776961718749995,1.0000000000000004,-4.440892098500626e-16,MINIMAL,optimal,1,GALK
2585_AT1,GALK2,1.277696171875,1.2776961718749995,1.0000000000000004,-4.440892098500626e-16,MINIMAL,optimal,1,GALK
2584_AT1,GALK1,1.277696171875,1.2776961718749995,1.0000000000000004,-4.440892098500626e-16,MINIMAL,optimal,1,GALK
2592_AT2,GALT,1.277696171875,1.2776961718749995,1.0000000000000004,-4.440892098500626e-16,MINIMAL,optimal,1,GALT
2592_AT3,GALT,1.277696171875,1.2776961718749995,1.0000000000000004,-4.440892098500626e-16,MINIMAL,optimal,1,GALT
2592_AT1,GALT,1.277696171875,1.2776961718749995,1.0000000000000004,-4.440892098500626e-16,MINIMAL,optimal,1,GALT
7360_AT1,UGP2,1.277696171875,1.2776961718749995,1.0000000000000004,-4.440892098500626e-16,MINIMAL,optimal,1,GALU
7360_AT2,UGP2,1.277696171875,1.2776961718749995,1.0000000000000004,-4.440892098500626e-16,MINIMAL,optimal,1,GALU
7359_AT1,7359_AT1,1.277696171875,1.2776961718749995,1.0000000000000004,-4.440892098500626e-16,MINIMAL,optimal,1,GALU
81031_AT1,SLC2A10,1.277696171875,1.2776961718749995,1.0000000000000004,-4.440892098500626e-16,MINIMAL,optimal,2,GALt1r;GLCt1r
6513_AT1,SLC2A1,1.277696171875,1.2776961718749995,1.0000000000000004,-4.440892098500626e-16,MINIMAL,optimal,3,GALt1r;GLCt1r;GAMt1r
6515_AT1,SLC2A3,1.277696171875,1.2776961718749995,1.0000000000000004,-4.440892098500626e-16,MINIMAL,optimal,2,GALt1r;GLCt1r
6517_AT1,SLC2A4,1.277696171875,1.2776961718749995,1.0000000000000004,-4.440892098500626e-16,MINIMAL,optimal,2,GLCt1r;GAMt1r
2597_AT1,GAPDH,1.277696171875,1.2776961718749995,1.0000000000000004,-4.440892098500626e-16,MINIMAL,optimal,1,GAPD
26330_AT1,GAPDHS,1.277696171875,1.2776961718749995,1.0000000000000004,-4.440892098500626e-16,MINIMAL,optimal,1,GAPD
2618_AT1,GART,1.277696171875,1.2776961718749995,1.0000000000000004,-4.440892098500626e-16,MINIMAL,optimal,3,PRAIS;PRAGSr;GARFT
2618_AT2,GART,1.277696171875,1.2776961718749995,1.0000000000000004,-4.440892098500626e-16,MINIMAL,optimal,3,PRAIS;PRAGSr;GARFT
HS03574,SLC39A7,1.277696171875,1.2776961718749995,1.0000000000000004,-4.440892098500626e-16,MINIMAL,optimal,1,TRANS_45_RXN66_45_565
2629_AT2,GBA,1.2776961718750002,1.2776961718749995,1.0000000000000004,-4.440892098500626e-16,MINIMAL,optimal,1,GBA
2629_AT4,GBA,1.277696171875,1.2776961718749995,1.0000000000000004,-4.440892098500626e-16,MINIMAL,optimal,1,GBA
2629_AT5,GBA,1.277696171875,1.2776961718749995,1.0000000000000004,-4.440892098500626e-16,MINIMAL,optimal,1,GBA
2629_AT1,GBA,1.277696171875,1.2776961718749995,1.0000000000000004,-4.440892098500626e-16,MINIMAL,optimal,1,GBA
2629_AT3,GBA,1.277696171875,1.2776961718749995,1.0000000000000004,-4.440892098500626e-16,MINIMAL,optimal,1,GBA
2673_AT1,GFPT1,1.277696171875,1.2776961718749995,1.0000000000000004,-4.440892098500626e-16,MINIMAL,optimal,1,GF6PTA
9945_AT1,GFPT2,1.277696171875,1.2776961718749995,1.0000000000000004,-4.440892098500626e-16,MINIMAL,optimal,1,GF6PTA
8836_AT1,GGH,1.277696171875,1.2776961718749995,1.0000000000000004,-4.440892098500626e-16,MINIMAL,optimal,3,GGH_6DHFe;GGH_7DHFe;GGH_5DHFe
2655_AT1,2655_AT1,1.277696171875,1.2776961718749995,1.0000000000000004,-4.440892098500626e-16,MINIMAL,optimal,1,GGLUCT
8908_AT1,GYG2,1.277696171875,1.2776961718749995,1.0000000000000004,-4.440892098500626e-16,MINIMAL,optimal,2,GGNG;GLGNS1
2992_AT1,GYG1,1.277696171875,1.2776961718749995,1.0000000000000004,-4.440892098500626e-16,MINIMAL,optimal,2,GGNG;GLGNS1
2998_AT1,GYS2,1.277696171875,1.2776961718749995,1.0000000000000004,-4.440892098500626e-16,MINIMAL,optimal,2,GGNG;GLGNS1
2997_AT1,GYS1,1.277696171875,1.2776961718749995,1.0000000000000004,-4.440892098500626e-16,MINIMAL,optimal,2,GGNG;GLGNS1
6470_AT1,SHMT1,1.277696171875,1.2776961718749995,1.0000000000000004,-4.440892098500626e-16,MINIMAL,optimal,1,GHMT2r
6470_AT2,SHMT1,1.277696171875,1.2776961718749995,1.0000000000000004,-4.440892098500626e-16,MINIMAL,optimal,1,GHMT2r
2632_AT1,GBE1,1.277696171875,1.2776961718749995,1.0000000000000004,-4.440892098500626e-16,MINIMAL,optimal,1,GLBRAN
2990_AT1,GUSB,1.277696171875,1.2776961718749995,1.0000000000000004,-4.440892098500626e-16,MINIMAL,optimal,2,GLCAASE9ly;GLCAASE8ly
56606_AT2,SLC2A9,1.277696171875,1.2776961718749995,1.0000000000000004,-4.440892098500626e-16,MINIMAL,optimal,1,GLCt1r
11182_AT1,SLC2A6,1.277696171875,1.2776961718749995,1.0000000000000004,-4.440892098500626e-16,MINIMAL,optimal,1,GLCt1r
56606_AT1,SLC2A9,1.277696171875,1.2776961718749995,1.0000000000000004,-4.440892098500626e-16,MINIMAL,optimal,1,GLCt1r
154091_AT1,SLC2A12,1.277696171875,1.2776961718749995,1.0000000000000004,-4.440892098500626e-16,MINIMAL,optimal,1,GLCt1r
144195_AT1,SLC2A14,1.277696171875,1.2776961718749995,1.0000000000000004,-4.440892098500626e-16,MINIMAL,optimal,1,GLCt1r
6526_AT1,SLC5A3,1.277696171875,1.2776961718749995,1.0000000000000004,-4.440892098500626e-16,MINIMAL,optimal,2,INSTt4;GLCt4
159963_AT1,SLC5A12,1.277696171875,1.2776961718749995,1.0000000000000004,-4.440892098500626e-16,MINIMAL,optimal,1,GLCt4
125206_AT1,SLC5A10,1.277696171875,1.2776961718749995,1.0000000000000004,-4.440892098500626e-16,MINIMAL,optimal,1,GLCt4
6524_AT1,SLC5A2,1.277696171875,1.2776961718749995,1.0000000000000004,-4.440892098500626e-16,MINIMAL,optimal,1,GLCt4
200010_AT1,SLC5A9,1.277696171875,1.2776961718749995,1.0000000000000004,-4.440892098500626e-16,MINIMAL,optimal,1,GLCt4
178_AT6,AGL,1.277696171875,1.2776961718749995,1.0000000000000004,-4.440892098500626e-16,MINIMAL,optimal,1,GLDBRAN
178_AT4,AGL,1.277696171875,1.2776961718749995,1.0000000000000004,-4.440892098500626e-16,MINIMAL,optimal,1,GLDBRAN
178_AT2,AGL,1.277696171875,1.2776961718749995,1.0000000000000004,-4.440892098500626e-16,MINIMAL,optimal,1,GLDBRAN
178_AT3,AGL,1.277696171875,1.2776961718749995,1.0000000000000004,-4.440892098500626e-16,MINIMAL,optimal,1,GLDBRAN
178_AT1,AGL,1.277696171875,1.2776961718749995,1.0000000000000004,-4.440892098500626e-16,MINIMAL,optimal,1,GLDBRAN
178_AT5,AGL,1.277696171875,1.2776961718749995,1.0000000000000004,-4.440892098500626e-16,MINIMAL,optimal,1,GLDBRAN
51557_AT1,LGSN,1.277696171875,1.2776961718749995,1.0000000000000004,-4.440892098500626e-16,MINIMAL,optimal,1,GLNS
2752_AT1,GLUL,1.277696171875,1.2776961718749995,1.0000000000000004,-4.440892098500626e-16,MINIMAL,optimal,1,GLNS
5834_AT1,PYGB,1.277696171875,1.2776961718749995,1.0000000000000004,-4.440892098500626e-16,MINIMAL,optimal,2,GLPASE1;GLPASE2
5837_AT1,PYGM,1.277696171875,1.2776961718749995,1.0000000000000004,-4.440892098500626e-16,MINIMAL,optimal,2,GLPASE1;GLPASE2
5836_AT1,PYGL,1.277696171875,1.2776961718749995,1.0000000000000004,-4.440892098500626e-16,MINIMAL,optimal,2,GLPASE1;GLPASE2
2730_AT1,GCLM,1.277696171875,1.2776961718749995,1.0000000000000004,-4.440892098500626e-16,MINIMAL,optimal,1,GLUCYS
2729_AT1,GCLC,1.277696171875,1.2776961718749995,1.0000000000000004,-4.440892098500626e-16,MINIMAL,optimal,1,GLUCYS
2746_AT1,GLUD1,1.277696171875,1.2776961718749995,1.0000000000000004,-4.440892098500626e-16,MINIMAL,optimal,2,GLUDxm;GLUDym
2747_AT1,GLUD2,1.277696171875,1.2776961718749995,1.0000000000000004,-4.440892098500626e-16,MINIMAL,optimal,2,GLUDxm;GLUDym
27165_AT1,GLS2,1.277696171875,1.2776961718749995,1.0000000000000004,-4.440892098500626e-16,MINIMAL,optimal,1,GLUNm
27165_AT2,GLS2,1.277696171875,1.2776961718749995,1.0000000000000004,-4.440892098500626e-16,MINIMAL,optimal,1,GLUNm
2744_AT1,GLS,1.277696171875,1.2776961718749995,1.0000000000000004,-4.440892098500626e-16,MINIMAL,optimal,1,GLUNm
5471_AT1,PPAT,1.277696171875,1.2776961718749995,1.0000000000000004,-4.440892098500626e-16,MINIMAL,optimal,1,GLUPRT
83733_AT1,SLC25A18,1.277696171875,1.2776961718749995,1.0000000000000004,-4.440892098500626e-16,MINIMAL,optimal,1,GLUt2m
79751_AT1,SLC25A22,1.277696171875,1.2776961718749995,1.0000000000000004,-4.440892098500626e-16,MINIMAL,optimal,1,GLUt2m
197257_AT1,LDHD,1.277696171875,1.2776961718749995,1.0000000000000004,-4.440892098500626e-16,MINIMAL,optimal,1,GLXO1
197257_AT2,LDHD,1.277696171875,1.2776961718749995,1.0000000000000004,-4.440892098500626e-16,MINIMAL,optimal,1,GLXO1
2628_AT1,GATM,1.277696171875,1.2776961718749995,1.0000000000000004,-4.440892098500626e-16,MINIMAL,optimal,1,GLYAMDTRc
9380_AT1,GRHPR,1.277696171875,1.2776961718749995,1.0000000000000004,-4.440892098500626e-16,MINIMAL,optimal,2,LALDD;GLYCLTDy
54363_AT1,HAO1,1.277696171875,1.2776961718749995,1.0000000000000004,-4.440892098500626e-16,MINIMAL,optimal,1,GLYCTO1p
51179_AT1,HAO2,1.277696171875,1.2776961718749995,1.0000000000000004,-4.440892098500626e-16,MINIMAL,optimal,1,GLYCTO1p
51179_AT2,HAO2,1.277696171875,1.2776961718749995,1.0000000000000004,-4.440892098500626e-16,MINIMAL,optimal,1,GLYCTO1p
2710_AT2,GK,1.277696171875,1.2776961718749995,1.0000000000000004,-4.440892098500626e-16,MINIMAL,optimal,1,GLYK
2712_AT1,GK2,1.277696171875,1.2776961718749995,1.0000000000000004,-4.440892098500626e-16,MINIMAL,optimal,1,GLYK
2713_AT1,2713_AT1,1.277696171875,1.2776961718749995,1.0000000000000004,-4.440892098500626e-16,MINIMAL,optimal,1,GLYK
2710_AT1,GK,1.277696171875,1.2776961718749995,1.0000000000000004,-4.440892098500626e-16,MINIMAL,optimal,1,GLYK
6536_AT2,SLC6A9,1.277696171875,1.2776961718749995,1.0000000000000004,-4.440892098500626e-16,MINIMAL,optimal,1,GLYt7_LPAREN_211_RPAREN_r
6536_AT1,SLC6A9,1.277696171875,1.2776961718749995,1.0000000000000004,-4.440892098500626e-16,MINIMAL,optimal,1,GLYt7_LPAREN_211_RPAREN_r
51292_AT1,GMPR2,1.277696171875,1.2776961718749995,1.0000000000000004,-4.440892098500626e-16,MINIMAL,optimal,1,GMPR
51292_AT3,GMPR2,1.277696171875,1.2776961718749995,1.0000000000000004,-4.440892098500626e-16,MINIMAL,optimal,1,GMPR
2766_AT1,GMPR,1.277696171875,1.2776961718749995,1.0000000000000004,-4.440892098500626e-16,MINIMAL,optimal,1,GMPR
51292_AT2,GMPR2,1.277696171875,1.2776961718749995,1.0000000000000004,-4.440892098500626e-16,MINIMAL,optimal,1,GMPR
8833_AT1,GMPS,1.277696171875,1.2776961718749995,1.0000000000000004,-4.440892098500626e-16,MINIMAL,optimal,1,GMPS2
5226_AT1,PGD,1.277696171875,1.2776961718749995,1.0000000000000004,-4.440892098500626e-16,MINIMAL,optimal,1,GND
57678_AT1,GPAM,1.277696171875,1.2776961718749995,1.0000000000000004,-4.440892098500626e-16,MINIMAL,optimal,1,GPAM_hs
2936_AT1,GSR,1.277696171875,1.2776961718749995,1.0000000000000004,-4.440892098500626e-16,MINIMAL,optimal,2,GTHO;GTHOm
5052_AT2,PRDX1,1.277696171875,1.2776961718749995,1.0000000000000004,-4.440892098500626e-16,MINIMAL,optimal,1,GTHP
2879_AT1,GPX4,1.277696171875,1.2776961718749995,1.0000000000000004,-4.440892098500626e-16,MINIMAL,optimal,2,GTHPm;GTHP
7001_AT2,PRDX2,1.277696171875,1.2776961718749995,1.0000000000000004,-4.440892098500626e-16,MINIMAL,optimal,1,GTHP
7001_AT1,PRDX2,1.277696171875,1.2776961718749995,1.0000000000000004,-4.440892098500626e-16,MINIMAL,optimal,1,GTHP
2876_AT1,GPX1,1.277696171875,1.2776961718749995,1.0000000000000004,-4.440892098500626e-16,MINIMAL,optimal,1,GTHP
5052_AT1,PRDX1,1.277696171875,1.2776961718749995,1.0000000000000004,-4.440892098500626e-16,MINIMAL,optimal,1,GTHP
5052_AT3,PRDX1,1.277696171875,1.2776961718749995,1.0000000000000004,-4.440892098500626e-16,MINIMAL,optimal,1,GTHP
2876_AT2,GPX1,1.277696171875,1.2776961718749995,1.0000000000000004,-4.440892098500626e-16,MINIMAL,optimal,1,GTHP
2877_AT1,GPX2,1.277696171875,1.2776961718749995,1.0000000000000004,-4.440892098500626e-16,MINIMAL,optimal,1,GTHP
7001_AT3,PRDX2,1.277696171875,1.2776961718749995,1.0000000000000004,-4.440892098500626e-16,MINIMAL,optimal,1,GTHP
257202_AT1,GPX6,1.277696171875,1.2776961718749995,1.0000000000000004,-4.440892098500626e-16,MINIMAL,optimal,1,GTHPe
2878_AT1,GPX3,1.277696171875,1.2776961718749995,1.0000000000000004,-4.440892098500626e-16,MINIMAL,optimal,1,GTHPe
10935_AT1,PRDX3,1.277696171875,1.2776961718749995,1.0000000000000004,-4.440892098500626e-16,MINIMAL,optimal,1,GTHPm
10935_AT2,PRDX3,1.277696171875,1.2776961718749995,1.0000000000000004,-4.440892098500626e-16,MINIMAL,optimal,1,GTHPm
2937_AT1,GSS,1.277696171875,1.2776961718749995,1.0000000000000004,-4.440892098500626e-16,MINIMAL,optimal,1,GTHS
2678_AT3,GGT1,1.277696171875,1.2776961718749995,1.0000000000000004,-4.440892098500626e-16,MINIMAL,optimal,1,GTMLTe
2678_AT1,GGT1,1.277696171875,1.2776961718749995,1.0000000000000004,-4.440892098500626e-16,MINIMAL,optimal,1,GTMLTe
2678_AT2,GGT1,1.277696171875,1.2776961718749995,1.0000000000000004,-4.440892098500626e-16,MINIMAL,optimal,1,GTMLTe
2679_AT1,2679_AT1,1.277696171875,1.2776961718749995,1.0000000000000004,-4.440892098500626e-16,MINIMAL,optimal,1,GTMLTe
2974_AT1,2974_AT1,1.277696171875,1.2776961718749995,1.0000000000000004,-4.440892098500626e-16,MINIMAL,optimal,1,GUACYC
4882_AT1,NPR2,1.277696171875,1.2776961718749995,1.0000000000000004,-4.440892098500626e-16,MINIMAL,optimal,1,GUACYC
2983_AT1,GUCY1B3,1.277696171875,1.2776961718749995,1.0000000000000004,-4.440892098500626e-16,MINIMAL,optimal,1,GUACYC
2982_AT1,GUCY1A3,1.277696171875,1.2776961718749995,1.0000000000000004,-4.440892098500626e-16,MINIMAL,optimal,1,GUACYC
2986_AT1,GUCY2F,1.277696171875,1.2776961718749995,1.0000000000000004,-4.440892098500626e-16,MINIMAL,optimal,1,GUACYC
3000_AT1,GUCY2D,1.277696171875,1.2776961718749995,1.0000000000000004,-4.440892098500626e-16,MINIMAL,optimal,1,GUACYC
2984_AT1,GUCY2C,1.277696171875,1.2776961718749995,1.0000000000000004,-4.440892098500626e-16,MINIMAL,optimal,1,GUACYC
4881_AT1,NPR1,1.277696171875,1.2776961718749995,1.0000000000000004,-4.440892098500626e-16,MINIMAL,optimal,1,GUACYC
2977_AT1,GUCY1A2,1.277696171875,1.2776961718749995,1.0000000000000004,-4.440892098500626e-16,MINIMAL,optimal,1,GUACYC
4882_AT2,NPR2,1.277696171875,1.2776961718749995,1.0000000000000004,-4.440892098500626e-16,MINIMAL,optimal,1,GUACYC
9615_AT1,GDA,1.277696171875,1.2776961718749995,1.0000000000000004,-4.440892098500626e-16,MINIMAL,optimal,1,GUAD
3251_AT1,HPRT1,1.277696171875,1.2776961718749995,1.0000000000000004,-4.440892098500626e-16,MINIMAL,optimal,2,HXPRT;GUAPRT
53905_AT1,DUOX1,1.277696171875,1.2776961718749995,1.0000000000000004,-4.440892098500626e-16,MINIMAL,optimal,1,H2O2syn
50506_AT1,DUOX2,1.277696171875,1.2776961718749995,1.0000000000000004,-4.440892098500626e-16,MINIMAL,optimal,1,H2O2syn
53905_AT2,DUOX1,1.277696171875,1.2776961718749995,1.0000000000000004,-4.440892098500626e-16,MINIMAL,optimal,1,H2O2syn
3028_AT1,HSD17B10,1.277696171875,1.2776961718749995,1.0000000000000004,-4.440892098500626e-16,MINIMAL,optimal,1,HACD9m
3038_AT2,HAS3,1.277696171875,1.2776961718749995,1.0000000000000004,-4.440892098500626e-16,MINIMAL,optimal,1,HAS1
3038_AT1,HAS3,1.277696171875,1.2776961718749995,1.0000000000000004,-4.440892098500626e-16,MINIMAL,optimal,1,HAS1
3037_AT1,HAS2,1.277696171875,1.2776961718749995,1.0000000000000004,-4.440892098500626e-16,MINIMAL,optimal,1,HAS1
3036_AT1,HAS1,1.277696171875,1.2776961718749995,1.0000000000000004,-4.440892098500626e-16,MINIMAL,optimal,1,HAS1
3098_AT1,HK1,1.277696171875,1.2776961718749995,1.0000000000000004,-4.440892098500626e-16,MINIMAL,optimal,4,HEX4;HEX1;HEX7;HEX10
80201_AT1,HKDC1,1.277696171875,1.2776961718749995,1.0000000000000004,-4.440892098500626e-16,MINIMAL,optimal,4,HEX4;HEX1;HEX7;HEX10
2645_AT3,GCK,1.277696171875,1.2776961718749995,1.0000000000000004,-4.440892098500626e-16,MINIMAL,optimal,4,HEX4;HEX1;HEX7;HEX10
3099_AT1,HK2,1.277696171875,1.2776961718749995,1.0000000000000004,-4.440892098500626e-16,MINIMAL,optimal,4,HEX4;HEX1;HEX7;HEX10
3098_AT2,HK1,1.277696171875,1.2776961718749995,1.0000000000000004,-4.440892098500626e-16,MINIMAL,optimal,4,HEX4;HEX1;HEX7;HEX10
3098_AT3,HK1,1.277696171875,1.2776961718749995,1.0000000000000004,-4.440892098500626e-16,MINIMAL,optimal,4,HEX4;HEX1;HEX7;HEX10
2645_AT2,GCK,1.277696171875,1.2776961718749995,1.0000000000000004,-4.440892098500626e-16,MINIMAL,optimal,4,HEX4;HEX1;HEX7;HEX10
3101_AT1,HK3,1.277696171875,1.2776961718749995,1.0000000000000004,-4.440892098500626e-16,MINIMAL,optimal,4,HEX4;HEX1;HEX7;HEX10
3098_AT5,HK1,1.277696171875,1.2776961718749995,1.0000000000000004,-4.440892098500626e-16,MINIMAL,optimal,4,HEX4;HEX1;HEX7;HEX10
3098_AT4,HK1,1.277696171875,1.2776961718749995,1.0000000000000004,-4.440892098500626e-16,MINIMAL,optimal,4,HEX4;HEX1;HEX7;HEX10
2645_AT1,GCK,1.277696171875,1.2776961718749995,1.0000000000000004,-4.440892098500626e-16,MINIMAL,optimal,4,HEX4;HEX1;HEX7;HEX10
11112_AT1,HIBADH,1.277696171875,1.2776961718749995,1.0000000000000004,-4.440892098500626e-16,MINIMAL,optimal,1,HIBDm
10991_AT1,SLC38A3,1.277696171875,1.2776961718749995,1.0000000000000004,-4.440892098500626e-16,MINIMAL,optimal,1,HIStN1
3156_AT1,HMGCR,1.277696171875,1.2776961718749995,1.0000000000000004,-4.440892098500626e-16,MINIMAL,optimal,1,HMGCOARx
3157_AT1,HMGCS1,1.277696171875,1.2776961718749995,1.0000000000000004,-4.440892098500626e-16,MINIMAL,optimal,1,HMGCOASi
3157_AT2,HMGCS1,1.277696171875,1.2776961718749995,1.0000000000000004,-4.440892098500626e-16,MINIMAL,optimal,1,HMGCOASi
3155_AT1,HMGCL,1.277696171875,1.2776961718749995,1.0000000000000004,-4.440892098500626e-16,MINIMAL,optimal,2,HMGLx;HMGLm
54511_AT1,HMGCLL1,1.277696171875,1.2776961718749995,1.0000000000000004,-4.440892098500626e-16,MINIMAL,optimal,1,HMGLm
51478_AT1,HSD17B7,1.277696171875,1.2776961718749995,1.0000000000000004,-4.440892098500626e-16,MINIMAL,optimal,2,HSD17B7r;HSD17B9r
1109_AT1,AKR1C4,1.277696171875,1.2776961718749995,1.0000000000000004,-4.440892098500626e-16,MINIMAL,optimal,1,HSD3A1r
3284_AT1,HSD3B2,1.277696171875,1.2776961718749995,1.0000000000000004,-4.440892098500626e-16,MINIMAL,optimal,1,HSD3B3r
57026_AT1,PDXP,1.277696171875,1.2776961718749995,1.0000000000000004,-4.440892098500626e-16,MINIMAL,optimal,3,PYDXPP;HYPOE;PDXPP
7350_AT1,UCP1,1.277696171875,1.2776961718749995,1.0000000000000004,-4.440892098500626e-16,MINIMAL,optimal,1,Htm
7351_AT1,UCP2,1.277696171875,1.2776961718749995,1.0000000000000004,-4.440892098500626e-16,MINIMAL,optimal,1,Htm
9016_AT2,SLC25A14,1.277696171875,1.2776961718749995,1.0000000000000004,-4.440892098500626e-16,MINIMAL,optimal,1,Htm
7352_AT1,UCP3,1.277696171875,1.2776961718749995,1.0000000000000004,-4.440892098500626e-16,MINIMAL,optimal,1,Htm
9016_AT1,SLC25A14,1.277696171875,1.2776961718749995,1.0000000000000004,-4.440892098500626e-16,MINIMAL,optimal,1,Htm
7352_AT2,UCP3,1.277696171875,1.2776961718749995,1.0000000000000004,-4.440892098500626e-16,MINIMAL,optimal,1,Htm
9481_AT1,SLC25A27,1.277696171875,1.2776961718749995,1.0000000000000004,-4.440892098500626e-16,MINIMAL,optimal,1,Htm
3421_AT2,IDH3G,1.277696171875,1.2776961718749995,1.0000000000000004,-4.440892098500626e-16,MINIMAL,optimal,1,ICDHxm
3420_AT2,IDH3B,1.277696171875,1.2776961718749995,1.0000000000000004,-4.440892098500626e-16,MINIMAL,optimal,1,ICDHxm
3420_AT3,IDH3B,1.277696171875,1.2776961718749995,1.0000000000000004,-4.440892098500626e-16,MINIMAL,optimal,1,ICDHxm
3421_AT1,IDH3G,1.277696171875,1.2776961718749995,1.0000000000000004,-4.440892098500626e-16,MINIMAL,optimal,1,ICDHxm
3419_AT1,IDH3A,1.277696171875,1.2776961718749995,1.0000000000000004,-4.440892098500626e-16,MINIMAL,optimal,1,ICDHxm
3420_AT1,IDH3B,1.277696171875,1.2776961718749995,1.0000000000000004,-4.440892098500626e-16,MINIMAL,optimal,1,ICDHxm
3417_AT1,IDH1,1.277696171875,1.2776961718749995,1.0000000000000004,-4.440892098500626e-16,MINIMAL,optimal,1,ICDHy
3418_AT1,IDH2,1.277696171875,1.2776961718749995,1.0000000000000004,-4.440892098500626e-16,MINIMAL,optimal,1,ICDHyrm
587_AT1,BCAT2,1.277696171875,1.2776961718749995,1.0000000000000004,-4.440892098500626e-16,MINIMAL,optimal,3,VALTAm;ILETAm;LEUTAm
3615_AT1,IMPDH2,1.277696171875,1.2776961718749995,1.0000000000000004,-4.440892098500626e-16,MINIMAL,optimal,1,IMPD
3614_AT2,IMPDH1,1.277696171875,1.2776961718749995,1.0000000000000004,-4.440892098500626e-16,MINIMAL,optimal,1,IMPD
3614_AT1,IMPDH1,1.277696171875,1.2776961718749995,1.0000000000000004,-4.440892098500626e-16,MINIMAL,optimal,1,IMPD
114134_AT1,SLC2A13,1.277696171875,1.2776961718749995,1.0000000000000004,-4.440892098500626e-16,MINIMAL,optimal,1,INSTt2r
3422_AT1,IDI1,1.277696171875,1.2776961718749995,1.0000000000000004,-4.440892098500626e-16,MINIMAL,optimal,1,IPDDIx
91734_AT1,IDI2,1.277696171875,1.2776961718749995,1.0000000000000004,-4.440892098500626e-16,MINIMAL,optimal,1,IPDDIx
8801_AT1,SUCLG2,1.277696171875,1.2776961718749995,1.0000000000000004,-4.440892098500626e-16,MINIMAL,optimal,3,SUCOAS1m;ITCOAL1m;MECOAS1m
8802_AT1,SUCLG1,1.277696171875,1.2776961718749995,1.0000000000000004,-4.440892098500626e-16,MINIMAL,optimal,6,MECOALm;SUCOAS1m;ITCOALm;SUCOASm;ITCOAL1m;MECOAS1m
8803_AT1,SUCLA2,1.277696171875,1.2776961718749995,1.0000000000000004,-4.440892098500626e-16,MINIMAL,optimal,3,MECOALm;SUCOASm;ITCOALm
6560_AT1,SLC12A4,1.277696171875,1.2776961718749995,1.0000000000000004,-4.440892098500626e-16,MINIMAL,optimal,2,KCCt;KCC2t
10723_AT1,SLC12A7,1.277696171875,1.2776961718749995,1.0000000000000004,-4.440892098500626e-16,MINIMAL,optimal,2,KCCt;KCC2t
9990_AT1,SLC12A6,1.277696171875,1.2776961718749995,1.0000000000000004,-4.440892098500626e-16,MINIMAL,optimal,2,KCCt;KCC2t
57468_AT1,SLC12A5,1.277696171875,1.2776961718749995,1.0000000000000004,-4.440892098500626e-16,MINIMAL,optimal,1,KCCt
3795_AT2,KHK,1.277696171875,1.2776961718749995,1.0000000000000004,-4.440892098500626e-16,MINIMAL,optimal,2,KHK2;KHK
3795_AT1,KHK,1.277696171875,1.2776961718749995,1.0000000000000004,-4.440892098500626e-16,MINIMAL,optimal,2,KHK2;KHK
2571_AT2,GAD1,1.277696171875,1.2776961718749995,1.0000000000000004,-4.440892098500626e-16,MINIMAL,optimal,1,LCYSTCBOXL
2571_AT1,GAD1,1.277696171875,1.2776961718749995,1.0000000000000004,-4.440892098500626e-16,MINIMAL,optimal,1,LCYSTCBOXL
51380_AT1,CSAD,1.277696171875,1.2776961718749995,1.0000000000000004,-4.440892098500626e-16,MINIMAL,optimal,1,LCYSTCBOXL
2572_AT1,GAD2,1.277696171875,1.2776961718749995,1.0000000000000004,-4.440892098500626e-16,MINIMAL,optimal,1,LCYSTCBOXL
2739_AT1,GLO1,1.277696171875,1.2776961718749995,1.0000000000000004,-4.440892098500626e-16,MINIMAL,optimal,1,LGTHL
1595_AT1,CYP51A1,1.277696171875,1.2776961718749995,1.0000000000000004,-4.440892098500626e-16,MINIMAL,optimal,1,LNS14DMr
4023_AT1,LPL,1.277696171875,1.2776961718749995,1.0000000000000004,-4.440892098500626e-16,MINIMAL,optimal,2,LPS2;LPS
11343_AT1,MGLL,1.277696171875,1.2776961718749995,1.0000000000000004,-4.440892098500626e-16,MINIMAL,optimal,1,LPS3
11343_AT2,MGLL,1.277696171875,1.2776961718749995,1.0000000000000004,-4.440892098500626e-16,MINIMAL,optimal,1,LPS3
6309_AT1,SC5D,1.277696171875,1.2776961718749995,1.0000000000000004,-4.440892098500626e-16,MINIMAL,optimal,2,LSTO2r;LSTO1r
6584_AT1,SLC22A5,1.277696171875,1.2776961718749995,1.0000000000000004,-4.440892098500626e-16,MINIMAL,optimal,2,METt4;LYSt4
124637_AT1,CYB5D1,1.277696171875,1.2776961718749995,1.0000000000000004,-4.440892098500626e-16,MINIMAL,optimal,1,L_LACDcm
366_AT1,AQP9,1.277696171875,1.2776961718749995,1.0000000000000004,-4.440892098500626e-16,MINIMAL,optimal,1,L_LACtcm
64087_AT1,MCCC2,1.277696171875,1.2776961718749995,1.0000000000000004,-4.440892098500626e-16,MINIMAL,optimal,1,MCCCrm
56922_AT1,MCCC1,1.277696171875,1.2776961718749995,1.0000000000000004,-4.440892098500626e-16,MINIMAL,optimal,1,MCCCrm
130752_AT1,MDH1B,1.277696171875,1.2776961718749995,1.0000000000000004,-4.440892098500626e-16,MINIMAL,optimal,2,MDH;SLDx
4190_AT1,MDH1,1.277696171875,1.2776961718749995,1.0000000000000004,-4.440892098500626e-16,MINIMAL,optimal,2,MDH;SLDx
4191_AT1,MDH2,1.277696171875,1.2776961718749995,1.0000000000000004,-4.440892098500626e-16,MINIMAL,optimal,1,MDHm
4200_AT1,ME2,1.277696171875,1.2776961718749995,1.0000000000000004,-4.440892098500626e-16,MINIMAL,optimal,2,ME1m;ME2m
4199_AT1,ME1,1.277696171875,1.2776961718749995,1.0000000000000004,-4.440892098500626e-16,MINIMAL,optimal,1,ME2
10873_AT1,ME3,1.277696171875,1.2776961718749995,1.0000000000000004,-4.440892098500626e-16,MINIMAL,optimal,1,ME2m
4144_AT1,MAT2A,1.277696171875,1.2776961718749995,1.0000000000000004,-4.440892098500626e-16,MINIMAL,optimal,1,METAT
27430_AT2,MAT2B,1.277696171875,1.2776961718749995,1.0000000000000004,-4.440892098500626e-16,MINIMAL,optimal,1,METAT
27430_AT1,MAT2B,1.277696171875,1.2776961718749995,1.0000000000000004,-4.440892098500626e-16,MINIMAL,optimal,1,METAT
4143_AT1,MAT1A,1.277696171875,1.2776961718749995,1.0000000000000004,-4.440892098500626e-16,MINIMAL,optimal,1,METAT
54407_AT1,SLC38A2,1.277696171875,1.2776961718749995,1.0000000000000004,-4.440892098500626e-16,MINIMAL,optimal,2,METt4;PHEt4
81539_AT1,SLC38A1,1.277696171875,1.2776961718749995,1.0000000000000004,-4.440892098500626e-16,MINIMAL,optimal,2,METt4;PHEt4
4598_AT1,MVK,1.277696171875,1.2776961718749995,1.0000000000000004,-4.440892098500626e-16,MINIMAL,optimal,1,MEVK1x
549_AT1,AUH,1.277696171875,1.2776961718749995,1.0000000000000004,-4.440892098500626e-16,MINIMAL,optimal,1,MGCHrm
3636_AT1,INPPL1,1.277696171875,1.2776961718749995,1.0000000000000004,-4.440892098500626e-16,MINIMAL,optimal,3,MI1345PP;MI145PP;PI345P5P
3633_AT1,INPP5B,1.277696171875,1.2776961718749995,1.0000000000000004,-4.440892098500626e-16,MINIMAL,optimal,4,MI1345PP;MI145PP;PI345P5P;PI45P5P
3632_AT1,INPP5A,1.277696171875,1.2776961718749995,1.0000000000000004,-4.440892098500626e-16,MINIMAL,optimal,3,MI1345PP;MI145PP;PI345P5P
8867_AT1,SYNJ1,1.277696171875,1.2776961718749995,1.0000000000000004,-4.440892098500626e-16,MINIMAL,optimal,4,MI1345PP;MI145PP;PI345P5P;PI45P5P
8867_AT2,SYNJ1,1.277696171875,1.2776961718749995,1.0000000000000004,-4.440892098500626e-16,MINIMAL,optimal,4,MI1345PP;MI145PP;PI345P5P;PI45P5P
27124_AT2,INPP5J,1.277696171875,1.2776961718749995,1.0000000000000004,-4.440892098500626e-16,MINIMAL,optimal,3,MI1345PP;MI145PP;PI345P5P
27124_AT1,INPP5J,1.277696171875,1.2776961718749995,1.0000000000000004,-4.440892098500626e-16,MINIMAL,optimal,3,MI1345PP;MI145PP;PI345P5P
3635_AT1,INPP5D,1.277696171875,1.2776961718749995,1.0000000000000004,-4.440892098500626e-16,MINIMAL,optimal,3,MI1345PP;MI145PP;PI345P5P
56623_AT1,INPP5E,1.277696171875,1.2776961718749995,1.0000000000000004,-4.440892098500626e-16,MINIMAL,optimal,4,MI1345PP;MI145PP;PI345P5P;PI45P5P
3628_AT1,INPP1,1.277696171875,1.2776961718749995,1.0000000000000004,-4.440892098500626e-16,MINIMAL,optimal,2,MI134PP;MI14PP
3706_AT1,ITPKA,1.277696171875,1.2776961718749995,1.0000000000000004,-4.440892098500626e-16,MINIMAL,optimal,1,MI145PK
80271_AT1,ITPKC,1.277696171875,1.2776961718749995,1.0000000000000004,-4.440892098500626e-16,MINIMAL,optimal,1,MI145PK
3707_AT1,ITPKB,1.277696171875,1.2776961718749995,1.0000000000000004,-4.440892098500626e-16,MINIMAL,optimal,1,MI145PK
3612_AT1,IMPA1,1.277696171875,1.2776961718749995,1.0000000000000004,-4.440892098500626e-16,MINIMAL,optimal,3,MI4PP;MI3PP;MI1PP
3613_AT1,IMPA2,1.277696171875,1.2776961718749995,1.0000000000000004,-4.440892098500626e-16,MINIMAL,optimal,3,MI4PP;MI3PP;MI1PP
3631_AT1,INPP4A,1.277696171875,1.2776961718749995,1.0000000000000004,-4.440892098500626e-16,MINIMAL,optimal,1,MI34PP
8821_AT1,INPP4B,1.277696171875,1.2776961718749995,1.0000000000000004,-4.440892098500626e-16,MINIMAL,optimal,1,MI34PP
3631_AT2,INPP4A,1.277696171875,1.2776961718749995,1.0000000000000004,-4.440892098500626e-16,MINIMAL,optimal,1,MI34PP
84693_AT1,MCEE,1.277696171875,1.2776961718749995,1.0000000000000004,-4.440892098500626e-16,MINIMAL,optimal,1,MMEm
4594_AT1,MUT,1.277696171875,1.2776961718749995,1.0000000000000004,-4.440892098500626e-16,MINIMAL,optimal,1,MMMm
4329_AT1,ALDH6A1,1.277696171875,1.2776961718749995,1.0000000000000004,-4.440892098500626e-16,MINIMAL,optimal,2,MMSAD1m;MMSAD3m
4507_AT1,MTAP,1.277696171875,1.2776961718749995,1.0000000000000004,-4.440892098500626e-16,MINIMAL,optimal,1,MTAP
80068_AT1,80068_AT1,1.277696171875,1.2776961718749995,1.0000000000000004,-4.440892098500626e-16,MINIMAL,optimal,2,MTHFC;MTHFD2
285216_AT1,285216_AT1,1.277696171875,1.2776961718749995,1.0000000000000004,-4.440892098500626e-16,MINIMAL,optimal,2,MTHFC;MTHFD2
57282_AT1,SLC4A10,1.277696171875,1.2776961718749995,1.0000000000000004,-4.440892098500626e-16,MINIMAL,optimal,1,NAHCO3_HCLt
9498_AT1,SLC4A8,1.277696171875,1.2776961718749995,1.0000000000000004,-4.440892098500626e-16,MINIMAL,optimal,1,NAHCO3_HCLt
6553_AT1,SLC9A5,1.277696171875,1.2776961718749995,1.0000000000000004,-4.440892098500626e-16,MINIMAL,optimal,1,NAt3_1
6550_AT1,SLC9A3,1.277696171875,1.2776961718749995,1.0000000000000004,-4.440892098500626e-16,MINIMAL,optimal,1,NAt3_1
6549_AT1,SLC9A2,1.277696171875,1.2776961718749995,1.0000000000000004,-4.440892098500626e-16,MINIMAL,optimal,1,NAt3_1
389015_AT1,SLC9A4,1.277696171875,1.2776961718749995,1.0000000000000004,-4.440892098500626e-16,MINIMAL,optimal,1,NAt3_1
6548_AT1,SLC9A1,1.277696171875,1.2776961718749995,1.0000000000000004,-4.440892098500626e-16,MINIMAL,optimal,1,NAt3_1
124583_AT1,CANT1,1.277696171875,1.2776961718749995,1.0000000000000004,-4.440892098500626e-16,MINIMAL,optimal,5,NDP10ex;NDP7ex;NDP3ex;NTP3e;NDP8ex
29922_AT2,NME7,1.277696171875,1.2776961718749995,1.0000000000000004,-4.440892098500626e-16,MINIMAL,optimal,10,NDPK7;NDPK1;NDPK3;NDPK6;NDPK9;NDPK10;NDPK2;NDPK5;NDPK8;NDPK4
4830_AT2,NME1,1.277696171875,1.2776961718749995,1.0000000000000004,-4.440892098500626e-16,MINIMAL,optimal,20,NDPK5n;NDPK8n;NDPK1;NDPK3;NDPK6;NDPK9;NDPK10;NDPK3n;NDPK6n;NDPK9n
4830_AT1,NME1,1.277696171875,1.2776961718749995,1.0000000000000004,-4.440892098500626e-16,MINIMAL,optimal,20,NDPK5n;NDPK8n;NDPK1;NDPK3;NDPK6;NDPK9;NDPK10;NDPK3n;NDPK6n;NDPK9n
29922_AT1,NME7,1.277696171875,1.2776961718749995,1.0000000000000004,-4.440892098500626e-16,MINIMAL,optimal,10,NDPK7;NDPK1;NDPK3;NDPK6;NDPK9;NDPK10;NDPK2;NDPK5;NDPK8;NDPK4
10201_AT1,NME6,1.277696171875,1.2776961718749995,1.0000000000000004,-4.440892098500626e-16,MINIMAL,optimal,10,NDPK7;NDPK1;NDPK3;NDPK6;NDPK9;NDPK10;NDPK2;NDPK5;NDPK8;NDPK4
4832_AT1,NME3,1.277696171875,1.2776961718749995,1.0000000000000004,-4.440892098500626e-16,MINIMAL,optimal,10,NDPK7;NDPK1;NDPK3;NDPK6;NDPK9;NDPK10;NDPK2;NDPK5;NDPK8;NDPK4
4831_AT1,NME2,1.277696171875,1.2776961718749995,1.0000000000000004,-4.440892098500626e-16,MINIMAL,optimal,20,NDPK5n;NDPK8n;NDPK1;NDPK3;NDPK6;NDPK9;NDPK10;NDPK3n;NDPK6n;NDPK9n
6558_AT1,SLC12A2,1.277696171875,1.2776961718749995,1.0000000000000004,-4.440892098500626e-16,MINIMAL,optimal,2,NKCCt;NKCC2t
6557_AT1,SLC12A1,1.277696171875,1.2776961718749995,1.0000000000000004,-4.440892098500626e-16,MINIMAL,optimal,2,NKCCt;NKCC2t
349565_AT1,NMNAT3,1.277696171875,1.2776961718749995,1.0000000000000004,-4.440892098500626e-16,MINIMAL,optimal,1,NMNATr
23057_AT2,NMNAT2,1.277696171875,1.2776961718749995,1.0000000000000004,-4.440892098500626e-16,MINIMAL,optimal,1,NMNATr
23057_AT1,NMNAT2,1.277696171875,1.2776961718749995,1.0000000000000004,-4.440892098500626e-16,MINIMAL,optimal,1,NMNATr
5409_AT1,PNMT,1.277696171875,1.2776961718749995,1.0000000000000004,-4.440892098500626e-16,MINIMAL,optimal,1,NORANMT
4846_AT1,NOS3,1.277696171875,1.2776961718749995,1.0000000000000004,-4.440892098500626e-16,MINIMAL,optimal,2,NOS2;NOS1
4845_AT1,4845_AT1,1.277696171875,1.2776961718749995,1.0000000000000004,-4.440892098500626e-16,MINIMAL,optimal,2,NOS2;NOS1
4844_AT1,4844_AT1,1.277696171875,1.2776961718749995,1.0000000000000004,-4.440892098500626e-16,MINIMAL,optimal,2,NOS2;NOS1
4842_AT1,NOS1,1.277696171875,1.2776961718749995,1.0000000000000004,-4.440892098500626e-16,MINIMAL,optimal,2,NOS2;NOS1
4843_AT2,NOS2,1.277696171875,1.2776961718749995,1.0000000000000004,-4.440892098500626e-16,MINIMAL,optimal,2,NOS2;NOS1
4843_AT1,NOS2,1.277696171875,1.2776961718749995,1.0000000000000004,-4.440892098500626e-16,MINIMAL,optimal,2,NOS2;NOS1
22978_AT1,NT5C2,1.277696171875,1.2776961718749995,1.0000000000000004,-4.440892098500626e-16,MINIMAL,optimal,7,NTD11;NTD7;NTD9;NTD10;NTD6;NTD8;NT5C
93034_AT1,NT5C1B,1.277696171875,1.2776961718749995,1.0000000000000004,-4.440892098500626e-16,MINIMAL,optimal,2,NTD11;NTD7
93034_AT2,NT5C1B,1.277696171875,1.2776961718749995,1.0000000000000004,-4.440892098500626e-16,MINIMAL,optimal,2,NTD11;NTD7
51251_AT1,NT5C3A,1.277696171875,1.2776961718749995,1.0000000000000004,-4.440892098500626e-16,MINIMAL,optimal,2,NTD4;NTD2
4907_AT1,NT5E,1.277696171875,1.2776961718749995,1.0000000000000004,-4.440892098500626e-16,MINIMAL,optimal,4,NTD7e;NTD2e;NTD9e;NTD4e
30833_AT1,NT5C,1.277696171875,1.2776961718749995,1.0000000000000004,-4.440892098500626e-16,MINIMAL,optimal,1,NTD8
480_AT1,ATP1A4,1.277696171875,1.2776961718749995,1.0000000000000004,-4.440892098500626e-16,MINIMAL,optimal,1,NaKt
482_AT1,ATP1B2,1.277696171875,1.2776961718749995,1.0000000000000004,-4.440892098500626e-16,MINIMAL,optimal,1,NaKt
477_AT1,ATP1A2,1.277696171875,1.2776961718749995,1.0000000000000004,-4.440892098500626e-16,MINIMAL,optimal,1,NaKt
481_AT1,ATP1B1,1.277696171875,1.2776961718749995,1.0000000000000004,-4.440892098500626e-16,MINIMAL,optimal,1,NaKt
478_AT1,ATP1A3,1.277696171875,1.2776961718749995,1.0000000000000004,-4.440892098500626e-16,MINIMAL,optimal,1,NaKt
483_AT1,ATP1B3,1.277696171875,1.2776961718749995,1.0000000000000004,-4.440892098500626e-16,MINIMAL,optimal,1,NaKt
23439_AT1,ATP1B4,1.277696171875,1.2776961718749995,1.0000000000000004,-4.440892098500626e-16,MINIMAL,optimal,1,NaKt
476_AT1,ATP1A1,1.277696171875,1.2776961718749995,1.0000000000000004,-4.440892098500626e-16,MINIMAL,optimal,1,NaKt
5009_AT1,OTC,1.277696171875,1.2776961718749995,1.0000000000000004,-4.440892098500626e-16,MINIMAL,optimal,1,OCBTm
64064_AT1,OXCT2,1.277696171875,1.2776961718749995,1.0000000000000004,-4.440892098500626e-16,MINIMAL,optimal,1,OCOAT1m
5019_AT1,OXCT1,1.277696171875,1.2776961718749995,1.0000000000000004,-4.440892098500626e-16,MINIMAL,optimal,1,OCOAT1m
594_AT2,BCKDHB,1.277696171875,1.2776961718749995,1.0000000000000004,-4.440892098500626e-16,MINIMAL,optimal,3,OIVD1m;OIVD2m;OIVD3m
1738_AT1,DLD,1.277696171875,1.2776961718749995,1.0000000000000004,-4.440892098500626e-16,MINIMAL,optimal,3,OIVD1m;OIVD2m;OIVD3m
593_AT1,BCKDHA,1.277696171875,1.2776961718749995,1.0000000000000004,-4.440892098500626e-16,MINIMAL,optimal,3,OIVD1m;OIVD2m;OIVD3m
594_AT1,BCKDHB,1.277696171875,1.2776961718749995,1.0000000000000004,-4.440892098500626e-16,MINIMAL,optimal,3,OIVD1m;OIVD2m;OIVD3m
1629_AT1,DBT,1.277696171875,1.2776961718749995,1.0000000000000004,-4.440892098500626e-16,MINIMAL,optimal,3,OIVD1m;OIVD2m;OIVD3m
7372_AT1,UMPS,1.277696171875,1.2776961718749995,1.0000000000000004,-4.440892098500626e-16,MINIMAL,optimal,2,OMPDC;ORPT
26873_AT1,OPLAH,1.277696171875,1.2776961718749995,1.0000000000000004,-4.440892098500626e-16,MINIMAL,optimal,1,OPAHir
4953_AT1,ODC1,1.277696171875,1.2776961718749995,1.0000000000000004,-4.440892098500626e-16,MINIMAL,optimal,1,ORNDC
4942_AT1,OAT,1.277696171875,1.2776961718749995,1.0000000000000004,-4.440892098500626e-16,MINIMAL,optimal,1,ORNTArm
10861_AT3,SLC26A1,1.277696171875,1.2776961718749995,1.0000000000000004,-4.440892098500626e-16,MINIMAL,optimal,2,SO4HCOtex;OXAHCOtex
10861_AT2,SLC26A1,1.277696171875,1.2776961718749995,1.0000000000000004,-4.440892098500626e-16,MINIMAL,optimal,2,SO4HCOtex;OXAHCOtex
10861_AT1,SLC26A1,1.277696171875,1.2776961718749995,1.0000000000000004,-4.440892098500626e-16,MINIMAL,optimal,2,SO4HCOtex;OXAHCOtex
1572_AT1,CYP2F1,1.277696171875,1.2776961718749995,1.0000000000000004,-4.440892098500626e-16,MINIMAL,optimal,1,P4502F1
51302_AT1,CYP39A1,1.277696171875,1.2776961718749995,1.0000000000000004,-4.440892098500626e-16,MINIMAL,optimal,1,P45039A1r
10858_AT1,CYP46A1,1.277696171875,1.2776961718749995,1.0000000000000004,-4.440892098500626e-16,MINIMAL,optimal,1,P45046A1r
9420_AT1,CYP7B1,1.277696171875,1.2776961718749995,1.0000000000000004,-4.440892098500626e-16,MINIMAL,optimal,1,P4507B11r
65263_AT1,PYCRL,1.277696171875,1.2776961718749995,1.0000000000000004,-4.440892098500626e-16,MINIMAL,optimal,2,P5CRx;P5CR
29920_AT1,PYCR2,1.277696171875,1.2776961718749995,1.0000000000000004,-4.440892098500626e-16,MINIMAL,optimal,2,P5CRx;P5CR
5831_AT2,PYCR1,1.277696171875,1.2776961718749995,1.0000000000000004,-4.440892098500626e-16,MINIMAL,optimal,1,P5CRxm
5831_AT1,PYCR1,1.277696171875,1.2776961718749995,1.0000000000000004,-4.440892098500626e-16,MINIMAL,optimal,1,P5CRxm
HS03845,SLC30A3,1.277696171875,1.2776961718749995,1.0000000000000004,-4.440892098500626e-16,MINIMAL,optimal,1,TRANS_45_RXN66_45_565
5091_AT2,PC,1.2776961718750002,1.2776961718749995,1.0000000000000004,-4.440892098500626e-16,MINIMAL,optimal,1,PCm
5091_AT1,PC,1.277696171875,1.2776961718749995,1.0000000000000004,-4.440892098500626e-16,MINIMAL,optimal,1,PCm
10846_AT1,PDE10A,1.277696171875,1.2776961718749995,1.0000000000000004,-4.440892098500626e-16,MINIMAL,optimal,1,PDE1
5139_AT1,PDE3A,1.277696171875,1.2776961718749995,1.0000000000000004,-4.440892098500626e-16,MINIMAL,optimal,1,PDE1
5141_AT1,PDE4A,1.277696171875,1.2776961718749995,1.0000000000000004,-4.440892098500626e-16,MINIMAL,optimal,1,PDE1
8622_AT1,PDE8B,1.277696171875,1.2776961718749995,1.0000000000000004,-4.440892098500626e-16,MINIMAL,optimal,1,PDE1
5150_AT2,PDE7A,1.277696171875,1.2776961718749995,1.0000000000000004,-4.440892098500626e-16,MINIMAL,optimal,1,PDE1
5137_AT1,PDE1C,1.277696171875,1.2776961718749995,1.0000000000000004,-4.440892098500626e-16,MINIMAL,optimal,1,PDE1
5150_AT1,PDE7A,1.277696171875,1.2776961718749995,1.0000000000000004,-4.440892098500626e-16,MINIMAL,optimal,1,PDE1
27115_AT1,PDE7B,1.277696171875,1.2776961718749995,1.0000000000000004,-4.440892098500626e-16,MINIMAL,optimal,1,PDE1
5144_AT1,PDE4D,1.277696171875,1.2776961718749995,1.0000000000000004,-4.440892098500626e-16,MINIMAL,optimal,1,PDE1
5151_AT1,PDE8A,1.277696171875,1.2776961718749995,1.0000000000000004,-4.440892098500626e-16,MINIMAL,optimal,1,PDE1
5136_AT1,PDE1A,1.277696171875,1.2776961718749995,1.0000000000000004,-4.440892098500626e-16,MINIMAL,optimal,1,PDE1
5151_AT5,PDE8A,1.277696171875,1.2776961718749995,1.0000000000000004,-4.440892098500626e-16,MINIMAL,optimal,1,PDE1
5151_AT4,PDE8A,1.277696171875,1.2776961718749995,1.0000000000000004,-4.440892098500626e-16,MINIMAL,optimal,1,PDE1
5151_AT3,PDE8A,1.277696171875,1.2776961718749995,1.0000000000000004,-4.440892098500626e-16,MINIMAL,optimal,1,PDE1
5138_AT1,PDE2A,1.277696171875,1.2776961718749995,1.0000000000000004,-4.440892098500626e-16,MINIMAL,optimal,1,PDE1
5153_AT1,PDE1B,1.277696171875,1.2776961718749995,1.0000000000000004,-4.440892098500626e-16,MINIMAL,optimal,1,PDE1
5151_AT2,PDE8A,1.277696171875,1.2776961718749995,1.0000000000000004,-4.440892098500626e-16,MINIMAL,optimal,1,PDE1
5140_AT2,PDE3B,1.277696171875,1.2776961718749995,1.0000000000000004,-4.440892098500626e-16,MINIMAL,optimal,1,PDE1
50940_AT1,PDE11A,1.277696171875,1.2776961718749995,1.0000000000000004,-4.440892098500626e-16,MINIMAL,optimal,1,PDE1
5143_AT1,PDE4C,1.277696171875,1.2776961718749995,1.0000000000000004,-4.440892098500626e-16,MINIMAL,optimal,1,PDE1
5136_AT2,PDE1A,1.277696171875,1.2776961718749995,1.0000000000000004,-4.440892098500626e-16,MINIMAL,optimal,1,PDE1
5142_AT1,PDE4B,1.277696171875,1.2776961718749995,1.0000000000000004,-4.440892098500626e-16,MINIMAL,optimal,1,PDE1
5140_AT1,PDE3B,1.277696171875,1.2776961718749995,1.0000000000000004,-4.440892098500626e-16,MINIMAL,optimal,1,PDE1
10396_AT1,ATP8A1,1.277696171875,1.2776961718749995,1.0000000000000004,-4.440892098500626e-16,MINIMAL,optimal,2,PEFLIPm;PSFLIPm
5833_AT1,PCYT2,1.277696171875,1.2776961718749995,1.0000000000000004,-4.440892098500626e-16,MINIMAL,optimal,1,PETHCT
10400_AT3,PEMT,1.277696171875,1.2776961718749995,1.0000000000000004,-4.440892098500626e-16,MINIMAL,optimal,1,PETOHMm_hs
10400_AT1,PEMT,1.277696171875,1.2776961718749995,1.0000000000000004,-4.440892098500626e-16,MINIMAL,optimal,1,PETOHMm_hs
10400_AT2,PEMT,1.277696171875,1.2776961718749995,1.0000000000000004,-4.440892098500626e-16,MINIMAL,optimal,1,PETOHMm_hs
5211_AT1,PFKL,1.277696171875,1.2776961718749995,1.0000000000000004,-4.440892098500626e-16,MINIMAL,optimal,1,PFK
5211_AT2,PFKL,1.277696171875,1.2776961718749995,1.0000000000000004,-4.440892098500626e-16,MINIMAL,optimal,1,PFK
5213_AT1,PFKM,1.277696171875,1.2776961718749995,1.0000000000000004,-4.440892098500626e-16,MINIMAL,optimal,1,PFK
5214_AT1,PFKP,1.277696171875,1.2776961718749995,1.0000000000000004,-4.440892098500626e-16,MINIMAL,optimal,1,PFK
26227_AT1,PHGDH,1.277696171875,1.2776961718749995,1.0000000000000004,-4.440892098500626e-16,MINIMAL,optimal,1,PGCD
2821_AT1,GPI,1.277696171875,1.2776961718749995,1.0000000000000004,-4.440892098500626e-16,MINIMAL,optimal,1,PGI
5232_AT1,PGK2,1.277696171875,1.2776961718749995,1.0000000000000004,-4.440892098500626e-16,MINIMAL,optimal,1,PGK
5230_AT1,PGK1,1.277696171875,1.2776961718749995,1.0000000000000004,-4.440892098500626e-16,MINIMAL,optimal,1,PGK
348477_AT1,348477_AT1,1.277696171875,1.2776961718749995,1.0000000000000004,-4.440892098500626e-16,MINIMAL,optimal,1,PGK
25796_AT1,PGLS,1.277696171875,1.2776961718749995,1.0000000000000004,-4.440892098500626e-16,MINIMAL,optimal,1,PGL
5053_AT1,PAH,1.277696171875,1.2776961718749995,1.0000000000000004,-4.440892098500626e-16,MINIMAL,optimal,1,PHETHPTOX2
1644_AT1,DDC,1.277696171875,1.2776961718749995,1.0000000000000004,-4.440892098500626e-16,MINIMAL,optimal,2,PHYCBOXL;TYRCBOX
5728_AT1,PTEN,1.277696171875,1.2776961718749995,1.0000000000000004,-4.440892098500626e-16,MINIMAL,optimal,2,PI345P3Pn;PI345P3P
8871_AT1,SYNJ2,1.277696171875,1.2776961718749995,1.0000000000000004,-4.440892098500626e-16,MINIMAL,optimal,2,PI345P5P;PI45P5P
23396_AT1,PIP5K1C,1.277696171875,1.2776961718749995,1.0000000000000004,-4.440892098500626e-16,MINIMAL,optimal,5,PI34P5K;PI3P5K;PI3P4K;PI4P5K;PIK5
8394_AT1,PIP5K1A,1.277696171875,1.2776961718749995,1.0000000000000004,-4.440892098500626e-16,MINIMAL,optimal,5,PI34P5K;PI3P5K;PI3P4K;PI4P5K;PIK5
8395_AT1,PIP5K1B,1.277696171875,1.2776961718749995,1.0000000000000004,-4.440892098500626e-16,MINIMAL,optimal,5,PI34P5K;PI3P5K;PI3P4K;PI4P5K;PIK5
8897_AT1,MTMR3,1.277696171875,1.2776961718749995,1.0000000000000004,-4.440892098500626e-16,MINIMAL,optimal,1,PI35P3P
8897_AT2,MTMR3,1.277696171875,1.2776961718749995,1.0000000000000004,-4.440892098500626e-16,MINIMAL,optimal,1,PI35P3P
8897_AT3,MTMR3,1.277696171875,1.2776961718749995,1.0000000000000004,-4.440892098500626e-16,MINIMAL,optimal,1,PI35P3P
5297_AT1,PI4KA,1.277696171875,1.2776961718749995,1.0000000000000004,-4.440892098500626e-16,MINIMAL,optimal,3,PI5P4K;PI3P4K;PIK4
5298_AT1,PI4KB,1.277696171875,1.2776961718749995,1.0000000000000004,-4.440892098500626e-16,MINIMAL,optimal,3,PI5P4K;PI3P4K;PIK4
55361_AT1,PI4K2A,1.277696171875,1.2776961718749995,1.0000000000000004,-4.440892098500626e-16,MINIMAL,optimal,3,PI5P4K;PI3P4K;PIK4
4952_AT2,OCRL,1.277696171875,1.2776961718749995,1.0000000000000004,-4.440892098500626e-16,MINIMAL,optimal,1,PI45P5P
4952_AT1,OCRL,1.277696171875,1.2776961718749995,1.0000000000000004,-4.440892098500626e-16,MINIMAL,optimal,1,PI45P5P
5335_AT1,PLCG1,1.277696171875,1.2776961718749995,1.0000000000000004,-4.440892098500626e-16,MINIMAL,optimal,3,PI45PLC;PI4PLC;PIPLC
5331_AT1,PLCB3,1.277696171875,1.2776961718749995,1.0000000000000004,-4.440892098500626e-16,MINIMAL,optimal,3,PI45PLC;PI4PLC;PIPLC
5335_AT2,PLCG1,1.277696171875,1.2776961718749995,1.0000000000000004,-4.440892098500626e-16,MINIMAL,optimal,3,PI45PLC;PI4PLC;PIPLC
5336_AT1,PLCG2,1.277696171875,1.2776961718749995,1.0000000000000004,-4.440892098500626e-16,MINIMAL,optimal,3,PI45PLC;PI4PLC;PIPLC
5332_AT2,PLCB4,1.277696171875,1.2776961718749995,1.0000000000000004,-4.440892098500626e-16,MINIMAL,optimal,3,PI45PLC;PI4PLC;PIPLC
51196_AT1,PLCE1,1.277696171875,1.2776961718749995,1.0000000000000004,-4.440892098500626e-16,MINIMAL,optimal,3,PI45PLC;PI4PLC;PIPLC
257068_AT1,PLCXD2,1.277696171875,1.2776961718749995,1.0000000000000004,-4.440892098500626e-16,MINIMAL,optimal,3,PI45PLC;PI4PLC;PIPLC
89869_AT1,PLCZ1,1.277696171875,1.2776961718749995,1.0000000000000004,-4.440892098500626e-16,MINIMAL,optimal,3,PI45PLC;PI4PLC;PIPLC
5334_AT1,PLCL1,1.277696171875,1.2776961718749995,1.0000000000000004,-4.440892098500626e-16,MINIMAL,optimal,3,PI45PLC;PI4PLC;PIPLC
9651_AT1,PLCH2,1.277696171875,1.2776961718749995,1.0000000000000004,-4.440892098500626e-16,MINIMAL,optimal,3,PI45PLC;PI4PLC;PIPLC
23236_AT1,PLCB1,1.277696171875,1.2776961718749995,1.0000000000000004,-4.440892098500626e-16,MINIMAL,optimal,3,PI45PLC;PI4PLC;PIPLC
5330_AT1,PLCB2,1.277696171875,1.2776961718749995,1.0000000000000004,-4.440892098500626e-16,MINIMAL,optimal,3,PI45PLC;PI4PLC;PIPLC
113026_AT1,PLCD3,1.277696171875,1.2776961718749995,1.0000000000000004,-4.440892098500626e-16,MINIMAL,optimal,3,PI45PLC;PI4PLC;PIPLC
5332_AT1,PLCB4,1.277696171875,1.2776961718749995,1.0000000000000004,-4.440892098500626e-16,MINIMAL,optimal,3,PI45PLC;PI4PLC;PIPLC
23236_AT2,PLCB1,1.277696171875,1.2776961718749995,1.0000000000000004,-4.440892098500626e-16,MINIMAL,optimal,3,PI45PLC;PI4PLC;PIPLC
5333_AT1,PLCD1,1.277696171875,1.2776961718749995,1.0000000000000004,-4.440892098500626e-16,MINIMAL,optimal,3,PI45PLC;PI4PLC;PIPLC
84812_AT1,PLCD4,1.277696171875,1.2776961718749995,1.0000000000000004,-4.440892098500626e-16,MINIMAL,optimal,3,PI45PLC;PI4PLC;PIPLC
23007_AT1,PLCH1,1.277696171875,1.2776961718749995,1.0000000000000004,-4.440892098500626e-16,MINIMAL,optimal,3,PI45PLC;PI4PLC;PIPLC
8503_AT1,PIK3R3,1.277696171875,1.2776961718749995,1.0000000000000004,-4.440892098500626e-16,MINIMAL,optimal,3,PIK3;PI4P3K;PI5P3K
5287_AT1,PIK3C2B,1.277696171875,1.2776961718749995,1.0000000000000004,-4.440892098500626e-16,MINIMAL,optimal,3,PIK3;PI4P3K;PI5P3K
5286_AT1,PIK3C2A,1.277696171875,1.2776961718749995,1.0000000000000004,-4.440892098500626e-16,MINIMAL,optimal,3,PIK3;PI4P3K;PI5P3K
5290_AT1,PIK3CA,1.277696171875,1.2776961718749995,1.0000000000000004,-4.440892098500626e-16,MINIMAL,optimal,3,PIK3;PI4P3K;PI5P3K
5291_AT1,PIK3CB,1.277696171875,1.2776961718749995,1.0000000000000004,-4.440892098500626e-16,MINIMAL,optimal,3,PIK3;PI4P3K;PI5P3K
23533_AT1,PIK3R5,1.277696171875,1.2776961718749995,1.0000000000000004,-4.440892098500626e-16,MINIMAL,optimal,3,PIK3;PI4P3K;PI5P3K
5288_AT1,PIK3C2G,1.277696171875,1.2776961718749995,1.0000000000000004,-4.440892098500626e-16,MINIMAL,optimal,3,PIK3;PI4P3K;PI5P3K
5296_AT1,PIK3R2,1.277696171875,1.2776961718749995,1.0000000000000004,-4.440892098500626e-16,MINIMAL,optimal,3,PIK3;PI4P3K;PI5P3K
5295_AT2,PIK3R1,1.277696171875,1.2776961718749995,1.0000000000000004,-4.440892098500626e-16,MINIMAL,optimal,3,PIK3;PI4P3K;PI5P3K
5295_AT3,PIK3R1,1.277696171875,1.2776961718749995,1.0000000000000004,-4.440892098500626e-16,MINIMAL,optimal,3,PIK3;PI4P3K;PI5P3K
5294_AT1,PIK3CG,1.277696171875,1.2776961718749995,1.0000000000000004,-4.440892098500626e-16,MINIMAL,optimal,3,PIK3;PI4P3K;PI5P3K
10870_AT1,HCST,1.277696171875,1.2776961718749995,1.0000000000000004,-4.440892098500626e-16,MINIMAL,optimal,3,PIK3;PI4P3K;PI5P3K
5295_AT1,PIK3R1,1.277696171875,1.2776961718749995,1.0000000000000004,-4.440892098500626e-16,MINIMAL,optimal,3,PIK3;PI4P3K;PI5P3K
5293_AT1,PIK3CD,1.277696171875,1.2776961718749995,1.0000000000000004,-4.440892098500626e-16,MINIMAL,optimal,3,PIK3;PI4P3K;PI5P3K
8396_AT1,PIP4K2B,1.277696171875,1.2776961718749995,1.0000000000000004,-4.440892098500626e-16,MINIMAL,optimal,1,PI4P5K
5305_AT1,PIP4K2A,1.277696171875,1.2776961718749995,1.0000000000000004,-4.440892098500626e-16,MINIMAL,optimal,1,PI4P5K
200576_AT2,PIKFYVE,1.277696171875,1.2776961718749995,1.0000000000000004,-4.440892098500626e-16,MINIMAL,optimal,1,PI4P5K
79837_AT1,PIP4K2C,1.277696171875,1.2776961718749995,1.0000000000000004,-4.440892098500626e-16,MINIMAL,optimal,1,PI4P5K
8396_AT2,PIP4K2B,1.277696171875,1.2776961718749995,1.0000000000000004,-4.440892098500626e-16,MINIMAL,optimal,1,PI4P5K
200576_AT3,PIKFYVE,1.277696171875,1.2776961718749995,1.0000000000000004,-4.440892098500626e-16,MINIMAL,optimal,1,PI4P5K
200576_AT1,PIKFYVE,1.277696171875,1.2776961718749995,1.0000000000000004,-4.440892098500626e-16,MINIMAL,optimal,1,PI4P5K
5289_AT1,PIK3C3,1.277696171875,1.2776961718749995,1.0000000000000004,-4.440892098500626e-16,MINIMAL,optimal,2,PIK3;PI5P3K
5250_AT4,SLC25A3,1.277696171875,1.2776961718749995,1.0000000000000004,-4.440892098500626e-16,MINIMAL,optimal,1,PIt2m
5250_AT3,SLC25A3,1.277696171875,1.2776961718749995,1.0000000000000004,-4.440892098500626e-16,MINIMAL,optimal,1,PIt2m
5250_AT2,SLC25A3,1.277696171875,1.2776961718749995,1.0000000000000004,-4.440892098500626e-16,MINIMAL,optimal,1,PIt2m
5250_AT1,SLC25A3,1.277696171875,1.2776961718749995,1.0000000000000004,-4.440892098500626e-16,MINIMAL,optimal,1,PIt2m
6569_AT1,SLC34A1,1.277696171875,1.2776961718749995,1.0000000000000004,-4.440892098500626e-16,MINIMAL,optimal,1,PIt7
10568_AT1,SLC34A2,1.277696171875,1.2776961718749995,1.0000000000000004,-4.440892098500626e-16,MINIMAL,optimal,1,PIt7
6575_AT1,SLC20A2,1.277696171875,1.2776961718749995,1.0000000000000004,-4.440892098500626e-16,MINIMAL,optimal,1,PIt8
6574_AT1,SLC20A1,1.277696171875,1.2776961718749995,1.0000000000000004,-4.440892098500626e-16,MINIMAL,optimal,1,PIt8
2544_AT1,2544_AT1,1.277696171875,1.2776961718749995,1.0000000000000004,-4.440892098500626e-16,MINIMAL,optimal,1,PIter
5320_AT1,PLA2G2A,1.277696171875,1.2776961718749995,1.0000000000000004,-4.440892098500626e-16,MINIMAL,optimal,1,PLA2_2e
26279_AT1,PLA2G2D,1.277696171875,1.2776961718749995,1.0000000000000004,-4.440892098500626e-16,MINIMAL,optimal,1,PLA2_2e
64600_AT1,PLA2G2F,1.277696171875,1.2776961718749995,1.0000000000000004,-4.440892098500626e-16,MINIMAL,optimal,1,PLA2_2e
8399_AT1,PLA2G10,1.277696171875,1.2776961718749995,1.0000000000000004,-4.440892098500626e-16,MINIMAL,optimal,1,PLA2_2e
5319_AT1,PLA2G1B,1.277696171875,1.2776961718749995,1.0000000000000004,-4.440892098500626e-16,MINIMAL,optimal,1,PLA2_2e
81579_AT1,PLA2G12A,1.277696171875,1.2776961718749995,1.0000000000000004,-4.440892098500626e-16,MINIMAL,optimal,1,PLA2_2e
30814_AT1,PLA2G2E,1.277696171875,1.2776961718749995,1.0000000000000004,-4.440892098500626e-16,MINIMAL,optimal,1,PLA2_2e
5322_AT1,PLA2G5,1.277696171875,1.2776961718749995,1.0000000000000004,-4.440892098500626e-16,MINIMAL,optimal,1,PLA2_2e
10654_AT1,PMVK,1.277696171875,1.2776961718749995,1.0000000000000004,-4.440892098500626e-16,MINIMAL,optimal,1,PMEVKx
79646_AT1,PANK3,1.277696171875,1.2776961718749995,1.0000000000000004,-4.440892098500626e-16,MINIMAL,optimal,1,PNTK
80025_AT3,PANK2,1.277696171875,1.2776961718749995,1.0000000000000004,-4.440892098500626e-16,MINIMAL,optimal,1,PNTK
80025_AT1,PANK2,1.277696171875,1.2776961718749995,1.0000000000000004,-4.440892098500626e-16,MINIMAL,optimal,1,PNTK
80025_AT4,PANK2,1.277696171875,1.2776961718749995,1.0000000000000004,-4.440892098500626e-16,MINIMAL,optimal,1,PNTK
55229_AT1,PANK4,1.277696171875,1.2776961718749995,1.0000000000000004,-4.440892098500626e-16,MINIMAL,optimal,1,PNTK
53354_AT2,PANK1,1.277696171875,1.2776961718749995,1.0000000000000004,-4.440892098500626e-16,MINIMAL,optimal,1,PNTK
53354_AT1,PANK1,1.277696171875,1.2776961718749995,1.0000000000000004,-4.440892098500626e-16,MINIMAL,optimal,1,PNTK
80025_AT2,PANK2,1.277696171875,1.2776961718749995,1.0000000000000004,-4.440892098500626e-16,MINIMAL,optimal,1,PNTK
53354_AT3,PANK1,1.277696171875,1.2776961718749995,1.0000000000000004,-4.440892098500626e-16,MINIMAL,optimal,1,PNTK
8884_AT1,SLC5A6,1.277696171875,1.2776961718749995,1.0000000000000004,-4.440892098500626e-16,MINIMAL,optimal,1,PNTOt5
5464_AT1,PPA1,1.277696171875,1.2776961718749995,1.0000000000000004,-4.440892098500626e-16,MINIMAL,optimal,1,PPA
8612_AT1,PLPP2,1.277696171875,1.2776961718749995,1.0000000000000004,-4.440892098500626e-16,MINIMAL,optimal,1,PPAP
8611_AT2,PLPP1,1.277696171875,1.2776961718749995,1.0000000000000004,-4.440892098500626e-16,MINIMAL,optimal,1,PPAP
8613_AT1,PLPP3,1.277696171875,1.2776961718749995,1.0000000000000004,-4.440892098500626e-16,MINIMAL,optimal,1,PPAP
8611_AT1,PLPP1,1.277696171875,1.2776961718749995,1.0000000000000004,-4.440892098500626e-16,MINIMAL,optimal,1,PPAP
27068_AT4,PPA2,1.277696171875,1.2776961718749995,1.0000000000000004,-4.440892098500626e-16,MINIMAL,optimal,1,PPAm
27068_AT2,PPA2,1.277696171875,1.2776961718749995,1.0000000000000004,-4.440892098500626e-16,MINIMAL,optimal,1,PPAm
27068_AT1,PPA2,1.277696171875,1.2776961718749995,1.0000000000000004,-4.440892098500626e-16,MINIMAL,optimal,1,PPAm
27068_AT3,PPA2,1.277696171875,1.2776961718749995,1.0000000000000004,-4.440892098500626e-16,MINIMAL,optimal,1,PPAm
60490_AT1,PPCDC,1.277696171875,1.2776961718749995,1.0000000000000004,-4.440892098500626e-16,MINIMAL,optimal,1,PPCDC
5095_AT1,PCCA,1.277696171875,1.2776961718749995,1.0000000000000004,-4.440892098500626e-16,MINIMAL,optimal,1,PPCOACm
5096_AT1,PCCB,1.277696171875,1.2776961718749995,1.0000000000000004,-4.440892098500626e-16,MINIMAL,optimal,1,PPCOACm
5236_AT1,PGM1,1.277696171875,1.2776961718749995,1.0000000000000004,-4.440892098500626e-16,MINIMAL,optimal,1,PPM
79717_AT1,PPCS,1.277696171875,1.2776961718749995,1.0000000000000004,-4.440892098500626e-16,MINIMAL,optimal,1,PPNCL3
5198_AT1,PFAS,1.277696171875,1.2776961718749995,1.0000000000000004,-4.440892098500626e-16,MINIMAL,optimal,1,PRFGS
58510_AT1,PRODH2,1.277696171875,1.2776961718749995,1.0000000000000004,-4.440892098500626e-16,MINIMAL,optimal,1,PRO1x
5625_AT1,PRODH,1.277696171875,1.2776961718749995,1.0000000000000004,-4.440892098500626e-16,MINIMAL,optimal,1,PROD2m
6578_AT1,SLCO2A1,1.277696171875,1.2776961718749995,1.0000000000000004,-4.440892098500626e-16,MINIMAL,optimal,1,PROSTGE2t
6580_AT1,SLC22A1,1.277696171875,1.2776961718749995,1.0000000000000004,-4.440892098500626e-16,MINIMAL,optimal,1,PROSTGF2t
221823_AT2,PRPS1L1,1.277696171875,1.2776961718749995,1.0000000000000004,-4.440892098500626e-16,MINIMAL,optimal,1,PRPPS
221823_AT1,PRPS1L1,1.277696171875,1.2776961718749995,1.0000000000000004,-4.440892098500626e-16,MINIMAL,optimal,1,PRPPS
5634_AT1,PRPS2,1.277696171875,1.2776961718749995,1.0000000000000004,-4.440892098500626e-16,MINIMAL,optimal,1,PRPPS
5631_AT1,PRPS1,1.277696171875,1.2776961718749995,1.0000000000000004,-4.440892098500626e-16,MINIMAL,optimal,1,PRPPS
23761_AT1,PISD,1.277696171875,1.2776961718749995,1.0000000000000004,-4.440892098500626e-16,MINIMAL,optimal,1,PSDm_hs
29968_AT2,PSAT1,1.277696171875,1.2776961718749995,1.0000000000000004,-4.440892098500626e-16,MINIMAL,optimal,1,PSERT
29968_AT1,PSAT1,1.277696171875,1.2776961718749995,1.0000000000000004,-4.440892098500626e-16,MINIMAL,optimal,1,PSERT
8781_AT1,8781_AT1,1.277696171875,1.2776961718749995,1.0000000000000004,-4.440892098500626e-16,MINIMAL,optimal,1,PSP_L
5723_AT1,PSPH,1.277696171875,1.2776961718749995,1.0000000000000004,-4.440892098500626e-16,MINIMAL,optimal,1,PSP_L
HS05747,SLC39A11,1.277696171875,1.2776961718749995,1.0000000000000004,-4.440892098500626e-16,MINIMAL,optimal,1,TRANS_45_RXN66_45_565
81490_AT1,PTDSS2,1.277696171875,1.2776961718749995,1.0000000000000004,-4.440892098500626e-16,MINIMAL,optimal,1,PSSA2_hs
10965_AT1,ACOT2,1.277696171875,1.2776961718749995,1.0000000000000004,-4.440892098500626e-16,MINIMAL,optimal,1,PTE3x
8566_AT1,PDXK,1.277696171875,1.2776961718749995,1.0000000000000004,-4.440892098500626e-16,MINIMAL,optimal,3,PYDXK;PYDXNK;PYDAMK
113452_AT1,TMEM54,1.277696171875,1.2776961718749995,1.0000000000000004,-4.440892098500626e-16,MINIMAL,optimal,1,PYK
5315_AT1,PKM,1.277696171875,1.2776961718749995,1.0000000000000004,-4.440892098500626e-16,MINIMAL,optimal,1,PYK
5313_AT1,PKLR,1.277696171875,1.2776961718749995,1.0000000000000004,-4.440892098500626e-16,MINIMAL,optimal,1,PYK
5315_AT2,PKM,1.277696171875,1.2776961718749995,1.0000000000000004,-4.440892098500626e-16,MINIMAL,optimal,1,PYK
5315_AT3,PKM,1.277696171875,1.2776961718749995,1.0000000000000004,-4.440892098500626e-16,MINIMAL,optimal,1,PYK
5313_AT2,PKLR,1.277696171875,1.2776961718749995,1.0000000000000004,-4.440892098500626e-16,MINIMAL,optimal,1,PYK
2944_AT2,GSTM1,1.277696171875,1.2776961718749995,1.0000000000000004,-4.440892098500626e-16,MINIMAL,optimal,1,RAI3
2944_AT1,GSTM1,1.277696171875,1.2776961718749995,1.0000000000000004,-4.440892098500626e-16,MINIMAL,optimal,1,RAI3
55312_AT1,RFK,1.277696171875,1.2776961718749995,1.0000000000000004,-4.440892098500626e-16,MINIMAL,optimal,1,RBFK
51109_AT1,RDH11,1.277696171875,1.2776961718749995,1.0000000000000004,-4.440892098500626e-16,MINIMAL,optimal,3,RDH3a;RDH1a;RDH2a
50700_AT1,RDH8,1.277696171875,1.2776961718749995,1.0000000000000004,-4.440892098500626e-16,MINIMAL,optimal,2,RDH1a;RDH2a
157506_AT1,RDH10,1.277696171875,1.2776961718749995,1.0000000000000004,-4.440892098500626e-16,MINIMAL,optimal,1,RDH1a
57665_AT1,RDH14,1.277696171875,1.2776961718749995,1.0000000000000004,-4.440892098500626e-16,MINIMAL,optimal,3,RDH3a;RDH1a;RDH2a
112724_AT1,RDH13,1.277696171875,1.2776961718749995,1.0000000000000004,-4.440892098500626e-16,MINIMAL,optimal,3,RDH3a;RDH1a;RDH2a
145226_AT1,RDH12,1.277696171875,1.2776961718749995,1.0000000000000004,-4.440892098500626e-16,MINIMAL,optimal,3,RDH3a;RDH1a;RDH2a
195814_AT1,SDR16C5,1.277696171875,1.2776961718749995,1.0000000000000004,-4.440892098500626e-16,MINIMAL,optimal,3,RDH3a;RDH1a;RDH2a
6241_AT1,RRM2,1.277696171875,1.2776961718749995,1.0000000000000004,-4.440892098500626e-16,MINIMAL,optimal,3,RNDR4;RNDR2;RNDR3
6240_AT1,RRM1,1.277696171875,1.2776961718749995,1.0000000000000004,-4.440892098500626e-16,MINIMAL,optimal,3,RNDR4;RNDR2;RNDR3
54981_AT1,NMRK1,1.277696171875,1.2776961718749995,1.0000000000000004,-4.440892098500626e-16,MINIMAL,optimal,1,RNMK
6120_AT1,RPE,1.277696171875,1.2776961718749995,1.0000000000000004,-4.440892098500626e-16,MINIMAL,optimal,1,RPE
6120_AT2,RPE,1.277696171875,1.2776961718749995,1.0000000000000004,-4.440892098500626e-16,MINIMAL,optimal,1,RPE
22934_AT1,RPIA,1.277696171875,1.2776961718749995,1.0000000000000004,-4.440892098500626e-16,MINIMAL,optimal,1,RPI
3176_AT1,HNMT,1.277696171875,1.2776961718749995,1.0000000000000004,-4.440892098500626e-16,MINIMAL,optimal,1,SAMHISTA
6652_AT1,SORD,1.277696171875,1.2776961718749995,1.0000000000000004,-4.440892098500626e-16,MINIMAL,optimal,1,SBTD_D2
9056_AT1,SLC7A7,1.277696171875,1.2776961718749995,1.0000000000000004,-4.440892098500626e-16,MINIMAL,optimal,1,SERLYSNaex
9517_AT1,SPTLC2,1.277696171875,1.2776961718749995,1.0000000000000004,-4.440892098500626e-16,MINIMAL,optimal,1,SERPT
10558_AT1,SPTLC1,1.277696171875,1.2776961718749995,1.0000000000000004,-4.440892098500626e-16,MINIMAL,optimal,1,SERPT
2098_AT1,ESD,1.277696171875,1.2776961718749995,1.0000000000000004,-4.440892098500626e-16,MINIMAL,optimal,1,SFGTH
8879_AT1,SGPL1,1.277696171875,1.2776961718749995,1.0000000000000004,-4.440892098500626e-16,MINIMAL,optimal,1,SGPL12r
HS06570,SLC39A8,1.277696171875,1.2776961718749995,1.0000000000000004,-4.440892098500626e-16,MINIMAL,optimal,1,TRANS_45_RXN66_45_565
284129_AT1,SLC26A11,1.277696171875,1.2776961718749995,1.0000000000000004,-4.440892098500626e-16,MINIMAL,optimal,1,SO4HCOtex
6646_AT1,SOAT1,1.277696171875,1.2776961718749995,1.0000000000000004,-4.440892098500626e-16,MINIMAL,optimal,2,SOAT11;SOAT12
6723_AT1,SRM,1.277696171875,1.2776961718749995,1.0000000000000004,-4.440892098500626e-16,MINIMAL,optimal,1,SPMS
6647_AT1,SOD1,1.277696171875,1.2776961718749995,1.0000000000000004,-4.440892098500626e-16,MINIMAL,optimal,3,SPODM;SPODMx;SPODMn
6648_AT1,SOD2,1.277696171875,1.2776961718749995,1.0000000000000004,-4.440892098500626e-16,MINIMAL,optimal,1,SPODMm
6611_AT1,SMS,1.277696171875,1.2776961718749995,1.0000000000000004,-4.440892098500626e-16,MINIMAL,optimal,1,SPRMS
6713_AT1,SQLE,1.277696171875,1.2776961718749995,1.0000000000000004,-4.440892098500626e-16,MINIMAL,optimal,1,SQLEr
2222_AT1,FDFT1,1.277696171875,1.2776961718749995,1.0000000000000004,-4.440892098500626e-16,MINIMAL,optimal,1,SQLSr
7915_AT1,ALDH5A1,1.277696171875,1.2776961718749995,1.0000000000000004,-4.440892098500626e-16,MINIMAL,optimal,1,SSALxm
HS16925,G_HS16925,1.277696171875,1.2776961718749995,1.0000000000000004,-4.440892098500626e-16,MINIMAL,optimal,2,RXN_45_11570;3_46_1_46_6_46_14_45_RXN
412_AT1,STS,1.277696171875,1.2776961718749995,1.0000000000000004,-4.440892098500626e-16,MINIMAL,optimal,1,STS2
6389_AT1,SDHA,1.277696171875,1.2776961718749995,1.0000000000000004,-4.440892098500626e-16,MINIMAL,optimal,1,SUCD1m
6390_AT1,SDHB,1.277696171875,1.2776961718749995,1.0000000000000004,-4.440892098500626e-16,MINIMAL,optimal,1,SUCD1m
6392_AT1,SDHD,1.277696171875,1.2776961718749995,1.0000000000000004,-4.440892098500626e-16,MINIMAL,optimal,1,SUCD1m
6391_AT1,SDHC,1.277696171875,1.2776961718749995,1.0000000000000004,-4.440892098500626e-16,MINIMAL,optimal,1,SUCD1m
6888_AT1,TALDO1,1.277696171875,1.2776961718749995,1.0000000000000004,-4.440892098500626e-16,MINIMAL,optimal,1,TALA
5092_AT2,PCBD1,1.277696171875,1.2776961718749995,1.0000000000000004,-4.440892098500626e-16,MINIMAL,optimal,1,THBPT4ACAMDASE
5092_AT1,PCBD1,1.277696171875,1.2776961718749995,1.0000000000000004,-4.440892098500626e-16,MINIMAL,optimal,1,THBPT4ACAMDASE
3177_AT1,SLC29A2,1.277696171875,1.2776961718749995,1.0000000000000004,-4.440892098500626e-16,MINIMAL,optimal,1,THYMt
84076_AT1,TKTL2,1.277696171875,1.2776961718749995,1.0000000000000004,-4.440892098500626e-16,MINIMAL,optimal,2,TKT2;TKT1
7086_AT1,TKT,1.277696171875,1.2776961718749995,1.0000000000000004,-4.440892098500626e-16,MINIMAL,optimal,2,TKT2;TKT1
8277_AT1,TKTL1,1.277696171875,1.2776961718749995,1.0000000000000004,-4.440892098500626e-16,MINIMAL,optimal,2,TKT2;TKT1
1890_AT1,TYMP,1.277696171875,1.2776961718749995,1.0000000000000004,-4.440892098500626e-16,MINIMAL,optimal,1,TMDPP
286016_AT1,286016_AT1,1.277696171875,1.2776961718749995,1.0000000000000004,-4.440892098500626e-16,MINIMAL,optimal,1,TPI
HS09883,CHST14,1.277696171875,1.2776961718749995,1.0000000000000004,-4.440892098500626e-16,MINIMAL,optimal,1,RXN_45_11555
HS06046,GNS,1.277696171875,1.2776961718749995,1.0000000000000004,-4.440892098500626e-16,MINIMAL,optimal,2,RXN_45_11570;3_46_1_46_6_46_14_45_RXN
7296_AT3,TXNRD1,1.277696171875,1.2776961718749995,1.0000000000000004,-4.440892098500626e-16,MINIMAL,optimal,1,TRDR
7296_AT2,TXNRD1,1.277696171875,1.2776961718749995,1.0000000000000004,-4.440892098500626e-16,MINIMAL,optimal,1,TRDR
7296_AT1,TXNRD1,1.277696171875,1.2776961718749995,1.0000000000000004,-4.440892098500626e-16,MINIMAL,optimal,1,TRDR
6675_AT1,UAP1,1.277696171875,1.2776961718749995,1.0000000000000004,-4.440892098500626e-16,MINIMAL,optimal,1,UAGDP
91373_AT1,UAP1L1,1.277696171875,1.2776961718749995,1.0000000000000004,-4.440892098500626e-16,MINIMAL,optimal,1,UAGDP
29880_AT1,ALG5,1.277696171875,1.2776961718749995,1.0000000000000004,-4.440892098500626e-16,MINIMAL,optimal,2,UDPDOLPT_L;UDPDOLPT_U
2582_AT2,GALE,1.277696171875,1.2776961718749995,1.0000000000000004,-4.440892098500626e-16,MINIMAL,optimal,1,UDPG4E
2582_AT1,GALE,1.277696171875,1.2776961718749995,1.0000000000000004,-4.440892098500626e-16,MINIMAL,optimal,1,UDPG4E
7358_AT1,UGDH,1.277696171875,1.2776961718749995,1.0000000000000004,-4.440892098500626e-16,MINIMAL,optimal,1,UDPGD
23169_AT1,SLC35D1,1.277696171875,1.2776961718749995,1.0000000000000004,-4.440892098500626e-16,MINIMAL,optimal,1,UDPGLCAter
7357_AT1,UGCG,1.277696171875,1.2776961718749995,1.0000000000000004,-4.440892098500626e-16,MINIMAL,optimal,1,UGCG
54576_AT1,UGT1A8,1.277696171875,1.2776961718749995,1.0000000000000004,-4.440892098500626e-16,MINIMAL,optimal,6,UGT1A5r2;UGT1A10r;UGT1A5r;UGT1A2r;UGT1A6r;UGT1A1r
54575_AT1,UGT1A10,1.277696171875,1.2776961718749995,1.0000000000000004,-4.440892098500626e-16,MINIMAL,optimal,5,UGT1A5r2;UGT1A5r;UGT1A2r;UGT1A6r;UGT1A1r
51733_AT1,UPB1,1.277696171875,1.2776961718749995,1.0000000000000004,-4.440892098500626e-16,MINIMAL,optimal,1,UPPN
HS08260,SLC30A2,1.277696171875,1.2776961718749995,1.0000000000000004,-4.440892098500626e-16,MINIMAL,optimal,1,TRANS_45_RXN66_45_565
