gene_id,gene_name,knockout_flux,baseline_flux,flux_ratio,flux_reduction,impact,status,num_reactions,reactions
2987_AT1,GUK1,-9.485515156779866e-13,8.68247832632316,-1.0924893561809529e-13,1.0000000000001092,LETHAL,optimal,2,DGK1;GK1
51727_AT1,CMPK1,-1.6140973611800286e-14,8.68247832632316,-1.859028379358551e-15,1.0000000000000018,LETHAL,optimal,5,CYTK11n;UMPK5;CYTK3n;CYTK13n;CYTK4n
3156_AT1,HMGCR,-1.1963712810352981e-14,8.68247832632316,-1.3779145032912915e-15,1.0000000000000013,LETHAL,optimal,1,HMGCOARx
2544_AT1,2544_AT1,-8.679276554027362e-15,8.68247832632316,-9.99631237513592e-16,1.000000000000001,LETHAL,optimal,1,PIter
10558_AT1,SPTLC1,-1.0333557312971997e-14,8.68247832632316,-1.1901621777324992e-15,1.000000000000001,LETHAL,optimal,1,SERPT
6307_AT1,MSMO1,-5.127305490151278e-15,8.68247832632316,-5.905347871248393e-16,1.0000000000000007,LETHAL,optimal,2,C4STMO2r;C4STMO1r
788_AT1,SLC25A20,-4.909734719807301e-15,8.68247832632316,-5.654761849415945e-16,1.0000000000000007,LETHAL,optimal,28,LNELDCCRNt;RTOTAL2CRNt;LNLNCACRNt;VACCCRNt;DLNLCGCRNt;C180CRNt;C204CRNt;STRDNCCRNt;PCRNtm;TMNDNCCRNt
6713_AT1,SQLE,-6.088334307488355e-15,8.68247832632316,-7.012207895791699e-16,1.0000000000000007,LETHAL,optimal,1,SQLEr
259230_AT1,SGMS1,-5.131381050473431e-15,8.68247832632316,-5.910041877002253e-16,1.0000000000000007,LETHAL,optimal,1,SMS
4597_AT1,MVD,-3.0407430358222585e-15,8.68247832632316,-3.5021602375942203e-16,1.0000000000000004,LETHAL,optimal,1,DPMVDx
7108_AT1,TM7SF2,-1.8025468561280205e-15,8.68247832632316,-2.0760741212139134e-16,1.0000000000000002,LETHAL,optimal,1,C14STRr
4598_AT1,MVK,-1.7091018300504287e-15,8.68247832632316,-1.968449290416134e-16,1.0000000000000002,LETHAL,optimal,1,MEVK1x
2531_AT1,KDSR,3.1406773943474375e-31,8.68247832632316,3.617259123844477e-32,1.0,LETHAL,optimal,1,3DSPHR
1717_AT1,DHCR7,0.0,8.68247832632316,0.0,1.0,LETHAL,optimal,2,DHCR71r;DHCR72r
2222_AT1,FDFT1,0.0,8.68247832632316,0.0,1.0,LETHAL,optimal,1,SQLSr
3295_AT1,HSD17B4,0.0,8.68247832632316,0.0,1.0,LETHAL,optimal,20,FAOXC260240x;FAOXC183806x;FAOXC200180x;FAOXC2242046x;FAOXC2442246x;HSD17B42x;FAOXC2452253x;C3STKR2r;FAOXC16080x;FAOXC2051843x
4047_AT1,LSS,0.0,8.68247832632316,0.0,1.0,LETHAL,optimal,1,LNSTLSr
6309_AT1,SC5D,0.0,8.68247832632316,0.0,1.0,LETHAL,optimal,2,LSTO2r;LSTO1r
1376_AT1,CPT2,2.530101654799041e-15,8.68247832632316,2.914031639017617e-16,0.9999999999999997,LETHAL,optimal,26,DLNLCGCPT2;LNLCCPT2;C180CPT2;LNLNCACPT2;C204CPT2;STRDNCCPT2;TMNDNCCPT2;C161CPT2;PTDCACRNCPT2;ADRNCPT2
1718_AT1,DHCR24,8.721197742222191e-15,8.68247832632316,1.0044594889205358e-15,0.999999999999999,LETHAL,optimal,3,DHCR242r;DHCR243r;DHCR241r
5238_AT1,PGM3,1.1058583538372883e-14,8.68247832632316,1.2736667023798897e-15,0.9999999999999988,LETHAL,optimal,1,ACGAMPM
50814_AT1,NSDHL,1.4023815981370123e-14,8.68247832632316,1.6151858322356335e-15,0.9999999999999983,LETHAL,optimal,4,C4STMO2r;C3STDH1Pr;C3STDH1r;C4STMO2Pr
10654_AT1,PMVK,3.2472934770958093e-14,8.68247832632316,3.740053651790649e-15,0.9999999999999962,LETHAL,optimal,1,PMEVKx
9517_AT1,SPTLC2,3.531102115335838e-14,8.68247832632316,4.066928799154495e-15,0.9999999999999959,LETHAL,optimal,1,SERPT
2224_AT1,FDPS,4.777140677691884e-14,8.68247832632316,5.502047339650427e-15,0.9999999999999944,LETHAL,optimal,2,GRTTx;DMATTx
10682_AT1,EBP,7.349137869216832e-14,8.68247832632316,8.464331948789362e-15,0.9999999999999916,LETHAL,optimal,2,EBP1r;EBP2r
1595_AT1,CYP51A1,1.3134608144782637e-13,8.68247832632316,1.5127717745014926e-14,0.9999999999999849,LETHAL,optimal,1,LNS14DMr
8833_AT1,GMPS,7.406372290216549e-13,8.68247832632316,8.53025140041206e-14,0.9999999999999147,LETHAL,optimal,1,GMPS2
64841_AT1,GNPNAT1,0.22404383459459573,8.68247832632316,0.025804134047228127,0.9741958659527719,SIGNIFICANT,optimal,1,ACGAM6PS
6563_AT1,SLC14A1,8.682478326322975,8.68247832632316,0.9999999999999787,2.1316282072803006e-14,MINIMAL,optimal,1,UREAt
64080_AT1,RBKS,8.682478326323144,8.68247832632316,0.9999999999999981,1.887379141862766e-15,MINIMAL,optimal,2,DRBK;RBK
1329_AT1,COX5B,8.682478326323146,8.68247832632316,0.9999999999999983,1.6653345369377348e-15,MINIMAL,optimal,1,CYOOm3
3101_AT1,HK3,8.682478326323158,8.68247832632316,0.9999999999999998,2.220446049250313e-16,MINIMAL,optimal,4,HEX10;HEX7;HEX1;HEX4
955_AT1,ENTPD6,8.68247832632316,8.68247832632316,1.0,0.0,MINIMAL,optimal,2,ATPH2e;ATPH1e
197257_AT2,LDHD,8.682478326323162,8.68247832632316,1.0000000000000002,-2.220446049250313e-16,MINIMAL,optimal,2,LDH_D;GLXO1
4514_AT1,COX3,8.682478326323164,8.68247832632316,1.0000000000000004,-4.440892098500626e-16,MINIMAL,optimal,1,CYOOm3
4363_AT1,ABCC1,8.682478326323164,8.68247832632316,1.0000000000000004,-4.440892098500626e-16,MINIMAL,optimal,3,5ADTSTSTERONEGLCte;BILDGLCURte;BILGLCURte
490_AT1,ATP2B1,8.682478326323166,8.68247832632316,1.0000000000000007,-6.661338147750939e-16,MINIMAL,optimal,1,CAATPS
112_AT2,ADCY6,8.682478326323169,8.68247832632316,1.000000000000001,-1.1102230246251565e-15,MINIMAL,optimal,1,ADNCYC
3157_AT1,HMGCS1,8.682478326323169,8.68247832632316,1.000000000000001,-1.1102230246251565e-15,MINIMAL,optimal,1,HMGCOAS
8654_AT1,PDE5A,8.682478326323169,8.68247832632316,1.000000000000001,-1.1102230246251565e-15,MINIMAL,optimal,1,PDE4
125061_AT1,G_125061_AT1,8.68247832632317,8.68247832632316,1.0000000000000013,-1.3322676295501878e-15,MINIMAL,optimal,1,FKYNH
144193_AT1,G_144193_AT1,8.68247832632317,8.68247832632316,1.0000000000000013,-1.3322676295501878e-15,MINIMAL,optimal,1,IZPN
9583_AT1,G_9583_AT1,8.68247832632317,8.68247832632316,1.0000000000000013,-1.3322676295501878e-15,MINIMAL,optimal,1,NDP7er
55293_AT1,UEVLD,8.68247832632317,8.68247832632316,1.0000000000000013,-1.3322676295501878e-15,MINIMAL,optimal,4,GLXO1;LDH_L;2HBO;MCLORi
160287_AT1,LDHAL6A,8.68247832632317,8.68247832632316,1.0000000000000013,-1.3322676295501878e-15,MINIMAL,optimal,4,GLXO1;LDH_L;2HBO;MCLORi
137964_AT1,GPAT4,8.68247832632317,8.68247832632316,1.0000000000000013,-1.3322676295501878e-15,MINIMAL,optimal,1,AGPAT1
1644_AT1,DDC,8.68247832632317,8.68247832632316,1.0000000000000013,-1.3322676295501878e-15,MINIMAL,optimal,5,TYRCBOX;HISDC;PHYCBOXL;5HLTDL;3HLYTCL
56894_AT1,AGPAT3,8.68247832632317,8.68247832632316,1.0000000000000013,-1.3322676295501878e-15,MINIMAL,optimal,1,AGPAT1
10555_AT1,AGPAT2,8.68247832632317,8.68247832632316,1.0000000000000013,-1.3322676295501878e-15,MINIMAL,optimal,1,AGPAT1
3939_AT1,LDHA,8.68247832632317,8.68247832632316,1.0000000000000013,-1.3322676295501878e-15,MINIMAL,optimal,5,LDH_L;MCLORi;LDH_Lm;GLXO1;2HBO
10560_AT1,SLC19A2,8.68247832632317,8.68247832632316,1.0000000000000013,-1.3322676295501878e-15,MINIMAL,optimal,1,THMt3
6567_AT1,SLC16A2,8.68247832632317,8.68247832632316,1.0000000000000013,-1.3322676295501878e-15,MINIMAL,optimal,2,TRIODTHYt2;THYOXt2
8277_AT1,TKTL1,8.68247832632317,8.68247832632316,1.0000000000000013,-1.3322676295501878e-15,MINIMAL,optimal,2,TKT2;TKT1
84076_AT1,TKTL2,8.68247832632317,8.68247832632316,1.0000000000000013,-1.3322676295501878e-15,MINIMAL,optimal,2,TKT2;TKT1
7086_AT1,TKT,8.68247832632317,8.68247832632316,1.0000000000000013,-1.3322676295501878e-15,MINIMAL,optimal,2,TKT2;TKT1
27010_AT1,TPK1,8.68247832632317,8.68247832632316,1.0000000000000013,-1.3322676295501878e-15,MINIMAL,optimal,1,TMDPK
1890_AT1,TYMP,8.68247832632317,8.68247832632316,1.0000000000000013,-1.3322676295501878e-15,MINIMAL,optimal,1,TMDPP
7298_AT1,TYMS,8.68247832632317,8.68247832632316,1.0000000000000013,-1.3322676295501878e-15,MINIMAL,optimal,1,TMDS
7167_AT1,TPI1,8.68247832632317,8.68247832632316,1.0000000000000013,-1.3322676295501878e-15,MINIMAL,optimal,1,TPI
286016_AT1,286016_AT1,8.68247832632317,8.68247832632316,1.0000000000000013,-1.3322676295501878e-15,MINIMAL,optimal,1,TPI
57835_AT3,SLC4A5,8.68247832632317,8.68247832632316,1.0000000000000013,-1.3322676295501878e-15,MINIMAL,optimal,2,2HCO3_NAt;3HCO3_NAt
10165_AT1,SLC25A13,8.68247832632317,8.68247832632316,1.0000000000000013,-1.3322676295501878e-15,MINIMAL,optimal,3,ASPGLUm;GLUt2m;3SALAASPm
2572_AT1,GAD2,8.68247832632317,8.68247832632316,1.0000000000000013,-1.3322676295501878e-15,MINIMAL,optimal,3,GLUDC;LCYSTCBOXL;3SALACBOXL
57835_AT4,SLC4A5,8.68247832632317,8.68247832632316,1.0000000000000013,-1.3322676295501878e-15,MINIMAL,optimal,2,2HCO3_NAt;3HCO3_NAt
57835_AT1,SLC4A5,8.68247832632317,8.68247832632316,1.0000000000000013,-1.3322676295501878e-15,MINIMAL,optimal,2,2HCO3_NAt;3HCO3_NAt
2571_AT2,GAD1,8.68247832632317,8.68247832632316,1.0000000000000013,-1.3322676295501878e-15,MINIMAL,optimal,3,GLUDC;LCYSTCBOXL;3SALACBOXL
3948_AT2,LDHC,8.682478326323173,8.68247832632316,1.0000000000000013,-1.3322676295501878e-15,MINIMAL,optimal,4,GLXO1;LDH_L;2HBO;MCLORi
23498_AT1,HAAO,8.68247832632317,8.68247832632316,1.0000000000000013,-1.3322676295501878e-15,MINIMAL,optimal,1,3HAO
3945_AT1,LDHB,8.68247832632317,8.68247832632316,1.0000000000000013,-1.3322676295501878e-15,MINIMAL,optimal,4,GLXO1;LDH_L;2HBO;MCLORi
51005_AT1,AMDHD2,8.68247832632317,8.68247832632316,1.0000000000000013,-1.3322676295501878e-15,MINIMAL,optimal,1,AGDC
51166_AT2,AADAT,8.68247832632317,8.68247832632316,1.0000000000000013,-1.3322676295501878e-15,MINIMAL,optimal,1,AATA
10554_AT1,AGPAT1,8.68247832632317,8.68247832632316,1.0000000000000013,-1.3322676295501878e-15,MINIMAL,optimal,1,AGPAT1
92483_AT1,LDHAL6B,8.68247832632317,8.68247832632316,1.0000000000000013,-1.3322676295501878e-15,MINIMAL,optimal,4,GLXO1;LDH_L;2HBO;MCLORi
51166_AT1,AADAT,8.68247832632317,8.68247832632316,1.0000000000000013,-1.3322676295501878e-15,MINIMAL,optimal,1,AATA
3948_AT1,LDHC,8.68247832632317,8.68247832632316,1.0000000000000013,-1.3322676295501878e-15,MINIMAL,optimal,4,GLXO1;LDH_L;2HBO;MCLORi
8659_AT2,ALDH4A1,8.68247832632317,8.68247832632316,1.0000000000000013,-1.3322676295501878e-15,MINIMAL,optimal,3,PHCDm;4HGLSDm;P5CDm
4967_AT2,OGDH,8.68247832632317,8.68247832632316,1.0000000000000013,-1.3322676295501878e-15,MINIMAL,optimal,2,2OXOADOXm;AKGDm
8659_AT1,ALDH4A1,8.68247832632317,8.68247832632316,1.0000000000000013,-1.3322676295501878e-15,MINIMAL,optimal,3,PHCDm;4HGLSDm;P5CDm
1743_AT1,DLST,8.68247832632317,8.68247832632316,1.0000000000000013,-1.3322676295501878e-15,MINIMAL,optimal,2,2OXOADOXm;AKGDm
3073_AT1,HEXA,8.68247832632317,8.68247832632316,1.0000000000000013,-1.3322676295501878e-15,MINIMAL,optimal,3,AHEXASEly;NACHEX27ly;AHEXASE2ly
3074_AT1,HEXB,8.68247832632317,8.68247832632316,1.0000000000000013,-1.3322676295501878e-15,MINIMAL,optimal,3,AHEXASEly;NACHEX27ly;AHEXASE2ly
9123_AT1,SLC16A3,8.68247832632317,8.68247832632316,1.0000000000000013,-1.3322676295501878e-15,MINIMAL,optimal,5,ACETONEt2;2HBt2;D_LACt2;PYRt2;L_LACt2r
55326_AT1,AGPAT5,8.68247832632317,8.68247832632316,1.0000000000000013,-1.3322676295501878e-15,MINIMAL,optimal,1,AGPAT1
56895_AT1,AGPAT4,8.68247832632317,8.68247832632316,1.0000000000000013,-1.3322676295501878e-15,MINIMAL,optimal,1,AGPAT1
9194_AT1,SLC16A7,8.68247832632317,8.68247832632316,1.0000000000000013,-1.3322676295501878e-15,MINIMAL,optimal,7,ACACt2;PYRt2;2HBt2;D_LACt2;ACETONEt2;L_LACt2r;PYRt2p
4128_AT1,MAOA,8.68247832632317,8.68247832632316,1.0000000000000013,-1.3322676295501878e-15,MINIMAL,optimal,4,41R2A1H12BOOX;TYROXDAc;PEAMNO;41R1H2MAE12BOOX
6566_AT1,SLC16A1,8.68247832632317,8.68247832632316,1.0000000000000013,-1.3322676295501878e-15,MINIMAL,optimal,14,ACACt2;2HBt2;D_LACt2;ACETONEt2;PYRt2;BUTt2m;ACACt2m;L_LACtm;PYRt2m;ACETONEt2m
56894_AT2,AGPAT3,8.68247832632317,8.68247832632316,1.0000000000000013,-1.3322676295501878e-15,MINIMAL,optimal,1,AGPAT1
4129_AT1,MAOB,8.68247832632317,8.68247832632316,1.0000000000000013,-1.3322676295501878e-15,MINIMAL,optimal,5,MACOXO;PEAMNO;41R2A1H12BOOX;TYROXDAc;41R1H2MAE12BOOX
8604_AT1,SLC25A12,8.68247832632317,8.68247832632316,1.0000000000000013,-1.3322676295501878e-15,MINIMAL,optimal,3,ASPGLUm;GLUt2m;3SALAASPm
5832_AT1,ALDH18A1,8.68247832632317,8.68247832632316,1.0000000000000013,-1.3322676295501878e-15,MINIMAL,optimal,2,G5SDym;GLU5Km
6817_AT1,SULT1A1,8.68247832632317,8.68247832632316,1.0000000000000013,-1.3322676295501878e-15,MINIMAL,optimal,5,DOPASULT;4NPHSULT;TRIODTHYSULT;TYMSULT;ESTSULT
6817_AT2,SULT1A1,8.68247832632317,8.68247832632316,1.0000000000000013,-1.3322676295501878e-15,MINIMAL,optimal,5,DOPASULT;4NPHSULT;TRIODTHYSULT;TYMSULT;ESTSULT
1109_AT1,AKR1C4,8.68247832632317,8.68247832632316,1.0000000000000013,-1.3322676295501878e-15,MINIMAL,optimal,4,AKR1C42;HSD3A1r;HSD3A2r;AKR1C41
6817_AT5,SULT1A1,8.68247832632317,8.68247832632316,1.0000000000000013,-1.3322676295501878e-15,MINIMAL,optimal,5,DOPASULT;4NPHSULT;TRIODTHYSULT;TYMSULT;ESTSULT
6718_AT1,AKR1D1,8.68247832632317,8.68247832632316,1.0000000000000013,-1.3322676295501878e-15,MINIMAL,optimal,2,AKR1D;AKR1D2
6817_AT4,SULT1A1,8.68247832632317,8.68247832632316,1.0000000000000013,-1.3322676295501878e-15,MINIMAL,optimal,5,DOPASULT;4NPHSULT;TRIODTHYSULT;TYMSULT;ESTSULT
2571_AT1,GAD1,8.68247832632317,8.68247832632316,1.0000000000000013,-1.3322676295501878e-15,MINIMAL,optimal,3,GLUDC;LCYSTCBOXL;3SALACBOXL
51380_AT1,CSAD,8.68247832632317,8.68247832632316,1.0000000000000013,-1.3322676295501878e-15,MINIMAL,optimal,2,LCYSTCBOXL;3SALACBOXL
57835_AT2,SLC4A5,8.68247832632317,8.68247832632316,1.0000000000000013,-1.3322676295501878e-15,MINIMAL,optimal,2,2HCO3_NAt;3HCO3_NAt
2805_AT1,GOT1,8.68247832632317,8.68247832632316,1.0000000000000013,-1.3322676295501878e-15,MINIMAL,optimal,5,TYRTA;3SALATAi;ASPTA;LCYSTAT;CYSTA
8671_AT1,SLC4A4,8.68247832632317,8.68247832632316,1.0000000000000013,-1.3322676295501878e-15,MINIMAL,optimal,2,2HCO3_NAt;3HCO3_NAt
10768_AT1,AHCYL1,8.68247832632317,8.68247832632316,1.0000000000000013,-1.3322676295501878e-15,MINIMAL,optimal,1,AHCi
2806_AT1,GOT2,8.68247832632317,8.68247832632316,1.0000000000000013,-1.3322676295501878e-15,MINIMAL,optimal,2,ASPTAm;3SALATAim
10768_AT2,AHCYL1,8.68247832632317,8.68247832632316,1.0000000000000013,-1.3322676295501878e-15,MINIMAL,optimal,1,AHCi
8050_AT1,PDHX,8.68247832632317,8.68247832632316,1.0000000000000013,-1.3322676295501878e-15,MINIMAL,optimal,3,PDHm;2OXOADOXm;AKGDm
191_AT1,AHCY,8.68247832632317,8.68247832632316,1.0000000000000013,-1.3322676295501878e-15,MINIMAL,optimal,1,AHCi
11212_AT1,PROSC,8.68247832632317,8.68247832632316,1.0000000000000013,-1.3322676295501878e-15,MINIMAL,optimal,1,ALAR
223_AT1,ALDH9A1,8.68247832632317,8.68247832632316,1.0000000000000013,-1.3322676295501878e-15,MINIMAL,optimal,7,LCADi_D;ABUTD;ALDD2x;LCADi;BAMPPALDOX;ALDD2y;GCALDD
211_AT2,ALAS1,8.68247832632317,8.68247832632316,1.0000000000000013,-1.3322676295501878e-15,MINIMAL,optimal,1,ALASm
8854_AT1,ALDH1A2,8.68247832632317,8.68247832632316,1.0000000000000013,-1.3322676295501878e-15,MINIMAL,optimal,6,LCADi_D;ALDD2x;LCADi;BAMPPALDOX;ALDD2y;GCALDD
23464_AT1,GCAT,8.68247832632317,8.68247832632316,1.0000000000000013,-1.3322676295501878e-15,MINIMAL,optimal,2,GLYATm;ALASm
8854_AT3,ALDH1A2,8.68247832632317,8.68247832632316,1.0000000000000013,-1.3322676295501878e-15,MINIMAL,optimal,6,LCADi_D;ALDD2x;LCADi;BAMPPALDOX;ALDD2y;GCALDD
6818_AT1,SULT1A3,8.68247832632317,8.68247832632316,1.0000000000000013,-1.3322676295501878e-15,MINIMAL,optimal,3,DOPASULT;4NPHSULT;TYMSULT
471_AT1,ATIC,8.68247832632317,8.68247832632316,1.0000000000000013,-1.3322676295501878e-15,MINIMAL,optimal,2,AICART;IMPC
4967_AT1,OGDH,8.68247832632317,8.68247832632316,1.0000000000000013,-1.3322676295501878e-15,MINIMAL,optimal,2,2OXOADOXm;AKGDm
6817_AT3,SULT1A1,8.68247832632317,8.68247832632316,1.0000000000000013,-1.3322676295501878e-15,MINIMAL,optimal,5,DOPASULT;4NPHSULT;TRIODTHYSULT;TYMSULT;ESTSULT
1738_AT1,DLD,8.68247832632317,8.68247832632316,1.0000000000000013,-1.3322676295501878e-15,MINIMAL,optimal,12,GCC2bim;GCCbim;PDHm;AKGDm;OIVD1m;OIVD2m;GCC2cm;2OXOADOXm;GCCcm;OIVD3m
6799_AT1,SULT1A2,8.68247832632317,8.68247832632316,1.0000000000000013,-1.3322676295501878e-15,MINIMAL,optimal,2,DOPASULT;4NPHSULT
10606_AT1,PAICS,8.68247832632317,8.68247832632316,1.0000000000000013,-1.3322676295501878e-15,MINIMAL,optimal,2,PRASCSi;AIRCr
6799_AT2,SULT1A2,8.68247832632317,8.68247832632316,1.0000000000000013,-1.3322676295501878e-15,MINIMAL,optimal,2,DOPASULT;4NPHSULT
8402_AT1,SLC25A11,8.68247832632317,8.68247832632316,1.0000000000000013,-1.3322676295501878e-15,MINIMAL,optimal,1,AKGMALtm
6818_AT3,SULT1A3,8.68247832632317,8.68247832632316,1.0000000000000013,-1.3322676295501878e-15,MINIMAL,optimal,3,DOPASULT;4NPHSULT;TYMSULT
217_AT1,ALDH2,8.68247832632317,8.68247832632316,1.0000000000000013,-1.3322676295501878e-15,MINIMAL,optimal,1,ALDD2xm
55089_AT1,SLC38A4,8.68247832632317,8.68247832632316,1.0000000000000013,-1.3322676295501878e-15,MINIMAL,optimal,10,ARGt5r;SERt4;GLYt4;ALAt4;PHEt4;GLNt4;LYSt5r;LEUt4;PROt4;ASNt4
6571_AT1,SLC18A2,8.68247832632317,8.68247832632316,1.0000000000000013,-1.3322676295501878e-15,MINIMAL,optimal,5,HISTAVESSEC;5HTRPVESSEC;NRPPHRVESSEC;ADRNLPVESSEC;DOPAVESSEC
6570_AT1,SLC18A1,8.68247832632317,8.68247832632316,1.0000000000000013,-1.3322676295501878e-15,MINIMAL,optimal,5,HISTAVESSEC;5HTRPVESSEC;NRPPHRVESSEC;ADRNLPVESSEC;DOPAVESSEC
2348_AT4,FOLR1,8.68247832632317,8.68247832632316,1.0000000000000013,-1.3322676295501878e-15,MINIMAL,optimal,1,5MTHFt
2351_AT1,2351_AT1,8.68247832632317,8.68247832632316,1.0000000000000013,-1.3322676295501878e-15,MINIMAL,optimal,1,5MTHFt
6818_AT2,SULT1A3,8.68247832632317,8.68247832632316,1.0000000000000013,-1.3322676295501878e-15,MINIMAL,optimal,3,DOPASULT;4NPHSULT;TYMSULT
6510_AT1,SLC1A5,8.68247832632317,8.68247832632316,1.0000000000000013,-1.3322676295501878e-15,MINIMAL,optimal,30,ALACYSNaEx;CYSALANaEx;CYSTHRNaEx;SERASNNaEx;ASNGLNNaEx;CYSASNNaEx;ASNSERNaEx;ASNCYSNaEx;SERCYSNaEx;CYSGLNNaEx
6822_AT1,SULT2A1,8.68247832632317,8.68247832632316,1.0000000000000013,-1.3322676295501878e-15,MINIMAL,optimal,2,DHEASULT;PRGNLONESULT
6509_AT1,SLC1A4,8.68247832632317,8.68247832632316,1.0000000000000013,-1.3322676295501878e-15,MINIMAL,optimal,12,ALACYSNaEx;CYSALANaEx;CYSTHRNaEx;THRCYSNaEx;SERCYSNaEx;THRSERNaEx;SERTHRNaEx;THRALANaEx;ALASERNaEx;ALATHRNaEx
6573_AT2,SLC19A1,8.68247832632317,8.68247832632316,1.0000000000000013,-1.3322676295501878e-15,MINIMAL,optimal,6,5FTHFt2;5MTHFt2;FOLt2;THFt2;THMMPt4;THMTPt
56301_AT1,SLC7A10,8.68247832632317,8.68247832632316,1.0000000000000013,-1.3322676295501878e-15,MINIMAL,optimal,12,ALAGLYexR;CYSGLYex_copy2;THRGLYexR;SERGLNexR;ALADGLNexR;THRGLNexR;ALAGLNexR;CYSGLUexR;SERDGLYexR;SERGLYexR
6573_AT1,SLC19A1,8.68247832632317,8.68247832632316,1.0000000000000013,-1.3322676295501878e-15,MINIMAL,optimal,6,5FTHFt2;5MTHFt2;FOLt2;THFt2;THMMPt4;THMTPt
6520_AT1,SLC3A2,8.68247832632317,8.68247832632316,1.0000000000000013,-1.3322676295501878e-15,MINIMAL,optimal,19,METLEUex;CYSGLYex_copy2;ARGLYSex;THRGLYexR;SERGLNexR;ALADGLNexR;ALAGLNexR;SERGLYexR;AMY1e;ALADGLYexR
316_AT1,AOX1,8.68247832632317,8.68247832632316,1.0000000000000013,-1.3322676295501878e-15,MINIMAL,optimal,1,PYDXDH
6540_AT1,SLC6A13,8.68247832632317,8.68247832632316,1.0000000000000013,-1.3322676295501878e-15,MINIMAL,optimal,1,ABUTt4_2_r
6529_AT1,SLC6A1,8.68247832632317,8.68247832632316,1.0000000000000013,-1.3322676295501878e-15,MINIMAL,optimal,1,ABUTt4_2_r
39_AT1,ACAT2,8.68247832632317,8.68247832632316,1.0000000000000013,-1.3322676295501878e-15,MINIMAL,optimal,2,ACACT1r_copy1;ACACT1r_copy2
38_AT1,ACAT1,8.68247832632317,8.68247832632316,1.0000000000000013,-1.3322676295501878e-15,MINIMAL,optimal,2,ACACT1m;ACACT10m
3032_AT1,HADHB,8.68247832632317,8.68247832632316,1.0000000000000013,-1.3322676295501878e-15,MINIMAL,optimal,5,HACD1m;ECOAH9m;ACACT1m;ECOAH1m;ECOAH12m
3030_AT1,HADHA,8.68247832632317,8.68247832632316,1.0000000000000013,-1.3322676295501878e-15,MINIMAL,optimal,5,HACD1m;ECOAH9m;ACACT1m;ECOAH1m;ECOAH12m
211_AT1,ALAS1,8.68247832632317,8.68247832632316,1.0000000000000013,-1.3322676295501878e-15,MINIMAL,optimal,1,ALASm
212_AT1,ALAS2,8.68247832632317,8.68247832632316,1.0000000000000013,-1.3322676295501878e-15,MINIMAL,optimal,1,ALASm
216_AT1,ALDH1A1,8.68247832632317,8.68247832632316,1.0000000000000013,-1.3322676295501878e-15,MINIMAL,optimal,5,LCADi_D;ALDD2x;LCADi;BAMPPALDOX;GCALDD
501_AT1,ALDH7A1,8.68247832632317,8.68247832632316,1.0000000000000013,-1.3322676295501878e-15,MINIMAL,optimal,6,LCADi_D;AASAD3;ALDD2x;LCADi;BAMPPALDOX;GCALDD
8854_AT2,ALDH1A2,8.68247832632317,8.68247832632316,1.0000000000000013,-1.3322676295501878e-15,MINIMAL,optimal,6,LCADi_D;ALDD2x;LCADi;BAMPPALDOX;ALDD2y;GCALDD
2875_AT1,GPT,8.68247832632317,8.68247832632316,1.0000000000000013,-1.3322676295501878e-15,MINIMAL,optimal,1,ALATA_L
224_AT1,ALDH3A2,8.68247832632317,8.68247832632316,1.0000000000000013,-1.3322676295501878e-15,MINIMAL,optimal,6,LCADi_D;ALDD2x;LCADi;BAMPPALDOX;ALDD2y;GCALDD
84706_AT1,GPT2,8.68247832632317,8.68247832632316,1.0000000000000013,-1.3322676295501878e-15,MINIMAL,optimal,1,ALATA_L
219_AT1,ALDH1B1,8.68247832632317,8.68247832632316,1.0000000000000013,-1.3322676295501878e-15,MINIMAL,optimal,1,ALDD2xm
6542_AT1,SLC7A2,8.68247832632317,8.68247832632316,1.0000000000000013,-1.3322676295501878e-15,MINIMAL,optimal,6,ARGt5r;PHEt4;ORNt;LYSt5r;ALAt4;LEUt4
55902_AT2,ACSS2,8.68247832632317,8.68247832632316,1.0000000000000013,-1.3322676295501878e-15,MINIMAL,optimal,3,ACS2;ACS;ACCOAL
84532_AT1,ACSS1,8.68247832632317,8.68247832632316,1.0000000000000013,-1.3322676295501878e-15,MINIMAL,optimal,2,ACCOALm;ACSm
5973_AT1,RENBP,8.68247832632317,8.68247832632316,1.0000000000000013,-1.3322676295501878e-15,MINIMAL,optimal,1,ACGAM2E
43_AT2,ACHE,8.68247832632317,8.68247832632316,1.0000000000000013,-1.3322676295501878e-15,MINIMAL,optimal,1,ACHEe
2348_AT2,FOLR1,8.68247832632317,8.68247832632316,1.0000000000000013,-1.3322676295501878e-15,MINIMAL,optimal,1,5MTHFt
2348_AT6,FOLR1,8.68247832632317,8.68247832632316,1.0000000000000013,-1.3322676295501878e-15,MINIMAL,optimal,1,5MTHFt
2348_AT5,FOLR1,8.68247832632317,8.68247832632316,1.0000000000000013,-1.3322676295501878e-15,MINIMAL,optimal,1,5MTHFt
2348_AT1,FOLR1,8.68247832632317,8.68247832632316,1.0000000000000013,-1.3322676295501878e-15,MINIMAL,optimal,1,5MTHFt
2352_AT1,FOLR3,8.68247832632317,8.68247832632316,1.0000000000000013,-1.3322676295501878e-15,MINIMAL,optimal,1,5MTHFt
2348_AT3,FOLR1,8.68247832632317,8.68247832632316,1.0000000000000013,-1.3322676295501878e-15,MINIMAL,optimal,1,5MTHFt
65985_AT1,AACS,8.68247832632317,8.68247832632316,1.0000000000000013,-1.3322676295501878e-15,MINIMAL,optimal,3,AACOAT;ACS2;ACS
206358_AT1,SLC36A1,8.68247832632317,8.68247832632316,1.0000000000000013,-1.3322676295501878e-15,MINIMAL,optimal,5,GLYt2r;DALAt2r;PROt2r;ALAt2r;ABUTt2r
6539_AT1,SLC6A12,8.68247832632317,8.68247832632316,1.0000000000000013,-1.3322676295501878e-15,MINIMAL,optimal,2,GLYBt4_2_r;ABUTt4_2_r
6538_AT1,SLC6A11,8.68247832632317,8.68247832632316,1.0000000000000013,-1.3322676295501878e-15,MINIMAL,optimal,1,ABUTt4_2_r
51606_AT2,ATP6V1H,8.68247832632317,8.68247832632316,1.0000000000000013,-1.3322676295501878e-15,MINIMAL,optimal,1,ATPasel
36_AT1,ACADSB,8.68247832632317,8.68247832632316,1.0000000000000013,-1.3322676295501878e-15,MINIMAL,optimal,2,ACOAD10m;ACOAD1fm
11254_AT1,SLC6A14,8.68247832632317,8.68247832632316,1.0000000000000013,-1.3322676295501878e-15,MINIMAL,optimal,17,GLYt4;VALt4;LYSt4;ARGt4;THRt4;CYSt4;TYRt4;SERt4;ALAt4;TRPt4
34_AT1,ACADM,8.68247832632317,8.68247832632316,1.0000000000000013,-1.3322676295501878e-15,MINIMAL,optimal,30,FAOXC200180m;FAOXC150m;FAOXC16180m;FAOXC2242046m;FAOXC226;ACOAD9m;FAOXC160;FAOXC204184m;FAOXC80;FAOXC1811601m
523_AT1,ATP6V1A,8.68247832632317,8.68247832632316,1.0000000000000013,-1.3322676295501878e-15,MINIMAL,optimal,1,ATPasel
28976_AT1,ACAD9,8.68247832632317,8.68247832632316,1.0000000000000013,-1.3322676295501878e-15,MINIMAL,optimal,1,ACOAD1fm
526_AT1,ATP6V1B2,8.68247832632317,8.68247832632316,1.0000000000000013,-1.3322676295501878e-15,MINIMAL,optimal,1,ATPasel
54407_AT1,SLC38A2,8.68247832632317,8.68247832632316,1.0000000000000013,-1.3322676295501878e-15,MINIMAL,optimal,10,SERt4;GLYt4;ALAt4;METt4;PHEt4;THRt4;GLNt4;HISt4;PROt4;ASNt4
30_AT1,ACAA1,8.68247832632317,8.68247832632316,1.0000000000000013,-1.3322676295501878e-15,MINIMAL,optimal,17,FAOXC260240x;FAOXC183806x;FAOXC200180x;FAOXC2242046x;FAOXC2442246x;FAOXC2452253x;FAOXC16080x;FAOXC2051843x;FAOXC2251836x;FAOXC226205x
32_AT1,ACACB,8.68247832632317,8.68247832632316,1.0000000000000013,-1.3322676295501878e-15,MINIMAL,optimal,2,ACCOAC;ACCOACrm
31_AT4,ACACA,8.68247832632317,8.68247832632316,1.0000000000000013,-1.3322676295501878e-15,MINIMAL,optimal,1,ACCOAC
31_AT2,ACACA,8.68247832632317,8.68247832632316,1.0000000000000013,-1.3322676295501878e-15,MINIMAL,optimal,1,ACCOAC
31_AT3,ACACA,8.68247832632317,8.68247832632316,1.0000000000000013,-1.3322676295501878e-15,MINIMAL,optimal,1,ACCOAC
31_AT5,ACACA,8.68247832632317,8.68247832632316,1.0000000000000013,-1.3322676295501878e-15,MINIMAL,optimal,1,ACCOAC
31_AT1,ACACA,8.68247832632317,8.68247832632316,1.0000000000000013,-1.3322676295501878e-15,MINIMAL,optimal,1,ACCOAC
55902_AT1,ACSS2,8.68247832632317,8.68247832632316,1.0000000000000013,-1.3322676295501878e-15,MINIMAL,optimal,3,ACS2;ACS;ACCOAL
92745_AT1,SLC38A5,8.68247832632317,8.68247832632316,1.0000000000000013,-1.3322676295501878e-15,MINIMAL,optimal,4,GLNtN1;ALAtN1;SERtN1;ASNtN1
10991_AT1,SLC38A3,8.68247832632317,8.68247832632316,1.0000000000000013,-1.3322676295501878e-15,MINIMAL,optimal,4,GLNtN1;HIStN1;ALAtN1;ASNtN1
284273_AT2,ZADH2,8.68247832632317,8.68247832632316,1.0000000000000013,-1.3322676295501878e-15,MINIMAL,optimal,6,LCARS;ALCD2x;ALCD21_D;ALCD22_L;ALCD1;ALCD22_D
284273_AT1,ZADH2,8.68247832632317,8.68247832632316,1.0000000000000013,-1.3322676295501878e-15,MINIMAL,optimal,6,LCARS;ALCD2x;ALCD21_D;ALCD22_L;ALCD1;ALCD22_D
10327_AT2,AKR1A1,8.68247832632317,8.68247832632316,1.0000000000000013,-1.3322676295501878e-15,MINIMAL,optimal,7,PPDOy;ALR3;ALR2;ARABR;SBTR;ALCD2y;LALDO2
10327_AT1,AKR1A1,8.68247832632317,8.68247832632316,1.0000000000000013,-1.3322676295501878e-15,MINIMAL,optimal,7,PPDOy;ALR3;ALR2;ARABR;SBTR;ALCD2y;LALDO2
80724_AT1,ACAD10,8.68247832632317,8.68247832632316,1.0000000000000013,-1.3322676295501878e-15,MINIMAL,optimal,1,ACOAD1fm
51606_AT1,ATP6V1H,8.68247832632317,8.68247832632316,1.0000000000000013,-1.3322676295501878e-15,MINIMAL,optimal,1,ATPasel
6572_AT1,SLC18A3,8.68247832632317,8.68247832632316,1.0000000000000013,-1.3322676295501878e-15,MINIMAL,optimal,1,ACHVESSEC
81539_AT1,SLC38A1,8.68247832632317,8.68247832632316,1.0000000000000013,-1.3322676295501878e-15,MINIMAL,optimal,10,SERt4;GLYt4;ALAt4;METt4;PHEt4;THRt4;GLNt4;LEUt4;PROt4;ASNt4
47_AT1,ACLY,8.68247832632317,8.68247832632316,1.0000000000000013,-1.3322676295501878e-15,MINIMAL,optimal,1,ACITL
47_AT2,ACLY,8.68247832632317,8.68247832632316,1.0000000000000013,-1.3322676295501878e-15,MINIMAL,optimal,1,ACITL
84889_AT1,SLC7A3,8.68247832632317,8.68247832632316,1.0000000000000013,-1.3322676295501878e-15,MINIMAL,optimal,6,ARGt5r;PHEt4;ORNt;LYSt5r;ALAt4;LEUt4
54187_AT1,NANS,8.68247832632317,8.68247832632316,1.0000000000000013,-1.3322676295501878e-15,MINIMAL,optimal,2,ACNAM9PL2;ACNAM9PL
6541_AT1,SLC7A1,8.68247832632317,8.68247832632316,1.0000000000000013,-1.3322676295501878e-15,MINIMAL,optimal,6,ARGt5r;PHEt4;ORNt;LYSt5r;ALAt4;LEUt4
26503_AT1,SLC17A5,8.68247832632317,8.68247832632316,1.0000000000000013,-1.3322676295501878e-15,MINIMAL,optimal,2,ACNAMlt;GLCURtly
2194_AT1,FASN,8.68247832632317,8.68247832632316,1.0000000000000013,-1.3322676295501878e-15,MINIMAL,optimal,7,FAS120COA;FAS80COA_L;FAS100COA;FAS140COA;FAS180COA;KAS8;FAS160COA
4125_AT1,MAN2B1,8.68247832632317,8.68247832632316,1.0000000000000013,-1.3322676295501878e-15,MINIMAL,optimal,1,A_MANASEly
48_AT1,ACO1,8.68247832632317,8.68247832632316,1.0000000000000013,-1.3322676295501878e-15,MINIMAL,optimal,1,ACONT
3658_AT1,IREB2,8.68247832632317,8.68247832632316,1.0000000000000013,-1.3322676295501878e-15,MINIMAL,optimal,1,ACONT
50_AT1,ACO2,8.68247832632317,8.68247832632316,1.0000000000000013,-1.3322676295501878e-15,MINIMAL,optimal,1,ACONTm
8309_AT1,ACOX2,8.68247832632317,8.68247832632316,1.0000000000000013,-1.3322676295501878e-15,MINIMAL,optimal,2,ACOX2x;ACOX22x
240_AT1,ALOX5,8.68247832632317,8.68247832632316,1.0000000000000013,-1.3322676295501878e-15,MINIMAL,optimal,2,ALOX52;ALOX5
52_AT1,ACP1,8.68247832632317,8.68247832632316,1.0000000000000013,-1.3322676295501878e-15,MINIMAL,optimal,1,ACP1_FMN
84129_AT1,ACAD11,8.68247832632317,8.68247832632316,1.0000000000000013,-1.3322676295501878e-15,MINIMAL,optimal,1,ACOAD1fm
51606_AT3,ATP6V1H,8.68247832632317,8.68247832632316,1.0000000000000013,-1.3322676295501878e-15,MINIMAL,optimal,1,ATPasel
27034_AT1,ACAD8,8.68247832632317,8.68247832632316,1.0000000000000013,-1.3322676295501878e-15,MINIMAL,optimal,2,ACOAD9m;ACOAD1fm
35_AT1,ACADS,8.68247832632317,8.68247832632316,1.0000000000000013,-1.3322676295501878e-15,MINIMAL,optimal,27,FAOXC200180m;FAOXC150m;FAOXC16180m;FAOXC2242046m;FAOXC226;FAOXC80;FAOXC160;FAOXC204184m;FAOXC1811601m;FAOXC182806m
535_AT1,ATP6V0A1,8.68247832632317,8.68247832632316,1.0000000000000013,-1.3322676295501878e-15,MINIMAL,optimal,1,ATPasel
50617_AT2,ATP6V0A4,8.68247832632317,8.68247832632316,1.0000000000000013,-1.3322676295501878e-15,MINIMAL,optimal,1,ATPasel
9296_AT1,ATP6V1F,8.68247832632317,8.68247832632316,1.0000000000000013,-1.3322676295501878e-15,MINIMAL,optimal,1,ATPasel
534_AT2,ATP6V1G2,8.68247832632317,8.68247832632316,1.0000000000000013,-1.3322676295501878e-15,MINIMAL,optimal,1,ATPasel
115286_AT3,SLC25A26,8.68247832632317,8.68247832632316,1.0000000000000013,-1.3322676295501878e-15,MINIMAL,optimal,1,AMETt2m
115286_AT1,SLC25A26,8.68247832632317,8.68247832632316,1.0000000000000013,-1.3322676295501878e-15,MINIMAL,optimal,1,AMETt2m
1571_AT1,CYP2E1,8.68247832632317,8.68247832632316,1.0000000000000013,-1.3322676295501878e-15,MINIMAL,optimal,4,ACTLMO;P4502E1;ACTNMO;ETOHMO
97_AT1,ACYP1,8.68247832632317,8.68247832632316,1.0000000000000013,-1.3322676295501878e-15,MINIMAL,optimal,1,ACYP
115286_AT2,SLC25A26,8.68247832632317,8.68247832632316,1.0000000000000013,-1.3322676295501878e-15,MINIMAL,optimal,1,AMETt2m
570_AT1,BAAT,8.68247832632317,8.68247832632316,1.0000000000000013,-1.3322676295501878e-15,MINIMAL,optimal,5,BAAT1x;BAAT4x;BAAT3x;BAAT2x;BAAT5x
271_AT2,AMPD2,8.68247832632317,8.68247832632316,1.0000000000000013,-1.3322676295501878e-15,MINIMAL,optimal,1,AMPDA
98_AT1,ACYP2,8.68247832632317,8.68247832632316,1.0000000000000013,-1.3322676295501878e-15,MINIMAL,optimal,1,ACYP
127124_AT2,ATP6V1G3,8.68247832632317,8.68247832632316,1.0000000000000013,-1.3322676295501878e-15,MINIMAL,optimal,1,ATPasel
3712_AT1,IVD,8.68247832632317,8.68247832632316,1.0000000000000013,-1.3322676295501878e-15,MINIMAL,optimal,1,ACOAD8m
9550_AT1,ATP6V1G1,8.68247832632317,8.68247832632316,1.0000000000000013,-1.3322676295501878e-15,MINIMAL,optimal,1,ATPasel
51_AT1,ACOX1,8.68247832632317,8.68247832632316,1.0000000000000013,-1.3322676295501878e-15,MINIMAL,optimal,18,FAOXC260240x;FAOXC183806x;FAOXC200180x;FAOXC2242046x;FAOXC2442246x;ACOAO7p;FAOXC2452253x;FAOXC16080x;FAOXC2051843x;FAOXC2251836x
293_AT1,SLC25A6,8.68247832632317,8.68247832632316,1.0000000000000013,-1.3322676295501878e-15,MINIMAL,optimal,1,ATPtm
51_AT2,ACOX1,8.68247832632317,8.68247832632316,1.0000000000000013,-1.3322676295501878e-15,MINIMAL,optimal,18,FAOXC260240x;FAOXC183806x;FAOXC200180x;FAOXC2242046x;FAOXC2442246x;ACOAO7p;FAOXC2452253x;FAOXC16080x;FAOXC2051843x;FAOXC2251836x
292_AT1,SLC25A5,8.68247832632317,8.68247832632316,1.0000000000000013,-1.3322676295501878e-15,MINIMAL,optimal,1,ATPtm
291_AT1,SLC25A4,8.68247832632317,8.68247832632316,1.0000000000000013,-1.3322676295501878e-15,MINIMAL,optimal,1,ATPtm
3177_AT1,SLC29A2,8.68247832632317,8.68247832632316,1.0000000000000013,-1.3322676295501878e-15,MINIMAL,optimal,14,HYXNt;URAt;THYMt;URIt;THYMDt1;GSNt;ADEt;GUAt;CYTDt;CSNt
270_AT1,AMPD1,8.68247832632317,8.68247832632316,1.0000000000000013,-1.3322676295501878e-15,MINIMAL,optimal,1,AMPDA
290_AT1,ANPEP,8.68247832632317,8.68247832632316,1.0000000000000013,-1.3322676295501878e-15,MINIMAL,optimal,2,AMPTASECG;AMPTASECGe
203_AT1,AK1,8.68247832632317,8.68247832632316,1.0000000000000013,-1.3322676295501878e-15,MINIMAL,optimal,1,ADK1
622_AT1,BDH1,8.68247832632317,8.68247832632316,1.0000000000000013,-1.3322676295501878e-15,MINIMAL,optimal,1,BDHm
622_AT2,BDH1,8.68247832632317,8.68247832632316,1.0000000000000013,-1.3322676295501878e-15,MINIMAL,optimal,1,BDHm
279_AT1,AMY2A,8.68247832632317,8.68247832632316,1.0000000000000013,-1.3322676295501878e-15,MINIMAL,optimal,2,AMY1e;AMY2e
26289_AT2,AK5,8.68247832632317,8.68247832632316,1.0000000000000013,-1.3322676295501878e-15,MINIMAL,optimal,5,CYTK4;ADKd;ADK1;CYTK3;ADK3
277_AT1,AMY1B,8.68247832632317,8.68247832632316,1.0000000000000013,-1.3322676295501878e-15,MINIMAL,optimal,2,AMY1e;AMY2e
231_AT1,AKR1B1,8.68247832632317,8.68247832632316,1.0000000000000013,-1.3322676295501878e-15,MINIMAL,optimal,7,PPDOy;ALR3;ALR2;ARABR;SBTR;ALR;LALDO2
8574_AT1,AKR7A2,8.68247832632317,8.68247832632316,1.0000000000000013,-1.3322676295501878e-15,MINIMAL,optimal,8,PPDOy;ALR2;SBTR;ALR3;ARABR;LALDO2x;LCARR;LALDO2
52_AT2,ACP1,8.68247832632317,8.68247832632316,1.0000000000000013,-1.3322676295501878e-15,MINIMAL,optimal,1,ACP1_FMN
52_AT3,ACP1,8.68247832632317,8.68247832632316,1.0000000000000013,-1.3322676295501878e-15,MINIMAL,optimal,1,ACP1_FMN
23600_AT2,AMACR,8.68247832632317,8.68247832632316,1.0000000000000013,-1.3322676295501878e-15,MINIMAL,optimal,2,AMACR2p;AMACRp
23600_AT1,AMACR,8.68247832632317,8.68247832632316,1.0000000000000013,-1.3322676295501878e-15,MINIMAL,optimal,2,AMACR2p;AMACRp
6519_AT1,SLC3A1,8.68247832632317,8.68247832632316,1.0000000000000013,-1.3322676295501878e-15,MINIMAL,optimal,2,AMY1e;AMY2e
23743_AT1,BHMT2,8.68247832632317,8.68247832632316,1.0000000000000013,-1.3322676295501878e-15,MINIMAL,optimal,1,BHMT
205_AT3,AK4,8.68247832632317,8.68247832632316,1.0000000000000013,-1.3322676295501878e-15,MINIMAL,optimal,1,ADK1m
10599_AT1,SLCO1B1,8.68247832632317,8.68247832632316,1.0000000000000013,-1.3322676295501878e-15,MINIMAL,optimal,11,CHOLATEt;TRIODTHYt;THYOXt;BILIRUBt2;LEUKTRC4t;TCHOLAt;GCHOLAt;ESTRONESt;ESTRADIOLGLCt;BILDGLCURt
204_AT3,AK2,8.68247832632317,8.68247832632316,1.0000000000000013,-1.3322676295501878e-15,MINIMAL,optimal,1,ADK1m
28234_AT1,SLCO1B3,8.68247832632317,8.68247832632316,1.0000000000000013,-1.3322676295501878e-15,MINIMAL,optimal,7,LEUKTRC4t;TCHOLAt;TRIODTHYt;GCHOLAt;ESTRONESt;ESTRADIOLGLCt;BILGLCURt
645_AT1,BLVRB,8.68247832632317,8.68247832632316,1.0000000000000013,-1.3322676295501878e-15,MINIMAL,optimal,1,BILIRED
276_AT2,AMY1A,8.68247832632317,8.68247832632316,1.0000000000000013,-1.3322676295501878e-15,MINIMAL,optimal,2,AMY1e;AMY2e
204_AT2,AK2,8.68247832632317,8.68247832632316,1.0000000000000013,-1.3322676295501878e-15,MINIMAL,optimal,1,ADK1m
3141_AT1,HLCS,8.68247832632317,8.68247832632316,1.0000000000000013,-1.3322676295501878e-15,MINIMAL,optimal,4,BTNPL;BACCLm;BTNPLm;BACCL
97_AT2,ACYP1,8.68247832632317,8.68247832632316,1.0000000000000013,-1.3322676295501878e-15,MINIMAL,optimal,1,ACYP
272_AT1,AMPD3,8.68247832632317,8.68247832632316,1.0000000000000013,-1.3322676295501878e-15,MINIMAL,optimal,1,AMPDA
271_AT3,AMPD2,8.68247832632317,8.68247832632316,1.0000000000000013,-1.3322676295501878e-15,MINIMAL,optimal,1,AMPDA
112611_AT1,RWDD2A,8.68247832632317,8.68247832632316,1.0000000000000013,-1.3322676295501878e-15,MINIMAL,optimal,1,ACYP
271_AT1,AMPD2,8.68247832632317,8.68247832632316,1.0000000000000013,-1.3322676295501878e-15,MINIMAL,optimal,1,AMPDA
100_AT1,ADA,8.68247832632317,8.68247832632316,1.0000000000000013,-1.3322676295501878e-15,MINIMAL,optimal,4,DADAe;ADAe;ADA;DADA
50808_AT1,AK3,8.68247832632317,8.68247832632316,1.0000000000000013,-1.3322676295501878e-15,MINIMAL,optimal,1,ADK3m
8884_AT1,SLC5A6,8.68247832632317,8.68247832632316,1.0000000000000013,-1.3322676295501878e-15,MINIMAL,optimal,2,BTNt3i;PNTOt5
9057_AT1,SLC7A6,8.68247832632317,8.68247832632316,1.0000000000000013,-1.3322676295501878e-15,MINIMAL,optimal,1,ARGLYSex
262_AT1,AMD1,8.68247832632317,8.68247832632316,1.0000000000000013,-1.3322676295501878e-15,MINIMAL,optimal,1,ADMDC
80704_AT1,SLC19A3,8.68247832632317,8.68247832632316,1.0000000000000013,-1.3322676295501878e-15,MINIMAL,optimal,1,THMt3
108_AT1,ADCY2,8.68247832632317,8.68247832632316,1.0000000000000013,-1.3322676295501878e-15,MINIMAL,optimal,1,ADNCYC
114_AT1,ADCY8,8.68247832632317,8.68247832632316,1.0000000000000013,-1.3322676295501878e-15,MINIMAL,optimal,1,ADNCYC
384_AT1,ARG2,8.68247832632317,8.68247832632316,1.0000000000000013,-1.3322676295501878e-15,MINIMAL,optimal,1,ARGNm
51733_AT1,UPB1,8.68247832632317,8.68247832632316,1.0000000000000013,-1.3322676295501878e-15,MINIMAL,optimal,2,BUP2;UPPN
278_AT1,AMY1C,8.68247832632317,8.68247832632316,1.0000000000000013,-1.3322676295501878e-15,MINIMAL,optimal,2,AMY1e;AMY2e
622_AT3,BDH1,8.68247832632317,8.68247832632316,1.0000000000000013,-1.3322676295501878e-15,MINIMAL,optimal,1,BDHm
26289_AT1,AK5,8.68247832632317,8.68247832632316,1.0000000000000013,-1.3322676295501878e-15,MINIMAL,optimal,5,CYTK4;ADKd;ADK1;CYTK3;ADK3
635_AT1,BHMT,8.68247832632317,8.68247832632316,1.0000000000000013,-1.3322676295501878e-15,MINIMAL,optimal,1,BHMT
280_AT1,AMY2B,8.68247832632317,8.68247832632316,1.0000000000000013,-1.3322676295501878e-15,MINIMAL,optimal,2,AMY1e;AMY2e
122481_AT1,AK7,8.68247832632317,8.68247832632316,1.0000000000000013,-1.3322676295501878e-15,MINIMAL,optimal,1,ADK1
276_AT1,AMY1A,8.68247832632317,8.68247832632316,1.0000000000000013,-1.3322676295501878e-15,MINIMAL,optimal,2,AMY1e;AMY2e
111_AT1,ADCY5,8.68247832632317,8.68247832632316,1.0000000000000013,-1.3322676295501878e-15,MINIMAL,optimal,1,ADNCYC
549_AT1,AUH,8.68247832632317,8.68247832632316,1.0000000000000013,-1.3322676295501878e-15,MINIMAL,optimal,2,MGCHrm;ECOAH1m
112_AT1,ADCY6,8.68247832632317,8.68247832632316,1.0000000000000013,-1.3322676295501878e-15,MINIMAL,optimal,1,ADNCYC
1962_AT1,EHHADH,8.68247832632317,8.68247832632316,1.0000000000000013,-1.3322676295501878e-15,MINIMAL,optimal,17,FAOXC260240x;FAOXC183806x;FAOXC200180x;FAOXC2242046x;FAOXC2442246x;FAOXC2452253x;FAOXC16080x;FAOXC2051843x;FAOXC2251836x;FAOXC226205x
115_AT1,ADCY9,8.68247832632317,8.68247832632316,1.0000000000000013,-1.3322676295501878e-15,MINIMAL,optimal,1,ADNCYC
445_AT2,ASS1,8.68247832632317,8.68247832632316,1.0000000000000013,-1.3322676295501878e-15,MINIMAL,optimal,1,ARGSS
109_AT1,ADCY3,8.68247832632317,8.68247832632316,1.0000000000000013,-1.3322676295501878e-15,MINIMAL,optimal,1,ADNCYC
83884_AT1,SLC25A2,8.68247832632317,8.68247832632316,1.0000000000000013,-1.3322676295501878e-15,MINIMAL,optimal,5,LYStm;ORNt4m;ARGtm;CITRtm;ORNt3m
10166_AT1,SLC25A15,8.68247832632317,8.68247832632316,1.0000000000000013,-1.3322676295501878e-15,MINIMAL,optimal,5,LYStm;ORNt4m;ARGtm;CITRtm;ORNt3m
11136_AT1,SLC7A9,8.68247832632317,8.68247832632316,1.0000000000000013,-1.3322676295501878e-15,MINIMAL,optimal,2,AMY1e;AMY2e
644_AT1,BLVRA,8.68247832632317,8.68247832632316,1.0000000000000013,-1.3322676295501878e-15,MINIMAL,optimal,1,BILIRED
204_AT1,AK2,8.68247832632317,8.68247832632316,1.0000000000000013,-1.3322676295501878e-15,MINIMAL,optimal,1,ADK1m
205_AT2,AK4,8.68247832632317,8.68247832632316,1.0000000000000013,-1.3322676295501878e-15,MINIMAL,optimal,1,ADK1m
10380_AT1,BPNT1,8.68247832632317,8.68247832632316,1.0000000000000013,-1.3322676295501878e-15,MINIMAL,optimal,2,BPNT2;BPNT
205_AT1,AK4,8.68247832632317,8.68247832632316,1.0000000000000013,-1.3322676295501878e-15,MINIMAL,optimal,1,ADK1m
686_AT1,BTD,8.68247832632317,8.68247832632316,1.0000000000000013,-1.3322676295501878e-15,MINIMAL,optimal,4,BTND1n;BTNDe;BTND1;BTNDm
132_AT1,ADK,8.68247832632317,8.68247832632316,1.0000000000000013,-1.3322676295501878e-15,MINIMAL,optimal,1,ADNK1
491_AT1,ATP2B2,8.68247832632317,8.68247832632316,1.0000000000000013,-1.3322676295501878e-15,MINIMAL,optimal,1,CAATPS
427_AT2,ASAH1,8.68247832632317,8.68247832632316,1.0000000000000013,-1.3322676295501878e-15,MINIMAL,optimal,1,ASAH1
132_AT2,ADK,8.68247832632317,8.68247832632316,1.0000000000000013,-1.3322676295501878e-15,MINIMAL,optimal,1,ADNK1
492_AT1,ATP2B3,8.68247832632317,8.68247832632316,1.0000000000000013,-1.3322676295501878e-15,MINIMAL,optimal,1,CAATPS
2030_AT1,SLC29A1,8.68247832632317,8.68247832632316,1.0000000000000013,-1.3322676295501878e-15,MINIMAL,optimal,8,URIt;THYMDt1;GSNt;CYTDt;CYTDtm;ADNt;ADNtm;INSt
9963_AT1,SLC23A1,8.68247832632317,8.68247832632316,1.0000000000000013,-1.3322676295501878e-15,MINIMAL,optimal,1,ASCBt4
9153_AT1,SLC28A2,8.68247832632317,8.68247832632316,1.0000000000000013,-1.3322676295501878e-15,MINIMAL,optimal,4,GSNt4;URIt4;ADNt4;INSt4
9962_AT2,SLC23A2,8.68247832632317,8.68247832632316,1.0000000000000013,-1.3322676295501878e-15,MINIMAL,optimal,1,ASCBt4
196883_AT1,ADCY4,8.68247832632317,8.68247832632316,1.0000000000000013,-1.3322676295501878e-15,MINIMAL,optimal,1,ADNCYC
4126_AT1,MANBA,8.68247832632317,8.68247832632316,1.0000000000000013,-1.3322676295501878e-15,MINIMAL,optimal,1,B_MANNASEly
55811_AT1,ADCY10,8.68247832632317,8.68247832632316,1.0000000000000013,-1.3322676295501878e-15,MINIMAL,optimal,1,ADNCYC
113_AT1,ADCY7,8.68247832632317,8.68247832632316,1.0000000000000013,-1.3322676295501878e-15,MINIMAL,optimal,1,ADNCYC
445_AT1,ASS1,8.68247832632317,8.68247832632316,1.0000000000000013,-1.3322676295501878e-15,MINIMAL,optimal,1,ARGSS
10057_AT2,ABCC5,8.68247832632317,8.68247832632316,1.0000000000000013,-1.3322676295501878e-15,MINIMAL,optimal,2,CGMPt;CAMPt
9154_AT2,SLC28A1,8.68247832632317,8.68247832632316,1.0000000000000013,-1.3322676295501878e-15,MINIMAL,optimal,4,URIt4;THMDt4;ADNt4;CYTDt4
10257_AT1,ABCC4,8.68247832632317,8.68247832632316,1.0000000000000013,-1.3322676295501878e-15,MINIMAL,optimal,5,CGMPt;PROSTGE2t3;ESTRADIOLGLCt2;CAMPt;PROSTGE1t3
11164_AT1,NUDT5,8.68247832632317,8.68247832632316,1.0000000000000013,-1.3322676295501878e-15,MINIMAL,optimal,1,ADPRDP
847_AT1,CAT,8.68247832632317,8.68247832632316,1.0000000000000013,-1.3322676295501878e-15,MINIMAL,optimal,3,CATp;CAT2p;CATm
80150_AT1,ASRGL1,8.68247832632317,8.68247832632316,1.0000000000000013,-1.3322676295501878e-15,MINIMAL,optimal,1,ASNNm
440_AT3,ASNS,8.68247832632317,8.68247832632316,1.0000000000000013,-1.3322676295501878e-15,MINIMAL,optimal,1,ASNS1
6547_AT6,SLC8A3,8.68247832632317,8.68247832632316,1.0000000000000013,-1.3322676295501878e-15,MINIMAL,optimal,1,CAt7r
6547_AT5,SLC8A3,8.68247832632317,8.68247832632316,1.0000000000000013,-1.3322676295501878e-15,MINIMAL,optimal,1,CAt7r
6547_AT3,SLC8A3,8.68247832632317,8.68247832632316,1.0000000000000013,-1.3322676295501878e-15,MINIMAL,optimal,1,CAt7r
107_AT1,ADCY1,8.68247832632317,8.68247832632316,1.0000000000000013,-1.3322676295501878e-15,MINIMAL,optimal,1,ADNCYC
427_AT1,ASAH1,8.68247832632317,8.68247832632316,1.0000000000000013,-1.3322676295501878e-15,MINIMAL,optimal,1,ASAH1
353_AT1,APRT,8.68247832632317,8.68247832632316,1.0000000000000013,-1.3322676295501878e-15,MINIMAL,optimal,1,ADPT
790_AT1,CAD,8.68247832632317,8.68247832632316,1.0000000000000013,-1.3322676295501878e-15,MINIMAL,optimal,3,CBPS;ASPCT;DHORTS
1375_AT2,CPT1B,8.68247832632317,8.68247832632316,1.0000000000000013,-1.3322676295501878e-15,MINIMAL,optimal,26,TMNDNCCPT1;C161CPT12;C204CPT1;PTDCACRNCPT1;ADRNCPT1;HPDCACRNCPT1;RTOTALCRNCPT1;ELAIDCPT1;RTOTAL3CRNCPT1;LNELDCCPT1
6507_AT1,SLC1A3,8.68247832632317,8.68247832632316,1.0000000000000013,-1.3322676295501878e-15,MINIMAL,optimal,2,ASPt6;GLUt6
6543_AT1,SLC8A2,8.68247832632317,8.68247832632316,1.0000000000000013,-1.3322676295501878e-15,MINIMAL,optimal,1,CAt7r
6547_AT2,SLC8A3,8.68247832632317,8.68247832632316,1.0000000000000013,-1.3322676295501878e-15,MINIMAL,optimal,1,CAt7r
1375_AT4,CPT1B,8.68247832632317,8.68247832632316,1.0000000000000013,-1.3322676295501878e-15,MINIMAL,optimal,25,TMNDNCCPT1;C161CPT12;C204CPT1;PTDCACRNCPT1;ADRNCPT1;RTOTALCRNCPT1;ELAIDCPT1;RTOTAL3CRNCPT1;LNELDCCPT1;TTDCPT1
57818_AT1,G6PC2,8.68247832632317,8.68247832632316,1.0000000000000013,-1.3322676295501878e-15,MINIMAL,optimal,2,PPAer;G6PPer
92579_AT1,G6PC3,8.68247832632317,8.68247832632316,1.0000000000000013,-1.3322676295501878e-15,MINIMAL,optimal,2,PPAer;G6PPer
6511_AT1,SLC1A6,8.68247832632317,8.68247832632316,1.0000000000000013,-1.3322676295501878e-15,MINIMAL,optimal,2,ASPt6;GLUt6
493_AT1,ATP2B4,8.68247832632317,8.68247832632316,1.0000000000000013,-1.3322676295501878e-15,MINIMAL,optimal,1,CAATPS
64078_AT1,SLC28A3,8.68247832632317,8.68247832632316,1.0000000000000013,-1.3322676295501878e-15,MINIMAL,optimal,12,INSt4;THMDt4;URIt5;ADNt4;CYTDt5;INSt5;THMDt5;URIt4;GSNt4;ADNt5
10057_AT1,ABCC5,8.68247832632317,8.68247832632316,1.0000000000000013,-1.3322676295501878e-15,MINIMAL,optimal,2,CGMPt;CAMPt
9963_AT2,SLC23A1,8.68247832632317,8.68247832632316,1.0000000000000013,-1.3322676295501878e-15,MINIMAL,optimal,1,ASCBt4
9154_AT1,SLC28A1,8.68247832632317,8.68247832632316,1.0000000000000013,-1.3322676295501878e-15,MINIMAL,optimal,4,URIt4;THMDt4;ADNt4;CYTDt4
9962_AT1,SLC23A2,8.68247832632317,8.68247832632316,1.0000000000000013,-1.3322676295501878e-15,MINIMAL,optimal,1,ASCBt4
1373_AT1,CPS1,8.68247832632317,8.68247832632316,1.0000000000000013,-1.3322676295501878e-15,MINIMAL,optimal,1,CBPSam
1375_AT1,CPT1B,8.68247832632317,8.68247832632316,1.0000000000000013,-1.3322676295501878e-15,MINIMAL,optimal,26,TMNDNCCPT1;C161CPT12;C204CPT1;PTDCACRNCPT1;ADRNCPT1;HPDCACRNCPT1;RTOTALCRNCPT1;ELAIDCPT1;RTOTAL3CRNCPT1;LNELDCCPT1
1373_AT2,CPS1,8.68247832632317,8.68247832632316,1.0000000000000013,-1.3322676295501878e-15,MINIMAL,optimal,1,CBPSam
1375_AT3,CPT1B,8.68247832632317,8.68247832632316,1.0000000000000013,-1.3322676295501878e-15,MINIMAL,optimal,25,TMNDNCCPT1;C161CPT12;C204CPT1;PTDCACRNCPT1;ADRNCPT1;HPDCACRNCPT1;RTOTALCRNCPT1;ELAIDCPT1;LNELDCCPT1;TTDCPT1
873_AT1,CBR1,8.68247832632317,8.68247832632316,1.0000000000000013,-1.3322676295501878e-15,MINIMAL,optimal,1,CBR2
954_AT1,ENTPD2,8.68247832632317,8.68247832632316,1.0000000000000013,-1.3322676295501878e-15,MINIMAL,optimal,2,ATPH2e;ATPH1e
957_AT1,ENTPD5,8.68247832632317,8.68247832632316,1.0000000000000013,-1.3322676295501878e-15,MINIMAL,optimal,3,ATPH2e;NDP7er;ATPH1e
440_AT2,ASNS,8.68247832632317,8.68247832632316,1.0000000000000013,-1.3322676295501878e-15,MINIMAL,optimal,1,ASNS1
6547_AT4,SLC8A3,8.68247832632317,8.68247832632316,1.0000000000000013,-1.3322676295501878e-15,MINIMAL,optimal,1,CAt7r
952_AT1,CD38,8.68247832632317,8.68247832632316,1.0000000000000013,-1.3322676295501878e-15,MINIMAL,optimal,3,NADPNe;ADPRIBt;NADNe
6546_AT1,SLC8A1,8.68247832632317,8.68247832632316,1.0000000000000013,-1.3322676295501878e-15,MINIMAL,optimal,1,CAt7r
6547_AT1,SLC8A3,8.68247832632317,8.68247832632316,1.0000000000000013,-1.3322676295501878e-15,MINIMAL,optimal,1,CAt7r
440_AT1,ASNS,8.68247832632317,8.68247832632316,1.0000000000000013,-1.3322676295501878e-15,MINIMAL,optimal,1,ASNS1
1040_AT1,CDS1,8.68247832632317,8.68247832632316,1.0000000000000013,-1.3322676295501878e-15,MINIMAL,optimal,1,CDS
8760_AT1,CDS2,8.68247832632317,8.68247832632316,1.0000000000000013,-1.3322676295501878e-15,MINIMAL,optimal,1,CDSm
10390_AT1,CEPT1,8.68247832632317,8.68247832632316,1.0000000000000013,-1.3322676295501878e-15,MINIMAL,optimal,2,CEPTC;CEPTE
1327_AT1,COX4I1,8.68247832632317,8.68247832632316,1.0000000000000013,-1.3322676295501878e-15,MINIMAL,optimal,1,CYOOm3
56994_AT1,CHPT1,8.68247832632317,8.68247832632316,1.0000000000000013,-1.3322676295501878e-15,MINIMAL,optimal,1,CEPTC
64781_AT2,CERK,8.68247832632317,8.68247832632316,1.0000000000000013,-1.3322676295501878e-15,MINIMAL,optimal,1,CERK
4513_AT1,COX2,8.68247832632317,8.68247832632316,1.0000000000000013,-1.3322676295501878e-15,MINIMAL,optimal,1,CYOOm3
518_AT1,ATP5G3,8.68247832632317,8.68247832632316,1.0000000000000013,-1.3322676295501878e-15,MINIMAL,optimal,1,ATPS4m
1346_AT1,COX7A1,8.68247832632317,8.68247832632316,1.0000000000000013,-1.3322676295501878e-15,MINIMAL,optimal,1,CYOOm3
517_AT2,ATP5G2,8.68247832632317,8.68247832632316,1.0000000000000013,-1.3322676295501878e-15,MINIMAL,optimal,1,ATPS4m
126129_AT1,CPT1C,8.68247832632317,8.68247832632316,1.0000000000000013,-1.3322676295501878e-15,MINIMAL,optimal,26,TMNDNCCPT1;C161CPT12;C204CPT1;PTDCACRNCPT1;ADRNCPT1;HPDCACRNCPT1;RTOTALCRNCPT1;ELAIDCPT1;RTOTAL3CRNCPT1;LNELDCCPT1
6512_AT1,SLC1A7,8.68247832632317,8.68247832632316,1.0000000000000013,-1.3322676295501878e-15,MINIMAL,optimal,2,ASPt6;GLUt6
2538_AT1,G6PC,8.68247832632317,8.68247832632316,1.0000000000000013,-1.3322676295501878e-15,MINIMAL,optimal,2,PPAer;G6PPer
1374_AT1,CPT1A,8.68247832632317,8.68247832632316,1.0000000000000013,-1.3322676295501878e-15,MINIMAL,optimal,26,TMNDNCCPT1;C161CPT12;C204CPT1;PTDCACRNCPT1;ADRNCPT1;HPDCACRNCPT1;RTOTALCRNCPT1;ELAIDCPT1;RTOTAL3CRNCPT1;LNELDCCPT1
6505_AT1,SLC1A1,8.68247832632317,8.68247832632316,1.0000000000000013,-1.3322676295501878e-15,MINIMAL,optimal,2,ASPt6;GLUt6
6506_AT1,SLC1A2,8.68247832632317,8.68247832632316,1.0000000000000013,-1.3322676295501878e-15,MINIMAL,optimal,2,ASPt6;GLUt6
521_AT1,ATP5I,8.68247832632317,8.68247832632316,1.0000000000000013,-1.3322676295501878e-15,MINIMAL,optimal,1,ATPS4m
27089_AT1,UQCRQ,8.68247832632317,8.68247832632316,1.0000000000000013,-1.3322676295501878e-15,MINIMAL,optimal,1,CYOR_u10m
509_AT2,ATP5C1,8.68247832632317,8.68247832632316,1.0000000000000013,-1.3322676295501878e-15,MINIMAL,optimal,1,ATPS4m
513_AT1,ATP5D,8.68247832632317,8.68247832632316,1.0000000000000013,-1.3322676295501878e-15,MINIMAL,optimal,1,ATPS4m
1103_AT3,CHAT,8.68247832632317,8.68247832632316,1.0000000000000013,-1.3322676295501878e-15,MINIMAL,optimal,2,CHATn;CHAT
29796_AT1,UQCR10,8.68247832632317,8.68247832632316,1.0000000000000013,-1.3322676295501878e-15,MINIMAL,optimal,1,CYOR_u10m
1103_AT1,CHAT,8.68247832632317,8.68247832632316,1.0000000000000013,-1.3322676295501878e-15,MINIMAL,optimal,2,CHATn;CHAT
10476_AT2,ATP5H,8.68247832632317,8.68247832632316,1.0000000000000013,-1.3322676295501878e-15,MINIMAL,optimal,1,ATPS4m
517_AT1,ATP5G2,8.68247832632317,8.68247832632316,1.0000000000000013,-1.3322676295501878e-15,MINIMAL,optimal,1,ATPS4m
7386_AT1,UQCRFS1,8.68247832632317,8.68247832632316,1.0000000000000013,-1.3322676295501878e-15,MINIMAL,optimal,1,CYOR_u10m
956_AT1,ENTPD3,8.68247832632317,8.68247832632316,1.0000000000000013,-1.3322676295501878e-15,MINIMAL,optimal,2,ATPH2e;ATPH1e
953_AT1,ENTPD1,8.68247832632317,8.68247832632316,1.0000000000000013,-1.3322676295501878e-15,MINIMAL,optimal,2,ATPH2e;ATPH1e
954_AT2,ENTPD2,8.68247832632317,8.68247832632316,1.0000000000000013,-1.3322676295501878e-15,MINIMAL,optimal,2,ATPH2e;ATPH1e
9551_AT2,ATP5J2,8.68247832632317,8.68247832632316,1.0000000000000013,-1.3322676295501878e-15,MINIMAL,optimal,1,ATPS4m
10423_AT1,CDIPT,8.68247832632317,8.68247832632316,1.0000000000000013,-1.3322676295501878e-15,MINIMAL,optimal,1,CDIPTr
10423_AT2,CDIPT,8.68247832632317,8.68247832632316,1.0000000000000013,-1.3322676295501878e-15,MINIMAL,optimal,1,CDIPTr
498_AT3,ATP5A1,8.68247832632317,8.68247832632316,1.0000000000000013,-1.3322676295501878e-15,MINIMAL,optimal,1,ATPS4m
1103_AT4,CHAT,8.68247832632317,8.68247832632316,1.0000000000000013,-1.3322676295501878e-15,MINIMAL,optimal,2,CHATn;CHAT
7385_AT1,UQCRC2,8.68247832632317,8.68247832632316,1.0000000000000013,-1.3322676295501878e-15,MINIMAL,optimal,1,CYOR_u10m
162466_AT1,PHOSPHO1,8.68247832632317,8.68247832632316,1.0000000000000013,-1.3322676295501878e-15,MINIMAL,optimal,2,ETHP;CHLP
522_AT3,ATP5J,8.68247832632317,8.68247832632316,1.0000000000000013,-1.3322676295501878e-15,MINIMAL,optimal,1,ATPS4m
7388_AT1,UQCRH,8.68247832632317,8.68247832632316,1.0000000000000013,-1.3322676295501878e-15,MINIMAL,optimal,1,CYOR_u10m
9468_AT1,PCYT1B,8.68247832632317,8.68247832632316,1.0000000000000013,-1.3322676295501878e-15,MINIMAL,optimal,1,CHLPCTD
29796_AT2,UQCR10,8.68247832632317,8.68247832632316,1.0000000000000013,-1.3322676295501878e-15,MINIMAL,optimal,1,CYOR_u10m
498_AT2,ATP5A1,8.68247832632317,8.68247832632316,1.0000000000000013,-1.3322676295501878e-15,MINIMAL,optimal,1,ATPS4m
7381_AT1,UQCRB,8.68247832632317,8.68247832632316,1.0000000000000013,-1.3322676295501878e-15,MINIMAL,optimal,1,CYOR_u10m
64781_AT1,CERK,8.68247832632317,8.68247832632316,1.0000000000000013,-1.3322676295501878e-15,MINIMAL,optimal,1,CERK
10975_AT1,UQCR11,8.68247832632317,8.68247832632316,1.0000000000000013,-1.3322676295501878e-15,MINIMAL,optimal,1,CYOR_u10m
10087_AT1,COL4A3BP,8.68247832632317,8.68247832632316,1.0000000000000013,-1.3322676295501878e-15,MINIMAL,optimal,2,CERT1rt;CERT2rt
6565_AT1,SLC15A2,8.68247832632317,8.68247832632316,1.0000000000000013,-1.3322676295501878e-15,MINIMAL,optimal,1,CGLYt3_2
514_AT1,ATP5E,8.68247832632317,8.68247832632316,1.0000000000000013,-1.3322676295501878e-15,MINIMAL,optimal,1,ATPS4m
7384_AT1,UQCRC1,8.68247832632317,8.68247832632316,1.0000000000000013,-1.3322676295501878e-15,MINIMAL,optimal,1,CYOR_u10m
498_AT1,ATP5A1,8.68247832632317,8.68247832632316,1.0000000000000013,-1.3322676295501878e-15,MINIMAL,optimal,1,ATPS4m
1036_AT1,CDO1,8.68247832632317,8.68247832632316,1.0000000000000013,-1.3322676295501878e-15,MINIMAL,optimal,1,CYSO
514_AT2,ATP5E,8.68247832632317,8.68247832632316,1.0000000000000013,-1.3322676295501878e-15,MINIMAL,optimal,1,ATPS4m
6555_AT1,SLC10A2,8.68247832632317,8.68247832632316,1.0000000000000013,-1.3322676295501878e-15,MINIMAL,optimal,3,GCHOLAt2;TCHOLAt2;CHOLATEt2
6554_AT1,SLC10A1,8.68247832632317,8.68247832632316,1.0000000000000013,-1.3322676295501878e-15,MINIMAL,optimal,4,ESTRONESt2;GCHOLAt2;TCHOLAt2;CHOLATEt2
513_AT2,ATP5D,8.68247832632317,8.68247832632316,1.0000000000000013,-1.3322676295501878e-15,MINIMAL,optimal,1,ATPS4m
1491_AT2,CTH,8.68247832632317,8.68247832632316,1.0000000000000013,-1.3322676295501878e-15,MINIMAL,optimal,1,CYSTGL
8714_AT1,ABCC3,8.68247832632317,8.68247832632316,1.0000000000000013,-1.3322676295501878e-15,MINIMAL,optimal,4,TCHOLAt3;GCHOLAt3;CHOLATEt3;ESTRONEGLCt
1491_AT1,CTH,8.68247832632317,8.68247832632316,1.0000000000000013,-1.3322676295501878e-15,MINIMAL,optimal,1,CYSTGL
8714_AT3,ABCC3,8.68247832632317,8.68247832632316,1.0000000000000013,-1.3322676295501878e-15,MINIMAL,optimal,4,TCHOLAt3;GCHOLAt3;CHOLATEt3;ESTRONEGLCt
515_AT1,ATP5F1,8.68247832632317,8.68247832632316,1.0000000000000013,-1.3322676295501878e-15,MINIMAL,optimal,1,ATPS4m
522_AT5,ATP5J,8.68247832632317,8.68247832632316,1.0000000000000013,-1.3322676295501878e-15,MINIMAL,optimal,1,ATPS4m
1103_AT2,CHAT,8.68247832632317,8.68247832632316,1.0000000000000013,-1.3322676295501878e-15,MINIMAL,optimal,2,CHATn;CHAT
1537_AT1,CYC1,8.68247832632317,8.68247832632316,1.0000000000000013,-1.3322676295501878e-15,MINIMAL,optimal,1,CYOR_u10m
516_AT1,ATP5G1,8.68247832632317,8.68247832632316,1.0000000000000013,-1.3322676295501878e-15,MINIMAL,optimal,1,ATPS4m
4519_AT1,CYTB,8.68247832632317,8.68247832632316,1.0000000000000013,-1.3322676295501878e-15,MINIMAL,optimal,1,CYOR_u10m
8714_AT2,ABCC3,8.68247832632317,8.68247832632316,1.0000000000000013,-1.3322676295501878e-15,MINIMAL,optimal,4,TCHOLAt3;GCHOLAt3;CHOLATEt3;ESTRONEGLCt
875_AT1,CBS,8.68247832632317,8.68247832632316,1.0000000000000013,-1.3322676295501878e-15,MINIMAL,optimal,1,CYSTS
1119_AT2,CHKA,8.68247832632317,8.68247832632316,1.0000000000000013,-1.3322676295501878e-15,MINIMAL,optimal,2,CHOLK;ETHAK
124935_AT1,SLC43A2,8.68247832632317,8.68247832632316,1.0000000000000013,-1.3322676295501878e-15,MINIMAL,optimal,6,LEUtec;CYStec;VALtec;METtec;PHEtec;ILEtec
1120_AT1,CHKB,8.68247832632317,8.68247832632316,1.0000000000000013,-1.3322676295501878e-15,MINIMAL,optimal,1,CHOLK
10476_AT1,ATP5H,8.68247832632317,8.68247832632316,1.0000000000000013,-1.3322676295501878e-15,MINIMAL,optimal,1,ATPS4m
57379_AT1,AICDA,8.68247832632317,8.68247832632316,1.0000000000000013,-1.3322676295501878e-15,MINIMAL,optimal,2,CYTD;DCYTD
522_AT1,ATP5J,8.68247832632317,8.68247832632316,1.0000000000000013,-1.3322676295501878e-15,MINIMAL,optimal,1,ATPS4m
978_AT1,CDA,8.68247832632317,8.68247832632316,1.0000000000000013,-1.3322676295501878e-15,MINIMAL,optimal,2,CYTD;DCYTD
9551_AT1,ATP5J2,8.68247832632317,8.68247832632316,1.0000000000000013,-1.3322676295501878e-15,MINIMAL,optimal,1,ATPS4m
522_AT2,ATP5J,8.68247832632317,8.68247832632316,1.0000000000000013,-1.3322676295501878e-15,MINIMAL,optimal,1,ATPS4m
5130_AT1,PCYT1A,8.68247832632317,8.68247832632316,1.0000000000000013,-1.3322676295501878e-15,MINIMAL,optimal,1,CHLPCTD
23428_AT1,SLC7A8,8.68247832632317,8.68247832632316,1.0000000000000013,-1.3322676295501878e-15,MINIMAL,optimal,1,CYSGLYex_copy1
6579_AT1,SLCO1A2,8.68247832632317,8.68247832632316,1.0000000000000013,-1.3322676295501878e-15,MINIMAL,optimal,8,CHOLATEt;TRIODTHYt;PROSTGE2t;THYOXt;TCHOLAt;GCHOLAt;ESTRADIOLGLCt;ESTRONESt
518_AT2,ATP5G3,8.68247832632317,8.68247832632316,1.0000000000000013,-1.3322676295501878e-15,MINIMAL,optimal,1,ATPS4m
23428_AT2,SLC7A8,8.68247832632317,8.68247832632316,1.0000000000000013,-1.3322676295501878e-15,MINIMAL,optimal,1,CYSGLYex_copy1
6582_AT2,SLC22A2,8.68247832632317,8.68247832632316,1.0000000000000013,-1.3322676295501878e-15,MINIMAL,optimal,8,SRTNtu;HISTAtu;DEBRISOQUINEt;PROSTGF2t;CHOLtu;NRPPHRtu;DOPAtu;PROSTGE2t2
509_AT1,ATP5C1,8.68247832632317,8.68247832632316,1.0000000000000013,-1.3322676295501878e-15,MINIMAL,optimal,1,ATPS4m
1606_AT1,DGKA,8.68247832632317,8.68247832632316,1.0000000000000013,-1.3322676295501878e-15,MINIMAL,optimal,1,DAGK_hs
515_AT3,ATP5F1,8.68247832632317,8.68247832632316,1.0000000000000013,-1.3322676295501878e-15,MINIMAL,optimal,1,ATPS4m
6582_AT1,SLC22A2,8.68247832632317,8.68247832632316,1.0000000000000013,-1.3322676295501878e-15,MINIMAL,optimal,8,SRTNtu;HISTAtu;DEBRISOQUINEt;PROSTGF2t;CHOLtu;NRPPHRtu;DOPAtu;PROSTGE2t2
9162_AT1,DGKI,8.68247832632317,8.68247832632316,1.0000000000000013,-1.3322676295501878e-15,MINIMAL,optimal,1,DAGK_hs
6584_AT1,SLC22A5,8.68247832632317,8.68247832632316,1.0000000000000013,-1.3322676295501878e-15,MINIMAL,optimal,5,METt4;CHOLtu;CRNtuNa;LYSt4;CRNt_copy1
4905_AT1,NSF,8.68247832632317,8.68247832632316,1.0000000000000013,-1.3322676295501878e-15,MINIMAL,optimal,1,ATPS4m
9551_AT3,ATP5J2,8.68247832632317,8.68247832632316,1.0000000000000013,-1.3322676295501878e-15,MINIMAL,optimal,1,ATPS4m
506_AT1,ATP5B,8.68247832632317,8.68247832632316,1.0000000000000013,-1.3322676295501878e-15,MINIMAL,optimal,1,ATPS4m
522_AT4,ATP5J,8.68247832632317,8.68247832632316,1.0000000000000013,-1.3322676295501878e-15,MINIMAL,optimal,1,ATPS4m
23657_AT1,SLC7A11,8.68247832632317,8.68247832632316,1.0000000000000013,-1.3322676295501878e-15,MINIMAL,optimal,1,CYSTGLUex
10632_AT1,ATP5L,8.68247832632317,8.68247832632316,1.0000000000000013,-1.3322676295501878e-15,MINIMAL,optimal,1,ATPS4m
515_AT2,ATP5F1,8.68247832632317,8.68247832632316,1.0000000000000013,-1.3322676295501878e-15,MINIMAL,optimal,1,ATPS4m
8647_AT1,ABCB11,8.68247832632317,8.68247832632316,1.0000000000000013,-1.3322676295501878e-15,MINIMAL,optimal,3,TCHOLAt3;GCHOLAt3;CHOLATEt3
51382_AT1,ATP6V1D,8.68247832632317,8.68247832632316,1.0000000000000013,-1.3322676295501878e-15,MINIMAL,optimal,1,ATPasel
1608_AT1,DGKG,8.68247832632317,8.68247832632316,1.0000000000000013,-1.3322676295501878e-15,MINIMAL,optimal,1,DAGK_hs
90423_AT1,ATP6V1E2,8.68247832632317,8.68247832632316,1.0000000000000013,-1.3322676295501878e-15,MINIMAL,optimal,1,ATPasel
8527_AT2,DGKD,8.68247832632317,8.68247832632316,1.0000000000000013,-1.3322676295501878e-15,MINIMAL,optimal,1,DAGK_hs
8527_AT1,DGKD,8.68247832632317,8.68247832632316,1.0000000000000013,-1.3322676295501878e-15,MINIMAL,optimal,1,DAGK_hs
525_AT1,ATP6V1B1,8.68247832632317,8.68247832632316,1.0000000000000013,-1.3322676295501878e-15,MINIMAL,optimal,1,ATPasel
8526_AT1,DGKE,8.68247832632317,8.68247832632316,1.0000000000000013,-1.3322676295501878e-15,MINIMAL,optimal,1,DAGK_hs
527_AT1,ATP6V0C,8.68247832632317,8.68247832632316,1.0000000000000013,-1.3322676295501878e-15,MINIMAL,optimal,1,ATPasel
8525_AT3,DGKZ,8.68247832632317,8.68247832632316,1.0000000000000013,-1.3322676295501878e-15,MINIMAL,optimal,1,DAGK_hs
9114_AT1,ATP6V0D1,8.68247832632317,8.68247832632316,1.0000000000000013,-1.3322676295501878e-15,MINIMAL,optimal,1,ATPasel
1609_AT1,DGKQ,8.68247832632317,8.68247832632316,1.0000000000000013,-1.3322676295501878e-15,MINIMAL,optimal,1,DAGK_hs
7371_AT1,UCK2,8.68247832632317,8.68247832632316,1.0000000000000013,-1.3322676295501878e-15,MINIMAL,optimal,2,URIK1;CYTDK1
516_AT2,ATP5G1,8.68247832632317,8.68247832632316,1.0000000000000013,-1.3322676295501878e-15,MINIMAL,optimal,1,ATPS4m
1120_AT2,CHKB,8.68247832632317,8.68247832632316,1.0000000000000013,-1.3322676295501878e-15,MINIMAL,optimal,1,CHOLK
83549_AT1,UCK1,8.68247832632317,8.68247832632316,1.0000000000000013,-1.3322676295501878e-15,MINIMAL,optimal,2,URIK1;CYTDK1
1119_AT1,CHKA,8.68247832632317,8.68247832632316,1.0000000000000013,-1.3322676295501878e-15,MINIMAL,optimal,2,CHOLK;ETHAK
171425_AT1,CLYBL,8.68247832632317,8.68247832632316,1.0000000000000013,-1.3322676295501878e-15,MINIMAL,optimal,1,CITL
245972_AT1,ATP6V0D2,8.68247832632317,8.68247832632316,1.0000000000000013,-1.3322676295501878e-15,MINIMAL,optimal,1,ATPasel
160851_AT1,DGKH,8.68247832632317,8.68247832632316,1.0000000000000013,-1.3322676295501878e-15,MINIMAL,optimal,1,DAGK_hs
23545_AT1,ATP6V0A2,8.68247832632317,8.68247832632316,1.0000000000000013,-1.3322676295501878e-15,MINIMAL,optimal,1,ATPasel
9058_AT1,SLC13A2,8.68247832632317,8.68247832632316,1.0000000000000013,-1.3322676295501878e-15,MINIMAL,optimal,2,CITt4_2;SUCCt4_2
8525_AT2,DGKZ,8.68247832632317,8.68247832632316,1.0000000000000013,-1.3322676295501878e-15,MINIMAL,optimal,1,DAGK_hs
8525_AT1,DGKZ,8.68247832632317,8.68247832632316,1.0000000000000013,-1.3322676295501878e-15,MINIMAL,optimal,1,DAGK_hs
284111_AT1,SLC13A5,8.68247832632317,8.68247832632316,1.0000000000000013,-1.3322676295501878e-15,MINIMAL,optimal,1,CITt4_4
1610_AT1,DAO,8.68247832632317,8.68247832632316,1.0000000000000013,-1.3322676295501878e-15,MINIMAL,optimal,1,DALAOXx
127124_AT1,ATP6V1G3,8.68247832632317,8.68247832632316,1.0000000000000013,-1.3322676295501878e-15,MINIMAL,optimal,1,ATPasel
10312_AT1,TCIRG1,8.68247832632317,8.68247832632316,1.0000000000000013,-1.3322676295501878e-15,MINIMAL,optimal,1,ATPasel
518_AT3,ATP5G3,8.68247832632317,8.68247832632316,1.0000000000000013,-1.3322676295501878e-15,MINIMAL,optimal,1,ATPS4m
160851_AT2,DGKH,8.68247832632317,8.68247832632316,1.0000000000000013,-1.3322676295501878e-15,MINIMAL,optimal,1,DAGK_hs
6820_AT1,SULT2B1,8.68247832632317,8.68247832632316,1.0000000000000013,-1.3322676295501878e-15,MINIMAL,optimal,1,CHSTEROLSULT
1607_AT1,DGKB,8.68247832632317,8.68247832632316,1.0000000000000013,-1.3322676295501878e-15,MINIMAL,optimal,1,DAGK_hs
19_AT1,ABCA1,8.68247832632317,8.68247832632316,1.0000000000000013,-1.3322676295501878e-15,MINIMAL,optimal,1,CHSTEROLt
528_AT2,ATP6V1C1,8.68247832632317,8.68247832632316,1.0000000000000013,-1.3322676295501878e-15,MINIMAL,optimal,1,ATPasel
5172_AT1,SLC26A4,8.68247832632317,8.68247832632316,1.0000000000000013,-1.3322676295501878e-15,MINIMAL,optimal,1,CLHCOtex
50617_AT1,ATP6V0A4,8.68247832632317,8.68247832632316,1.0000000000000013,-1.3322676295501878e-15,MINIMAL,optimal,1,ATPasel
8992_AT1,ATP6V0E1,8.68247832632317,8.68247832632316,1.0000000000000013,-1.3322676295501878e-15,MINIMAL,optimal,1,ATPasel
65010_AT2,SLC26A6,8.68247832632317,8.68247832632316,1.0000000000000013,-1.3322676295501878e-15,MINIMAL,optimal,6,CLHCO3tex2;CLOXAtex2;SO4CLtex2;SO4OXAtex2;CLFORtex2;CLOHtex2
65010_AT1,SLC26A6,8.68247832632317,8.68247832632316,1.0000000000000013,-1.3322676295501878e-15,MINIMAL,optimal,6,CLHCO3tex2;CLOXAtex2;SO4CLtex2;SO4OXAtex2;CLFORtex2;CLOHtex2
1633_AT1,DCK,8.68247832632317,8.68247832632316,1.0000000000000013,-1.3322676295501878e-15,MINIMAL,optimal,2,DCK2n;DCK1n
65010_AT3,SLC26A6,8.68247832632317,8.68247832632316,1.0000000000000013,-1.3322676295501878e-15,MINIMAL,optimal,6,CLHCO3tex2;CLOXAtex2;SO4CLtex2;SO4OXAtex2;CLFORtex2;CLOHtex2
115111_AT1,SLC26A7,8.68247832632317,8.68247832632316,1.0000000000000013,-1.3322676295501878e-15,MINIMAL,optimal,2,SO4HCOtex;CLHCOtex
533_AT1,ATP6V0B,8.68247832632317,8.68247832632316,1.0000000000000013,-1.3322676295501878e-15,MINIMAL,optimal,1,ATPasel
534_AT1,ATP6V1G2,8.68247832632317,8.68247832632316,1.0000000000000013,-1.3322676295501878e-15,MINIMAL,optimal,1,ATPasel
245973_AT1,ATP6V1C2,8.68247832632317,8.68247832632316,1.0000000000000013,-1.3322676295501878e-15,MINIMAL,optimal,1,ATPasel
50617_AT3,ATP6V0A4,8.68247832632317,8.68247832632316,1.0000000000000013,-1.3322676295501878e-15,MINIMAL,optimal,1,ATPasel
27159_AT2,CHIA,8.68247832632317,8.68247832632316,1.0000000000000013,-1.3322676295501878e-15,MINIMAL,optimal,1,CHTNASEe
1607_AT2,DGKB,8.68247832632317,8.68247832632316,1.0000000000000013,-1.3322676295501878e-15,MINIMAL,optimal,1,DAGK_hs
171425_AT2,CLYBL,8.68247832632317,8.68247832632316,1.0000000000000013,-1.3322676295501878e-15,MINIMAL,optimal,1,CITL
115111_AT2,SLC26A7,8.68247832632317,8.68247832632316,1.0000000000000013,-1.3322676295501878e-15,MINIMAL,optimal,2,SO4HCOtex;CLHCOtex
1811_AT1,SLC26A3,8.68247832632317,8.68247832632316,1.0000000000000013,-1.3322676295501878e-15,MINIMAL,optimal,3,OXAHCOtex;SO4HCOtex;CLHCOtex
115019_AT2,SLC26A9,8.68247832632317,8.68247832632316,1.0000000000000013,-1.3322676295501878e-15,MINIMAL,optimal,2,SO4HCOtex;CLHCOtex
1836_AT1,SLC26A2,8.68247832632317,8.68247832632316,1.0000000000000013,-1.3322676295501878e-15,MINIMAL,optimal,3,OXAHCOtex;SO4HCOtex;CLHCOtex
116369_AT1,SLC26A8,8.68247832632317,8.68247832632316,1.0000000000000013,-1.3322676295501878e-15,MINIMAL,optimal,2,SO4HCOtex;CLHCOtex
115019_AT1,SLC26A9,8.68247832632317,8.68247832632316,1.0000000000000013,-1.3322676295501878e-15,MINIMAL,optimal,2,SO4HCOtex;CLHCOtex
8034_AT1,SLC25A16,8.68247832632317,8.68247832632316,1.0000000000000013,-1.3322676295501878e-15,MINIMAL,optimal,1,COAtim
1371_AT1,CPOX,8.68247832632317,8.68247832632316,1.0000000000000013,-1.3322676295501878e-15,MINIMAL,optimal,1,CPPPGO
6537_AT1,6537_AT1,8.68247832632317,8.68247832632316,1.0000000000000013,-1.3322676295501878e-15,MINIMAL,optimal,1,CREATt4_2_r
6535_AT1,SLC6A8,8.68247832632317,8.68247832632316,1.0000000000000013,-1.3322676295501878e-15,MINIMAL,optimal,1,CREATt4_2_r
6583_AT1,SLC22A4,8.68247832632317,8.68247832632316,1.0000000000000013,-1.3322676295501878e-15,MINIMAL,optimal,2,CRNt_copy2;CRNtHa
51022_AT1,GLRX2,8.68247832632317,8.68247832632316,1.0000000000000013,-1.3322676295501878e-15,MINIMAL,optimal,1,DASCBR
6576_AT1,SLC25A1,8.68247832632317,8.68247832632316,1.0000000000000013,-1.3322676295501878e-15,MINIMAL,optimal,2,CITtbm;CITtam
2745_AT1,GLRX,8.68247832632317,8.68247832632316,1.0000000000000013,-1.3322676295501878e-15,MINIMAL,optimal,1,DASCBR
528_AT1,ATP6V1C1,8.68247832632317,8.68247832632316,1.0000000000000013,-1.3322676295501878e-15,MINIMAL,optimal,1,ATPasel
51022_AT2,GLRX2,8.68247832632317,8.68247832632316,1.0000000000000013,-1.3322676295501878e-15,MINIMAL,optimal,1,DASCBR
1503_AT1,CTPS1,8.68247832632317,8.68247832632316,1.0000000000000013,-1.3322676295501878e-15,MINIMAL,optimal,1,CTPS1
3992_AT1,FADS1,8.68247832632317,8.68247832632316,1.0000000000000013,-1.3322676295501878e-15,MINIMAL,optimal,2,DESAT20_2;DESAT20_1
56474_AT2,CTPS2,8.68247832632317,8.68247832632316,1.0000000000000013,-1.3322676295501878e-15,MINIMAL,optimal,1,CTPS2
84649_AT1,DGAT2,8.68247832632317,8.68247832632316,1.0000000000000013,-1.3322676295501878e-15,MINIMAL,optimal,1,DGAT
56474_AT1,CTPS2,8.68247832632317,8.68247832632316,1.0000000000000013,-1.3322676295501878e-15,MINIMAL,optimal,1,CTPS2
8694_AT1,DGAT1,8.68247832632317,8.68247832632316,1.0000000000000013,-1.3322676295501878e-15,MINIMAL,optimal,1,DGAT
10998_AT1,SLC27A5,8.68247832632317,8.68247832632316,1.0000000000000013,-1.3322676295501878e-15,MINIMAL,optimal,12,FATP4t;FATP7t;FATP9t;HDCAt;LNLCt;ARACHDt2;LNLNCGt;LNLNCAt;FATP5t;DLNLCGt
230_AT1,ALDOC,8.68247832632317,8.68247832632316,1.0000000000000013,-1.3322676295501878e-15,MINIMAL,optimal,3,FBA;FBA4;FBA2
1716_AT1,DGUOK,8.68247832632317,8.68247832632316,1.0000000000000013,-1.3322676295501878e-15,MINIMAL,optimal,1,DGNSKm
226_AT1,ALDOA,8.68247832632317,8.68247832632316,1.0000000000000013,-1.3322676295501878e-15,MINIMAL,optimal,3,FBA;FBA4;FBA2
1635_AT1,DCTD,8.68247832632317,8.68247832632316,1.0000000000000013,-1.3322676295501878e-15,MINIMAL,optimal,1,DCMPDA
10312_AT2,TCIRG1,8.68247832632317,8.68247832632316,1.0000000000000013,-1.3322676295501878e-15,MINIMAL,optimal,1,ATPasel
116369_AT2,SLC26A8,8.68247832632317,8.68247832632316,1.0000000000000013,-1.3322676295501878e-15,MINIMAL,optimal,2,SO4HCOtex;CLHCOtex
529_AT1,ATP6V1E1,8.68247832632317,8.68247832632316,1.0000000000000013,-1.3322676295501878e-15,MINIMAL,optimal,1,ATPasel
6319_AT1,SCD,8.68247832632317,8.68247832632316,1.0000000000000013,-1.3322676295501878e-15,MINIMAL,optimal,4,DESAT18_3;DESAT16_2;DESAT18_4;DESAT18_5
1716_AT3,DGUOK,8.68247832632317,8.68247832632316,1.0000000000000013,-1.3322676295501878e-15,MINIMAL,optimal,1,DGNSKm
170712_AT1,COX7B2,8.68247832632317,8.68247832632316,1.0000000000000013,-1.3322676295501878e-15,MINIMAL,optimal,1,CYOOm3
226_AT2,ALDOA,8.68247832632317,8.68247832632316,1.0000000000000013,-1.3322676295501878e-15,MINIMAL,optimal,3,FBA;FBA4;FBA2
229_AT1,ALDOB,8.68247832632317,8.68247832632316,1.0000000000000013,-1.3322676295501878e-15,MINIMAL,optimal,3,FBA;FBA4;FBA2
8789_AT1,FBP2,8.68247832632317,8.68247832632316,1.0000000000000013,-1.3322676295501878e-15,MINIMAL,optimal,2,FBP;FBP26
9377_AT1,COX5A,8.68247832632317,8.68247832632316,1.0000000000000013,-1.3322676295501878e-15,MINIMAL,optimal,1,CYOOm3
1716_AT2,DGUOK,8.68247832632317,8.68247832632316,1.0000000000000013,-1.3322676295501878e-15,MINIMAL,optimal,1,DGNSKm
9167_AT1,COX7A2L,8.68247832632317,8.68247832632316,1.0000000000000013,-1.3322676295501878e-15,MINIMAL,optimal,1,CYOOm3
1340_AT1,COX6B1,8.68247832632317,8.68247832632316,1.0000000000000013,-1.3322676295501878e-15,MINIMAL,optimal,1,CYOOm3
2203_AT1,FBP1,8.68247832632317,8.68247832632316,1.0000000000000013,-1.3322676295501878e-15,MINIMAL,optimal,2,FBP;FBP26
5208_AT1,PFKFB2,8.68247832632317,8.68247832632316,1.0000000000000013,-1.3322676295501878e-15,MINIMAL,optimal,2,PFK26;FBP26
1384_AT1,CRAT,8.68247832632317,8.68247832632316,1.0000000000000013,-1.3322676295501878e-15,MINIMAL,optimal,3,CSNAT2m;CRNCARtp;CSNATm
1384_AT2,CRAT,8.68247832632317,8.68247832632316,1.0000000000000013,-1.3322676295501878e-15,MINIMAL,optimal,2,CSNATp;CSNAT3x
1431_AT1,CS,8.68247832632317,8.68247832632316,1.0000000000000013,-1.3322676295501878e-15,MINIMAL,optimal,1,CSm
1431_AT2,CS,8.68247832632317,8.68247832632316,1.0000000000000013,-1.3322676295501878e-15,MINIMAL,optimal,1,CSm
9415_AT1,FADS2,8.68247832632317,8.68247832632316,1.0000000000000013,-1.3322676295501878e-15,MINIMAL,optimal,6,DESAT18_6;DESAT18_9;DESAT18_10;DESAT18_8;DESAT18_7;DESAT24_1
1339_AT1,COX6A2,8.68247832632317,8.68247832632316,1.0000000000000013,-1.3322676295501878e-15,MINIMAL,optimal,1,CYOOm3
6517_AT1,SLC2A4,8.68247832632317,8.68247832632316,1.0000000000000013,-1.3322676295501878e-15,MINIMAL,optimal,3,DHAAt1r;GAMt1r;GLCt1
5209_AT1,PFKFB3,8.68247832632317,8.68247832632316,1.0000000000000013,-1.3322676295501878e-15,MINIMAL,optimal,2,PFK26;FBP26
6515_AT1,SLC2A3,8.68247832632317,8.68247832632316,1.0000000000000013,-1.3322676295501878e-15,MINIMAL,optimal,5,DHAAt1r;MALTt1r;GALt1r;MANt1r;GLCt1
1337_AT1,COX6A1,8.68247832632317,8.68247832632316,1.0000000000000013,-1.3322676295501878e-15,MINIMAL,optimal,1,CYOOm3
2235_AT1,FECH,8.68247832632317,8.68247832632316,1.0000000000000013,-1.3322676295501878e-15,MINIMAL,optimal,1,FCLTm
1347_AT1,COX7A2,8.68247832632317,8.68247832632316,1.0000000000000013,-1.3322676295501878e-15,MINIMAL,optimal,1,CYOOm3
2235_AT2,FECH,8.68247832632317,8.68247832632316,1.0000000000000013,-1.3322676295501878e-15,MINIMAL,optimal,1,FCLTm
1350_AT1,COX7C,8.68247832632317,8.68247832632316,1.0000000000000013,-1.3322676295501878e-15,MINIMAL,optimal,1,CYOOm3
226_AT3,ALDOA,8.68247832632317,8.68247832632316,1.0000000000000013,-1.3322676295501878e-15,MINIMAL,optimal,3,FBA;FBA4;FBA2
1716_AT5,DGUOK,8.68247832632317,8.68247832632316,1.0000000000000013,-1.3322676295501878e-15,MINIMAL,optimal,1,DGNSKm
84701_AT1,COX4I2,8.68247832632317,8.68247832632316,1.0000000000000013,-1.3322676295501878e-15,MINIMAL,optimal,1,CYOOm3
1351_AT1,COX8A,8.68247832632317,8.68247832632316,1.0000000000000013,-1.3322676295501878e-15,MINIMAL,optimal,1,CYOOm3
6783_AT1,SULT1E1,8.68247832632317,8.68247832632316,1.0000000000000013,-1.3322676295501878e-15,MINIMAL,optimal,2,DHEASULT;ESTSULT
4512_AT1,COX1,8.68247832632317,8.68247832632316,1.0000000000000013,-1.3322676295501878e-15,MINIMAL,optimal,1,CYOOm3
1345_AT1,COX6C,8.68247832632317,8.68247832632316,1.0000000000000013,-1.3322676295501878e-15,MINIMAL,optimal,1,CYOOm3
79901_AT1,CYBRD1,8.68247832632317,8.68247832632316,1.0000000000000013,-1.3322676295501878e-15,MINIMAL,optimal,1,FE3R2e
11309_AT1,SLCO2B1,8.68247832632317,8.68247832632316,1.0000000000000013,-1.3322676295501878e-15,MINIMAL,optimal,1,ESTRONESt
1719_AT1,DHFR,8.68247832632317,8.68247832632316,1.0000000000000013,-1.3322676295501878e-15,MINIMAL,optimal,2,FOLR2;DHFR
1723_AT1,DHODH,8.68247832632317,8.68247832632316,1.0000000000000013,-1.3322676295501878e-15,MINIMAL,optimal,1,DHORD9
80308_AT1,FLAD1,8.68247832632317,8.68247832632316,1.0000000000000013,-1.3322676295501878e-15,MINIMAL,optimal,1,FMNAT
80308_AT2,FLAD1,8.68247832632317,8.68247832632316,1.0000000000000013,-1.3322676295501878e-15,MINIMAL,optimal,1,FMNAT
2356_AT1,FPGS,8.68247832632317,8.68247832632316,1.0000000000000013,-1.3322676295501878e-15,MINIMAL,optimal,18,FPGS3m;FPGS6;FPGS8m;FPGS4;FPGS6m;FPGS9;FPGS;FPGS4m;FPGS7;FPGS9m
1808_AT1,DPYSL2,8.68247832632317,8.68247832632316,1.0000000000000013,-1.3322676295501878e-15,MINIMAL,optimal,1,DHPM1
1716_AT4,DGUOK,8.68247832632317,8.68247832632316,1.0000000000000013,-1.3322676295501878e-15,MINIMAL,optimal,1,DGNSKm
6513_AT1,SLC2A1,8.68247832632317,8.68247832632316,1.0000000000000013,-1.3322676295501878e-15,MINIMAL,optimal,5,DHAAt1r;GALt1r;MANt1r;GLCt1;GAMt1r
5207_AT1,PFKFB1,8.68247832632317,8.68247832632316,1.0000000000000013,-1.3322676295501878e-15,MINIMAL,optimal,2,PFK26;FBP26
5210_AT1,PFKFB4,8.68247832632317,8.68247832632316,1.0000000000000013,-1.3322676295501878e-15,MINIMAL,optimal,2,PFK26;FBP26
1349_AT1,COX7B,8.68247832632317,8.68247832632316,1.0000000000000013,-1.3322676295501878e-15,MINIMAL,optimal,1,CYOOm3
6514_AT1,SLC2A2,8.68247832632317,8.68247832632316,1.0000000000000013,-1.3322676295501878e-15,MINIMAL,optimal,5,GALt1r;MANt1r;GLCt1;FRUt1r;GAMt1r
79751_AT1,SLC25A22,8.68247832632317,8.68247832632316,1.0000000000000013,-1.3322676295501878e-15,MINIMAL,optimal,1,GLUt2m
83733_AT1,SLC25A18,8.68247832632317,8.68247832632316,1.0000000000000013,-1.3322676295501878e-15,MINIMAL,optimal,1,GLUt2m
29988_AT1,SLC2A8,8.68247832632317,8.68247832632316,1.0000000000000013,-1.3322676295501878e-15,MINIMAL,optimal,3,FRUt1r;GALt1r;GLCt1
29958_AT1,DMGDH,8.68247832632317,8.68247832632316,1.0000000000000013,-1.3322676295501878e-15,MINIMAL,optimal,1,DMGDHm
6518_AT1,SLC2A5,8.68247832632317,8.68247832632316,1.0000000000000013,-1.3322676295501878e-15,MINIMAL,optimal,1,FRUt1r
5167_AT1,ENPP1,8.68247832632317,8.68247832632316,1.0000000000000013,-1.3322676295501878e-15,MINIMAL,optimal,4,DNADDP;UDPGP;NNATr_copy1;FADDP
200010_AT1,SLC5A9,8.68247832632317,8.68247832632316,1.0000000000000013,-1.3322676295501878e-15,MINIMAL,optimal,4,MANt4;GALt4;GLCt4;FRUt4
197257_AT1,LDHD,8.68247832632317,8.68247832632316,1.0000000000000013,-1.3322676295501878e-15,MINIMAL,optimal,2,LDH_D;GLXO1
8560_AT2,DEGS1,8.68247832632317,8.68247832632316,1.0000000000000013,-1.3322676295501878e-15,MINIMAL,optimal,2,DHCRD2;DHCRD1
10840_AT1,ALDH1L1,8.68247832632317,8.68247832632316,1.0000000000000013,-1.3322676295501878e-15,MINIMAL,optimal,2,FDH;FTHFDH
341947_AT1,COX8C,8.68247832632317,8.68247832632316,1.0000000000000013,-1.3322676295501878e-15,MINIMAL,optimal,1,CYOOm3
8560_AT1,DEGS1,8.68247832632317,8.68247832632316,1.0000000000000013,-1.3322676295501878e-15,MINIMAL,optimal,2,DHCRD2;DHCRD1
125965_AT1,COX6B2,8.68247832632317,8.68247832632316,1.0000000000000013,-1.3322676295501878e-15,MINIMAL,optimal,1,CYOOm3
54363_AT1,HAO1,8.68247832632317,8.68247832632316,1.0000000000000013,-1.3322676295501878e-15,MINIMAL,optimal,2,GLYCTO1p;GLXO2p
10841_AT2,FTCD,8.68247832632317,8.68247832632316,1.0000000000000013,-1.3322676295501878e-15,MINIMAL,optimal,2,FTCD;GluForTx
10588_AT1,MTHFS,8.68247832632317,8.68247832632316,1.0000000000000013,-1.3322676295501878e-15,MINIMAL,optimal,1,FTHFCL
2628_AT1,GATM,8.68247832632317,8.68247832632316,1.0000000000000013,-1.3322676295501878e-15,MINIMAL,optimal,1,GLYAMDTRc
9380_AT1,GRHPR,8.68247832632317,8.68247832632316,1.0000000000000013,-1.3322676295501878e-15,MINIMAL,optimal,2,LALDD;GLYCLTDy
4522_AT1,MTHFD1,8.68247832632317,8.68247832632316,1.0000000000000013,-1.3322676295501878e-15,MINIMAL,optimal,3,FTHFLi;MTHFD;MTHFC
286297_AT1,286297_AT1,8.68247832632317,8.68247832632316,1.0000000000000013,-1.3322676295501878e-15,MINIMAL,optimal,1,FTHFLi
25902_AT1,MTHFD1L,8.68247832632317,8.68247832632316,1.0000000000000013,-1.3322676295501878e-15,MINIMAL,optimal,3,MTHFCm;MTHFDm;FTHFLmi
2519_AT1,FUCA2,8.68247832632317,8.68247832632316,1.0000000000000013,-1.3322676295501878e-15,MINIMAL,optimal,2,FUCASE2e;FUCASEe
2713_AT1,2713_AT1,8.68247832632317,8.68247832632316,1.0000000000000013,-1.3322676295501878e-15,MINIMAL,optimal,1,GLYK
2710_AT1,GK,8.68247832632317,8.68247832632316,1.0000000000000013,-1.3322676295501878e-15,MINIMAL,optimal,1,GLYK
1809_AT1,DPYSL3,8.68247832632317,8.68247832632316,1.0000000000000013,-1.3322676295501878e-15,MINIMAL,optimal,1,DHPM1
66035_AT1,SLC2A11,8.68247832632317,8.68247832632316,1.0000000000000013,-1.3322676295501878e-15,MINIMAL,optimal,2,FRUt1r;GLCt1
1807_AT1,DPYS,8.68247832632317,8.68247832632316,1.0000000000000013,-1.3322676295501878e-15,MINIMAL,optimal,2,DHPM2;DHPM1
5860_AT1,QDPR,8.68247832632317,8.68247832632316,1.0000000000000013,-1.3322676295501878e-15,MINIMAL,optimal,1,DHPR
155184_AT1,SLC2A7,8.68247832632317,8.68247832632316,1.0000000000000013,-1.3322676295501878e-15,MINIMAL,optimal,2,FRUt1r;GLCt1
1468_AT1,SLC25A10,8.68247832632317,8.68247832632316,1.0000000000000013,-1.3322676295501878e-15,MINIMAL,optimal,9,SUCCtm;FUMSO4tm;MALtm;FUMTSULtm;MALSO4tm;FUMSO3tm;MALSO3tm;MALTSULtm;FUMtm
3029_AT1,HAGH,8.68247832632317,8.68247832632316,1.0000000000000013,-1.3322676295501878e-15,MINIMAL,optimal,1,GLYOX
84264_AT1,HAGHL,8.68247832632317,8.68247832632316,1.0000000000000013,-1.3322676295501878e-15,MINIMAL,optimal,1,GLYOX
6536_AT2,SLC6A9,8.68247832632317,8.68247832632316,1.0000000000000013,-1.3322676295501878e-15,MINIMAL,optimal,1,GLYt7_211_r
6536_AT1,SLC6A9,8.68247832632317,8.68247832632316,1.0000000000000013,-1.3322676295501878e-15,MINIMAL,optimal,1,GLYt7_211_r
9152_AT1,SLC6A5,8.68247832632317,8.68247832632316,1.0000000000000013,-1.3322676295501878e-15,MINIMAL,optimal,1,GLYt7_311_r
51292_AT1,GMPR2,8.68247832632317,8.68247832632316,1.0000000000000013,-1.3322676295501878e-15,MINIMAL,optimal,1,GMPR
2766_AT1,GMPR,8.68247832632317,8.68247832632316,1.0000000000000013,-1.3322676295501878e-15,MINIMAL,optimal,1,GMPR
60386_AT1,SLC25A19,8.68247832632317,8.68247832632316,1.0000000000000013,-1.3322676295501878e-15,MINIMAL,optimal,63,DNDPt3m;DNDPt23m;DNDPt4m;DNDPt13m;DNDPt60m;DNDPt40m;DNDPt24m;DNDPt50m;DNDPt30m;DNDPt14m
51292_AT3,GMPR2,8.68247832632317,8.68247832632316,1.0000000000000013,-1.3322676295501878e-15,MINIMAL,optimal,1,GMPR
2819_AT1,GPD1,8.68247832632317,8.68247832632316,1.0000000000000013,-1.3322676295501878e-15,MINIMAL,optimal,1,G3PD1ir
5168_AT1,ENPP2,8.68247832632317,8.68247832632316,1.0000000000000013,-1.3322676295501878e-15,MINIMAL,optimal,3,DNADDP;UDPGP;NNATr_copy1
10841_AT1,FTCD,8.68247832632317,8.68247832632316,1.0000000000000013,-1.3322676295501878e-15,MINIMAL,optimal,2,FTCD;GluForTx
5169_AT1,ENPP3,8.68247832632317,8.68247832632316,1.0000000000000013,-1.3322676295501878e-15,MINIMAL,optimal,3,DNADDP;UDPGP;NNATr_copy1
51179_AT1,HAO2,8.68247832632317,8.68247832632316,1.0000000000000013,-1.3322676295501878e-15,MINIMAL,optimal,2,GLYCTO1p;GLXO2p
51179_AT2,HAO2,8.68247832632317,8.68247832632316,1.0000000000000013,-1.3322676295501878e-15,MINIMAL,optimal,2,GLYCTO1p;GLXO2p
27232_AT1,GNMT,8.68247832632317,8.68247832632316,1.0000000000000013,-1.3322676295501878e-15,MINIMAL,optimal,1,GNMT
57678_AT1,GPAM,8.68247832632317,8.68247832632316,1.0000000000000013,-1.3322676295501878e-15,MINIMAL,optimal,1,GPAM_hs
132789_AT1,GNPDA2,8.68247832632317,8.68247832632316,1.0000000000000013,-1.3322676295501878e-15,MINIMAL,optimal,1,G6PDA
9563_AT1,H6PD,8.68247832632317,8.68247832632316,1.0000000000000013,-1.3322676295501878e-15,MINIMAL,optimal,3,G6PDH1er_copy2;G6PDH2er;G6PDH1er_copy1
2936_AT1,GSR,8.68247832632317,8.68247832632316,1.0000000000000013,-1.3322676295501878e-15,MINIMAL,optimal,2,GTHOm;GTHOr
2876_AT1,GPX1,8.68247832632317,8.68247832632316,1.0000000000000013,-1.3322676295501878e-15,MINIMAL,optimal,1,GTHPi
2539_AT1,G6PD,8.68247832632317,8.68247832632316,1.0000000000000013,-1.3322676295501878e-15,MINIMAL,optimal,1,G6PDH2r
2542_AT1,SLC37A4,8.68247832632317,8.68247832632316,1.0000000000000013,-1.3322676295501878e-15,MINIMAL,optimal,1,G6Pter
2593_AT1,GAMT,8.68247832632317,8.68247832632316,1.0000000000000013,-1.3322676295501878e-15,MINIMAL,optimal,1,GACMTRc
2593_AT2,GAMT,8.68247832632317,8.68247832632316,1.0000000000000013,-1.3322676295501878e-15,MINIMAL,optimal,1,GACMTRc
5052_AT3,PRDX1,8.68247832632317,8.68247832632316,1.0000000000000013,-1.3322676295501878e-15,MINIMAL,optimal,1,GTHPi
2712_AT1,GK2,8.68247832632317,8.68247832632316,1.0000000000000013,-1.3322676295501878e-15,MINIMAL,optimal,1,GLYK
2710_AT2,GK,8.68247832632317,8.68247832632316,1.0000000000000013,-1.3322676295501878e-15,MINIMAL,optimal,1,GLYK
84264_AT2,HAGHL,8.68247832632317,8.68247832632316,1.0000000000000013,-1.3322676295501878e-15,MINIMAL,optimal,1,GLYOX
2271_AT1,FH,8.68247832632317,8.68247832632316,1.0000000000000013,-1.3322676295501878e-15,MINIMAL,optimal,2,FUMm;FUM
2184_AT1,FAH,8.68247832632317,8.68247832632316,1.0000000000000013,-1.3322676295501878e-15,MINIMAL,optimal,1,FUMAC
26002_AT1,MOXD1,8.68247832632317,8.68247832632316,1.0000000000000013,-1.3322676295501878e-15,MINIMAL,optimal,1,DOPABMO
5476_AT1,CTSA,8.68247832632317,8.68247832632316,1.0000000000000013,-1.3322676295501878e-15,MINIMAL,optimal,2,GALASE1ly;SIAASEly
5052_AT2,PRDX1,8.68247832632317,8.68247832632316,1.0000000000000013,-1.3322676295501878e-15,MINIMAL,optimal,1,GTHPi
2877_AT1,GPX2,8.68247832632317,8.68247832632316,1.0000000000000013,-1.3322676295501878e-15,MINIMAL,optimal,1,GTHPi
5052_AT1,PRDX1,8.68247832632317,8.68247832632316,1.0000000000000013,-1.3322676295501878e-15,MINIMAL,optimal,1,GTHPi
1621_AT1,DBH,8.68247832632317,8.68247832632316,1.0000000000000013,-1.3322676295501878e-15,MINIMAL,optimal,1,DOPABMO
7001_AT1,PRDX2,8.68247832632317,8.68247832632316,1.0000000000000013,-1.3322676295501878e-15,MINIMAL,optimal,1,GTHPi
4758_AT1,NEU1,8.68247832632317,8.68247832632316,1.0000000000000013,-1.3322676295501878e-15,MINIMAL,optimal,2,GALASE1ly;SIAASEly
2878_AT1,GPX3,8.68247832632317,8.68247832632316,1.0000000000000013,-1.3322676295501878e-15,MINIMAL,optimal,1,GTHPe
6530_AT1,SLC6A2,8.68247832632317,8.68247832632316,1.0000000000000013,-1.3322676295501878e-15,MINIMAL,optimal,2,DOPAt4_2_r;NRPPHRt4_2_r
6531_AT1,SLC6A3,8.68247832632317,8.68247832632316,1.0000000000000013,-1.3322676295501878e-15,MINIMAL,optimal,2,DOPAt4_2_r;NRPPHRt4_2_r
51292_AT2,GMPR2,8.68247832632317,8.68247832632316,1.0000000000000013,-1.3322676295501878e-15,MINIMAL,optimal,1,GMPR
2820_AT1,GPD2,8.68247832632317,8.68247832632316,1.0000000000000013,-1.3322676295501878e-15,MINIMAL,optimal,1,G3PD2m
5226_AT1,PGD,8.68247832632317,8.68247832632316,1.0000000000000013,-1.3322676295501878e-15,MINIMAL,optimal,1,GND
10007_AT1,GNPDA1,8.68247832632317,8.68247832632316,1.0000000000000013,-1.3322676295501878e-15,MINIMAL,optimal,1,G6PDA
80347_AT1,COASY,8.68247832632317,8.68247832632316,1.0000000000000013,-1.3322676295501878e-15,MINIMAL,optimal,2,PTPATi;DPCOAK
2584_AT1,GALK1,8.68247832632317,8.68247832632316,1.0000000000000013,-1.3322676295501878e-15,MINIMAL,optimal,1,GALKr
2585_AT2,GALK2,8.68247832632317,8.68247832632316,1.0000000000000013,-1.3322676295501878e-15,MINIMAL,optimal,1,GALKr
669_AT2,BPGM,8.68247832632317,8.68247832632316,1.0000000000000013,-1.3322676295501878e-15,MINIMAL,optimal,3,DPGM;DPGase;PGM
2937_AT1,GSS,8.68247832632317,8.68247832632316,1.0000000000000013,-1.3322676295501878e-15,MINIMAL,optimal,1,GTHS
5223_AT1,PGAM1,8.68247832632317,8.68247832632316,1.0000000000000013,-1.3322676295501878e-15,MINIMAL,optimal,3,DPGM;DPGase;PGM
2585_AT1,GALK2,8.68247832632317,8.68247832632316,1.0000000000000013,-1.3322676295501878e-15,MINIMAL,optimal,1,GALKr
669_AT1,BPGM,8.68247832632317,8.68247832632316,1.0000000000000013,-1.3322676295501878e-15,MINIMAL,optimal,3,DPGM;DPGase;PGM
5224_AT1,PGAM2,8.68247832632317,8.68247832632316,1.0000000000000013,-1.3322676295501878e-15,MINIMAL,optimal,3,DPGM;DPGase;PGM
5224_AT2,PGAM2,8.68247832632317,8.68247832632316,1.0000000000000013,-1.3322676295501878e-15,MINIMAL,optimal,3,DPGM;DPGase;PGM
7001_AT3,PRDX2,8.68247832632317,8.68247832632316,1.0000000000000013,-1.3322676295501878e-15,MINIMAL,optimal,1,GTHPi
7001_AT2,PRDX2,8.68247832632317,8.68247832632316,1.0000000000000013,-1.3322676295501878e-15,MINIMAL,optimal,1,GTHPi
2876_AT2,GPX1,8.68247832632317,8.68247832632316,1.0000000000000013,-1.3322676295501878e-15,MINIMAL,optimal,1,GTHPi
2879_AT1,GPX4,8.68247832632317,8.68247832632316,1.0000000000000013,-1.3322676295501878e-15,MINIMAL,optimal,2,GTHPm;GTHPi
2720_AT1,GLB1,8.68247832632317,8.68247832632316,1.0000000000000013,-1.3322676295501878e-15,MINIMAL,optimal,2,GALASE1ly;SIAASEly
7083_AT1,TK1,8.68247832632317,8.68247832632316,1.0000000000000013,-1.3322676295501878e-15,MINIMAL,optimal,2,DURIK1;TMDK1
4860_AT1,PNP,8.68247832632317,8.68247832632316,1.0000000000000013,-1.3322676295501878e-15,MINIMAL,optimal,10,PNP;PUNP2;PUNP4;PUNP6;PUNP7;PUNP5;DURIPP;PUNP1;PUNP3;NP1
151531_AT1,UPP2,8.68247832632317,8.68247832632316,1.0000000000000013,-1.3322676295501878e-15,MINIMAL,optimal,2,PYNP2r;DURIPP
2678_AT3,GGT1,8.68247832632317,8.68247832632316,1.0000000000000013,-1.3322676295501878e-15,MINIMAL,optimal,1,GTMLTe
1854_AT1,DUT,8.68247832632317,8.68247832632316,1.0000000000000013,-1.3322676295501878e-15,MINIMAL,optimal,2,DUTPDPn;DUTPDPm
2678_AT2,GGT1,8.68247832632317,8.68247832632316,1.0000000000000013,-1.3322676295501878e-15,MINIMAL,optimal,1,GTMLTe
23539_AT1,SLC16A8,8.68247832632317,8.68247832632316,1.0000000000000013,-1.3322676295501878e-15,MINIMAL,optimal,2,L_LACt2r;D_LACt2
2678_AT1,GGT1,8.68247832632317,8.68247832632316,1.0000000000000013,-1.3322676295501878e-15,MINIMAL,optimal,1,GTMLTe
2679_AT1,2679_AT1,8.68247832632317,8.68247832632316,1.0000000000000013,-1.3322676295501878e-15,MINIMAL,optimal,1,GTMLTe
1892_AT1,ECHS1,8.68247832632317,8.68247832632316,1.0000000000000013,-1.3322676295501878e-15,MINIMAL,optimal,3,ECOAH1m;ECOAH9m;ECOAH12m
257202_AT1,GPX6,8.68247832632317,8.68247832632316,1.0000000000000013,-1.3322676295501878e-15,MINIMAL,optimal,1,GTHPe
2588_AT1,GALNS,8.68247832632317,8.68247832632316,1.0000000000000013,-1.3322676295501878e-15,MINIMAL,optimal,2,GALASE1ly;SIAASEly
6581_AT1,SLC22A3,8.68247832632317,8.68247832632316,1.0000000000000013,-1.3322676295501878e-15,MINIMAL,optimal,3,NRPPHRtu;DOPAtu;HISTAtu
10935_AT2,PRDX3,8.68247832632317,8.68247832632316,1.0000000000000013,-1.3322676295501878e-15,MINIMAL,optimal,1,GTHPm
10935_AT1,PRDX3,8.68247832632317,8.68247832632316,1.0000000000000013,-1.3322676295501878e-15,MINIMAL,optimal,1,GTHPm
4881_AT1,NPR1,8.68247832632317,8.68247832632316,1.0000000000000013,-1.3322676295501878e-15,MINIMAL,optimal,1,GUACYC
2027_AT2,ENO3,8.68247832632317,8.68247832632316,1.0000000000000013,-1.3322676295501878e-15,MINIMAL,optimal,1,ENO
2983_AT1,GUCY1B3,8.68247832632317,8.68247832632316,1.0000000000000013,-1.3322676295501878e-15,MINIMAL,optimal,1,GUACYC
2023_AT1,ENO1,8.68247832632317,8.68247832632316,1.0000000000000013,-1.3322676295501878e-15,MINIMAL,optimal,1,ENO
2984_AT1,GUCY2C,8.68247832632317,8.68247832632316,1.0000000000000013,-1.3322676295501878e-15,MINIMAL,optimal,1,GUACYC
4882_AT1,NPR2,8.68247832632317,8.68247832632316,1.0000000000000013,-1.3322676295501878e-15,MINIMAL,optimal,1,GUACYC
26237_AT1,26237_AT1,8.68247832632317,8.68247832632316,1.0000000000000013,-1.3322676295501878e-15,MINIMAL,optimal,1,ENO
2977_AT1,GUCY1A2,8.68247832632317,8.68247832632316,1.0000000000000013,-1.3322676295501878e-15,MINIMAL,optimal,1,GUACYC
2027_AT1,ENO3,8.68247832632317,8.68247832632316,1.0000000000000013,-1.3322676295501878e-15,MINIMAL,optimal,1,ENO
4882_AT2,NPR2,8.68247832632317,8.68247832632316,1.0000000000000013,-1.3322676295501878e-15,MINIMAL,optimal,1,GUACYC
5833_AT1,PCYT2,8.68247832632317,8.68247832632316,1.0000000000000013,-1.3322676295501878e-15,MINIMAL,optimal,1,PETHCT
9615_AT1,GDA,8.68247832632317,8.68247832632316,1.0000000000000013,-1.3322676295501878e-15,MINIMAL,optimal,1,GUAD
1841_AT1,DTYMK,8.68247832632317,8.68247832632316,1.0000000000000013,-1.3322676295501878e-15,MINIMAL,optimal,3,URIDK2m;NDP8;DTMPK
1806_AT1,DPYD,8.68247832632317,8.68247832632316,1.0000000000000013,-1.3322676295501878e-15,MINIMAL,optimal,2,DURAD;DURAD2
7084_AT1,TK2,8.68247832632317,8.68247832632316,1.0000000000000013,-1.3322676295501878e-15,MINIMAL,optimal,4,DURIK1;TMDK1;DURIK1m;TMDK1m
2109_AT2,ETFB,8.68247832632317,8.68247832632316,1.0000000000000013,-1.3322676295501878e-15,MINIMAL,optimal,1,ETF
2592_AT1,GALT,8.68247832632317,8.68247832632316,1.0000000000000013,-1.3322676295501878e-15,MINIMAL,optimal,2,UGLT;GALT
2108_AT1,ETFA,8.68247832632317,8.68247832632316,1.0000000000000013,-1.3322676295501878e-15,MINIMAL,optimal,1,ETF
2592_AT3,GALT,8.68247832632317,8.68247832632316,1.0000000000000013,-1.3322676295501878e-15,MINIMAL,optimal,2,UGLT;GALT
2109_AT1,ETFB,8.68247832632317,8.68247832632316,1.0000000000000013,-1.3322676295501878e-15,MINIMAL,optimal,1,ETF
2592_AT2,GALT,8.68247832632317,8.68247832632316,1.0000000000000013,-1.3322676295501878e-15,MINIMAL,optimal,2,UGLT;GALT
760_AT1,CA2,8.68247832632317,8.68247832632316,1.0000000000000013,-1.3322676295501878e-15,MINIMAL,optimal,1,H2CO3D
2110_AT1,ETFDH,8.68247832632317,8.68247832632316,1.0000000000000013,-1.3322676295501878e-15,MINIMAL,optimal,1,ETFQO
768_AT1,CA9,8.68247832632317,8.68247832632316,1.0000000000000013,-1.3322676295501878e-15,MINIMAL,optimal,1,H2CO3D
55224_AT1,ETNK2,8.68247832632317,8.68247832632316,1.0000000000000013,-1.3322676295501878e-15,MINIMAL,optimal,1,ETHAK
762_AT1,CA4,8.68247832632317,8.68247832632316,1.0000000000000013,-1.3322676295501878e-15,MINIMAL,optimal,1,H2CO3D
55500_AT1,ETNK1,8.68247832632317,8.68247832632316,1.0000000000000013,-1.3322676295501878e-15,MINIMAL,optimal,1,ETHAK
2982_AT1,GUCY1A3,8.68247832632317,8.68247832632316,1.0000000000000013,-1.3322676295501878e-15,MINIMAL,optimal,1,GUACYC
2974_AT1,2974_AT1,8.68247832632317,8.68247832632316,1.0000000000000013,-1.3322676295501878e-15,MINIMAL,optimal,1,GUACYC
2986_AT1,GUCY2F,8.68247832632317,8.68247832632316,1.0000000000000013,-1.3322676295501878e-15,MINIMAL,optimal,1,GUACYC
2026_AT1,ENO2,8.68247832632317,8.68247832632316,1.0000000000000013,-1.3322676295501878e-15,MINIMAL,optimal,1,ENO
7360_AT1,UGP2,8.68247832632317,8.68247832632316,1.0000000000000013,-1.3322676295501878e-15,MINIMAL,optimal,1,GALUi
7359_AT1,7359_AT1,8.68247832632317,8.68247832632316,1.0000000000000013,-1.3322676295501878e-15,MINIMAL,optimal,1,GALUi
7360_AT2,UGP2,8.68247832632317,8.68247832632316,1.0000000000000013,-1.3322676295501878e-15,MINIMAL,optimal,1,GALUi
771_AT1,CA12,8.68247832632317,8.68247832632316,1.0000000000000013,-1.3322676295501878e-15,MINIMAL,optimal,1,H2CO3D
766_AT1,CA7,8.68247832632317,8.68247832632316,1.0000000000000013,-1.3322676295501878e-15,MINIMAL,optimal,1,H2CO3D
81031_AT1,SLC2A10,8.68247832632317,8.68247832632316,1.0000000000000013,-1.3322676295501878e-15,MINIMAL,optimal,2,GALt1r;GLCt1
759_AT1,CA1,8.68247832632317,8.68247832632316,1.0000000000000013,-1.3322676295501878e-15,MINIMAL,optimal,1,H2CO3D
11238_AT1,CA5B,8.68247832632317,8.68247832632316,1.0000000000000013,-1.3322676295501878e-15,MINIMAL,optimal,1,H2CO3Dm
2181_AT1,ACSL3,8.68247832632317,8.68247832632316,1.0000000000000013,-1.3322676295501878e-15,MINIMAL,optimal,8,FACOAL150;FACOAL180;FACOAL181;FACOAL140;FACOAL160;FACOAL170;FACOAL204_copy2;FACOAL80
6523_AT1,SLC5A1,8.68247832632317,8.68247832632316,1.0000000000000013,-1.3322676295501878e-15,MINIMAL,optimal,8,GLCt2_2;NAt;GALt2_2;UREAt;GLCt4_2;H2Ot;UREAt5;GALt4_2
22305_AT2,22305_AT2,8.68247832632317,8.68247832632316,1.0000000000000013,-1.3322676295501878e-15,MINIMAL,optimal,5,FACOAL150;FACOAL180;FACOAL204_copy2;FACOAL160;FACOAL170
2597_AT1,GAPDH,8.68247832632317,8.68247832632316,1.0000000000000013,-1.3322676295501878e-15,MINIMAL,optimal,1,GAPD
28231_AT1,SLCO4A1,8.68247832632317,8.68247832632316,1.0000000000000013,-1.3322676295501878e-15,MINIMAL,optimal,6,THYOXt;TCHOLAt;TRIODTHYt;ESTRADIOLGLCt;ESTRONESt;PROSTGE2t
53919_AT1,SLCO1C1,8.68247832632317,8.68247832632316,1.0000000000000013,-1.3322676295501878e-15,MINIMAL,optimal,4,THYOXt;ESTRADIOLGLCt;ESTRONESt;TRIODTHYt
28232_AT1,SLCO3A1,8.68247832632317,8.68247832632316,1.0000000000000013,-1.3322676295501878e-15,MINIMAL,optimal,2,ESTRONESt;PROSTGE2t
23632_AT1,CA14,8.68247832632317,8.68247832632316,1.0000000000000013,-1.3322676295501878e-15,MINIMAL,optimal,1,H2CO3D
2180_AT1,ACSL1,8.68247832632317,8.68247832632316,1.0000000000000013,-1.3322676295501878e-15,MINIMAL,optimal,30,FACOAL205;FACOAL240;FACOAL260;FACOAL1812;FACOAL1813;FACOAL1831;FACOAL200;FACOAL224;FACOAL241;FACOAL170
2182_AT1,ACSL4,8.68247832632317,8.68247832632316,1.0000000000000013,-1.3322676295501878e-15,MINIMAL,optimal,3,FACOAL150;FACOAL170;FACOAL204_copy2
2618_AT2,GART,8.68247832632317,8.68247832632316,1.0000000000000013,-1.3322676295501878e-15,MINIMAL,optimal,3,PRAGSr;PRAIS;GARFT
51703_AT1,ACSL5,8.68247832632317,8.68247832632316,1.0000000000000013,-1.3322676295501878e-15,MINIMAL,optimal,2,FACOAL180;FACOAL160
2618_AT1,GART,8.68247832632317,8.68247832632316,1.0000000000000013,-1.3322676295501878e-15,MINIMAL,optimal,3,PRAGSr;PRAIS;GARFT
175_AT1,AGA,8.68247832632317,8.68247832632316,1.0000000000000013,-1.3322676295501878e-15,MINIMAL,optimal,2,GASNASE2ly;GASNASEly
53905_AT2,DUOX1,8.68247832632317,8.68247832632316,1.0000000000000013,-1.3322676295501878e-15,MINIMAL,optimal,1,H2O2syn
11001_AT1,SLC27A2,8.68247832632317,8.68247832632316,1.0000000000000013,-1.3322676295501878e-15,MINIMAL,optimal,9,TTDCAtr;FATP7t;FATP9t;ELAIDt;VLCS2p;VLCSp;FACOAL191;FATP6t;FATP8t
53905_AT1,DUOX1,8.68247832632317,8.68247832632316,1.0000000000000013,-1.3322676295501878e-15,MINIMAL,optimal,1,H2O2syn
2182_AT2,ACSL4,8.68247832632317,8.68247832632316,1.0000000000000013,-1.3322676295501878e-15,MINIMAL,optimal,1,FACOAL204_copy2
50506_AT1,DUOX2,8.68247832632317,8.68247832632316,1.0000000000000013,-1.3322676295501878e-15,MINIMAL,optimal,1,H2O2syn
116285_AT1,ACSM1,8.68247832632317,8.68247832632316,1.0000000000000013,-1.3322676295501878e-15,MINIMAL,optimal,1,FACOAL40im
766_AT2,CA7,8.68247832632317,8.68247832632316,1.0000000000000013,-1.3322676295501878e-15,MINIMAL,optimal,1,H2CO3D
761_AT1,CA3,8.68247832632317,8.68247832632316,1.0000000000000013,-1.3322676295501878e-15,MINIMAL,optimal,1,H2CO3D
377677_AT1,CA13,8.68247832632317,8.68247832632316,1.0000000000000013,-1.3322676295501878e-15,MINIMAL,optimal,1,H2CO3D
771_AT2,CA12,8.68247832632317,8.68247832632316,1.0000000000000013,-1.3322676295501878e-15,MINIMAL,optimal,1,H2CO3D
2629_AT3,GBA,8.68247832632317,8.68247832632316,1.0000000000000013,-1.3322676295501878e-15,MINIMAL,optimal,1,GBA
343_AT1,AQP8,8.68247832632317,8.68247832632316,1.0000000000000013,-1.3322676295501878e-15,MINIMAL,optimal,1,H2Otm
2629_AT2,GBA,8.68247832632317,8.68247832632316,1.0000000000000013,-1.3322676295501878e-15,MINIMAL,optimal,1,GBA
376497_AT1,SLC27A1,8.68247832632317,8.68247832632316,1.0000000000000013,-1.3322676295501878e-15,MINIMAL,optimal,3,FATP1t;FATP3t;FATP2t
376497_AT2,SLC27A1,8.68247832632317,8.68247832632316,1.0000000000000013,-1.3322676295501878e-15,MINIMAL,optimal,3,FATP1t;FATP3t;FATP2t
7915_AT2,ALDH5A1,8.68247832632317,8.68247832632316,1.0000000000000013,-1.3322676295501878e-15,MINIMAL,optimal,1,SSALxm
7915_AT1,ALDH5A1,8.68247832632317,8.68247832632316,1.0000000000000013,-1.3322676295501878e-15,MINIMAL,optimal,1,SSALxm
10999_AT1,SLC27A4,8.68247832632317,8.68247832632316,1.0000000000000013,-1.3322676295501878e-15,MINIMAL,optimal,1,FATP1t
11000_AT1,SLC27A3,8.68247832632317,8.68247832632316,1.0000000000000013,-1.3322676295501878e-15,MINIMAL,optimal,1,FATP1t
160728_AT1,SLC5A8,8.68247832632317,8.68247832632316,1.0000000000000013,-1.3322676295501878e-15,MINIMAL,optimal,2,It;L_LACt4r
4329_AT1,ALDH6A1,8.68247832632317,8.68247832632316,1.0000000000000013,-1.3322676295501878e-15,MINIMAL,optimal,2,MMSAD1m;MMSAD3m
2653_AT1,GCSH,8.68247832632317,8.68247832632316,1.0000000000000013,-1.3322676295501878e-15,MINIMAL,optimal,6,GCC2bim;GCCbim;GCC2am;GCCam;GCC2cm;GCCcm
763_AT1,CA5A,8.68247832632317,8.68247832632316,1.0000000000000013,-1.3322676295501878e-15,MINIMAL,optimal,1,H2CO3Dm
2181_AT2,ACSL3,8.68247832632317,8.68247832632316,1.0000000000000013,-1.3322676295501878e-15,MINIMAL,optimal,7,FACOAL150;FACOAL180;FACOAL204_copy2;FACOAL181;FACOAL80;FACOAL160;FACOAL170
22305_AT1,22305_AT1,8.68247832632317,8.68247832632316,1.0000000000000013,-1.3322676295501878e-15,MINIMAL,optimal,5,FACOAL150;FACOAL180;FACOAL204_copy2;FACOAL160;FACOAL170
26330_AT1,GAPDHS,8.68247832632317,8.68247832632316,1.0000000000000013,-1.3322676295501878e-15,MINIMAL,optimal,1,GAPD
6560_AT1,SLC12A4,8.68247832632317,8.68247832632316,1.0000000000000013,-1.3322676295501878e-15,MINIMAL,optimal,2,KCCt;KCC2t
2673_AT1,GFPT1,8.68247832632317,8.68247832632316,1.0000000000000013,-1.3322676295501878e-15,MINIMAL,optimal,1,GF6PTA
57468_AT1,SLC12A5,8.68247832632317,8.68247832632316,1.0000000000000013,-1.3322676295501878e-15,MINIMAL,optimal,1,KCCt
9945_AT1,GFPT2,8.68247832632317,8.68247832632316,1.0000000000000013,-1.3322676295501878e-15,MINIMAL,optimal,1,GF6PTA
8836_AT1,GGH,8.68247832632317,8.68247832632316,1.0000000000000013,-1.3322676295501878e-15,MINIMAL,optimal,18,GGH_6DHFe;GGH_7DHFl;GGH_10FTHF5GLUe;GGH_6DHFl;GGH_7THFe;GGH_10FTHF5GLUl;GGH_5DHFe;GGH_7THFl;GGH_10FTHF6GLUe;GGH_5DHFl
3033_AT1,HADH,8.68247832632317,8.68247832632316,1.0000000000000013,-1.3322676295501878e-15,MINIMAL,optimal,1,HACD1m
3795_AT1,KHK,8.68247832632317,8.68247832632316,1.0000000000000013,-1.3322676295501878e-15,MINIMAL,optimal,2,KHK;KHK2
3795_AT2,KHK,8.68247832632317,8.68247832632316,1.0000000000000013,-1.3322676295501878e-15,MINIMAL,optimal,2,KHK;KHK2
2655_AT1,2655_AT1,8.68247832632317,8.68247832632316,1.0000000000000013,-1.3322676295501878e-15,MINIMAL,optimal,1,GGLUCT
8564_AT1,KMO,8.68247832632317,8.68247832632316,1.0000000000000013,-1.3322676295501878e-15,MINIMAL,optimal,1,KYN3OX
2992_AT1,GYG1,8.68247832632317,8.68247832632316,1.0000000000000013,-1.3322676295501878e-15,MINIMAL,optimal,2,GLGNS1;GGNG
8908_AT1,GYG2,8.68247832632317,8.68247832632316,1.0000000000000013,-1.3322676295501878e-15,MINIMAL,optimal,2,GLGNS1;GGNG
2629_AT4,GBA,8.68247832632317,8.68247832632316,1.0000000000000013,-1.3322676295501878e-15,MINIMAL,optimal,1,GBA
2629_AT5,GBA,8.68247832632317,8.68247832632316,1.0000000000000013,-1.3322676295501878e-15,MINIMAL,optimal,1,GBA
2629_AT1,GBA,8.68247832632317,8.68247832632316,1.0000000000000013,-1.3322676295501878e-15,MINIMAL,optimal,1,GBA
6785_AT1,ELOVL4,8.68247832632317,8.68247832632316,1.0000000000000013,-1.3322676295501878e-15,MINIMAL,optimal,4,FAEL184;FAEL204;FAEL183;FAEL205
2997_AT1,GYS1,8.68247832632317,8.68247832632316,1.0000000000000013,-1.3322676295501878e-15,MINIMAL,optimal,2,GLGNS1;GGNG
2739_AT1,GLO1,8.68247832632317,8.68247832632316,1.0000000000000013,-1.3322676295501878e-15,MINIMAL,optimal,1,LGTHL
2687_AT1,GGT5,8.68247832632317,8.68247832632316,1.0000000000000013,-1.3322676295501878e-15,MINIMAL,optimal,1,GGT5r
6470_AT2,SHMT1,8.68247832632317,8.68247832632316,1.0000000000000013,-1.3322676295501878e-15,MINIMAL,optimal,1,GHMT2r
6470_AT1,SHMT1,8.68247832632317,8.68247832632316,1.0000000000000013,-1.3322676295501878e-15,MINIMAL,optimal,1,GHMT2r
3028_AT1,HSD17B10,8.68247832632317,8.68247832632316,1.0000000000000013,-1.3322676295501878e-15,MINIMAL,optimal,2,HACD1m;HACD9m
128_AT1,ADH5,8.68247832632317,8.68247832632316,1.0000000000000013,-1.3322676295501878e-15,MINIMAL,optimal,9,LCARS;ALCD2x;LALDO;ALCD1;FALDH;ALCD22_D;34DHOXPEGOX;ALCD21_D;ALCD22_L
126_AT1,ADH1C,8.68247832632317,8.68247832632316,1.0000000000000013,-1.3322676295501878e-15,MINIMAL,optimal,7,LCARS;ALCD2x;ALCD21_D;34DHOXPEGOX;ALCD22_L;ALCD1;ALCD22_D
29124_AT1,LGALS13,8.68247832632317,8.68247832632316,1.0000000000000013,-1.3322676295501878e-15,MINIMAL,optimal,1,LPASE
3036_AT1,HAS1,8.68247832632317,8.68247832632316,1.0000000000000013,-1.3322676295501878e-15,MINIMAL,optimal,2,HAS2;HAS1
5321_AT1,PLA2G4A,8.68247832632317,8.68247832632316,1.0000000000000013,-1.3322676295501878e-15,MINIMAL,optimal,1,LPASE
3038_AT2,HAS3,8.68247832632317,8.68247832632316,1.0000000000000013,-1.3322676295501878e-15,MINIMAL,optimal,2,HAS2;HAS1
2731_AT1,GLDC,8.68247832632317,8.68247832632316,1.0000000000000013,-1.3322676295501878e-15,MINIMAL,optimal,6,GCC2bim;GCCbim;GCC2am;GCCam;GCC2cm;GCCcm
275_AT1,AMT,8.68247832632317,8.68247832632316,1.0000000000000013,-1.3322676295501878e-15,MINIMAL,optimal,6,GCC2bim;GCCbim;GCC2am;GCCam;GCC2cm;GCCcm
10723_AT1,SLC12A7,8.68247832632317,8.68247832632316,1.0000000000000013,-1.3322676295501878e-15,MINIMAL,optimal,2,KCCt;KCC2t
9990_AT1,SLC12A6,8.68247832632317,8.68247832632316,1.0000000000000013,-1.3322676295501878e-15,MINIMAL,optimal,2,KCCt;KCC2t
2990_AT1,GUSB,8.68247832632317,8.68247832632316,1.0000000000000013,-1.3322676295501878e-15,MINIMAL,optimal,2,GLCAASE8ly;GLCAASE9ly
83697_AT1,SLC4A9,8.68247832632317,8.68247832632316,1.0000000000000013,-1.3322676295501878e-15,MINIMAL,optimal,1,HCO3_CLt
51268_AT1,PIPOX,8.68247832632317,8.68247832632316,1.0000000000000013,-1.3322676295501878e-15,MINIMAL,optimal,1,LPCOXp
4023_AT1,LPL,8.68247832632317,8.68247832632316,1.0000000000000013,-1.3322676295501878e-15,MINIMAL,optimal,1,LPS2
6521_AT1,SLC4A1,8.68247832632317,8.68247832632316,1.0000000000000013,-1.3322676295501878e-15,MINIMAL,optimal,1,HCO3_CLt
3990_AT1,LIPC,8.68247832632317,8.68247832632316,1.0000000000000013,-1.3322676295501878e-15,MINIMAL,optimal,1,LPSe
11343_AT2,MGLL,8.68247832632317,8.68247832632316,1.0000000000000013,-1.3322676295501878e-15,MINIMAL,optimal,1,LPS3
11343_AT1,MGLL,8.68247832632317,8.68247832632316,1.0000000000000013,-1.3322676295501878e-15,MINIMAL,optimal,1,LPS3
6508_AT1,SLC4A3,8.68247832632317,8.68247832632316,1.0000000000000013,-1.3322676295501878e-15,MINIMAL,optimal,1,HCO3_CLt
50487_AT1,PLA2G3,8.68247832632317,8.68247832632316,1.0000000000000013,-1.3322676295501878e-15,MINIMAL,optimal,1,LPS4e
6522_AT1,SLC4A2,8.68247832632317,8.68247832632316,1.0000000000000013,-1.3322676295501878e-15,MINIMAL,optimal,1,HCO3_CLt
8513_AT1,LIPF,8.68247832632317,8.68247832632316,1.0000000000000013,-1.3322676295501878e-15,MINIMAL,optimal,1,LPSe
5406_AT1,PNLIP,8.68247832632317,8.68247832632316,1.0000000000000013,-1.3322676295501878e-15,MINIMAL,optimal,1,LPSe
3938_AT1,LCT,8.68247832632317,8.68247832632316,1.0000000000000013,-1.3322676295501878e-15,MINIMAL,optimal,1,LACZe
2998_AT1,GYS2,8.68247832632317,8.68247832632316,1.0000000000000013,-1.3322676295501878e-15,MINIMAL,optimal,2,GLGNS1;GGNG
3931_AT1,LCAT,8.68247832632317,8.68247832632316,1.0000000000000013,-1.3322676295501878e-15,MINIMAL,optimal,1,LCAT1e
5407_AT1,PNLIPRP1,8.68247832632317,8.68247832632316,1.0000000000000013,-1.3322676295501878e-15,MINIMAL,optimal,1,LPSe
3098_AT3,HK1,8.68247832632317,8.68247832632316,1.0000000000000013,-1.3322676295501878e-15,MINIMAL,optimal,4,HEX10;HEX7;HEX1;HEX4
9388_AT1,LIPG,8.68247832632317,8.68247832632316,1.0000000000000013,-1.3322676295501878e-15,MINIMAL,optimal,1,LPSe
3099_AT1,HK2,8.68247832632317,8.68247832632316,1.0000000000000013,-1.3322676295501878e-15,MINIMAL,optimal,4,HEX10;HEX7;HEX1;HEX4
9227_AT1,LRAT,8.68247832632317,8.68247832632316,1.0000000000000013,-1.3322676295501878e-15,MINIMAL,optimal,1,LRAT
3098_AT1,HK1,8.68247832632317,8.68247832632316,1.0000000000000013,-1.3322676295501878e-15,MINIMAL,optimal,4,HEX10;HEX7;HEX1;HEX4
9060_AT1,PAPSS2,8.68247832632317,8.68247832632316,1.0000000000000013,-1.3322676295501878e-15,MINIMAL,optimal,2,SADT;ADSK
131_AT1,ADH7,8.68247832632317,8.68247832632316,1.0000000000000013,-1.3322676295501878e-15,MINIMAL,optimal,7,LCARS;ALCD2x;ALCD21_D;34DHOXPEGOX;ALCD22_L;ALCD1;ALCD22_D
80201_AT1,HKDC1,8.68247832632317,8.68247832632316,1.0000000000000013,-1.3322676295501878e-15,MINIMAL,optimal,4,HEX10;HEX7;HEX1;HEX4
4056_AT2,LTC4S,8.68247832632317,8.68247832632316,1.0000000000000013,-1.3322676295501878e-15,MINIMAL,optimal,1,LTC4Sr
3098_AT5,HK1,8.68247832632317,8.68247832632316,1.0000000000000013,-1.3322676295501878e-15,MINIMAL,optimal,4,HEX10;HEX7;HEX1;HEX4
3098_AT2,HK1,8.68247832632317,8.68247832632316,1.0000000000000013,-1.3322676295501878e-15,MINIMAL,optimal,4,HEX10;HEX7;HEX1;HEX4
3098_AT4,HK1,8.68247832632317,8.68247832632316,1.0000000000000013,-1.3322676295501878e-15,MINIMAL,optimal,4,HEX10;HEX7;HEX1;HEX4
3037_AT1,HAS2,8.68247832632317,8.68247832632316,1.0000000000000013,-1.3322676295501878e-15,MINIMAL,optimal,2,HAS2;HAS1
2632_AT1,GBE1,8.68247832632317,8.68247832632316,1.0000000000000013,-1.3322676295501878e-15,MINIMAL,optimal,1,GLBRAN
1178_AT1,CLC,8.68247832632317,8.68247832632316,1.0000000000000013,-1.3322676295501878e-15,MINIMAL,optimal,1,LPASE
2645_AT1,GCK,8.68247832632317,8.68247832632316,1.0000000000000013,-1.3322676295501878e-15,MINIMAL,optimal,4,HEX10;HEX7;HEX1;HEX4
4258_AT1,MGST2,8.68247832632317,8.68247832632316,1.0000000000000013,-1.3322676295501878e-15,MINIMAL,optimal,1,LTC4Sr
3081_AT1,HGD,8.68247832632317,8.68247832632316,1.0000000000000013,-1.3322676295501878e-15,MINIMAL,optimal,1,HGNTOR
11112_AT1,HIBADH,8.68247832632317,8.68247832632316,1.0000000000000013,-1.3322676295501878e-15,MINIMAL,optimal,1,HIBDm
3034_AT1,HAL,8.68247832632317,8.68247832632316,1.0000000000000013,-1.3322676295501878e-15,MINIMAL,optimal,1,HISDr
144195_AT1,SLC2A14,8.68247832632317,8.68247832632316,1.0000000000000013,-1.3322676295501878e-15,MINIMAL,optimal,1,GLCt1
154091_AT1,SLC2A12,8.68247832632317,8.68247832632316,1.0000000000000013,-1.3322676295501878e-15,MINIMAL,optimal,1,GLCt1
56606_AT1,SLC2A9,8.68247832632317,8.68247832632316,1.0000000000000013,-1.3322676295501878e-15,MINIMAL,optimal,1,GLCt1
3067_AT1,HDC,8.68247832632317,8.68247832632316,1.0000000000000013,-1.3322676295501878e-15,MINIMAL,optimal,1,HISDC
56606_AT2,SLC2A9,8.68247832632317,8.68247832632316,1.0000000000000013,-1.3322676295501878e-15,MINIMAL,optimal,1,GLCt1
11182_AT1,SLC2A6,8.68247832632317,8.68247832632316,1.0000000000000013,-1.3322676295501878e-15,MINIMAL,optimal,1,GLCt1
8942_AT1,KYNU,8.68247832632317,8.68247832632316,1.0000000000000013,-1.3322676295501878e-15,MINIMAL,optimal,1,HKYNH
6524_AT1,SLC5A2,8.68247832632317,8.68247832632316,1.0000000000000013,-1.3322676295501878e-15,MINIMAL,optimal,2,GLCt2;GLCt4
6508_AT2,SLC4A3,8.68247832632317,8.68247832632316,1.0000000000000013,-1.3322676295501878e-15,MINIMAL,optimal,1,HCO3_CLt
5408_AT1,PNLIPRP2,8.68247832632317,8.68247832632316,1.0000000000000013,-1.3322676295501878e-15,MINIMAL,optimal,1,LPSe
2645_AT3,GCK,8.68247832632317,8.68247832632316,1.0000000000000013,-1.3322676295501878e-15,MINIMAL,optimal,4,HEX10;HEX7;HEX1;HEX4
366_AT1,AQP9,8.68247832632317,8.68247832632316,1.0000000000000013,-1.3322676295501878e-15,MINIMAL,optimal,2,UREAtm;L_LACtcm
496_AT1,ATP4B,8.68247832632317,8.68247832632316,1.0000000000000013,-1.3322676295501878e-15,MINIMAL,optimal,1,HKt
159963_AT1,SLC5A12,8.68247832632317,8.68247832632316,1.0000000000000013,-1.3322676295501878e-15,MINIMAL,optimal,1,GLCt4
6526_AT1,SLC5A3,8.68247832632317,8.68247832632316,1.0000000000000013,-1.3322676295501878e-15,MINIMAL,optimal,3,INSTt4;NAt;GLCt4
178_AT6,AGL,8.68247832632317,8.68247832632316,1.0000000000000013,-1.3322676295501878e-15,MINIMAL,optimal,1,GLDBRAN
178_AT2,AGL,8.68247832632317,8.68247832632316,1.0000000000000013,-1.3322676295501878e-15,MINIMAL,optimal,1,GLDBRAN
3145_AT1,HMBS,8.68247832632317,8.68247832632316,1.0000000000000013,-1.3322676295501878e-15,MINIMAL,optimal,1,HMBS
314_AT2,AOC2,8.68247832632317,8.68247832632316,1.0000000000000013,-1.3322676295501878e-15,MINIMAL,optimal,5,13DAMPPOX;MAOX;PEAMNO;MHISOR;PTRCOX1
6916_AT1,TBXAS1,8.68247832632317,8.68247832632316,1.0000000000000013,-1.3322676295501878e-15,MINIMAL,optimal,1,TXASr
178_AT1,AGL,8.68247832632317,8.68247832632316,1.0000000000000013,-1.3322676295501878e-15,MINIMAL,optimal,1,GLDBRAN
178_AT5,AGL,8.68247832632317,8.68247832632316,1.0000000000000013,-1.3322676295501878e-15,MINIMAL,optimal,1,GLDBRAN
3157_AT2,HMGCS1,8.68247832632317,8.68247832632316,1.0000000000000013,-1.3322676295501878e-15,MINIMAL,optimal,1,HMGCOAS
3158_AT1,HMGCS2,8.68247832632317,8.68247832632316,1.0000000000000013,-1.3322676295501878e-15,MINIMAL,optimal,1,HMGCOASm
4259_AT1,MGST3,8.68247832632317,8.68247832632316,1.0000000000000013,-1.3322676295501878e-15,MINIMAL,optimal,1,LTC4Sr
2645_AT2,GCK,8.68247832632317,8.68247832632316,1.0000000000000013,-1.3322676295501878e-15,MINIMAL,optimal,4,HEX10;HEX7;HEX1;HEX4
4056_AT1,LTC4S,8.68247832632317,8.68247832632316,1.0000000000000013,-1.3322676295501878e-15,MINIMAL,optimal,1,LTC4Sr
54511_AT1,HMGCLL1,8.68247832632317,8.68247832632316,1.0000000000000013,-1.3322676295501878e-15,MINIMAL,optimal,1,HMGLm
3162_AT1,HMOX1,8.68247832632317,8.68247832632316,1.0000000000000013,-1.3322676295501878e-15,MINIMAL,optimal,1,HOXG
2954_AT2,GSTZ1,8.68247832632317,8.68247832632316,1.0000000000000013,-1.3322676295501878e-15,MINIMAL,optimal,1,MACACI
3163_AT1,HMOX2,8.68247832632317,8.68247832632316,1.0000000000000013,-1.3322676295501878e-15,MINIMAL,optimal,1,HOXG
2752_AT1,GLUL,8.68247832632317,8.68247832632316,1.0000000000000013,-1.3322676295501878e-15,MINIMAL,optimal,1,GLNS
2954_AT1,GSTZ1,8.68247832632317,8.68247832632316,1.0000000000000013,-1.3322676295501878e-15,MINIMAL,optimal,1,MACACI
51557_AT1,LGSN,8.68247832632317,8.68247832632316,1.0000000000000013,-1.3322676295501878e-15,MINIMAL,optimal,1,GLNS
2954_AT3,GSTZ1,8.68247832632317,8.68247832632316,1.0000000000000013,-1.3322676295501878e-15,MINIMAL,optimal,1,MACACI
5834_AT1,PYGB,8.68247832632317,8.68247832632316,1.0000000000000013,-1.3322676295501878e-15,MINIMAL,optimal,2,GLPASE2;GLPASE1
2595_AT1,GANC,8.68247832632317,8.68247832632316,1.0000000000000013,-1.3322676295501878e-15,MINIMAL,optimal,1,MALT
5836_AT1,PYGL,8.68247832632317,8.68247832632316,1.0000000000000013,-1.3322676295501878e-15,MINIMAL,optimal,2,GLPASE2;GLPASE1
5837_AT1,PYGM,8.68247832632317,8.68247832632316,1.0000000000000013,-1.3322676295501878e-15,MINIMAL,optimal,2,GLPASE2;GLPASE1
3290_AT1,HSD11B1,8.68247832632317,8.68247832632316,1.0000000000000013,-1.3322676295501878e-15,MINIMAL,optimal,1,HSD11B1r
125206_AT1,SLC5A10,8.68247832632317,8.68247832632316,1.0000000000000013,-1.3322676295501878e-15,MINIMAL,optimal,1,GLCt4
124637_AT1,CYB5D1,8.68247832632317,8.68247832632316,1.0000000000000013,-1.3322676295501878e-15,MINIMAL,optimal,1,L_LACDcm
495_AT1,ATP4A,8.68247832632317,8.68247832632316,1.0000000000000013,-1.3322676295501878e-15,MINIMAL,optimal,1,HKt
3291_AT1,HSD11B2,8.68247832632317,8.68247832632316,1.0000000000000013,-1.3322676295501878e-15,MINIMAL,optimal,1,HSD11B2r
3292_AT1,HSD17B1,8.68247832632317,8.68247832632316,1.0000000000000013,-1.3322676295501878e-15,MINIMAL,optimal,1,HSD17B1
2746_AT1,GLUD1,8.68247832632317,8.68247832632316,1.0000000000000013,-1.3322676295501878e-15,MINIMAL,optimal,2,GDHm;GLUDym
2747_AT1,GLUD2,8.68247832632317,8.68247832632316,1.0000000000000013,-1.3322676295501878e-15,MINIMAL,optimal,2,GDHm;GLUDym
7923_AT1,HSD17B8,8.68247832632317,8.68247832632316,1.0000000000000013,-1.3322676295501878e-15,MINIMAL,optimal,1,HSD17B1
4351_AT1,MPI,8.68247832632317,8.68247832632316,1.0000000000000013,-1.3322676295501878e-15,MINIMAL,optimal,1,MAN6PI
3294_AT1,HSD17B2,8.68247832632317,8.68247832632316,1.0000000000000013,-1.3322676295501878e-15,MINIMAL,optimal,1,HSD17B8r
64087_AT1,MCCC2,8.68247832632317,8.68247832632316,1.0000000000000013,-1.3322676295501878e-15,MINIMAL,optimal,1,MCCCrm
51478_AT1,HSD17B7,8.68247832632317,8.68247832632316,1.0000000000000013,-1.3322676295501878e-15,MINIMAL,optimal,2,HSD17B7r;HSD17B9r
2744_AT1,GLS,8.68247832632317,8.68247832632316,1.0000000000000013,-1.3322676295501878e-15,MINIMAL,optimal,1,GLUNm
27165_AT1,GLS2,8.68247832632317,8.68247832632316,1.0000000000000013,-1.3322676295501878e-15,MINIMAL,optimal,1,GLUNm
56922_AT1,MCCC1,8.68247832632317,8.68247832632316,1.0000000000000013,-1.3322676295501878e-15,MINIMAL,optimal,1,MCCCrm
27165_AT2,GLS2,8.68247832632317,8.68247832632316,1.0000000000000013,-1.3322676295501878e-15,MINIMAL,optimal,1,GLUNm
3155_AT1,HMGCL,8.68247832632317,8.68247832632316,1.0000000000000013,-1.3322676295501878e-15,MINIMAL,optimal,2,HMGLm;HMGLx
178_AT4,AGL,8.68247832632317,8.68247832632316,1.0000000000000013,-1.3322676295501878e-15,MINIMAL,optimal,1,GLDBRAN
178_AT3,AGL,8.68247832632317,8.68247832632316,1.0000000000000013,-1.3322676295501878e-15,MINIMAL,optimal,1,GLDBRAN
80270_AT1,HSD3B7,8.68247832632317,8.68247832632316,1.0000000000000013,-1.3322676295501878e-15,MINIMAL,optimal,2,HSD3B7P;HSD3B7
57026_AT1,PDXP,8.68247832632317,8.68247832632316,1.0000000000000013,-1.3322676295501878e-15,MINIMAL,optimal,1,PYDXPP
7351_AT1,UCP2,8.68247832632317,8.68247832632316,1.0000000000000013,-1.3322676295501878e-15,MINIMAL,optimal,1,Htm
2639_AT1,GCDH,8.68247832632317,8.68247832632316,1.0000000000000013,-1.3322676295501878e-15,MINIMAL,optimal,1,GLUTCOADHm
2639_AT2,GCDH,8.68247832632317,8.68247832632316,1.0000000000000013,-1.3322676295501878e-15,MINIMAL,optimal,1,GLUTCOADHm
4357_AT1,MPST,8.68247832632317,8.68247832632316,1.0000000000000013,-1.3322676295501878e-15,MINIMAL,optimal,1,MCPST
57030_AT1,SLC17A7,8.68247832632317,8.68247832632316,1.0000000000000013,-1.3322676295501878e-15,MINIMAL,optimal,1,GLUVESSEC
246213_AT1,SLC17A8,8.68247832632317,8.68247832632316,1.0000000000000013,-1.3322676295501878e-15,MINIMAL,optimal,1,GLUVESSEC
57084_AT1,SLC17A6,8.68247832632317,8.68247832632316,1.0000000000000013,-1.3322676295501878e-15,MINIMAL,optimal,1,GLUVESSEC
4190_AT1,MDH1,8.68247832632317,8.68247832632316,1.0000000000000013,-1.3322676295501878e-15,MINIMAL,optimal,2,SLDx;MDH
9481_AT1,SLC25A27,8.68247832632317,8.68247832632316,1.0000000000000013,-1.3322676295501878e-15,MINIMAL,optimal,1,Htm
130752_AT1,MDH1B,8.68247832632317,8.68247832632316,1.0000000000000013,-1.3322676295501878e-15,MINIMAL,optimal,2,SLDx;MDH
9016_AT1,SLC25A14,8.68247832632317,8.68247832632316,1.0000000000000013,-1.3322676295501878e-15,MINIMAL,optimal,1,Htm
3290_AT2,HSD11B1,8.68247832632317,8.68247832632316,1.0000000000000013,-1.3322676295501878e-15,MINIMAL,optimal,1,HSD11B1r
2729_AT1,GCLC,8.68247832632317,8.68247832632316,1.0000000000000013,-1.3322676295501878e-15,MINIMAL,optimal,1,GLUCYS
2730_AT1,GCLM,8.68247832632317,8.68247832632316,1.0000000000000013,-1.3322676295501878e-15,MINIMAL,optimal,1,GLUCYS
4200_AT1,ME2,8.68247832632317,8.68247832632316,1.0000000000000013,-1.3322676295501878e-15,MINIMAL,optimal,2,ME2m;ME1m
9016_AT2,SLC25A14,8.68247832632317,8.68247832632316,1.0000000000000013,-1.3322676295501878e-15,MINIMAL,optimal,1,Htm
4199_AT1,ME1,8.68247832632317,8.68247832632316,1.0000000000000013,-1.3322676295501878e-15,MINIMAL,optimal,1,ME2
10873_AT1,ME3,8.68247832632317,8.68247832632316,1.0000000000000013,-1.3322676295501878e-15,MINIMAL,optimal,1,ME2m
1545_AT1,CYP1B1,8.68247832632317,8.68247832632316,1.0000000000000013,-1.3322676295501878e-15,MINIMAL,optimal,1,P4501B1r
7352_AT2,UCP3,8.68247832632317,8.68247832632316,1.0000000000000013,-1.3322676295501878e-15,MINIMAL,optimal,1,Htm
3420_AT2,IDH3B,8.68247832632317,8.68247832632316,1.0000000000000013,-1.3322676295501878e-15,MINIMAL,optimal,1,ICDHxm
3421_AT2,IDH3G,8.68247832632317,8.68247832632316,1.0000000000000013,-1.3322676295501878e-15,MINIMAL,optimal,1,ICDHxm
6549_AT1,SLC9A2,8.68247832632317,8.68247832632316,1.0000000000000013,-1.3322676295501878e-15,MINIMAL,optimal,2,NAt5;NAt3_1
1557_AT1,CYP2C19,8.68247832632317,8.68247832632316,1.0000000000000013,-1.3322676295501878e-15,MINIMAL,optimal,4,P4502C94;P4502C19;P4502C92;P4502C93
389015_AT1,SLC9A4,8.68247832632317,8.68247832632316,1.0000000000000013,-1.3322676295501878e-15,MINIMAL,optimal,1,NAt3_1
3419_AT1,IDH3A,8.68247832632317,8.68247832632316,1.0000000000000013,-1.3322676295501878e-15,MINIMAL,optimal,1,ICDHxm
27430_AT1,MAT2B,8.68247832632317,8.68247832632316,1.0000000000000013,-1.3322676295501878e-15,MINIMAL,optimal,1,METAT
23417_AT1,MLYCD,8.68247832632317,8.68247832632316,1.0000000000000013,-1.3322676295501878e-15,MINIMAL,optimal,3,MCD;MMCDm;MCDm
5471_AT1,PPAT,8.68247832632317,8.68247832632316,1.0000000000000013,-1.3322676295501878e-15,MINIMAL,optimal,1,GLUPRT
3284_AT1,HSD3B2,8.68247832632317,8.68247832632316,1.0000000000000013,-1.3322676295501878e-15,MINIMAL,optimal,1,HSD3B3r
4143_AT1,MAT1A,8.68247832632317,8.68247832632316,1.0000000000000013,-1.3322676295501878e-15,MINIMAL,optimal,1,METAT
3421_AT1,IDH3G,8.68247832632317,8.68247832632316,1.0000000000000013,-1.3322676295501878e-15,MINIMAL,optimal,1,ICDHxm
6553_AT1,SLC9A5,8.68247832632317,8.68247832632316,1.0000000000000013,-1.3322676295501878e-15,MINIMAL,optimal,1,NAt3_1
6548_AT1,SLC9A1,8.68247832632317,8.68247832632316,1.0000000000000013,-1.3322676295501878e-15,MINIMAL,optimal,2,NAt5;NAt3_1
3420_AT3,IDH3B,8.68247832632317,8.68247832632316,1.0000000000000013,-1.3322676295501878e-15,MINIMAL,optimal,1,ICDHxm
27430_AT2,MAT2B,8.68247832632317,8.68247832632316,1.0000000000000013,-1.3322676295501878e-15,MINIMAL,optimal,1,METAT
3417_AT1,IDH1,8.68247832632317,8.68247832632316,1.0000000000000013,-1.3322676295501878e-15,MINIMAL,optimal,1,ICDHyr
3418_AT1,IDH2,8.68247832632317,8.68247832632316,1.0000000000000013,-1.3322676295501878e-15,MINIMAL,optimal,1,ICDHym
8140_AT1,SLC7A5,8.68247832632317,8.68247832632316,1.0000000000000013,-1.3322676295501878e-15,MINIMAL,optimal,1,METLEUex
4548_AT1,MTR,8.68247832632317,8.68247832632316,1.0000000000000013,-1.3322676295501878e-15,MINIMAL,optimal,1,METS
123041_AT3,SLC24A4,8.68247832632317,8.68247832632316,1.0000000000000013,-1.3322676295501878e-15,MINIMAL,optimal,1,NCKt
7173_AT5,TPO,8.68247832632317,8.68247832632316,1.0000000000000013,-1.3322676295501878e-15,MINIMAL,optimal,5,IDHPOXOX4;IDHPOXOX3;THYPX;IDHPOXOX2b;IDHPOXOXb
7054_AT1,TH,8.68247832632317,8.68247832632316,1.0000000000000013,-1.3322676295501878e-15,MINIMAL,optimal,1,TYR3MO2
7350_AT1,UCP1,8.68247832632317,8.68247832632316,1.0000000000000013,-1.3322676295501878e-15,MINIMAL,optimal,1,Htm
4191_AT1,MDH2,8.68247832632317,8.68247832632316,1.0000000000000013,-1.3322676295501878e-15,MINIMAL,optimal,1,MDHm
7352_AT1,UCP3,8.68247832632317,8.68247832632316,1.0000000000000013,-1.3322676295501878e-15,MINIMAL,optimal,1,Htm
9187_AT1,SLC24A1,8.68247832632317,8.68247832632316,1.0000000000000013,-1.3322676295501878e-15,MINIMAL,optimal,2,NCKt;NCNt
7173_AT1,TPO,8.68247832632317,8.68247832632316,1.0000000000000013,-1.3322676295501878e-15,MINIMAL,optimal,5,IDHPOXOX4;IDHPOXOX3;THYPX;IDHPOXOX2b;IDHPOXOXb
7173_AT4,TPO,8.68247832632317,8.68247832632316,1.0000000000000013,-1.3322676295501878e-15,MINIMAL,optimal,5,IDHPOXOX4;IDHPOXOX3;THYPX;IDHPOXOX2b;IDHPOXOXb
7173_AT3,TPO,8.68247832632317,8.68247832632316,1.0000000000000013,-1.3322676295501878e-15,MINIMAL,optimal,5,IDHPOXOX4;IDHPOXOX3;THYPX;IDHPOXOX2b;IDHPOXOXb
123041_AT2,SLC24A4,8.68247832632317,8.68247832632316,1.0000000000000013,-1.3322676295501878e-15,MINIMAL,optimal,1,NCKt
27124_AT1,INPP5J,8.68247832632317,8.68247832632316,1.0000000000000013,-1.3322676295501878e-15,MINIMAL,optimal,3,MI1345PP;MI145PP;PI345P5P
123041_AT1,SLC24A4,8.68247832632317,8.68247832632316,1.0000000000000013,-1.3322676295501878e-15,MINIMAL,optimal,1,NCKt
3636_AT1,INPPL1,8.68247832632317,8.68247832632316,1.0000000000000013,-1.3322676295501878e-15,MINIMAL,optimal,3,MI1345PP;MI145PP;PI345P5P
124583_AT1,CANT1,8.68247832632317,8.68247832632316,1.0000000000000013,-1.3322676295501878e-15,MINIMAL,optimal,6,NDP3ex;NTP3e;NDP10ex;NDP7ex;NDP8ex;NDP7er
8867_AT2,SYNJ1,8.68247832632317,8.68247832632316,1.0000000000000013,-1.3322676295501878e-15,MINIMAL,optimal,4,PI45P5P;MI1345PP;MI145PP;PI345P5P
56623_AT1,INPP5E,8.68247832632317,8.68247832632316,1.0000000000000013,-1.3322676295501878e-15,MINIMAL,optimal,4,PI45P5P;MI1345PP;MI145PP;PI345P5P
586_AT1,BCAT1,8.68247832632317,8.68247832632316,1.0000000000000013,-1.3322676295501878e-15,MINIMAL,optimal,3,LEUTA;VALTA;ILETA
587_AT1,BCAT2,8.68247832632317,8.68247832632316,1.0000000000000013,-1.3322676295501878e-15,MINIMAL,optimal,3,ILETAm;VALTAim;LEUTAm
27124_AT2,INPP5J,8.68247832632317,8.68247832632316,1.0000000000000013,-1.3322676295501878e-15,MINIMAL,optimal,3,MI1345PP;MI145PP;PI345P5P
3420_AT1,IDH3B,8.68247832632317,8.68247832632316,1.0000000000000013,-1.3322676295501878e-15,MINIMAL,optimal,1,ICDHxm
4144_AT1,MAT2A,8.68247832632317,8.68247832632316,1.0000000000000013,-1.3322676295501878e-15,MINIMAL,optimal,1,METAT
4831_AT1,NME2,8.68247832632317,8.68247832632316,1.0000000000000013,-1.3322676295501878e-15,MINIMAL,optimal,19,NDPK8;NDPK2;NDPK4n;NDPK1;NDPK5;NDPK6;NDPK6n;NDPK10n;NDPK2n;NDPK9n
8501_AT1,SLC43A1,8.68247832632317,8.68247832632316,1.0000000000000013,-1.3322676295501878e-15,MINIMAL,optimal,4,LEUtec;METtec;ILEtec;VALtec
8867_AT1,SYNJ1,8.68247832632317,8.68247832632316,1.0000000000000013,-1.3322676295501878e-15,MINIMAL,optimal,4,PI45P5P;MI1345PP;MI145PP;PI345P5P
3615_AT1,IMPDH2,8.68247832632317,8.68247832632316,1.0000000000000013,-1.3322676295501878e-15,MINIMAL,optimal,1,IMPD
4832_AT1,NME3,8.68247832632317,8.68247832632316,1.0000000000000013,-1.3322676295501878e-15,MINIMAL,optimal,10,NDPK8;NDPK2;NDPK1;NDPK7;NDPK3;NDPK4;NDPK5;NDPK6;NDPK10;NDPK9
3635_AT1,INPP5D,8.68247832632317,8.68247832632316,1.0000000000000013,-1.3322676295501878e-15,MINIMAL,optimal,3,MI1345PP;MI145PP;PI345P5P
3633_AT1,INPP5B,8.68247832632317,8.68247832632316,1.0000000000000013,-1.3322676295501878e-15,MINIMAL,optimal,4,PI45P5P;MI1345PP;MI145PP;PI345P5P
29922_AT1,NME7,8.68247832632317,8.68247832632316,1.0000000000000013,-1.3322676295501878e-15,MINIMAL,optimal,10,NDPK8;NDPK2;NDPK1;NDPK7;NDPK3;NDPK4;NDPK5;NDPK6;NDPK10;NDPK9
3614_AT1,IMPDH1,8.68247832632317,8.68247832632316,1.0000000000000013,-1.3322676295501878e-15,MINIMAL,optimal,1,IMPD
10201_AT1,NME6,8.68247832632317,8.68247832632316,1.0000000000000013,-1.3322676295501878e-15,MINIMAL,optimal,10,NDPK8;NDPK2;NDPK1;NDPK7;NDPK3;NDPK4;NDPK5;NDPK6;NDPK10;NDPK9
3628_AT1,INPP1,8.68247832632317,8.68247832632316,1.0000000000000013,-1.3322676295501878e-15,MINIMAL,optimal,2,MI14PP;MI134PP
3614_AT2,IMPDH1,8.68247832632317,8.68247832632316,1.0000000000000013,-1.3322676295501878e-15,MINIMAL,optimal,1,IMPD
3707_AT1,ITPKB,8.68247832632317,8.68247832632316,1.0000000000000013,-1.3322676295501878e-15,MINIMAL,optimal,1,MI145PK
55586_AT1,MIOX,8.68247832632317,8.68247832632316,1.0000000000000013,-1.3322676295501878e-15,MINIMAL,optimal,1,INOSTO
57419_AT1,SLC24A3,8.68247832632317,8.68247832632316,1.0000000000000013,-1.3322676295501878e-15,MINIMAL,optimal,1,NCKt
25769_AT1,SLC24A2,8.68247832632317,8.68247832632316,1.0000000000000013,-1.3322676295501878e-15,MINIMAL,optimal,2,NCKt;NCNt
4830_AT2,NME1,8.68247832632317,8.68247832632316,1.0000000000000013,-1.3322676295501878e-15,MINIMAL,optimal,19,NDPK8;NDPK2;NDPK4n;NDPK1;NDPK5;NDPK6;NDPK6n;NDPK10n;NDPK2n;NDPK9n
3706_AT1,ITPKA,8.68247832632317,8.68247832632316,1.0000000000000013,-1.3322676295501878e-15,MINIMAL,optimal,1,MI145PK
115584_AT1,SLC5A11,8.68247832632317,8.68247832632316,1.0000000000000013,-1.3322676295501878e-15,MINIMAL,optimal,1,INSTt4_2
3612_AT1,IMPA1,8.68247832632317,8.68247832632316,1.0000000000000013,-1.3322676295501878e-15,MINIMAL,optimal,3,MI4PP;MI1PP;MI3PP
91734_AT1,IDI2,8.68247832632317,8.68247832632316,1.0000000000000013,-1.3322676295501878e-15,MINIMAL,optimal,1,IPDDIx
4833_AT1,NME4,8.68247832632317,8.68247832632316,1.0000000000000013,-1.3322676295501878e-15,MINIMAL,optimal,7,NDPK8m;NDPK7m;NDPK5m;NDPK3m;NDPK4m;NDPK1m;NDPK6m
3613_AT1,IMPA2,8.68247832632317,8.68247832632316,1.0000000000000013,-1.3322676295501878e-15,MINIMAL,optimal,3,MI4PP;MI1PP;MI3PP
57127_AT1,RHBG,8.68247832632317,8.68247832632316,1.0000000000000013,-1.3322676295501878e-15,MINIMAL,optimal,1,NH4t3r
3422_AT1,IDI1,8.68247832632317,8.68247832632316,1.0000000000000013,-1.3322676295501878e-15,MINIMAL,optimal,1,IPDDIx
51477_AT1,ISYNA1,8.68247832632317,8.68247832632316,1.0000000000000013,-1.3322676295501878e-15,MINIMAL,optimal,1,MI1PS
6005_AT1,RHAG,8.68247832632317,8.68247832632316,1.0000000000000013,-1.3322676295501878e-15,MINIMAL,optimal,1,NH4t3r
8801_AT1,SUCLG2,8.68247832632317,8.68247832632316,1.0000000000000013,-1.3322676295501878e-15,MINIMAL,optimal,3,ITCOAL1m;MECOAS1m;SUCOAS1m
3631_AT1,INPP4A,8.68247832632317,8.68247832632316,1.0000000000000013,-1.3322676295501878e-15,MINIMAL,optimal,1,MI34PP
8802_AT1,SUCLG1,8.68247832632317,8.68247832632316,1.0000000000000013,-1.3322676295501878e-15,MINIMAL,optimal,6,ITCOAL1m;SUCOAS1m;MECOAS1m;SUCOASm;ITCOALm;MECOALm
29922_AT2,NME7,8.68247832632317,8.68247832632316,1.0000000000000013,-1.3322676295501878e-15,MINIMAL,optimal,10,NDPK8;NDPK2;NDPK1;NDPK7;NDPK3;NDPK4;NDPK5;NDPK6;NDPK10;NDPK9
3632_AT1,INPP5A,8.68247832632317,8.68247832632316,1.0000000000000013,-1.3322676295501878e-15,MINIMAL,optimal,3,MI1345PP;MI145PP;PI345P5P
6558_AT1,SLC12A2,8.68247832632317,8.68247832632316,1.0000000000000013,-1.3322676295501878e-15,MINIMAL,optimal,2,NKCCt;NKCC2t
349565_AT1,NMNAT3,8.68247832632317,8.68247832632316,1.0000000000000013,-1.3322676295501878e-15,MINIMAL,optimal,2,NNATr_copy2;NMNAT
8803_AT1,SUCLA2,8.68247832632317,8.68247832632316,1.0000000000000013,-1.3322676295501878e-15,MINIMAL,optimal,3,SUCOASm;ITCOALm;MECOALm
3631_AT2,INPP4A,8.68247832632317,8.68247832632316,1.0000000000000013,-1.3322676295501878e-15,MINIMAL,optimal,1,MI34PP
64802_AT1,NMNAT1,8.68247832632317,8.68247832632316,1.0000000000000013,-1.3322676295501878e-15,MINIMAL,optimal,2,NNATn;NMNATn
23057_AT1,NMNAT2,8.68247832632317,8.68247832632316,1.0000000000000013,-1.3322676295501878e-15,MINIMAL,optimal,2,NNATr_copy2;NMNAT
23057_AT2,NMNAT2,8.68247832632317,8.68247832632316,1.0000000000000013,-1.3322676295501878e-15,MINIMAL,optimal,2,NNATr_copy2;NMNAT
23475_AT1,QPRT,8.68247832632317,8.68247832632316,1.0000000000000013,-1.3322676295501878e-15,MINIMAL,optimal,1,NNDPR
84693_AT1,MCEE,8.68247832632317,8.68247832632316,1.0000000000000013,-1.3322676295501878e-15,MINIMAL,optimal,1,MMEm
4837_AT1,NNMT,8.68247832632317,8.68247832632316,1.0000000000000013,-1.3322676295501878e-15,MINIMAL,optimal,1,NNMT
4594_AT1,MUT,8.68247832632317,8.68247832632316,1.0000000000000013,-1.3322676295501878e-15,MINIMAL,optimal,1,MMMm
5409_AT1,PNMT,8.68247832632317,8.68247832632316,1.0000000000000013,-1.3322676295501878e-15,MINIMAL,optimal,1,NORANMT
116255_AT1,MOGAT1,8.68247832632317,8.68247832632316,1.0000000000000013,-1.3322676295501878e-15,MINIMAL,optimal,1,MOGAT
80168_AT1,MOGAT2,8.68247832632317,8.68247832632316,1.0000000000000013,-1.3322676295501878e-15,MINIMAL,optimal,1,MOGAT
4830_AT1,NME1,8.68247832632317,8.68247832632316,1.0000000000000013,-1.3322676295501878e-15,MINIMAL,optimal,19,NDPK8;NDPK2;NDPK4n;NDPK1;NDPK5;NDPK6;NDPK6n;NDPK10n;NDPK2n;NDPK9n
80271_AT1,ITPKC,8.68247832632317,8.68247832632316,1.0000000000000013,-1.3322676295501878e-15,MINIMAL,optimal,1,MI145PK
4845_AT1,4845_AT1,8.68247832632317,8.68247832632316,1.0000000000000013,-1.3322676295501878e-15,MINIMAL,optimal,2,NOS1;NOS2
4842_AT1,NOS1,8.68247832632317,8.68247832632316,1.0000000000000013,-1.3322676295501878e-15,MINIMAL,optimal,2,NOS1;NOS2
10400_AT2,PEMT,8.68247832632317,8.68247832632316,1.0000000000000013,-1.3322676295501878e-15,MINIMAL,optimal,2,PETOHMm_hs;PETOHMr_hs
10400_AT1,PEMT,8.68247832632317,8.68247832632316,1.0000000000000013,-1.3322676295501878e-15,MINIMAL,optimal,2,PETOHMm_hs;PETOHMr_hs
80068_AT1,80068_AT1,8.68247832632317,8.68247832632316,1.0000000000000013,-1.3322676295501878e-15,MINIMAL,optimal,1,MTHFC
285216_AT1,285216_AT1,8.68247832632317,8.68247832632316,1.0000000000000013,-1.3322676295501878e-15,MINIMAL,optimal,1,MTHFC
10797_AT1,MTHFD2,8.68247832632317,8.68247832632316,1.0000000000000013,-1.3322676295501878e-15,MINIMAL,optimal,3,MTHFD2m;MTHFDm;MTHFCm
5214_AT1,PFKP,8.68247832632317,8.68247832632316,1.0000000000000013,-1.3322676295501878e-15,MINIMAL,optimal,1,PFK
5213_AT1,PFKM,8.68247832632317,8.68247832632316,1.0000000000000013,-1.3322676295501878e-15,MINIMAL,optimal,1,PFK
4524_AT1,MTHFR,8.68247832632317,8.68247832632316,1.0000000000000013,-1.3322676295501878e-15,MINIMAL,optimal,1,MTHFR3
5211_AT1,PFKL,8.68247832632317,8.68247832632316,1.0000000000000013,-1.3322676295501878e-15,MINIMAL,optimal,1,PFK
5211_AT2,PFKL,8.68247832632317,8.68247832632316,1.0000000000000013,-1.3322676295501878e-15,MINIMAL,optimal,1,PFK
4846_AT1,NOS3,8.68247832632317,8.68247832632316,1.0000000000000013,-1.3322676295501878e-15,MINIMAL,optimal,2,NOS1;NOS2
4843_AT1,NOS2,8.68247832632317,8.68247832632316,1.0000000000000013,-1.3322676295501878e-15,MINIMAL,optimal,2,NOS1;NOS2
6557_AT1,SLC12A1,8.68247832632317,8.68247832632316,1.0000000000000013,-1.3322676295501878e-15,MINIMAL,optimal,2,NKCCt;NKCC2t
8821_AT1,INPP4B,8.68247832632317,8.68247832632316,1.0000000000000013,-1.3322676295501878e-15,MINIMAL,optimal,1,MI34PP
91703_AT1,ACY3,8.68247832632317,8.68247832632316,1.0000000000000013,-1.3322676295501878e-15,MINIMAL,optimal,1,NACASPAH
4843_AT2,NOS2,8.68247832632317,8.68247832632316,1.0000000000000013,-1.3322676295501878e-15,MINIMAL,optimal,2,NOS1;NOS2
27306_AT1,HPGDS,8.68247832632317,8.68247832632316,1.0000000000000013,-1.3322676295501878e-15,MINIMAL,optimal,1,PGDI
5730_AT1,PTGDS,8.68247832632317,8.68247832632316,1.0000000000000013,-1.3322676295501878e-15,MINIMAL,optimal,1,PGDI
22978_AT1,NT5C2,8.68247832632317,8.68247832632316,1.0000000000000013,-1.3322676295501878e-15,MINIMAL,optimal,7,NTD8;NTD10;NTD7;NTD6;NTD9;NT5C;NTD11
30833_AT1,NT5C,8.68247832632317,8.68247832632316,1.0000000000000013,-1.3322676295501878e-15,MINIMAL,optimal,4,NTD8;NTD1;NTD5;NTD3
93034_AT1,NT5C1B,8.68247832632317,8.68247832632316,1.0000000000000013,-1.3322676295501878e-15,MINIMAL,optimal,3,NTD3;NTD7;NTD11
93034_AT2,NT5C1B,8.68247832632317,8.68247832632316,1.0000000000000013,-1.3322676295501878e-15,MINIMAL,optimal,3,NTD3;NTD7;NTD11
56953_AT1,NT5M,8.68247832632317,8.68247832632316,1.0000000000000013,-1.3322676295501878e-15,MINIMAL,optimal,2,NTD1m;NTD5m
51251_AT1,NT5C3A,8.68247832632317,8.68247832632316,1.0000000000000013,-1.3322676295501878e-15,MINIMAL,optimal,2,NTD4;NTD2
4907_AT1,NT5E,8.68247832632317,8.68247832632316,1.0000000000000013,-1.3322676295501878e-15,MINIMAL,optimal,4,NTD9e;NTD2e;NTD7e;NTD4e
2821_AT1,GPI,8.68247832632317,8.68247832632316,1.0000000000000013,-1.3322676295501878e-15,MINIMAL,optimal,1,PGI
5232_AT1,PGK2,8.68247832632317,8.68247832632316,1.0000000000000013,-1.3322676295501878e-15,MINIMAL,optimal,1,PGK
348477_AT1,348477_AT1,8.68247832632317,8.68247832632316,1.0000000000000013,-1.3322676295501878e-15,MINIMAL,optimal,1,PGK
4844_AT1,4844_AT1,8.68247832632317,8.68247832632316,1.0000000000000013,-1.3322676295501878e-15,MINIMAL,optimal,2,NOS1;NOS2
4507_AT1,MTAP,8.68247832632317,8.68247832632316,1.0000000000000013,-1.3322676295501878e-15,MINIMAL,optimal,1,MTAP
481_AT1,ATP1B1,8.68247832632317,8.68247832632316,1.0000000000000013,-1.3322676295501878e-15,MINIMAL,optimal,1,NaKt
25796_AT1,PGLS,8.68247832632317,8.68247832632316,1.0000000000000013,-1.3322676295501878e-15,MINIMAL,optimal,1,PGL
476_AT1,ATP1A1,8.68247832632317,8.68247832632316,1.0000000000000013,-1.3322676295501878e-15,MINIMAL,optimal,1,NaKt
23439_AT1,ATP1B4,8.68247832632317,8.68247832632316,1.0000000000000013,-1.3322676295501878e-15,MINIMAL,optimal,1,NaKt
478_AT1,ATP1A3,8.68247832632317,8.68247832632316,1.0000000000000013,-1.3322676295501878e-15,MINIMAL,optimal,1,NaKt
5236_AT1,PGM1,8.68247832632317,8.68247832632316,1.0000000000000013,-1.3322676295501878e-15,MINIMAL,optimal,2,PGMT;PPM
55276_AT1,PGM2,8.68247832632317,8.68247832632316,1.0000000000000013,-1.3322676295501878e-15,MINIMAL,optimal,1,PGMT
9489_AT1,PGS1,8.68247832632317,8.68247832632316,1.0000000000000013,-1.3322676295501878e-15,MINIMAL,optimal,1,PGPPT
480_AT1,ATP1A4,8.68247832632317,8.68247832632316,1.0000000000000013,-1.3322676295501878e-15,MINIMAL,optimal,1,NaKt
482_AT1,ATP1B2,8.68247832632317,8.68247832632316,1.0000000000000013,-1.3322676295501878e-15,MINIMAL,optimal,1,NaKt
483_AT1,ATP1B3,8.68247832632317,8.68247832632316,1.0000000000000013,-1.3322676295501878e-15,MINIMAL,optimal,1,NaKt
5742_AT1,PTGS1,8.68247832632317,8.68247832632316,1.0000000000000013,-1.3322676295501878e-15,MINIMAL,optimal,2,PGSr;PGS
5743_AT1,PTGS2,8.68247832632317,8.68247832632316,1.0000000000000013,-1.3322676295501878e-15,MINIMAL,optimal,2,PGSr;PGS
5009_AT1,OTC,8.68247832632317,8.68247832632316,1.0000000000000013,-1.3322676295501878e-15,MINIMAL,optimal,1,OCBTm
443_AT1,ASPA,8.68247832632317,8.68247832632316,1.0000000000000013,-1.3322676295501878e-15,MINIMAL,optimal,1,NACASPAH
26227_AT1,PHGDH,8.68247832632317,8.68247832632316,1.0000000000000013,-1.3322676295501878e-15,MINIMAL,optimal,1,PGCD
64064_AT1,OXCT2,8.68247832632317,8.68247832632316,1.0000000000000013,-1.3322676295501878e-15,MINIMAL,optimal,1,OCOAT1m
593_AT1,BCKDHA,8.68247832632317,8.68247832632316,1.0000000000000013,-1.3322676295501878e-15,MINIMAL,optimal,3,OIVD1m;OIVD2m;OIVD3m
5728_AT1,PTEN,8.68247832632317,8.68247832632316,1.0000000000000013,-1.3322676295501878e-15,MINIMAL,optimal,2,PI345P3P;PI345P3Pn
8871_AT1,SYNJ2,8.68247832632317,8.68247832632316,1.0000000000000013,-1.3322676295501878e-15,MINIMAL,optimal,2,PI45P5P;PI345P5P
594_AT2,BCKDHB,8.68247832632317,8.68247832632316,1.0000000000000013,-1.3322676295501878e-15,MINIMAL,optimal,3,OIVD1m;OIVD2m;OIVD3m
594_AT1,BCKDHB,8.68247832632317,8.68247832632316,1.0000000000000013,-1.3322676295501878e-15,MINIMAL,optimal,3,OIVD1m;OIVD2m;OIVD3m
8394_AT1,PIP5K1A,8.68247832632317,8.68247832632316,1.0000000000000013,-1.3322676295501878e-15,MINIMAL,optimal,5,PI4P5K;PI3P4K;PI34P5K;PI3P5K;PIK5
23396_AT1,PIP5K1C,8.68247832632317,8.68247832632316,1.0000000000000013,-1.3322676295501878e-15,MINIMAL,optimal,5,PI4P5K;PI3P4K;PI34P5K;PI3P5K;PIK5
1629_AT1,DBT,8.68247832632317,8.68247832632316,1.0000000000000013,-1.3322676295501878e-15,MINIMAL,optimal,3,OIVD1m;OIVD2m;OIVD3m
7372_AT1,UMPS,8.68247832632317,8.68247832632316,1.0000000000000013,-1.3322676295501878e-15,MINIMAL,optimal,2,OMPDC;ORPT
8395_AT1,PIP5K1B,8.68247832632317,8.68247832632316,1.0000000000000013,-1.3322676295501878e-15,MINIMAL,optimal,5,PI4P5K;PI3P4K;PI34P5K;PI3P5K;PIK5
8897_AT1,MTMR3,8.68247832632317,8.68247832632316,1.0000000000000013,-1.3322676295501878e-15,MINIMAL,optimal,2,PI3PP;PI35P3P
26873_AT1,OPLAH,8.68247832632317,8.68247832632316,1.0000000000000013,-1.3322676295501878e-15,MINIMAL,optimal,1,OPAH
4953_AT1,ODC1,8.68247832632317,8.68247832632316,1.0000000000000013,-1.3322676295501878e-15,MINIMAL,optimal,1,ORNDC
5230_AT1,PGK1,8.68247832632317,8.68247832632316,1.0000000000000013,-1.3322676295501878e-15,MINIMAL,optimal,1,PGK
477_AT1,ATP1A2,8.68247832632317,8.68247832632316,1.0000000000000013,-1.3322676295501878e-15,MINIMAL,optimal,1,NaKt
5298_AT1,PI4KB,8.68247832632317,8.68247832632316,1.0000000000000013,-1.3322676295501878e-15,MINIMAL,optimal,3,PIK4;PI5P4K;PI3P4K
4942_AT1,OAT,8.68247832632317,8.68247832632316,1.0000000000000013,-1.3322676295501878e-15,MINIMAL,optimal,1,ORNTArm
10861_AT1,SLC26A1,8.68247832632317,8.68247832632316,1.0000000000000013,-1.3322676295501878e-15,MINIMAL,optimal,2,OXAHCOtex;SO4HCOtex
55361_AT1,PI4K2A,8.68247832632317,8.68247832632316,1.0000000000000013,-1.3322676295501878e-15,MINIMAL,optimal,3,PIK4;PI5P4K;PI3P4K
5297_AT1,PI4KA,8.68247832632317,8.68247832632316,1.0000000000000013,-1.3322676295501878e-15,MINIMAL,optimal,3,PIK4;PI5P4K;PI3P4K
8503_AT1,PIK3R3,8.68247832632317,8.68247832632316,1.0000000000000013,-1.3322676295501878e-15,MINIMAL,optimal,4,PIK3;PI45P3K;PI5P3K;PI4P3K
10861_AT2,SLC26A1,8.68247832632317,8.68247832632316,1.0000000000000013,-1.3322676295501878e-15,MINIMAL,optimal,2,OXAHCOtex;SO4HCOtex
10861_AT3,SLC26A1,8.68247832632317,8.68247832632316,1.0000000000000013,-1.3322676295501878e-15,MINIMAL,optimal,2,OXAHCOtex;SO4HCOtex
5294_AT1,PIK3CG,8.68247832632317,8.68247832632316,1.0000000000000013,-1.3322676295501878e-15,MINIMAL,optimal,4,PIK3;PI45P3K;PI5P3K;PI4P3K
5295_AT3,PIK3R1,8.68247832632317,8.68247832632316,1.0000000000000013,-1.3322676295501878e-15,MINIMAL,optimal,4,PIK3;PI45P3K;PI5P3K;PI4P3K
5293_AT1,PIK3CD,8.68247832632317,8.68247832632316,1.0000000000000013,-1.3322676295501878e-15,MINIMAL,optimal,4,PIK3;PI45P3K;PI5P3K;PI4P3K
5296_AT1,PIK3R2,8.68247832632317,8.68247832632316,1.0000000000000013,-1.3322676295501878e-15,MINIMAL,optimal,4,PIK3;PI45P3K;PI5P3K;PI4P3K
55191_AT1,NADSYN1,8.68247832632317,8.68247832632316,1.0000000000000013,-1.3322676295501878e-15,MINIMAL,optimal,1,NADS2
5295_AT2,PIK3R1,8.68247832632317,8.68247832632316,1.0000000000000013,-1.3322676295501878e-15,MINIMAL,optimal,4,PIK3;PI45P3K;PI5P3K;PI4P3K
5053_AT1,PAH,8.68247832632317,8.68247832632316,1.0000000000000013,-1.3322676295501878e-15,MINIMAL,optimal,1,PHETHPTOX2
5019_AT1,OXCT1,8.68247832632317,8.68247832632316,1.0000000000000013,-1.3322676295501878e-15,MINIMAL,optimal,1,OCOAT1m
5291_AT1,PIK3CB,8.68247832632317,8.68247832632316,1.0000000000000013,-1.3322676295501878e-15,MINIMAL,optimal,4,PIK3;PI45P3K;PI5P3K;PI4P3K
5295_AT1,PIK3R1,8.68247832632317,8.68247832632316,1.0000000000000013,-1.3322676295501878e-15,MINIMAL,optimal,4,PIK3;PI45P3K;PI5P3K;PI4P3K
9498_AT1,SLC4A8,8.68247832632317,8.68247832632316,1.0000000000000013,-1.3322676295501878e-15,MINIMAL,optimal,1,NAHCO3_HCLt
57282_AT1,SLC4A10,8.68247832632317,8.68247832632316,1.0000000000000013,-1.3322676295501878e-15,MINIMAL,optimal,1,NAHCO3_HCLt
10870_AT1,HCST,8.68247832632317,8.68247832632316,1.0000000000000013,-1.3322676295501878e-15,MINIMAL,optimal,4,PIK3;PI45P3K;PI5P3K;PI4P3K
6528_AT1,SLC5A5,8.68247832632317,8.68247832632316,1.0000000000000013,-1.3322676295501878e-15,MINIMAL,optimal,3,NAt;UREAt;NAIt
5290_AT1,PIK3CA,8.68247832632317,8.68247832632316,1.0000000000000013,-1.3322676295501878e-15,MINIMAL,optimal,4,PIK3;PI45P3K;PI5P3K;PI4P3K
1553_AT1,CYP2A13,8.68247832632317,8.68247832632316,1.0000000000000013,-1.3322676295501878e-15,MINIMAL,optimal,1,P4502A6
6550_AT1,SLC9A3,8.68247832632317,8.68247832632316,1.0000000000000013,-1.3322676295501878e-15,MINIMAL,optimal,2,NAt5;NAt3_1
23533_AT1,PIK3R5,8.68247832632317,8.68247832632316,1.0000000000000013,-1.3322676295501878e-15,MINIMAL,optimal,4,PIK3;PI45P3K;PI5P3K;PI4P3K
29968_AT1,PSAT1,8.68247832632317,8.68247832632316,1.0000000000000013,-1.3322676295501878e-15,MINIMAL,optimal,1,PSERT
4952_AT2,OCRL,8.68247832632317,8.68247832632316,1.0000000000000013,-1.3322676295501878e-15,MINIMAL,optimal,1,PI45P5P
4952_AT1,OCRL,8.68247832632317,8.68247832632316,1.0000000000000013,-1.3322676295501878e-15,MINIMAL,optimal,1,PI45P5P
5332_AT2,PLCB4,8.68247832632317,8.68247832632316,1.0000000000000013,-1.3322676295501878e-15,MINIMAL,optimal,3,PI45PLC;PI4PLC;PIPLC
8897_AT3,MTMR3,8.68247832632317,8.68247832632316,1.0000000000000013,-1.3322676295501878e-15,MINIMAL,optimal,2,PI3PP;PI35P3P
8897_AT2,MTMR3,8.68247832632317,8.68247832632316,1.0000000000000013,-1.3322676295501878e-15,MINIMAL,optimal,2,PI3PP;PI35P3P
1559_AT1,CYP2C9,8.68247832632317,8.68247832632316,1.0000000000000013,-1.3322676295501878e-15,MINIMAL,optimal,4,P4502C94;P4502C92;P4502C9;P4502C93
29968_AT2,PSAT1,8.68247832632317,8.68247832632316,1.0000000000000013,-1.3322676295501878e-15,MINIMAL,optimal,1,PSERT
1565_AT1,CYP2D6,8.68247832632317,8.68247832632316,1.0000000000000013,-1.3322676295501878e-15,MINIMAL,optimal,1,P4502D6
1572_AT1,CYP2F1,8.68247832632317,8.68247832632316,1.0000000000000013,-1.3322676295501878e-15,MINIMAL,optimal,1,P4502F1
5336_AT1,PLCG2,8.68247832632317,8.68247832632316,1.0000000000000013,-1.3322676295501878e-15,MINIMAL,optimal,3,PI45PLC;PI4PLC;PIPLC
5335_AT1,PLCG1,8.68247832632317,8.68247832632316,1.0000000000000013,-1.3322676295501878e-15,MINIMAL,optimal,3,PI45PLC;PI4PLC;PIPLC
8781_AT1,8781_AT1,8.68247832632317,8.68247832632316,1.0000000000000013,-1.3322676295501878e-15,MINIMAL,optimal,1,PSP_L
5723_AT1,PSPH,8.68247832632317,8.68247832632316,1.0000000000000013,-1.3322676295501878e-15,MINIMAL,optimal,1,PSP_L
257068_AT1,PLCXD2,8.68247832632317,8.68247832632316,1.0000000000000013,-1.3322676295501878e-15,MINIMAL,optimal,3,PI45PLC;PI4PLC;PIPLC
9791_AT1,PTDSS1,8.68247832632317,8.68247832632316,1.0000000000000013,-1.3322676295501878e-15,MINIMAL,optimal,1,PSSA1_hs
89869_AT1,PLCZ1,8.68247832632317,8.68247832632316,1.0000000000000013,-1.3322676295501878e-15,MINIMAL,optimal,3,PI45PLC;PI4PLC;PIPLC
5334_AT1,PLCL1,8.68247832632317,8.68247832632316,1.0000000000000013,-1.3322676295501878e-15,MINIMAL,optimal,3,PI45PLC;PI4PLC;PIPLC
51302_AT1,CYP39A1,8.68247832632317,8.68247832632316,1.0000000000000013,-1.3322676295501878e-15,MINIMAL,optimal,1,P45039A1r
81490_AT1,PTDSS2,8.68247832632317,8.68247832632316,1.0000000000000013,-1.3322676295501878e-15,MINIMAL,optimal,1,PSSA2_hs
1593_AT1,CYP27A1,8.68247832632317,8.68247832632316,1.0000000000000013,-1.3322676295501878e-15,MINIMAL,optimal,7,P45027A16m;P45027A12m;P45027A15m;P45027A13m;VITD3Hm;P45027A14m;P45027A11m
1548_AT1,CYP2A6,8.68247832632317,8.68247832632316,1.0000000000000013,-1.3322676295501878e-15,MINIMAL,optimal,1,P4502A6
84812_AT1,PLCD4,8.68247832632317,8.68247832632316,1.0000000000000013,-1.3322676295501878e-15,MINIMAL,optimal,3,PI45PLC;PI4PLC;PIPLC
5333_AT1,PLCD1,8.68247832632317,8.68247832632316,1.0000000000000013,-1.3322676295501878e-15,MINIMAL,optimal,3,PI45PLC;PI4PLC;PIPLC
51196_AT1,PLCE1,8.68247832632317,8.68247832632316,1.0000000000000013,-1.3322676295501878e-15,MINIMAL,optimal,3,PI45PLC;PI4PLC;PIPLC
5330_AT1,PLCB2,8.68247832632317,8.68247832632316,1.0000000000000013,-1.3322676295501878e-15,MINIMAL,optimal,3,PI45PLC;PI4PLC;PIPLC
5331_AT1,PLCB3,8.68247832632317,8.68247832632316,1.0000000000000013,-1.3322676295501878e-15,MINIMAL,optimal,3,PI45PLC;PI4PLC;PIPLC
1577_AT1,CYP3A5,8.68247832632317,8.68247832632316,1.0000000000000013,-1.3322676295501878e-15,MINIMAL,optimal,1,P4503A5
5332_AT1,PLCB4,8.68247832632317,8.68247832632316,1.0000000000000013,-1.3322676295501878e-15,MINIMAL,optimal,3,PI45PLC;PI4PLC;PIPLC
10858_AT1,CYP46A1,8.68247832632317,8.68247832632316,1.0000000000000013,-1.3322676295501878e-15,MINIMAL,optimal,1,P45046A1r
66002_AT1,CYP4F12,8.68247832632317,8.68247832632316,1.0000000000000013,-1.3322676295501878e-15,MINIMAL,optimal,1,P4504F123r
9651_AT1,PLCH2,8.68247832632317,8.68247832632316,1.0000000000000013,-1.3322676295501878e-15,MINIMAL,optimal,3,PI45PLC;PI4PLC;PIPLC
8566_AT1,PDXK,8.68247832632317,8.68247832632316,1.0000000000000013,-1.3322676295501878e-15,MINIMAL,optimal,3,PYDXK;PYDXNK;PYDAMK
23236_AT2,PLCB1,8.68247832632317,8.68247832632316,1.0000000000000013,-1.3322676295501878e-15,MINIMAL,optimal,3,PI45PLC;PI4PLC;PIPLC
113026_AT1,PLCD3,8.68247832632317,8.68247832632316,1.0000000000000013,-1.3322676295501878e-15,MINIMAL,optimal,3,PI45PLC;PI4PLC;PIPLC
5315_AT1,PKM,8.68247832632317,8.68247832632316,1.0000000000000013,-1.3322676295501878e-15,MINIMAL,optimal,1,PYK
23236_AT1,PLCB1,8.68247832632317,8.68247832632316,1.0000000000000013,-1.3322676295501878e-15,MINIMAL,optimal,3,PI45PLC;PI4PLC;PIPLC
1562_AT1,CYP2C18,8.68247832632317,8.68247832632316,1.0000000000000013,-1.3322676295501878e-15,MINIMAL,optimal,1,P4502C18
5315_AT3,PKM,8.68247832632317,8.68247832632316,1.0000000000000013,-1.3322676295501878e-15,MINIMAL,optimal,1,PYK
5288_AT1,PIK3C2G,8.68247832632317,8.68247832632316,1.0000000000000013,-1.3322676295501878e-15,MINIMAL,optimal,3,PIK3;PI5P3K;PI4P3K
1582_AT1,CYP8B1,8.68247832632317,8.68247832632316,1.0000000000000013,-1.3322676295501878e-15,MINIMAL,optimal,2,P4508B13r;P4508B11r
65263_AT1,PYCRL,8.68247832632317,8.68247832632316,1.0000000000000013,-1.3322676295501878e-15,MINIMAL,optimal,2,P5CRx;P5CR
113452_AT1,TMEM54,8.68247832632317,8.68247832632316,1.0000000000000013,-1.3322676295501878e-15,MINIMAL,optimal,1,PYK
5286_AT1,PIK3C2A,8.68247832632317,8.68247832632316,1.0000000000000013,-1.3322676295501878e-15,MINIMAL,optimal,3,PIK3;PI5P3K;PI4P3K
5315_AT2,PKM,8.68247832632317,8.68247832632316,1.0000000000000013,-1.3322676295501878e-15,MINIMAL,optimal,1,PYK
29920_AT1,PYCR2,8.68247832632317,8.68247832632316,1.0000000000000013,-1.3322676295501878e-15,MINIMAL,optimal,2,P5CRx;P5CR
5313_AT1,PKLR,8.68247832632317,8.68247832632316,1.0000000000000013,-1.3322676295501878e-15,MINIMAL,optimal,1,PYK
5831_AT2,PYCR1,8.68247832632317,8.68247832632316,1.0000000000000013,-1.3322676295501878e-15,MINIMAL,optimal,2,P5CRm;P5CRxm
5831_AT1,PYCR1,8.68247832632317,8.68247832632316,1.0000000000000013,-1.3322676295501878e-15,MINIMAL,optimal,2,P5CRm;P5CRxm
5287_AT1,PIK3C2B,8.68247832632317,8.68247832632316,1.0000000000000013,-1.3322676295501878e-15,MINIMAL,optimal,3,PIK3;PI5P3K;PI4P3K
8396_AT2,PIP4K2B,8.68247832632317,8.68247832632316,1.0000000000000013,-1.3322676295501878e-15,MINIMAL,optimal,1,PI4P5K
5050_AT1,PAFAH1B3,8.68247832632317,8.68247832632316,1.0000000000000013,-1.3322676295501878e-15,MINIMAL,optimal,1,PAFH
10965_AT1,ACOT2,8.68247832632317,8.68247832632316,1.0000000000000013,-1.3322676295501878e-15,MINIMAL,optimal,1,PTE3x
5335_AT2,PLCG1,8.68247832632317,8.68247832632316,1.0000000000000013,-1.3322676295501878e-15,MINIMAL,optimal,3,PI45PLC;PI4PLC;PIPLC
7378_AT2,UPP1,8.68247832632317,8.68247832632316,1.0000000000000013,-1.3322676295501878e-15,MINIMAL,optimal,1,PYNP2r
79837_AT1,PIP4K2C,8.68247832632317,8.68247832632316,1.0000000000000013,-1.3322676295501878e-15,MINIMAL,optimal,1,PI4P5K
5049_AT1,PAFAH1B2,8.68247832632317,8.68247832632316,1.0000000000000013,-1.3322676295501878e-15,MINIMAL,optimal,1,PAFH
5048_AT1,PAFAH1B1,8.68247832632317,8.68247832632316,1.0000000000000013,-1.3322676295501878e-15,MINIMAL,optimal,1,PAFH
7378_AT1,UPP1,8.68247832632317,8.68247832632316,1.0000000000000013,-1.3322676295501878e-15,MINIMAL,optimal,1,PYNP2r
5051_AT1,PAFAH2,8.68247832632317,8.68247832632316,1.0000000000000013,-1.3322676295501878e-15,MINIMAL,optimal,1,PAFH
200576_AT1,PIKFYVE,8.68247832632317,8.68247832632316,1.0000000000000013,-1.3322676295501878e-15,MINIMAL,optimal,1,PI4P5K
8396_AT1,PIP4K2B,8.68247832632317,8.68247832632316,1.0000000000000013,-1.3322676295501878e-15,MINIMAL,optimal,1,PI4P5K
2944_AT1,GSTM1,8.68247832632317,8.68247832632316,1.0000000000000013,-1.3322676295501878e-15,MINIMAL,optimal,1,RAI3
5305_AT1,PIP4K2A,8.68247832632317,8.68247832632316,1.0000000000000013,-1.3322676295501878e-15,MINIMAL,optimal,1,PI4P5K
200576_AT3,PIKFYVE,8.68247832632317,8.68247832632316,1.0000000000000013,-1.3322676295501878e-15,MINIMAL,optimal,1,PI4P5K
2944_AT2,GSTM1,8.68247832632317,8.68247832632316,1.0000000000000013,-1.3322676295501878e-15,MINIMAL,optimal,1,RAI3
57194_AT1,ATP10A,8.68247832632317,8.68247832632316,1.0000000000000013,-1.3322676295501878e-15,MINIMAL,optimal,5,PEFLIP;PSFLIPm;PCFLOPm;PSFLIP;PEFLIPm
5289_AT1,PIK3C3,8.68247832632317,8.68247832632316,1.0000000000000013,-1.3322676295501878e-15,MINIMAL,optimal,2,PIK3;PI5P3K
1581_AT1,CYP7A1,8.68247832632317,8.68247832632316,1.0000000000000013,-1.3322676295501878e-15,MINIMAL,optimal,1,P4507A1r
23007_AT1,PLCH1,8.68247832632317,8.68247832632316,1.0000000000000013,-1.3322676295501878e-15,MINIMAL,optimal,3,PI45PLC;PI4PLC;PIPLC
5337_AT1,PLD1,8.68247832632317,8.68247832632316,1.0000000000000013,-1.3322676295501878e-15,MINIMAL,optimal,1,PCHOLPm_hs
8608_AT1,RDH16,8.68247832632317,8.68247832632316,1.0000000000000013,-1.3322676295501878e-15,MINIMAL,optimal,1,RDH1
5959_AT1,RDH5,8.68247832632317,8.68247832632316,1.0000000000000013,-1.3322676295501878e-15,MINIMAL,optimal,4,RDH1;RDH2;RDH4;RDH3
57665_AT1,RDH14,8.68247832632317,8.68247832632316,1.0000000000000013,-1.3322676295501878e-15,MINIMAL,optimal,3,RDH3a;RDH2a;RDH1a
195814_AT1,SDR16C5,8.68247832632317,8.68247832632316,1.0000000000000013,-1.3322676295501878e-15,MINIMAL,optimal,3,RDH3a;RDH2a;RDH1a
51109_AT1,RDH11,8.68247832632317,8.68247832632316,1.0000000000000013,-1.3322676295501878e-15,MINIMAL,optimal,3,RDH3a;RDH2a;RDH1a
5091_AT1,PC,8.68247832632317,8.68247832632316,1.0000000000000013,-1.3322676295501878e-15,MINIMAL,optimal,1,PCm
112724_AT1,RDH13,8.68247832632317,8.68247832632316,1.0000000000000013,-1.3322676295501878e-15,MINIMAL,optimal,3,RDH3a;RDH2a;RDH1a
5091_AT2,PC,8.68247832632317,8.68247832632316,1.0000000000000013,-1.3322676295501878e-15,MINIMAL,optimal,1,PCm
157506_AT1,RDH10,8.68247832632317,8.68247832632316,1.0000000000000013,-1.3322676295501878e-15,MINIMAL,optimal,1,RDH1a
50700_AT1,RDH8,8.68247832632317,8.68247832632316,1.0000000000000013,-1.3322676295501878e-15,MINIMAL,optimal,2,RDH2a;RDH1a
145226_AT1,RDH12,8.68247832632317,8.68247832632316,1.0000000000000013,-1.3322676295501878e-15,MINIMAL,optimal,3,RDH3a;RDH2a;RDH1a
8228_AT1,PNPLA4,8.68247832632317,8.68247832632316,1.0000000000000013,-1.3322676295501878e-15,MINIMAL,optimal,1,RETH
5140_AT2,PDE3B,8.68247832632317,8.68247832632316,1.0000000000000013,-1.3322676295501878e-15,MINIMAL,optimal,2,PDE1;PDE4
5313_AT2,PKLR,8.68247832632317,8.68247832632316,1.0000000000000013,-1.3322676295501878e-15,MINIMAL,optimal,1,PYK
200576_AT2,PIKFYVE,8.68247832632317,8.68247832632316,1.0000000000000013,-1.3322676295501878e-15,MINIMAL,optimal,1,PI4P5K
6241_AT1,RRM2,8.68247832632317,8.68247832632316,1.0000000000000013,-1.3322676295501878e-15,MINIMAL,optimal,4,RNDR3;RNDR1;RNDR4;RNDR2
5250_AT3,SLC25A3,8.68247832632317,8.68247832632316,1.0000000000000013,-1.3322676295501878e-15,MINIMAL,optimal,1,PIt2m
54981_AT1,NMRK1,8.68247832632317,8.68247832632316,1.0000000000000013,-1.3322676295501878e-15,MINIMAL,optimal,1,RNMK
5250_AT4,SLC25A3,8.68247832632317,8.68247832632316,1.0000000000000013,-1.3322676295501878e-15,MINIMAL,optimal,1,PIt2m
5250_AT2,SLC25A3,8.68247832632317,8.68247832632316,1.0000000000000013,-1.3322676295501878e-15,MINIMAL,optimal,1,PIt2m
6569_AT1,SLC34A1,8.68247832632317,8.68247832632316,1.0000000000000013,-1.3322676295501878e-15,MINIMAL,optimal,1,PIt7_copy1
5136_AT2,PDE1A,8.68247832632317,8.68247832632316,1.0000000000000013,-1.3322676295501878e-15,MINIMAL,optimal,2,PDE1;PDE4
5137_AT1,PDE1C,8.68247832632317,8.68247832632316,1.0000000000000013,-1.3322676295501878e-15,MINIMAL,optimal,2,PDE1;PDE4
10568_AT1,SLC34A2,8.68247832632317,8.68247832632316,1.0000000000000013,-1.3322676295501878e-15,MINIMAL,optimal,1,PIt7_copy1
22934_AT1,RPIA,8.68247832632317,8.68247832632316,1.0000000000000013,-1.3322676295501878e-15,MINIMAL,optimal,1,RPI
6568_AT1,SLC17A1,8.68247832632317,8.68247832632316,1.0000000000000013,-1.3322676295501878e-15,MINIMAL,optimal,1,PIt7_copy2
10050_AT1,SLC17A4,8.68247832632317,8.68247832632316,1.0000000000000013,-1.3322676295501878e-15,MINIMAL,optimal,1,PIt7_copy2
10786_AT1,SLC17A3,8.68247832632317,8.68247832632316,1.0000000000000013,-1.3322676295501878e-15,MINIMAL,optimal,1,PIt7_copy2
10246_AT1,SLC17A2,8.68247832632317,8.68247832632316,1.0000000000000013,-1.3322676295501878e-15,MINIMAL,optimal,1,PIt7_copy2
55312_AT1,RFK,8.68247832632317,8.68247832632316,1.0000000000000013,-1.3322676295501878e-15,MINIMAL,optimal,1,RBFK
5338_AT1,PLD2,8.68247832632317,8.68247832632316,1.0000000000000013,-1.3322676295501878e-15,MINIMAL,optimal,1,PCHOLP_hs
5151_AT1,PDE8A,8.68247832632317,8.68247832632316,1.0000000000000013,-1.3322676295501878e-15,MINIMAL,optimal,1,PDE1
5143_AT1,PDE4C,8.68247832632317,8.68247832632316,1.0000000000000013,-1.3322676295501878e-15,MINIMAL,optimal,1,PDE1
5139_AT1,PDE3A,8.68247832632317,8.68247832632316,1.0000000000000013,-1.3322676295501878e-15,MINIMAL,optimal,2,PDE1;PDE4
5151_AT2,PDE8A,8.68247832632317,8.68247832632316,1.0000000000000013,-1.3322676295501878e-15,MINIMAL,optimal,1,PDE1
5150_AT2,PDE7A,8.68247832632317,8.68247832632316,1.0000000000000013,-1.3322676295501878e-15,MINIMAL,optimal,1,PDE1
27115_AT1,PDE7B,8.68247832632317,8.68247832632316,1.0000000000000013,-1.3322676295501878e-15,MINIMAL,optimal,1,PDE1
5151_AT5,PDE8A,8.68247832632317,8.68247832632316,1.0000000000000013,-1.3322676295501878e-15,MINIMAL,optimal,1,PDE1
10846_AT1,PDE10A,8.68247832632317,8.68247832632316,1.0000000000000013,-1.3322676295501878e-15,MINIMAL,optimal,2,PDE1;PDE4
142680_AT1,SLC34A3,8.68247832632317,8.68247832632316,1.0000000000000013,-1.3322676295501878e-15,MINIMAL,optimal,1,PIt9
5140_AT1,PDE3B,8.68247832632317,8.68247832632316,1.0000000000000013,-1.3322676295501878e-15,MINIMAL,optimal,2,PDE1;PDE4
5151_AT4,PDE8A,8.68247832632317,8.68247832632316,1.0000000000000013,-1.3322676295501878e-15,MINIMAL,optimal,1,PDE1
7054_AT2,TH,8.68247832632317,8.68247832632316,1.0000000000000013,-1.3322676295501878e-15,MINIMAL,optimal,1,TYR3MO2
8398_AT1,PLA2G6,8.682478326323173,8.68247832632316,1.0000000000000013,-1.3322676295501878e-15,MINIMAL,optimal,1,PLA2_2
5150_AT1,PDE7A,8.68247832632317,8.68247832632316,1.0000000000000013,-1.3322676295501878e-15,MINIMAL,optimal,1,PDE1
6240_AT1,RRM1,8.68247832632317,8.68247832632316,1.0000000000000013,-1.3322676295501878e-15,MINIMAL,optimal,4,RNDR3;RNDR1;RNDR4;RNDR2
5250_AT1,SLC25A3,8.68247832632317,8.68247832632316,1.0000000000000013,-1.3322676295501878e-15,MINIMAL,optimal,1,PIt2m
5320_AT1,PLA2G2A,8.68247832632317,8.68247832632316,1.0000000000000013,-1.3322676295501878e-15,MINIMAL,optimal,2,PLA2_2;PLA2_2e
8398_AT2,PLA2G6,8.68247832632317,8.68247832632316,1.0000000000000013,-1.3322676295501878e-15,MINIMAL,optimal,1,PLA2_2
30814_AT1,PLA2G2E,8.68247832632317,8.68247832632316,1.0000000000000013,-1.3322676295501878e-15,MINIMAL,optimal,1,PLA2_2e
50940_AT1,PDE11A,8.68247832632317,8.68247832632316,1.0000000000000013,-1.3322676295501878e-15,MINIMAL,optimal,2,PDE1;PDE4
5322_AT1,PLA2G5,8.68247832632317,8.68247832632316,1.0000000000000013,-1.3322676295501878e-15,MINIMAL,optimal,1,PLA2_2e
64600_AT1,PLA2G2F,8.68247832632317,8.68247832632316,1.0000000000000013,-1.3322676295501878e-15,MINIMAL,optimal,1,PLA2_2e
5136_AT1,PDE1A,8.68247832632317,8.68247832632316,1.0000000000000013,-1.3322676295501878e-15,MINIMAL,optimal,2,PDE1;PDE4
5142_AT1,PDE4B,8.68247832632317,8.68247832632316,1.0000000000000013,-1.3322676295501878e-15,MINIMAL,optimal,1,PDE1
81579_AT1,PLA2G12A,8.68247832632317,8.68247832632316,1.0000000000000013,-1.3322676295501878e-15,MINIMAL,optimal,1,PLA2_2e
26279_AT1,PLA2G2D,8.68247832632317,8.68247832632316,1.0000000000000013,-1.3322676295501878e-15,MINIMAL,optimal,1,PLA2_2e
5141_AT1,PDE4A,8.68247832632317,8.68247832632316,1.0000000000000013,-1.3322676295501878e-15,MINIMAL,optimal,1,PDE1
5151_AT3,PDE8A,8.68247832632317,8.68247832632316,1.0000000000000013,-1.3322676295501878e-15,MINIMAL,optimal,1,PDE1
5144_AT1,PDE4D,8.68247832632317,8.68247832632316,1.0000000000000013,-1.3322676295501878e-15,MINIMAL,optimal,1,PDE1
5319_AT1,PLA2G1B,8.68247832632317,8.68247832632316,1.0000000000000013,-1.3322676295501878e-15,MINIMAL,optimal,1,PLA2_2e
6574_AT1,SLC20A1,8.68247832632317,8.68247832632316,1.0000000000000013,-1.3322676295501878e-15,MINIMAL,optimal,1,PIt8
6575_AT1,SLC20A2,8.68247832632317,8.68247832632316,1.0000000000000013,-1.3322676295501878e-15,MINIMAL,optimal,1,PIt8
8654_AT3,PDE5A,8.68247832632317,8.68247832632316,1.0000000000000013,-1.3322676295501878e-15,MINIMAL,optimal,1,PDE4
5152_AT10,PDE9A,8.68247832632317,8.68247832632316,1.0000000000000013,-1.3322676295501878e-15,MINIMAL,optimal,1,PDE4
5152_AT3,PDE9A,8.68247832632317,8.68247832632316,1.0000000000000013,-1.3322676295501878e-15,MINIMAL,optimal,1,PDE4
5158_AT1,PDE6B,8.68247832632317,8.68247832632316,1.0000000000000013,-1.3322676295501878e-15,MINIMAL,optimal,1,PDE4
5152_AT15,PDE9A,8.68247832632317,8.68247832632316,1.0000000000000013,-1.3322676295501878e-15,MINIMAL,optimal,1,PDE4
5146_AT1,PDE6C,8.68247832632317,8.68247832632316,1.0000000000000013,-1.3322676295501878e-15,MINIMAL,optimal,1,PDE4
5147_AT1,PDE6D,8.68247832632317,8.68247832632316,1.0000000000000013,-1.3322676295501878e-15,MINIMAL,optimal,1,PDE4
7054_AT3,TH,8.68247832632317,8.68247832632316,1.0000000000000013,-1.3322676295501878e-15,MINIMAL,optimal,1,TYR3MO2
2582_AT1,GALE,8.68247832632317,8.68247832632316,1.0000000000000013,-1.3322676295501878e-15,MINIMAL,optimal,1,UDPG4E
5152_AT19,PDE9A,8.68247832632317,8.68247832632316,1.0000000000000013,-1.3322676295501878e-15,MINIMAL,optimal,1,PDE4
5152_AT12,PDE9A,8.68247832632317,8.68247832632316,1.0000000000000013,-1.3322676295501878e-15,MINIMAL,optimal,1,PDE4
5149_AT1,PDE6H,8.68247832632317,8.68247832632316,1.0000000000000013,-1.3322676295501878e-15,MINIMAL,optimal,1,PDE4
5148_AT1,PDE6G,8.68247832632317,8.68247832632316,1.0000000000000013,-1.3322676295501878e-15,MINIMAL,optimal,1,PDE4
5152_AT4,PDE9A,8.68247832632317,8.68247832632316,1.0000000000000013,-1.3322676295501878e-15,MINIMAL,optimal,1,PDE4
8622_AT1,PDE8B,8.68247832632317,8.68247832632316,1.0000000000000013,-1.3322676295501878e-15,MINIMAL,optimal,1,PDE1
5138_AT1,PDE2A,8.68247832632317,8.68247832632316,1.0000000000000013,-1.3322676295501878e-15,MINIMAL,optimal,2,PDE1;PDE4
5152_AT20,PDE9A,8.68247832632317,8.68247832632316,1.0000000000000013,-1.3322676295501878e-15,MINIMAL,optimal,1,PDE4
5152_AT17,PDE9A,8.68247832632317,8.68247832632316,1.0000000000000013,-1.3322676295501878e-15,MINIMAL,optimal,1,PDE4
5145_AT1,PDE6A,8.68247832632317,8.68247832632316,1.0000000000000013,-1.3322676295501878e-15,MINIMAL,optimal,1,PDE4
5152_AT16,PDE9A,8.68247832632317,8.68247832632316,1.0000000000000013,-1.3322676295501878e-15,MINIMAL,optimal,1,PDE4
5152_AT13,PDE9A,8.68247832632317,8.68247832632316,1.0000000000000013,-1.3322676295501878e-15,MINIMAL,optimal,1,PDE4
5152_AT6,PDE9A,8.68247832632317,8.68247832632316,1.0000000000000013,-1.3322676295501878e-15,MINIMAL,optimal,1,PDE4
80025_AT1,PANK2,8.68247832632317,8.68247832632316,1.0000000000000013,-1.3322676295501878e-15,MINIMAL,optimal,1,PNTK
53354_AT2,PANK1,8.68247832632317,8.68247832632316,1.0000000000000013,-1.3322676295501878e-15,MINIMAL,optimal,1,PNTK
5152_AT2,PDE9A,8.68247832632317,8.68247832632316,1.0000000000000013,-1.3322676295501878e-15,MINIMAL,optimal,1,PDE4
5152_AT14,PDE9A,8.68247832632317,8.68247832632316,1.0000000000000013,-1.3322676295501878e-15,MINIMAL,optimal,1,PDE4
5152_AT18,PDE9A,8.68247832632317,8.68247832632316,1.0000000000000013,-1.3322676295501878e-15,MINIMAL,optimal,1,PDE4
53354_AT1,PANK1,8.68247832632317,8.68247832632316,1.0000000000000013,-1.3322676295501878e-15,MINIMAL,optimal,1,PNTK
80025_AT4,PANK2,8.68247832632317,8.68247832632316,1.0000000000000013,-1.3322676295501878e-15,MINIMAL,optimal,1,PNTK
5152_AT11,PDE9A,8.68247832632317,8.68247832632316,1.0000000000000013,-1.3322676295501878e-15,MINIMAL,optimal,1,PDE4
8399_AT1,PLA2G10,8.68247832632317,8.68247832632316,1.0000000000000013,-1.3322676295501878e-15,MINIMAL,optimal,1,PLA2_2e
5153_AT1,PDE1B,8.68247832632317,8.68247832632316,1.0000000000000013,-1.3322676295501878e-15,MINIMAL,optimal,2,PDE1;PDE4
5152_AT5,PDE9A,8.68247832632317,8.68247832632316,1.0000000000000013,-1.3322676295501878e-15,MINIMAL,optimal,1,PDE4
5152_AT1,PDE9A,8.68247832632317,8.68247832632316,1.0000000000000013,-1.3322676295501878e-15,MINIMAL,optimal,1,GCPNn
1737_AT1,DLAT,8.68247832632317,8.68247832632316,1.0000000000000013,-1.3322676295501878e-15,MINIMAL,optimal,1,PDHm
5160_AT1,PDHA1,8.68247832632317,8.68247832632316,1.0000000000000013,-1.3322676295501878e-15,MINIMAL,optimal,1,PDHm
5161_AT1,PDHA2,8.68247832632317,8.68247832632316,1.0000000000000013,-1.3322676295501878e-15,MINIMAL,optimal,1,PDHm
79646_AT1,PANK3,8.68247832632317,8.68247832632316,1.0000000000000013,-1.3322676295501878e-15,MINIMAL,optimal,1,PNTK
55229_AT1,PANK4,8.68247832632317,8.68247832632316,1.0000000000000013,-1.3322676295501878e-15,MINIMAL,optimal,1,PNTK
53354_AT3,PANK1,8.68247832632317,8.68247832632316,1.0000000000000013,-1.3322676295501878e-15,MINIMAL,optimal,1,PNTK
5464_AT1,PPA1,8.68247832632317,8.68247832632316,1.0000000000000013,-1.3322676295501878e-15,MINIMAL,optimal,1,PPA
5162_AT1,PDHB,8.68247832632317,8.68247832632316,1.0000000000000013,-1.3322676295501878e-15,MINIMAL,optimal,1,PDHm
55163_AT1,PNPO,8.68247832632317,8.68247832632316,1.0000000000000013,-1.3322676295501878e-15,MINIMAL,optimal,2,PYAM5PO;PDX5POi
10396_AT1,ATP8A1,8.68247832632317,8.68247832632316,1.0000000000000013,-1.3322676295501878e-15,MINIMAL,optimal,4,PEFLIP;PSFLIPm;PEFLIPm;PSFLIP
5106_AT1,PCK2,8.68247832632317,8.68247832632316,1.0000000000000013,-1.3322676295501878e-15,MINIMAL,optimal,1,PEPCKm
27068_AT2,PPA2,8.68247832632317,8.68247832632316,1.0000000000000013,-1.3322676295501878e-15,MINIMAL,optimal,1,PPAm
5152_AT7,PDE9A,8.68247832632317,8.68247832632316,1.0000000000000013,-1.3322676295501878e-15,MINIMAL,optimal,1,PDE4
8654_AT2,PDE5A,8.68247832632317,8.68247832632316,1.0000000000000013,-1.3322676295501878e-15,MINIMAL,optimal,1,PDE4
27068_AT4,PPA2,8.68247832632317,8.68247832632316,1.0000000000000013,-1.3322676295501878e-15,MINIMAL,optimal,1,PPAm
27068_AT1,PPA2,8.68247832632317,8.68247832632316,1.0000000000000013,-1.3322676295501878e-15,MINIMAL,optimal,1,PPAm
210_AT2,ALAD,8.68247832632317,8.68247832632316,1.0000000000000013,-1.3322676295501878e-15,MINIMAL,optimal,1,PPBNGS
10157_AT1,AASS,8.68247832632317,8.68247832632316,1.0000000000000013,-1.3322676295501878e-15,MINIMAL,optimal,2,SACCD3m;SACCD4m
210_AT1,ALAD,8.68247832632317,8.68247832632316,1.0000000000000013,-1.3322676295501878e-15,MINIMAL,optimal,1,PPBNGS
6675_AT1,UAP1,8.68247832632317,8.68247832632316,1.0000000000000013,-1.3322676295501878e-15,MINIMAL,optimal,1,UAGDP
118881_AT1,COMTD1,8.68247832632317,8.68247832632316,1.0000000000000013,-1.3322676295501878e-15,MINIMAL,optimal,1,SALMCOM2
60490_AT1,PPCDC,8.68247832632317,8.68247832632316,1.0000000000000013,-1.3322676295501878e-15,MINIMAL,optimal,1,PPCDC
5096_AT1,PCCB,8.68247832632317,8.68247832632316,1.0000000000000013,-1.3322676295501878e-15,MINIMAL,optimal,1,PPCOACm
3176_AT1,HNMT,8.68247832632317,8.68247832632316,1.0000000000000013,-1.3322676295501878e-15,MINIMAL,optimal,1,SAMHISTA
5095_AT1,PCCA,8.68247832632317,8.68247832632316,1.0000000000000013,-1.3322676295501878e-15,MINIMAL,optimal,1,PPCOACm
79717_AT1,PPCS,8.68247832632317,8.68247832632316,1.0000000000000013,-1.3322676295501878e-15,MINIMAL,optimal,1,PPNCL3
91373_AT1,UAP1L1,8.68247832632317,8.68247832632316,1.0000000000000013,-1.3322676295501878e-15,MINIMAL,optimal,1,UAGDP
1757_AT1,SARDH,8.68247832632317,8.68247832632316,1.0000000000000013,-1.3322676295501878e-15,MINIMAL,optimal,1,SARDHm
80025_AT3,PANK2,8.68247832632317,8.68247832632316,1.0000000000000013,-1.3322676295501878e-15,MINIMAL,optimal,1,PNTK
80025_AT2,PANK2,8.68247832632317,8.68247832632316,1.0000000000000013,-1.3322676295501878e-15,MINIMAL,optimal,1,PNTK
6652_AT1,SORD,8.68247832632317,8.68247832632316,1.0000000000000013,-1.3322676295501878e-15,MINIMAL,optimal,1,SBTD_D2
8288_AT1,EPX,8.68247832632317,8.68247832632316,1.0000000000000013,-1.3322676295501878e-15,MINIMAL,optimal,1,PRDX
4353_AT1,MPO,8.68247832632317,8.68247832632316,1.0000000000000013,-1.3322676295501878e-15,MINIMAL,optimal,1,PRDXl
6342_AT1,SCP2,8.68247832632317,8.68247832632316,1.0000000000000013,-1.3322676295501878e-15,MINIMAL,optimal,3,SCP2x;SCP3x;SCPx
5198_AT1,PFAS,8.68247832632317,8.68247832632316,1.0000000000000013,-1.3322676295501878e-15,MINIMAL,optimal,1,PRFGS
6820_AT2,SULT2B1,8.68247832632317,8.68247832632316,1.0000000000000013,-1.3322676295501878e-15,MINIMAL,optimal,1,PRGNLONESULT
7358_AT1,UGDH,8.68247832632317,8.68247832632316,1.0000000000000013,-1.3322676295501878e-15,MINIMAL,optimal,1,UDPGD
23169_AT1,SLC35D1,8.68247832632317,8.68247832632316,1.0000000000000013,-1.3322676295501878e-15,MINIMAL,optimal,1,UDPGLCAter
58510_AT1,PRODH2,8.68247832632317,8.68247832632316,1.0000000000000013,-1.3322676295501878e-15,MINIMAL,optimal,2,PRO1x;PROD2
10993_AT1,SDS,8.68247832632317,8.68247832632316,1.0000000000000013,-1.3322676295501878e-15,MINIMAL,optimal,3,THRD_L;2AMACHYD;SERHL
6578_AT1,SLCO2A1,8.68247832632317,8.68247832632316,1.0000000000000013,-1.3322676295501878e-15,MINIMAL,optimal,3,PROSTGE1t;PROSTGE2t;PROSTGD2t
6580_AT1,SLC22A1,8.68247832632317,8.68247832632316,1.0000000000000013,-1.3322676295501878e-15,MINIMAL,optimal,3,SRTNtu;PROSTGE2t2;PROSTGF2t
6534_AT1,SLC6A7,8.68247832632317,8.68247832632316,1.0000000000000013,-1.3322676295501878e-15,MINIMAL,optimal,1,PROt4_2_r
2582_AT2,GALE,8.68247832632317,8.68247832632316,1.0000000000000013,-1.3322676295501878e-15,MINIMAL,optimal,1,UDPG4E
10400_AT3,PEMT,8.68247832632317,8.68247832632316,1.0000000000000013,-1.3322676295501878e-15,MINIMAL,optimal,2,PETOHMm_hs;PETOHMr_hs
27068_AT3,PPA2,8.68247832632317,8.68247832632316,1.0000000000000013,-1.3322676295501878e-15,MINIMAL,optimal,1,PPAm
54576_AT1,UGT1A8,8.68247832632317,8.68247832632316,1.0000000000000013,-1.3322676295501878e-15,MINIMAL,optimal,6,UGT1A2r;UGT1A5r2;UGT1A1r;UGT1A5r;UGT1A10r;UGT1A6r
54575_AT1,UGT1A10,8.68247832632317,8.68247832632316,1.0000000000000013,-1.3322676295501878e-15,MINIMAL,optimal,5,UGT1A2r;UGT1A5r2;UGT1A1r;UGT1A5r;UGT1A6r
5634_AT1,PRPS2,8.68247832632317,8.68247832632316,1.0000000000000013,-1.3322676295501878e-15,MINIMAL,optimal,1,PRPPS
221823_AT2,PRPS1L1,8.68247832632317,8.68247832632316,1.0000000000000013,-1.3322676295501878e-15,MINIMAL,optimal,1,PRPPS
129607_AT1,G_129607_AT1,8.68247832632317,8.68247832632316,1.0000000000000013,-1.3322676295501878e-15,MINIMAL,optimal,1,CYTK1m
54490_AT1,UGT2B28,8.68247832632317,8.68247832632316,1.0000000000000013,-1.3322676295501878e-15,MINIMAL,optimal,1,UGT1A9r
2098_AT1,ESD,8.68247832632317,8.68247832632316,1.0000000000000013,-1.3322676295501878e-15,MINIMAL,optimal,1,SFGTHi
8879_AT1,SGPL1,8.68247832632317,8.68247832632316,1.0000000000000013,-1.3322676295501878e-15,MINIMAL,optimal,1,SGPL12r
221823_AT1,PRPS1L1,8.68247832632317,8.68247832632316,1.0000000000000013,-1.3322676295501878e-15,MINIMAL,optimal,1,PRPPS
23761_AT1,PISD,8.68247832632317,8.68247832632316,1.0000000000000013,-1.3322676295501878e-15,MINIMAL,optimal,1,PSDm_hs
56848_AT1,SPHK2,8.68247832632317,8.68247832632316,1.0000000000000013,-1.3322676295501878e-15,MINIMAL,optimal,2,SLCBK1;SPHK21c
7390_AT1,UROS,8.68247832632317,8.68247832632316,1.0000000000000013,-1.3322676295501878e-15,MINIMAL,optimal,1,UPP3S
7389_AT1,UROD,8.68247832632317,8.68247832632316,1.0000000000000013,-1.3322676295501878e-15,MINIMAL,optimal,1,UPPDC1
55512_AT1,SMPD3,8.68247832632317,8.68247832632316,1.0000000000000013,-1.3322676295501878e-15,MINIMAL,optimal,1,SMPD3l
5498_AT1,PPOX,8.68247832632317,8.68247832632316,1.0000000000000013,-1.3322676295501878e-15,MINIMAL,optimal,1,PPPGOm
81537_AT1,SGPP1,8.68247832632317,8.68247832632316,1.0000000000000013,-1.3322676295501878e-15,MINIMAL,optimal,2,SBPP1er;SBPP3er
131669_AT1,UROC1,8.68247832632317,8.68247832632316,1.0000000000000013,-1.3322676295501878e-15,MINIMAL,optimal,1,URCN
8170_AT1,SLC14A2,8.68247832632317,8.68247832632316,1.0000000000000013,-1.3322676295501878e-15,MINIMAL,optimal,1,UREAt
55512_AT2,SMPD3,8.68247832632317,8.68247832632316,1.0000000000000013,-1.3322676295501878e-15,MINIMAL,optimal,1,SMPD3l
140838_AT1,G_140838_AT1,8.68247832632317,8.68247832632316,1.0000000000000013,-1.3322676295501878e-15,MINIMAL,optimal,1,ACNAMPH
54_AT1,G_54_AT1,8.68247832632317,8.68247832632316,1.0000000000000013,-1.3322676295501878e-15,MINIMAL,optimal,1,ACNAMPH
284129_AT1,SLC26A11,8.68247832632317,8.68247832632316,1.0000000000000013,-1.3322676295501878e-15,MINIMAL,optimal,1,SO4HCOtex
7498_AT1,XDH,8.68247832632317,8.68247832632316,1.0000000000000013,-1.3322676295501878e-15,MINIMAL,optimal,3,XANDp;XAO2x;XAOx
26266_AT1,SLC13A4,8.68247832632317,8.68247832632316,1.0000000000000013,-1.3322676295501878e-15,MINIMAL,optimal,1,SO4t4_2
9942_AT1,XYLB,8.68247832632317,8.68247832632316,1.0000000000000013,-1.3322676295501878e-15,MINIMAL,optimal,1,XYLK
6646_AT1,SOAT1,8.68247832632317,8.68247832632316,1.0000000000000013,-1.3322676295501878e-15,MINIMAL,optimal,2,SOAT12;SOAT11
6723_AT1,SRM,8.68247832632317,8.68247832632316,1.0000000000000013,-1.3322676295501878e-15,MINIMAL,optimal,1,SPMS
6647_AT1,SOD1,8.68247832632317,8.68247832632316,1.0000000000000013,-1.3322676295501878e-15,MINIMAL,optimal,3,SPODM;SPODMn;SPODMx
6649_AT1,SOD3,8.68247832632317,8.68247832632316,1.0000000000000013,-1.3322676295501878e-15,MINIMAL,optimal,1,SPODMe
51181_AT1,DCXR,8.68247832632317,8.68247832632316,1.0000000000000013,-1.3322676295501878e-15,MINIMAL,optimal,1,XYLUR
6648_AT1,SOD2,8.68247832632317,8.68247832632316,1.0000000000000013,-1.3322676295501878e-15,MINIMAL,optimal,1,SPODMm
6611_AT1,SMS,8.68247832632317,8.68247832632316,1.0000000000000013,-1.3322676295501878e-15,MINIMAL,optimal,1,SPRMS
51205_AT1,G_51205_AT1,8.68247832632317,8.68247832632316,1.0000000000000013,-1.3322676295501878e-15,MINIMAL,optimal,1,ACNAMPH
51071_AT1,G_51071_AT1,8.68247832632317,8.68247832632316,1.0000000000000013,-1.3322676295501878e-15,MINIMAL,optimal,1,DRPA
6532_AT1,SLC6A4,8.68247832632317,8.68247832632316,1.0000000000000013,-1.3322676295501878e-15,MINIMAL,optimal,1,SRTNt6_2_r
412_AT1,STS,8.68247832632317,8.68247832632316,1.0000000000000013,-1.3322676295501878e-15,MINIMAL,optimal,4,STS3;STS2;STS4;STS1
6389_AT1,SDHA,8.68247832632317,8.68247832632316,1.0000000000000013,-1.3322676295501878e-15,MINIMAL,optimal,1,SUCD1m
6390_AT1,SDHB,8.68247832632317,8.68247832632316,1.0000000000000013,-1.3322676295501878e-15,MINIMAL,optimal,1,SUCD1m
6392_AT1,SDHD,8.68247832632317,8.68247832632316,1.0000000000000013,-1.3322676295501878e-15,MINIMAL,optimal,1,SUCD1m
6391_AT1,SDHC,8.68247832632317,8.68247832632316,1.0000000000000013,-1.3322676295501878e-15,MINIMAL,optimal,1,SUCD1m
6821_AT1,SUOX,8.68247832632317,8.68247832632316,1.0000000000000013,-1.3322676295501878e-15,MINIMAL,optimal,1,SULFOX
6888_AT1,TALDO1,8.68247832632317,8.68247832632316,1.0000000000000013,-1.3322676295501878e-15,MINIMAL,optimal,1,TALA
6533_AT1,SLC6A6,8.68247832632317,8.68247832632316,1.0000000000000013,-1.3322676295501878e-15,MINIMAL,optimal,2,TAURt4_2_r;TAURtcx
5092_AT2,PCBD1,8.68247832632317,8.68247832632316,1.0000000000000013,-1.3322676295501878e-15,MINIMAL,optimal,1,THBPT4ACAMDASE
5092_AT1,PCBD1,8.68247832632317,8.68247832632316,1.0000000000000013,-1.3322676295501878e-15,MINIMAL,optimal,1,THBPT4ACAMDASE
23530_AT2,NNT,8.68247832632317,8.68247832632316,1.0000000000000013,-1.3322676295501878e-15,MINIMAL,optimal,1,THD1m
23530_AT1,NNT,8.68247832632317,8.68247832632316,1.0000000000000013,-1.3322676295501878e-15,MINIMAL,optimal,1,THD1m
79178_AT1,THTPA,8.68247832632317,8.68247832632316,1.0000000000000013,-1.3322676295501878e-15,MINIMAL,optimal,1,THMTP
7296_AT2,TXNRD1,8.68247832632317,8.68247832632316,1.0000000000000013,-1.3322676295501878e-15,MINIMAL,optimal,1,TRDR
122622_AT1,ADSSL1,8.68247832632317,8.68247832632316,1.0000000000000013,-1.3322676295501878e-15,MINIMAL,optimal,1,ADSS
130_AT1,ADH6,8.68247832632317,8.68247832632316,1.0000000000000013,-1.3322676295501878e-15,MINIMAL,optimal,7,LCARS;ALCD2x;ALCD21_D;34DHOXPEGOX;ALCD22_L;ALCD1;ALCD22_D
314_AT1,AOC2,8.68247832632317,8.68247832632316,1.0000000000000013,-1.3322676295501878e-15,MINIMAL,optimal,5,13DAMPPOX;MAOX;PEAMNO;MHISOR;PTRCOX1
122622_AT2,ADSSL1,8.68247832632317,8.68247832632316,1.0000000000000013,-1.3322676295501878e-15,MINIMAL,optimal,1,ADSS
1591_AT1,CYP24A1,8.68247832632317,8.68247832632316,1.0000000000000013,-1.3322676295501878e-15,MINIMAL,optimal,2,24_25VITD3Hm;24_25VITD2Hm
117247_AT1,SLC16A10,8.68247832632317,8.68247832632316,1.0000000000000013,-1.3322676295501878e-15,MINIMAL,optimal,4,34DHPHEt;TRPt;PHEtec;TYRt
220_AT1,ALDH1A3,8.68247832632317,8.68247832632316,1.0000000000000013,-1.3322676295501878e-15,MINIMAL,optimal,12,LCADi_D;ALDD19x_P;GCALDD;4HOXPACDOX_NADP;ALDD2x;MACOXO;3MOX4HOXPGALDOX;LCADi;34DHXMANDACOX;ALDD19xr
218_AT1,ALDH3A1,8.68247832632317,8.68247832632316,1.0000000000000013,-1.3322676295501878e-15,MINIMAL,optimal,14,34DHPLACOX_NADP;LCADi_D;ALDD19x_P;ALDD2y;GCALDD;4HOXPACDOX_NADP;ALDD2x;MACOXO;3MOX4HOXPGALDOX;LCADi
222_AT1,ALDH3B2,8.68247832632317,8.68247832632316,1.0000000000000013,-1.3322676295501878e-15,MINIMAL,optimal,14,34DHPLACOX_NADP;34DHXMANDACOX_NADP;LCADi_D;ALDD19x_P;ALDD2y;GCALDD;4HOXPACDOX_NADP;ALDD2x;MACOXO;3MOX4HOXPGALDOX
221_AT1,ALDH3B1,8.68247832632317,8.68247832632316,1.0000000000000013,-1.3322676295501878e-15,MINIMAL,optimal,15,34DHPLACOX_NADP;34DHXMANDACOX_NADP;LCADi_D;ALDD19x_P;ALDD2y;GCALDD;4HOXPACDOX_NADP;ALDD2x;MACOXO;3MOX4HOXPGALDOX
3242_AT1,HPD,8.68247832632317,8.68247832632316,1.0000000000000013,-1.3322676295501878e-15,MINIMAL,optimal,1,34HPPOR
18_AT1,ABAT,8.68247832632317,8.68247832632316,1.0000000000000013,-1.3322676295501878e-15,MINIMAL,optimal,4,ABTArm;3AIBTm;3AIBtm;APAT2rm
18_AT2,ABAT,8.68247832632317,8.68247832632316,1.0000000000000013,-1.3322676295501878e-15,MINIMAL,optimal,4,ABTArm;3AIBTm;3AIBtm;APAT2rm
89874_AT1,SLC25A21,8.68247832632317,8.68247832632316,1.0000000000000013,-1.3322676295501878e-15,MINIMAL,optimal,2,2AMADPTm;2OXOADPTm
137872_AT1,ADHFE1,8.68247832632317,8.68247832632316,1.0000000000000013,-1.3322676295501878e-15,MINIMAL,optimal,7,LCARS;ALCD2x;ALCD21_D;34DHOXPEGOX;ALCD22_L;ALCD1;ALCD22_D
6999_AT1,TDO2,8.68247832632317,8.68247832632316,1.0000000000000013,-1.3322676295501878e-15,MINIMAL,optimal,1,TRPO2
7296_AT1,TXNRD1,8.68247832632317,8.68247832632316,1.0000000000000013,-1.3322676295501878e-15,MINIMAL,optimal,1,TRDR
7296_AT4,TXNRD1,8.68247832632317,8.68247832632316,1.0000000000000013,-1.3322676295501878e-15,MINIMAL,optimal,1,TRDR
7296_AT3,TXNRD1,8.68247832632317,8.68247832632316,1.0000000000000013,-1.3322676295501878e-15,MINIMAL,optimal,1,TRDR
121278_AT1,TPH2,8.68247832632317,8.68247832632316,1.0000000000000013,-1.3322676295501878e-15,MINIMAL,optimal,1,TRPHYDRO2
7166_AT1,TPH1,8.68247832632317,8.68247832632316,1.0000000000000013,-1.3322676295501878e-15,MINIMAL,optimal,1,TRPHYDRO2
26_AT1,AOC1,8.68247832632317,8.68247832632316,1.0000000000000013,-1.3322676295501878e-15,MINIMAL,optimal,5,13DAMPPOX;MAOX;PEAMNO;MHISOR;PTRCOX1
8639_AT1,AOC3,8.68247832632317,8.68247832632316,1.0000000000000013,-1.3322676295501878e-15,MINIMAL,optimal,5,13DAMPPOX;MAOX;MHISOR;PTRCOX1;AACTOOR
159_AT1,ADSS,8.68247832632317,8.68247832632316,1.0000000000000013,-1.3322676295501878e-15,MINIMAL,optimal,1,ADSS
127_AT1,ADH4,8.68247832632317,8.68247832632316,1.0000000000000013,-1.3322676295501878e-15,MINIMAL,optimal,7,LCARS;ALCD2x;ALCD21_D;34DHOXPEGOX;ALCD22_L;ALCD1;ALCD22_D
158_AT2,ADSL,8.68247832632317,8.68247832632316,1.0000000000000013,-1.3322676295501878e-15,MINIMAL,optimal,2,ADSL2r;ADSL1r
125_AT1,ADH1B,8.68247832632317,8.68247832632316,1.0000000000000013,-1.3322676295501878e-15,MINIMAL,optimal,7,LCARS;ALCD2x;ALCD21_D;34DHOXPEGOX;ALCD22_L;ALCD1;ALCD22_D
158_AT1,ADSL,8.68247832632317,8.68247832632316,1.0000000000000013,-1.3322676295501878e-15,MINIMAL,optimal,2,ADSL2r;ADSL1r
9061_AT1,PAPSS1,8.68247832632317,8.68247832632316,1.0000000000000013,-1.3322676295501878e-15,MINIMAL,optimal,2,SADT;ADSK
124_AT1,ADH1A,8.68247832632317,8.68247832632316,1.0000000000000013,-1.3322676295501878e-15,MINIMAL,optimal,7,LCARS;ALCD2x;ALCD21_D;34DHOXPEGOX;ALCD22_L;ALCD1;ALCD22_D
114971_AT1,G_114971_AT1,8.68247832632317,8.68247832632316,1.0000000000000013,-1.3322676295501878e-15,MINIMAL,optimal,1,PGPP_hs
3000_AT1,GUCY2D,8.682478326323174,8.68247832632316,1.0000000000000016,-1.5543122344752192e-15,MINIMAL,optimal,1,GUACYC
3038_AT1,HAS3,8.682478326323174,8.68247832632316,1.0000000000000016,-1.5543122344752192e-15,MINIMAL,optimal,2,HAS2;HAS1
55577_AT1,NAGK,8.682478326323174,8.68247832632316,1.0000000000000016,-1.5543122344752192e-15,MINIMAL,optimal,2,AMANK;ACGAMK
435_AT1,ASL,8.682478326323174,8.68247832632316,1.0000000000000016,-1.5543122344752192e-15,MINIMAL,optimal,1,ARGSL
10020_AT1,GNE,8.682478326323178,8.68247832632316,1.000000000000002,-1.9984014443252818e-15,MINIMAL,optimal,2,UAG2EMA;AMANK
7357_AT1,UGCG,8.682478326323178,8.68247832632316,1.000000000000002,-1.9984014443252818e-15,MINIMAL,optimal,1,UGCG
43_AT1,ACHE,8.682478326323194,8.68247832632316,1.000000000000004,-3.9968028886505635e-15,MINIMAL,optimal,1,ACHEe
7173_AT2,TPO,8.682478326323208,8.68247832632316,1.0000000000000056,-5.551115123125783e-15,MINIMAL,optimal,5,IDHPOXOX4;IDHPOXOX3;THYPX;IDHPOXOX2b;IDHPOXOXb
5631_AT1,PRPS1,8.682478326323293,8.68247832632316,1.0000000000000153,-1.532107773982716e-14,MINIMAL,optimal,1,PRPPS
60482_AT1,SLC5A7,8.682478326323347,8.68247832632316,1.0000000000000215,-2.1538326677728037e-14,MINIMAL,optimal,1,CHOLt4
